solid OpenSCAD_Model
  facet normal 0 0 -1
    outer loop
      vertex -50 -10 -33
      vertex -33.78504501565528 -5.369713215269622 -33
      vertex -33.59099025766973 -5.590990257669732 -33
    endloop
  endfacet
  facet normal 0 0 -1
    outer loop
      vertex -50 -10 -33
      vertex -32.582342851480675 -6.173333109150404 -33
      vertex -32.293683932495114 -6.230750938091074 -33
    endloop
  endfacet
  facet normal 0 0 -1
    outer loop
      vertex -50 -10 -33
      vertex -32.86103772282145 -6.078728948150395 -33
      vertex -32.582342851480675 -6.173333109150404 -33
    endloop
  endfacet
  facet normal 0 0 -1
    outer loop
      vertex -50 -10 -33
      vertex -33.36971321526962 -5.785045015655279 -33
      vertex -33.125 -5.948557158514987 -33
    endloop
  endfacet
  facet normal 0 0 -1
    outer loop
      vertex -50 -10 -33
      vertex -33.125 -5.948557158514987 -33
      vertex -32.86103772282145 -6.078728948150395 -33
    endloop
  endfacet
  facet normal 0 0 -1
    outer loop
      vertex -50 -10 -33
      vertex -32.293683932495114 -6.230750938091074 -33
      vertex -32 -6.25 -33
    endloop
  endfacet
  facet normal 0 0 -1
    outer loop
      vertex -50 -10 -33
      vertex -32 -6.25 -33
      vertex -31.706316067504883 -6.230750938091074 -33
    endloop
  endfacet
  facet normal 0 0 -1
    outer loop
      vertex -50 -10 -33
      vertex -33.59099025766973 -5.590990257669732 -33
      vertex -33.36971321526962 -5.785045015655279 -33
    endloop
  endfacet
  facet normal 0 0 -1
    outer loop
      vertex -50 -10 -33
      vertex -33.94855715851499 -5.125 -33
      vertex -33.78504501565528 -5.369713215269622 -33
    endloop
  endfacet
  facet normal 0 0 -1
    outer loop
      vertex -50 -10 -33
      vertex -34.07872894815039 -4.861037722821452 -33
      vertex -33.94855715851499 -5.125 -33
    endloop
  endfacet
  facet normal 0 0 -1
    outer loop
      vertex -50 -10 -33
      vertex -34.173333109150406 -4.582342851480671 -33
      vertex -34.07872894815039 -4.861037722821452 -33
    endloop
  endfacet
  facet normal 0 0 -1
    outer loop
      vertex -50 -10 -33
      vertex -34.23075093809107 -4.293683932495116 -33
      vertex -34.173333109150406 -4.582342851480671 -33
    endloop
  endfacet
  facet normal 0 0 -1
    outer loop
      vertex -50 -10 -33
      vertex -34.25 -4 -33
      vertex -34.23075093809107 -4.293683932495116 -33
    endloop
  endfacet
  facet normal 0 0 -1
    outer loop
      vertex -50 -10 -33
      vertex -34.23075093809107 -3.706316067504884 -33
      vertex -34.25 -4 -33
    endloop
  endfacet
  facet normal 0 0 1
    outer loop
      vertex -50 -10 -28
      vertex -33.59099025766973 -5.590990257669732 -28
      vertex -33.78504501565528 -5.369713215269622 -28
    endloop
  endfacet
  facet normal 0 0 1
    outer loop
      vertex -50 -10 -28
      vertex -32.293683932495114 -6.230750938091074 -28
      vertex -32.582342851480675 -6.173333109150404 -28
    endloop
  endfacet
  facet normal 0 0 1
    outer loop
      vertex -50 -10 -28
      vertex -32.582342851480675 -6.173333109150404 -28
      vertex -32.86103772282145 -6.078728948150395 -28
    endloop
  endfacet
  facet normal 0 0 1
    outer loop
      vertex -50 -10 -28
      vertex -33.125 -5.948557158514987 -28
      vertex -33.36971321526962 -5.785045015655279 -28
    endloop
  endfacet
  facet normal 0 0 1
    outer loop
      vertex -50 -10 -28
      vertex -32.86103772282145 -6.078728948150395 -28
      vertex -33.125 -5.948557158514987 -28
    endloop
  endfacet
  facet normal 0 0 1
    outer loop
      vertex -50 -10 -28
      vertex -32 -6.25 -28
      vertex -32.293683932495114 -6.230750938091074 -28
    endloop
  endfacet
  facet normal 0 0 1
    outer loop
      vertex -50 -10 -28
      vertex -31.706316067504883 -6.230750938091074 -28
      vertex -32 -6.25 -28
    endloop
  endfacet
  facet normal 0 0 1
    outer loop
      vertex -50 -10 -28
      vertex -31.41765714851933 -6.173333109150404 -28
      vertex -31.706316067504883 -6.230750938091074 -28
    endloop
  endfacet
  facet normal 0 0 1
    outer loop
      vertex -50 -10 -28
      vertex -33.36971321526962 -5.785045015655279 -28
      vertex -33.59099025766973 -5.590990257669732 -28
    endloop
  endfacet
  facet normal 0 0 1
    outer loop
      vertex -50 -10 -28
      vertex -33.78504501565528 -5.369713215269622 -28
      vertex -33.94855715851499 -5.125 -28
    endloop
  endfacet
  facet normal 0 0 1
    outer loop
      vertex -50 -10 -28
      vertex -33.94855715851499 -5.125 -28
      vertex -34.07872894815039 -4.861037722821452 -28
    endloop
  endfacet
  facet normal 0 0 1
    outer loop
      vertex -50 -10 -28
      vertex -34.07872894815039 -4.861037722821452 -28
      vertex -34.173333109150406 -4.582342851480671 -28
    endloop
  endfacet
  facet normal 0 0 1
    outer loop
      vertex -50 -10 -28
      vertex -34.173333109150406 -4.582342851480671 -28
      vertex -34.23075093809107 -4.293683932495116 -28
    endloop
  endfacet
  facet normal 0 0 1
    outer loop
      vertex -50 -10 -28
      vertex -34.23075093809107 -4.293683932495116 -28
      vertex -34.25 -4 -28
    endloop
  endfacet
  facet normal 0 0 1
    outer loop
      vertex -50 -10 -28
      vertex -34.25 -4 -28
      vertex -34.23075093809107 -3.706316067504884 -28
    endloop
  endfacet
  facet normal 0 0 1
    outer loop
      vertex -50 -10 -28
      vertex -34.23075093809107 -3.706316067504884 -28
      vertex -34.173333109150406 -3.4176571485193286 -28
    endloop
  endfacet
  facet normal 0 0 1
    outer loop
      vertex -50 -10 -28
      vertex -34.173333109150406 -3.4176571485193286 -28
      vertex -34.07872894815039 -3.138962277178548 -28
    endloop
  endfacet
  facet normal 0 0 1
    outer loop
      vertex -50 -10 -28
      vertex -34.07872894815039 -3.138962277178548 -28
      vertex -33.94855715851499 -2.875 -28
    endloop
  endfacet
  facet normal 0 0 1
    outer loop
      vertex -50 -10 -28
      vertex -33.94855715851499 -2.875 -28
      vertex -33.78504501565528 -2.6302867847303784 -28
    endloop
  endfacet
  facet normal 0 0 1
    outer loop
      vertex -50 -10 -28
      vertex -33.78504501565528 -2.6302867847303784 -28
      vertex -33.59099025766973 -2.4090097423302677 -28
    endloop
  endfacet
  facet normal 0 0 1
    outer loop
      vertex -50 -10 -28
      vertex -7 -3 -28
      vertex -31.41765714851933 -6.173333109150404 -28
    endloop
  endfacet
  facet normal -1 0 0
    outer loop
      vertex -50 -10 -33
      vertex -50 -10 -28
      vertex -50 10 -28
    endloop
  endfacet
  facet normal 0 0 1
    outer loop
      vertex -50 -10 -28
      vertex -33.59099025766973 -2.4090097423302677 -28
      vertex -33.36971321526962 -2.214954984344721 -28
    endloop
  endfacet
  facet normal 0 0 1
    outer loop
      vertex -50 -10 -28
      vertex -33.36971321526962 -2.214954984344721 -28
      vertex -33.125 -2.051442841485013 -28
    endloop
  endfacet
  facet normal 0 0 1
    outer loop
      vertex -50 -10 -28
      vertex -33.125 -2.051442841485013 -28
      vertex -33.125 2.051442841485013 -28
    endloop
  endfacet
  facet normal 0 0 -1
    outer loop
      vertex -50 -10 -33
      vertex -50 10 -33
      vertex -34.23075093809107 -3.706316067504884 -33
    endloop
  endfacet
  facet normal 0 0 1
    outer loop
      vertex -50 -10 -28
      vertex -33.125 2.051442841485013 -28
      vertex -33.36971321526962 2.214954984344721 -28
    endloop
  endfacet
  facet normal 0 0 1
    outer loop
      vertex -50 -10 -28
      vertex -33.59099025766973 2.4090097423302677 -28
      vertex -33.78504501565528 2.6302867847303784 -28
    endloop
  endfacet
  facet normal 0 0 1
    outer loop
      vertex -50 -10 -28
      vertex -33.78504501565528 2.6302867847303784 -28
      vertex -33.94855715851499 2.875 -28
    endloop
  endfacet
  facet normal 0 0 1
    outer loop
      vertex -50 -10 -28
      vertex -33.94855715851499 2.875 -28
      vertex -34.07872894815039 3.138962277178548 -28
    endloop
  endfacet
  facet normal 0 0 1
    outer loop
      vertex -50 -10 -28
      vertex -33.36971321526962 2.214954984344721 -28
      vertex -33.59099025766973 2.4090097423302677 -28
    endloop
  endfacet
  facet normal 0 0 1
    outer loop
      vertex -50 -10 -28
      vertex -34.07872894815039 3.138962277178548 -28
      vertex -34.173333109150406 3.4176571485193286 -28
    endloop
  endfacet
  facet normal 0 0 1
    outer loop
      vertex -50 -10 -28
      vertex -34.173333109150406 3.4176571485193286 -28
      vertex -34.23075093809107 3.706316067504884 -28
    endloop
  endfacet
  facet normal 0 0 -1
    outer loop
      vertex -32 -1.75 -33
      vertex -32.293683932495114 -1.7692490619089267 -33
      vertex -32 1.75 -33
    endloop
  endfacet
  facet normal 0 0 -1
    outer loop
      vertex -31.706316067504883 -1.7692490619089267 -33
      vertex -32 -1.75 -33
      vertex -31.706316067504883 1.7692490619089267 -33
    endloop
  endfacet
  facet normal 0 0 -1
    outer loop
      vertex -31.41765714851933 -1.8266668908495962 -33
      vertex -31.706316067504883 -1.7692490619089267 -33
      vertex -31.41765714851933 1.8266668908495962 -33
    endloop
  endfacet
  facet normal 0 0 -1
    outer loop
      vertex -29.921271051849605 -3.138962277178548 -33
      vertex -29.826666890849594 3.4176571485193286 -33
      vertex -29.826666890849594 -3.4176571485193286 -33
    endloop
  endfacet
  facet normal 0 0 -1
    outer loop
      vertex -29.921271051849605 -3.138962277178548 -33
      vertex -30.051442841485013 -2.875 -33
      vertex -29.921271051849605 3.138962277178548 -33
    endloop
  endfacet
  facet normal 0 0 -1
    outer loop
      vertex -30.875 -2.051442841485013 -33
      vertex -31.13896227717855 -1.921271051849605 -33
      vertex -30.875 2.051442841485013 -33
    endloop
  endfacet
  facet normal 0 0 -1
    outer loop
      vertex -30.40900974233027 -2.4090097423302677 -33
      vertex -30.63028678473038 -2.214954984344721 -33
      vertex -30.40900974233027 2.4090097423302677 -33
    endloop
  endfacet
  facet normal 0 0 -1
    outer loop
      vertex -30.63028678473038 -2.214954984344721 -33
      vertex -30.875 -2.051442841485013 -33
      vertex -30.63028678473038 2.214954984344721 -33
    endloop
  endfacet
  facet normal 0 0 -1
    outer loop
      vertex -30.214954984344722 -2.6302867847303784 -33
      vertex -30.051442841485013 2.875 -33
      vertex -30.051442841485013 -2.875 -33
    endloop
  endfacet
  facet normal 0 0 -1
    outer loop
      vertex -30.40900974233027 -2.4090097423302677 -33
      vertex -30.214954984344722 2.6302867847303784 -33
      vertex -30.214954984344722 -2.6302867847303784 -33
    endloop
  endfacet
  facet normal 0 0 -1
    outer loop
      vertex -31.13896227717855 -1.921271051849605 -33
      vertex -31.41765714851933 -1.8266668908495962 -33
      vertex -31.13896227717855 1.921271051849605 -33
    endloop
  endfacet
  facet normal 0 0 1
    outer loop
      vertex -33.125 -2.051442841485013 -28
      vertex -32.86103772282145 -1.921271051849605 -28
      vertex -33.125 2.051442841485013 -28
    endloop
  endfacet
  facet normal 0 0 1
    outer loop
      vertex -31.41765714851933 -1.8266668908495962 -28
      vertex -31.13896227717855 -1.921271051849605 -28
      vertex -31.41765714851933 1.8266668908495962 -28
    endloop
  endfacet
  facet normal 0 0 1
    outer loop
      vertex -32.86103772282145 -1.921271051849605 -28
      vertex -32.582342851480675 -1.8266668908495962 -28
      vertex -32.86103772282145 1.921271051849605 -28
    endloop
  endfacet
  facet normal 0 0 1
    outer loop
      vertex -32.582342851480675 -1.8266668908495962 -28
      vertex -32.293683932495114 -1.7692490619089267 -28
      vertex -32.582342851480675 1.8266668908495962 -28
    endloop
  endfacet
  facet normal 0 0 1
    outer loop
      vertex -32.293683932495114 -1.7692490619089267 -28
      vertex -32 -1.75 -28
      vertex -32.293683932495114 1.7692490619089267 -28
    endloop
  endfacet
  facet normal 0 0 1
    outer loop
      vertex -32 -1.75 -28
      vertex -31.706316067504883 -1.7692490619089267 -28
      vertex -32 1.75 -28
    endloop
  endfacet
  facet normal 0 0 1
    outer loop
      vertex -31.706316067504883 -1.7692490619089267 -28
      vertex -31.41765714851933 -1.8266668908495962 -28
      vertex -31.706316067504883 1.7692490619089267 -28
    endloop
  endfacet
  facet normal 0 0 1
    outer loop
      vertex -30.051442841485013 -2.875 -28
      vertex -30.214954984344722 2.6302867847303784 -28
      vertex -30.214954984344722 -2.6302867847303784 -28
    endloop
  endfacet
  facet normal 0 0 1
    outer loop
      vertex -30.63028678473038 -2.214954984344721 -28
      vertex -30.40900974233027 -2.4090097423302677 -28
      vertex -30.63028678473038 2.214954984344721 -28
    endloop
  endfacet
  facet normal 0 0 1
    outer loop
      vertex -31.13896227717855 -1.921271051849605 -28
      vertex -30.875 -2.051442841485013 -28
      vertex -31.13896227717855 1.921271051849605 -28
    endloop
  endfacet
  facet normal 0 0 1
    outer loop
      vertex -30.875 -2.051442841485013 -28
      vertex -30.63028678473038 -2.214954984344721 -28
      vertex -30.875 2.051442841485013 -28
    endloop
  endfacet
  facet normal 0 0 1
    outer loop
      vertex -30.214954984344722 -2.6302867847303784 -28
      vertex -30.40900974233027 2.4090097423302677 -28
      vertex -30.40900974233027 -2.4090097423302677 -28
    endloop
  endfacet
  facet normal 0 -1 0
    outer loop
      vertex -50 -10 -33
      vertex 50 -10 -28
      vertex -50 -10 -28
    endloop
  endfacet
  facet normal 0 0 1
    outer loop
      vertex -50 -10 -28
      vertex 7 -9 -28
      vertex -7 -9 -28
    endloop
  endfacet
  facet normal 0 0 1
    outer loop
      vertex -50 -10 -28
      vertex -7 -9 -28
      vertex -7 -3 -28
    endloop
  endfacet
  facet normal 0 0 1
    outer loop
      vertex -7 -3 -28
      vertex -31.13896227717855 -6.078728948150395 -28
      vertex -31.41765714851933 -6.173333109150404 -28
    endloop
  endfacet
  facet normal 0 0 1
    outer loop
      vertex -7 -3 -28
      vertex -30.875 -5.948557158514987 -28
      vertex -31.13896227717855 -6.078728948150395 -28
    endloop
  endfacet
  facet normal 0 0 1
    outer loop
      vertex -7 -3 -28
      vertex -30.63028678473038 -5.785045015655279 -28
      vertex -30.875 -5.948557158514987 -28
    endloop
  endfacet
  facet normal 0 0 1
    outer loop
      vertex -7 -3 -28
      vertex -30.40900974233027 -5.590990257669732 -28
      vertex -30.63028678473038 -5.785045015655279 -28
    endloop
  endfacet
  facet normal 0 0 1
    outer loop
      vertex -7 -3 -28
      vertex -30.214954984344722 -5.369713215269622 -28
      vertex -30.40900974233027 -5.590990257669732 -28
    endloop
  endfacet
  facet normal 0 0 1
    outer loop
      vertex -7 -3 -28
      vertex -30.051442841485013 -5.125 -28
      vertex -30.214954984344722 -5.369713215269622 -28
    endloop
  endfacet
  facet normal 0 0 1
    outer loop
      vertex -7 -3 -28
      vertex -29.921271051849605 -4.861037722821452 -28
      vertex -30.051442841485013 -5.125 -28
    endloop
  endfacet
  facet normal 0 0 1
    outer loop
      vertex -7 -3 -28
      vertex -29.826666890849594 -4.582342851480671 -28
      vertex -29.921271051849605 -4.861037722821452 -28
    endloop
  endfacet
  facet normal 0 0 1
    outer loop
      vertex -7 -3 -28
      vertex -29.769249061908926 -4.293683932495116 -28
      vertex -29.826666890849594 -4.582342851480671 -28
    endloop
  endfacet
  facet normal 0 0 1
    outer loop
      vertex -7 -3 -28
      vertex -29.75 -4 -28
      vertex -29.769249061908926 -4.293683932495116 -28
    endloop
  endfacet
  facet normal 0 0 1
    outer loop
      vertex -7 -3 -28
      vertex -29.769249061908926 -3.706316067504884 -28
      vertex -29.75 -4 -28
    endloop
  endfacet
  facet normal 0 0 1
    outer loop
      vertex -7 -3 -28
      vertex -29.826666890849594 -3.4176571485193286 -28
      vertex -29.769249061908926 -3.706316067504884 -28
    endloop
  endfacet
  facet normal 0 0 1
    outer loop
      vertex -7 -3 -28
      vertex -29.921271051849605 -3.138962277178548 -28
      vertex -29.826666890849594 -3.4176571485193286 -28
    endloop
  endfacet
  facet normal 0 0 1
    outer loop
      vertex -7 -3 -28
      vertex -30.051442841485013 -2.875 -28
      vertex -29.921271051849605 -3.138962277178548 -28
    endloop
  endfacet
  facet normal 0 0 1
    outer loop
      vertex -7 -3 -28
      vertex -30.214954984344722 2.6302867847303784 -28
      vertex -30.051442841485013 -2.875 -28
    endloop
  endfacet
  facet normal 0 0 -1
    outer loop
      vertex -50 -10 -33
      vertex -31.706316067504883 -6.230750938091074 -33
      vertex 50 10 -33
    endloop
  endfacet
  facet normal 0 0 -1
    outer loop
      vertex 50 10 -33
      vertex -31.706316067504883 -6.230750938091074 -33
      vertex -31.41765714851933 -6.173333109150404 -33
    endloop
  endfacet
  facet normal 0 0 -1
    outer loop
      vertex 50 10 -33
      vertex -31.41765714851933 -6.173333109150404 -33
      vertex -31.13896227717855 -6.078728948150395 -33
    endloop
  endfacet
  facet normal 0 0 -1
    outer loop
      vertex 50 10 -33
      vertex -31.13896227717855 -6.078728948150395 -33
      vertex -30.875 -5.948557158514987 -33
    endloop
  endfacet
  facet normal 0 0 -1
    outer loop
      vertex 50 10 -33
      vertex -30.875 -5.948557158514987 -33
      vertex -30.63028678473038 -5.785045015655279 -33
    endloop
  endfacet
  facet normal 0 0 -1
    outer loop
      vertex 50 10 -33
      vertex -30.63028678473038 -5.785045015655279 -33
      vertex -30.40900974233027 -5.590990257669732 -33
    endloop
  endfacet
  facet normal 0 0 -1
    outer loop
      vertex 50 10 -33
      vertex -30.40900974233027 -5.590990257669732 -33
      vertex -30.214954984344722 -5.369713215269622 -33
    endloop
  endfacet
  facet normal 0 0 -1
    outer loop
      vertex 50 10 -33
      vertex -30.214954984344722 -5.369713215269622 -33
      vertex -30.051442841485013 -5.125 -33
    endloop
  endfacet
  facet normal 0 0 1
    outer loop
      vertex -7 -3 -28
      vertex 7 -3 -28
      vertex -30.214954984344722 5.369713215269622 -28
    endloop
  endfacet
  facet normal 0 0 -1
    outer loop
      vertex -50 10 -33
      vertex -34.173333109150406 -3.4176571485193286 -33
      vertex -34.23075093809107 -3.706316067504884 -33
    endloop
  endfacet
  facet normal 0 0 -1
    outer loop
      vertex -50 10 -33
      vertex -34.07872894815039 -3.138962277178548 -33
      vertex -34.173333109150406 -3.4176571485193286 -33
    endloop
  endfacet
  facet normal 0 0 -1
    outer loop
      vertex -50 10 -33
      vertex -33.94855715851499 -2.875 -33
      vertex -34.07872894815039 -3.138962277178548 -33
    endloop
  endfacet
  facet normal 0 0 -1
    outer loop
      vertex -50 10 -33
      vertex -33.78504501565528 -2.6302867847303784 -33
      vertex -33.94855715851499 -2.875 -33
    endloop
  endfacet
  facet normal 0 0 -1
    outer loop
      vertex -50 10 -33
      vertex -33.59099025766973 -2.4090097423302677 -33
      vertex -33.78504501565528 -2.6302867847303784 -33
    endloop
  endfacet
  facet normal 0 0 -1
    outer loop
      vertex -50 10 -33
      vertex -33.36971321526962 -2.214954984344721 -33
      vertex -33.59099025766973 -2.4090097423302677 -33
    endloop
  endfacet
  facet normal 0 0 -1
    outer loop
      vertex -50 10 -33
      vertex -33.125 -2.051442841485013 -33
      vertex -33.36971321526962 -2.214954984344721 -33
    endloop
  endfacet
  facet normal 0 0 -1
    outer loop
      vertex -50 10 -33
      vertex -32.86103772282145 -1.921271051849605 -33
      vertex -33.125 -2.051442841485013 -33
    endloop
  endfacet
  facet normal 0 0 -1
    outer loop
      vertex -50 10 -33
      vertex -32.582342851480675 -1.8266668908495962 -33
      vertex -32.86103772282145 -1.921271051849605 -33
    endloop
  endfacet
  facet normal 0 0 -1
    outer loop
      vertex -50 10 -33
      vertex -32.293683932495114 -1.7692490619089267 -33
      vertex -32.582342851480675 -1.8266668908495962 -33
    endloop
  endfacet
  facet normal 0 0 1
    outer loop
      vertex -50 -10 -28
      vertex -34.23075093809107 3.706316067504884 -28
      vertex -50 10 -28
    endloop
  endfacet
  facet normal -1 0 0
    outer loop
      vertex -50 -10 -33
      vertex -50 10 -28
      vertex -50 10 -33
    endloop
  endfacet
  facet normal 0 0 -1
    outer loop
      vertex -50 10 -33
      vertex -34.07872894815039 3.138962277178548 -33
      vertex -32.293683932495114 -1.7692490619089267 -33
    endloop
  endfacet
  facet normal 0 0 -1
    outer loop
      vertex -32.293683932495114 -1.7692490619089267 -33
      vertex -32.582342851480675 1.8266668908495962 -33
      vertex -32.293683932495114 1.7692490619089267 -33
    endloop
  endfacet
  facet normal 0 0 -1
    outer loop
      vertex -32.293683932495114 -1.7692490619089267 -33
      vertex -32.293683932495114 1.7692490619089267 -33
      vertex -32 1.75 -33
    endloop
  endfacet
  facet normal 0 0 -1
    outer loop
      vertex -32 -1.75 -33
      vertex -32 1.75 -33
      vertex -31.706316067504883 1.7692490619089267 -33
    endloop
  endfacet
  facet normal 0 0 -1
    outer loop
      vertex -31.706316067504883 -1.7692490619089267 -33
      vertex -31.706316067504883 1.7692490619089267 -33
      vertex -31.41765714851933 1.8266668908495962 -33
    endloop
  endfacet
  facet normal 0 0 -1
    outer loop
      vertex -32.293683932495114 -1.7692490619089267 -33
      vertex -33.36971321526962 2.214954984344721 -33
      vertex -33.125 2.051442841485013 -33
    endloop
  endfacet
  facet normal 0 0 -1
    outer loop
      vertex -32.293683932495114 -1.7692490619089267 -33
      vertex -33.78504501565528 2.6302867847303784 -33
      vertex -33.59099025766973 2.4090097423302677 -33
    endloop
  endfacet
  facet normal 0 0 -1
    outer loop
      vertex -32.293683932495114 -1.7692490619089267 -33
      vertex -33.59099025766973 2.4090097423302677 -33
      vertex -33.36971321526962 2.214954984344721 -33
    endloop
  endfacet
  facet normal 0 0 -1
    outer loop
      vertex -32.293683932495114 -1.7692490619089267 -33
      vertex -33.94855715851499 2.875 -33
      vertex -33.78504501565528 2.6302867847303784 -33
    endloop
  endfacet
  facet normal 0 0 -1
    outer loop
      vertex -32.293683932495114 -1.7692490619089267 -33
      vertex -32.86103772282145 1.921271051849605 -33
      vertex -32.582342851480675 1.8266668908495962 -33
    endloop
  endfacet
  facet normal 0 0 -1
    outer loop
      vertex -32.293683932495114 -1.7692490619089267 -33
      vertex -33.125 2.051442841485013 -33
      vertex -32.86103772282145 1.921271051849605 -33
    endloop
  endfacet
  facet normal 0 0 -1
    outer loop
      vertex -31.41765714851933 -1.8266668908495962 -33
      vertex -31.41765714851933 1.8266668908495962 -33
      vertex -31.13896227717855 1.921271051849605 -33
    endloop
  endfacet
  facet normal 0 0 -1
    outer loop
      vertex -32.293683932495114 -1.7692490619089267 -33
      vertex -34.07872894815039 3.138962277178548 -33
      vertex -33.94855715851499 2.875 -33
    endloop
  endfacet
  facet normal 0 0 -1
    outer loop
      vertex -31.13896227717855 -1.921271051849605 -33
      vertex -31.13896227717855 1.921271051849605 -33
      vertex -30.875 2.051442841485013 -33
    endloop
  endfacet
  facet normal 0 0 -1
    outer loop
      vertex -30.875 -2.051442841485013 -33
      vertex -30.875 2.051442841485013 -33
      vertex -30.63028678473038 2.214954984344721 -33
    endloop
  endfacet
  facet normal 0 0 -1
    outer loop
      vertex -30.63028678473038 -2.214954984344721 -33
      vertex -30.63028678473038 2.214954984344721 -33
      vertex -30.40900974233027 2.4090097423302677 -33
    endloop
  endfacet
  facet normal 0 0 -1
    outer loop
      vertex -30.40900974233027 -2.4090097423302677 -33
      vertex -30.40900974233027 2.4090097423302677 -33
      vertex -30.214954984344722 2.6302867847303784 -33
    endloop
  endfacet
  facet normal 0 0 -1
    outer loop
      vertex -30.214954984344722 -2.6302867847303784 -33
      vertex -30.214954984344722 2.6302867847303784 -33
      vertex -30.051442841485013 2.875 -33
    endloop
  endfacet
  facet normal 0 0 -1
    outer loop
      vertex -30.051442841485013 -2.875 -33
      vertex -30.051442841485013 2.875 -33
      vertex -29.921271051849605 3.138962277178548 -33
    endloop
  endfacet
  facet normal 0 0 -1
    outer loop
      vertex -29.921271051849605 -3.138962277178548 -33
      vertex -29.921271051849605 3.138962277178548 -33
      vertex -29.826666890849594 3.4176571485193286 -33
    endloop
  endfacet
  facet normal 0 0 1
    outer loop
      vertex -32.293683932495114 -1.7692490619089267 -28
      vertex -32.293683932495114 1.7692490619089267 -28
      vertex -32.582342851480675 1.8266668908495962 -28
    endloop
  endfacet
  facet normal 0 0 1
    outer loop
      vertex -32 -1.75 -28
      vertex -32 1.75 -28
      vertex -32.293683932495114 1.7692490619089267 -28
    endloop
  endfacet
  facet normal 0 0 1
    outer loop
      vertex -31.706316067504883 -1.7692490619089267 -28
      vertex -31.706316067504883 1.7692490619089267 -28
      vertex -32 1.75 -28
    endloop
  endfacet
  facet normal 0 0 1
    outer loop
      vertex -31.41765714851933 -1.8266668908495962 -28
      vertex -31.41765714851933 1.8266668908495962 -28
      vertex -31.706316067504883 1.7692490619089267 -28
    endloop
  endfacet
  facet normal 0 0 1
    outer loop
      vertex -32.86103772282145 -1.921271051849605 -28
      vertex -32.86103772282145 1.921271051849605 -28
      vertex -33.125 2.051442841485013 -28
    endloop
  endfacet
  facet normal 0 0 1
    outer loop
      vertex -32.582342851480675 -1.8266668908495962 -28
      vertex -32.582342851480675 1.8266668908495962 -28
      vertex -32.86103772282145 1.921271051849605 -28
    endloop
  endfacet
  facet normal 0 0 1
    outer loop
      vertex -31.13896227717855 -1.921271051849605 -28
      vertex -31.13896227717855 1.921271051849605 -28
      vertex -31.41765714851933 1.8266668908495962 -28
    endloop
  endfacet
  facet normal 0 0 1
    outer loop
      vertex -30.875 -2.051442841485013 -28
      vertex -30.875 2.051442841485013 -28
      vertex -31.13896227717855 1.921271051849605 -28
    endloop
  endfacet
  facet normal 0 0 1
    outer loop
      vertex -30.63028678473038 -2.214954984344721 -28
      vertex -30.63028678473038 2.214954984344721 -28
      vertex -30.875 2.051442841485013 -28
    endloop
  endfacet
  facet normal 0 0 1
    outer loop
      vertex -30.40900974233027 -2.4090097423302677 -28
      vertex -30.40900974233027 2.4090097423302677 -28
      vertex -30.63028678473038 2.214954984344721 -28
    endloop
  endfacet
  facet normal 0 0 1
    outer loop
      vertex -30.214954984344722 -2.6302867847303784 -28
      vertex -30.214954984344722 2.6302867847303784 -28
      vertex -30.40900974233027 2.4090097423302677 -28
    endloop
  endfacet
  facet normal 0 0 -1
    outer loop
      vertex -50 10 -33
      vertex -34.173333109150406 3.4176571485193286 -33
      vertex -34.07872894815039 3.138962277178548 -33
    endloop
  endfacet
  facet normal 0 0 -1
    outer loop
      vertex -50 10 -33
      vertex -34.23075093809107 3.706316067504884 -33
      vertex -34.173333109150406 3.4176571485193286 -33
    endloop
  endfacet
  facet normal 0 0 -1
    outer loop
      vertex -50 10 -33
      vertex -34.25 4 -33
      vertex -34.23075093809107 3.706316067504884 -33
    endloop
  endfacet
  facet normal 0 0 -1
    outer loop
      vertex -50 10 -33
      vertex -34.23075093809107 4.293683932495116 -33
      vertex -34.25 4 -33
    endloop
  endfacet
  facet normal 0 0 -1
    outer loop
      vertex -50 10 -33
      vertex -34.173333109150406 4.582342851480671 -33
      vertex -34.23075093809107 4.293683932495116 -33
    endloop
  endfacet
  facet normal 0 0 -1
    outer loop
      vertex -50 10 -33
      vertex -34.07872894815039 4.861037722821452 -33
      vertex -34.173333109150406 4.582342851480671 -33
    endloop
  endfacet
  facet normal 0 0 -1
    outer loop
      vertex -50 10 -33
      vertex -33.94855715851499 5.125 -33
      vertex -34.07872894815039 4.861037722821452 -33
    endloop
  endfacet
  facet normal 0 0 -1
    outer loop
      vertex -50 10 -33
      vertex -33.78504501565528 5.369713215269622 -33
      vertex -33.94855715851499 5.125 -33
    endloop
  endfacet
  facet normal 0 0 -1
    outer loop
      vertex -50 10 -33
      vertex -33.59099025766973 5.590990257669732 -33
      vertex -33.78504501565528 5.369713215269622 -33
    endloop
  endfacet
  facet normal 0 0 -1
    outer loop
      vertex -50 10 -33
      vertex -33.36971321526962 5.785045015655279 -33
      vertex -33.59099025766973 5.590990257669732 -33
    endloop
  endfacet
  facet normal 0 0 -1
    outer loop
      vertex -50 10 -33
      vertex -33.125 5.948557158514987 -33
      vertex -33.36971321526962 5.785045015655279 -33
    endloop
  endfacet
  facet normal 0 0 -1
    outer loop
      vertex -50 10 -33
      vertex -32.86103772282145 6.078728948150395 -33
      vertex -33.125 5.948557158514987 -33
    endloop
  endfacet
  facet normal 0 0 -1
    outer loop
      vertex -50 10 -33
      vertex -32.582342851480675 6.173333109150404 -33
      vertex -32.86103772282145 6.078728948150395 -33
    endloop
  endfacet
  facet normal 0 0 -1
    outer loop
      vertex -50 10 -33
      vertex -32.293683932495114 6.230750938091074 -33
      vertex -32.582342851480675 6.173333109150404 -33
    endloop
  endfacet
  facet normal 0 0 -1
    outer loop
      vertex -50 10 -33
      vertex -32 6.25 -33
      vertex -32.293683932495114 6.230750938091074 -33
    endloop
  endfacet
  facet normal 0 0 1
    outer loop
      vertex -50 10 -28
      vertex -34.23075093809107 3.706316067504884 -28
      vertex -34.25 4 -28
    endloop
  endfacet
  facet normal 0 0 1
    outer loop
      vertex -50 10 -28
      vertex -34.25 4 -28
      vertex -34.23075093809107 4.293683932495116 -28
    endloop
  endfacet
  facet normal 0 0 1
    outer loop
      vertex -50 10 -28
      vertex -34.23075093809107 4.293683932495116 -28
      vertex -34.173333109150406 4.582342851480671 -28
    endloop
  endfacet
  facet normal 0 0 1
    outer loop
      vertex -50 10 -28
      vertex -34.173333109150406 4.582342851480671 -28
      vertex -34.07872894815039 4.861037722821452 -28
    endloop
  endfacet
  facet normal 0 0 1
    outer loop
      vertex -50 10 -28
      vertex -34.07872894815039 4.861037722821452 -28
      vertex -33.94855715851499 5.125 -28
    endloop
  endfacet
  facet normal 0 0 1
    outer loop
      vertex -50 10 -28
      vertex -33.94855715851499 5.125 -28
      vertex -33.78504501565528 5.369713215269622 -28
    endloop
  endfacet
  facet normal 0 0 1
    outer loop
      vertex -50 10 -28
      vertex -33.78504501565528 5.369713215269622 -28
      vertex -33.59099025766973 5.590990257669732 -28
    endloop
  endfacet
  facet normal 0 0 1
    outer loop
      vertex -50 10 -28
      vertex -33.59099025766973 5.590990257669732 -28
      vertex -33.36971321526962 5.785045015655279 -28
    endloop
  endfacet
  facet normal 0 0 1
    outer loop
      vertex -50 10 -28
      vertex -33.36971321526962 5.785045015655279 -28
      vertex -33.125 5.948557158514987 -28
    endloop
  endfacet
  facet normal 0 0 1
    outer loop
      vertex -50 10 -28
      vertex -33.125 5.948557158514987 -28
      vertex -32.86103772282145 6.078728948150395 -28
    endloop
  endfacet
  facet normal 0 0 1
    outer loop
      vertex -50 10 -28
      vertex -32.86103772282145 6.078728948150395 -28
      vertex -32.582342851480675 6.173333109150404 -28
    endloop
  endfacet
  facet normal 0 0 1
    outer loop
      vertex -50 10 -28
      vertex -32.582342851480675 6.173333109150404 -28
      vertex -32.293683932495114 6.230750938091074 -28
    endloop
  endfacet
  facet normal 0 0 1
    outer loop
      vertex -50 10 -28
      vertex -32.293683932495114 6.230750938091074 -28
      vertex -32 6.25 -28
    endloop
  endfacet
  facet normal 0 0 1
    outer loop
      vertex -50 10 -28
      vertex -32 6.25 -28
      vertex -31.706316067504883 6.230750938091074 -28
    endloop
  endfacet
  facet normal 0 0 1
    outer loop
      vertex -7 -3 -28
      vertex -30.051442841485013 2.875 -28
      vertex -30.214954984344722 2.6302867847303784 -28
    endloop
  endfacet
  facet normal 0 0 1
    outer loop
      vertex -7 -3 -28
      vertex -29.921271051849605 3.138962277178548 -28
      vertex -30.051442841485013 2.875 -28
    endloop
  endfacet
  facet normal 0 0 1
    outer loop
      vertex -7 -3 -28
      vertex -29.826666890849594 3.4176571485193286 -28
      vertex -29.921271051849605 3.138962277178548 -28
    endloop
  endfacet
  facet normal 0 0 1
    outer loop
      vertex -7 -3 -28
      vertex -29.769249061908926 3.706316067504884 -28
      vertex -29.826666890849594 3.4176571485193286 -28
    endloop
  endfacet
  facet normal 0 0 1
    outer loop
      vertex -7 -3 -28
      vertex -29.75 4 -28
      vertex -29.769249061908926 3.706316067504884 -28
    endloop
  endfacet
  facet normal 0 0 1
    outer loop
      vertex -7 -3 -28
      vertex -29.769249061908926 4.293683932495116 -28
      vertex -29.75 4 -28
    endloop
  endfacet
  facet normal 0 0 1
    outer loop
      vertex -7 -3 -28
      vertex -29.826666890849594 4.582342851480671 -28
      vertex -29.769249061908926 4.293683932495116 -28
    endloop
  endfacet
  facet normal 0 0 1
    outer loop
      vertex -7 -3 -28
      vertex -29.921271051849605 4.861037722821452 -28
      vertex -29.826666890849594 4.582342851480671 -28
    endloop
  endfacet
  facet normal 0 0 1
    outer loop
      vertex -7 -3 -28
      vertex -30.051442841485013 5.125 -28
      vertex -29.921271051849605 4.861037722821452 -28
    endloop
  endfacet
  facet normal 0 0 1
    outer loop
      vertex -7 -3 -28
      vertex -30.214954984344722 5.369713215269622 -28
      vertex -30.051442841485013 5.125 -28
    endloop
  endfacet
  facet normal 0 0 1
    outer loop
      vertex 7 -3 -28
      vertex -30.63028678473038 5.785045015655279 -28
      vertex -30.40900974233027 5.590990257669732 -28
    endloop
  endfacet
  facet normal 0 0 1
    outer loop
      vertex 7 -3 -28
      vertex -30.40900974233027 5.590990257669732 -28
      vertex -30.214954984344722 5.369713215269622 -28
    endloop
  endfacet
  facet normal 0 0 1
    outer loop
      vertex 7 -3 -28
      vertex -30.875 5.948557158514987 -28
      vertex -30.63028678473038 5.785045015655279 -28
    endloop
  endfacet
  facet normal 0 0 1
    outer loop
      vertex 7 -3 -28
      vertex -31.41765714851933 6.173333109150404 -28
      vertex -31.13896227717855 6.078728948150395 -28
    endloop
  endfacet
  facet normal 0 0 1
    outer loop
      vertex 7 -3 -28
      vertex -31.13896227717855 6.078728948150395 -28
      vertex -30.875 5.948557158514987 -28
    endloop
  endfacet
  facet normal 0 0 -1
    outer loop
      vertex 50 10 -33
      vertex -30.051442841485013 -5.125 -33
      vertex -29.921271051849605 -4.861037722821452 -33
    endloop
  endfacet
  facet normal 0 0 -1
    outer loop
      vertex 50 10 -33
      vertex -29.921271051849605 -4.861037722821452 -33
      vertex -29.826666890849594 -4.582342851480671 -33
    endloop
  endfacet
  facet normal 0 0 -1
    outer loop
      vertex 50 10 -33
      vertex -29.826666890849594 -4.582342851480671 -33
      vertex -29.769249061908926 -4.293683932495116 -33
    endloop
  endfacet
  facet normal 0 0 -1
    outer loop
      vertex 50 10 -33
      vertex -29.769249061908926 -4.293683932495116 -33
      vertex -29.75 -4 -33
    endloop
  endfacet
  facet normal 0 0 -1
    outer loop
      vertex 50 10 -33
      vertex -29.75 -4 -33
      vertex -29.769249061908926 -3.706316067504884 -33
    endloop
  endfacet
  facet normal 0 0 -1
    outer loop
      vertex 50 10 -33
      vertex -29.769249061908926 -3.706316067504884 -33
      vertex -29.826666890849594 -3.4176571485193286 -33
    endloop
  endfacet
  facet normal 0 0 1
    outer loop
      vertex -50 10 -28
      vertex -31.706316067504883 6.230750938091074 -28
      vertex 50 -10 -28
    endloop
  endfacet
  facet normal 0 0 1
    outer loop
      vertex 50 -10 -28
      vertex -31.706316067504883 6.230750938091074 -28
      vertex -31.41765714851933 6.173333109150404 -28
    endloop
  endfacet
  facet normal 0 0 -1
    outer loop
      vertex 50 10 -33
      vertex -29.826666890849594 -3.4176571485193286 -33
      vertex -29.826666890849594 3.4176571485193286 -33
    endloop
  endfacet
  facet normal 0 1 0
    outer loop
      vertex -50 10 -33
      vertex -50 10 -28
      vertex 50 10 -33
    endloop
  endfacet
  facet normal 0 0 -1
    outer loop
      vertex 50 10 -33
      vertex -29.826666890849594 3.4176571485193286 -33
      vertex -29.769249061908926 3.706316067504884 -33
    endloop
  endfacet
  facet normal 0 0 -1
    outer loop
      vertex 50 10 -33
      vertex -29.769249061908926 3.706316067504884 -33
      vertex -29.75 4 -33
    endloop
  endfacet
  facet normal 0 0 -1
    outer loop
      vertex 50 10 -33
      vertex -29.75 4 -33
      vertex -29.769249061908926 4.293683932495116 -33
    endloop
  endfacet
  facet normal 0 0 -1
    outer loop
      vertex 50 10 -33
      vertex -29.769249061908926 4.293683932495116 -33
      vertex -29.826666890849594 4.582342851480671 -33
    endloop
  endfacet
  facet normal 0 0 -1
    outer loop
      vertex 50 10 -33
      vertex -29.826666890849594 4.582342851480671 -33
      vertex -29.921271051849605 4.861037722821452 -33
    endloop
  endfacet
  facet normal 0 0 -1
    outer loop
      vertex 50 10 -33
      vertex -29.921271051849605 4.861037722821452 -33
      vertex -30.051442841485013 5.125 -33
    endloop
  endfacet
  facet normal 0 0 -1
    outer loop
      vertex 50 10 -33
      vertex -30.051442841485013 5.125 -33
      vertex -30.214954984344722 5.369713215269622 -33
    endloop
  endfacet
  facet normal 0 0 -1
    outer loop
      vertex 50 10 -33
      vertex -30.214954984344722 5.369713215269622 -33
      vertex -30.40900974233027 5.590990257669732 -33
    endloop
  endfacet
  facet normal 0 0 -1
    outer loop
      vertex 50 10 -33
      vertex -30.40900974233027 5.590990257669732 -33
      vertex -30.63028678473038 5.785045015655279 -33
    endloop
  endfacet
  facet normal 0 0 -1
    outer loop
      vertex 50 10 -33
      vertex -30.875 5.948557158514987 -33
      vertex -31.13896227717855 6.078728948150395 -33
    endloop
  endfacet
  facet normal 0 0 -1
    outer loop
      vertex 50 10 -33
      vertex -31.706316067504883 6.230750938091074 -33
      vertex -32 6.25 -33
    endloop
  endfacet
  facet normal 0 0 -1
    outer loop
      vertex 50 10 -33
      vertex -31.41765714851933 6.173333109150404 -33
      vertex -31.706316067504883 6.230750938091074 -33
    endloop
  endfacet
  facet normal 0 0 -1
    outer loop
      vertex 50 10 -33
      vertex -31.13896227717855 6.078728948150395 -33
      vertex -31.41765714851933 6.173333109150404 -33
    endloop
  endfacet
  facet normal 0 0 -1
    outer loop
      vertex 50 10 -33
      vertex -30.63028678473038 5.785045015655279 -33
      vertex -30.875 5.948557158514987 -33
    endloop
  endfacet
  facet normal 0 0 -1
    outer loop
      vertex -50 10 -33
      vertex 50 10 -33
      vertex -32 6.25 -33
    endloop
  endfacet
  facet normal 0 0 -1
    outer loop
      vertex -50 -10 -33
      vertex 31.41765714851933 -6.173333109150404 -33
      vertex 50 -10 -33
    endloop
  endfacet
  facet normal 0 0 1
    outer loop
      vertex -50 -10 -28
      vertex 50 -10 -28
      vertex 7 -9 -28
    endloop
  endfacet
  facet normal 0 0 -1
    outer loop
      vertex -50 -10 -33
      vertex 30.63028678473038 -5.785045015655279 -33
      vertex 30.875 -5.948557158514987 -33
    endloop
  endfacet
  facet normal 0 0 -1
    outer loop
      vertex -50 -10 -33
      vertex 31.13896227717855 -6.078728948150395 -33
      vertex 31.41765714851933 -6.173333109150404 -33
    endloop
  endfacet
  facet normal 0 0 -1
    outer loop
      vertex -50 -10 -33
      vertex 30.875 -5.948557158514987 -33
      vertex 31.13896227717855 -6.078728948150395 -33
    endloop
  endfacet
  facet normal 0 0 -1
    outer loop
      vertex -50 -10 -33
      vertex 30.40900974233027 -5.590990257669732 -33
      vertex 30.63028678473038 -5.785045015655279 -33
    endloop
  endfacet
  facet normal 0 0 -1
    outer loop
      vertex -50 -10 -33
      vertex 30.214954984344722 -5.369713215269622 -33
      vertex 30.40900974233027 -5.590990257669732 -33
    endloop
  endfacet
  facet normal 0 0 -1
    outer loop
      vertex -50 -10 -33
      vertex 30.051442841485013 -5.125 -33
      vertex 30.214954984344722 -5.369713215269622 -33
    endloop
  endfacet
  facet normal 0 0 -1
    outer loop
      vertex -50 -10 -33
      vertex 29.921271051849605 -4.861037722821452 -33
      vertex 30.051442841485013 -5.125 -33
    endloop
  endfacet
  facet normal 0 0 -1
    outer loop
      vertex -50 -10 -33
      vertex 29.826666890849594 -4.582342851480671 -33
      vertex 29.921271051849605 -4.861037722821452 -33
    endloop
  endfacet
  facet normal 0 0 -1
    outer loop
      vertex -50 -10 -33
      vertex 29.769249061908926 -4.293683932495116 -33
      vertex 29.826666890849594 -4.582342851480671 -33
    endloop
  endfacet
  facet normal 0 0 -1
    outer loop
      vertex -50 -10 -33
      vertex 29.75 -4 -33
      vertex 29.769249061908926 -4.293683932495116 -33
    endloop
  endfacet
  facet normal 0 0 -1
    outer loop
      vertex -50 -10 -33
      vertex 29.769249061908926 -3.706316067504884 -33
      vertex 29.75 -4 -33
    endloop
  endfacet
  facet normal 0 0 -1
    outer loop
      vertex -50 -10 -33
      vertex 29.826666890849594 -3.4176571485193286 -33
      vertex 29.769249061908926 -3.706316067504884 -33
    endloop
  endfacet
  facet normal 0 0 -1
    outer loop
      vertex -50 -10 -33
      vertex 29.921271051849605 -3.138962277178548 -33
      vertex 29.826666890849594 -3.4176571485193286 -33
    endloop
  endfacet
  facet normal 0 0 -1
    outer loop
      vertex -50 -10 -33
      vertex 30.051442841485013 -2.875 -33
      vertex 29.921271051849605 -3.138962277178548 -33
    endloop
  endfacet
  facet normal 0 -1 0
    outer loop
      vertex -50 -10 -33
      vertex 50 -10 -33
      vertex 50 -10 -28
    endloop
  endfacet
  facet normal 0 0 1
    outer loop
      vertex 7 -9 -28
      vertex 50 -10 -28
      vertex 7 -3 -28
    endloop
  endfacet
  facet normal 0 0 -1
    outer loop
      vertex -50 -10 -33
      vertex 30.214954984344722 2.6302867847303784 -33
      vertex 30.051442841485013 -2.875 -33
    endloop
  endfacet
  facet normal 0 0 -1
    outer loop
      vertex -50 -10 -33
      vertex 30.051442841485013 2.875 -33
      vertex 30.214954984344722 2.6302867847303784 -33
    endloop
  endfacet
  facet normal 0 0 -1
    outer loop
      vertex -50 -10 -33
      vertex 29.921271051849605 3.138962277178548 -33
      vertex 30.051442841485013 2.875 -33
    endloop
  endfacet
  facet normal 0 0 -1
    outer loop
      vertex -50 -10 -33
      vertex 29.826666890849594 3.4176571485193286 -33
      vertex 29.921271051849605 3.138962277178548 -33
    endloop
  endfacet
  facet normal 0 0 -1
    outer loop
      vertex -50 -10 -33
      vertex 29.769249061908926 3.706316067504884 -33
      vertex 29.826666890849594 3.4176571485193286 -33
    endloop
  endfacet
  facet normal 0 0 -1
    outer loop
      vertex -50 -10 -33
      vertex 29.75 4 -33
      vertex 29.769249061908926 3.706316067504884 -33
    endloop
  endfacet
  facet normal 0 0 -1
    outer loop
      vertex -50 -10 -33
      vertex 29.769249061908926 4.293683932495116 -33
      vertex 29.75 4 -33
    endloop
  endfacet
  facet normal 0 0 -1
    outer loop
      vertex -50 -10 -33
      vertex 29.826666890849594 4.582342851480671 -33
      vertex 29.769249061908926 4.293683932495116 -33
    endloop
  endfacet
  facet normal 0 0 -1
    outer loop
      vertex -50 -10 -33
      vertex 29.921271051849605 4.861037722821452 -33
      vertex 29.826666890849594 4.582342851480671 -33
    endloop
  endfacet
  facet normal 0 0 -1
    outer loop
      vertex -50 -10 -33
      vertex 30.051442841485013 5.125 -33
      vertex 29.921271051849605 4.861037722821452 -33
    endloop
  endfacet
  facet normal 0 0 1
    outer loop
      vertex -50 10 -28
      vertex 31.706316067504883 -6.230750938091074 -28
      vertex 31.41765714851933 -6.173333109150404 -28
    endloop
  endfacet
  facet normal 0 0 1
    outer loop
      vertex -50 10 -28
      vertex 31.41765714851933 -6.173333109150404 -28
      vertex 31.13896227717855 -6.078728948150395 -28
    endloop
  endfacet
  facet normal 0 0 1
    outer loop
      vertex -50 10 -28
      vertex 31.13896227717855 -6.078728948150395 -28
      vertex 30.875 -5.948557158514987 -28
    endloop
  endfacet
  facet normal 0 0 1
    outer loop
      vertex -50 10 -28
      vertex 30.875 -5.948557158514987 -28
      vertex 30.63028678473038 -5.785045015655279 -28
    endloop
  endfacet
  facet normal 0 0 1
    outer loop
      vertex -50 10 -28
      vertex 30.63028678473038 -5.785045015655279 -28
      vertex 30.40900974233027 -5.590990257669732 -28
    endloop
  endfacet
  facet normal 0 0 1
    outer loop
      vertex -50 10 -28
      vertex 30.40900974233027 -5.590990257669732 -28
      vertex 30.214954984344722 -5.369713215269622 -28
    endloop
  endfacet
  facet normal 0 0 1
    outer loop
      vertex -50 10 -28
      vertex 30.214954984344722 -5.369713215269622 -28
      vertex 30.051442841485013 -5.125 -28
    endloop
  endfacet
  facet normal 0 0 1
    outer loop
      vertex 7 -3 -28
      vertex 50 -10 -28
      vertex -31.41765714851933 6.173333109150404 -28
    endloop
  endfacet
  facet normal 0 0 1
    outer loop
      vertex -50 10 -28
      vertex 50 -10 -28
      vertex 31.706316067504883 -6.230750938091074 -28
    endloop
  endfacet
  facet normal 0 0 -1
    outer loop
      vertex 50 -10 -33
      vertex 31.41765714851933 -6.173333109150404 -33
      vertex 31.706316067504883 -6.230750938091074 -33
    endloop
  endfacet
  facet normal 0 0 -1
    outer loop
      vertex 50 -10 -33
      vertex 31.706316067504883 -6.230750938091074 -33
      vertex 32 -6.25 -33
    endloop
  endfacet
  facet normal 0 0 -1
    outer loop
      vertex 50 -10 -33
      vertex 32 -6.25 -33
      vertex 32.293683932495114 -6.230750938091074 -33
    endloop
  endfacet
  facet normal 0 0 -1
    outer loop
      vertex 50 -10 -33
      vertex 32.293683932495114 -6.230750938091074 -33
      vertex 32.582342851480675 -6.173333109150404 -33
    endloop
  endfacet
  facet normal 0 0 -1
    outer loop
      vertex 50 -10 -33
      vertex 32.582342851480675 -6.173333109150404 -33
      vertex 32.86103772282145 -6.078728948150395 -33
    endloop
  endfacet
  facet normal 0 0 -1
    outer loop
      vertex 50 -10 -33
      vertex 32.86103772282145 -6.078728948150395 -33
      vertex 33.125 -5.948557158514987 -33
    endloop
  endfacet
  facet normal 0 0 -1
    outer loop
      vertex 50 -10 -33
      vertex 33.125 -5.948557158514987 -33
      vertex 33.36971321526962 -5.785045015655279 -33
    endloop
  endfacet
  facet normal 0 0 -1
    outer loop
      vertex 50 -10 -33
      vertex 33.36971321526962 -5.785045015655279 -33
      vertex 33.59099025766973 -5.590990257669732 -33
    endloop
  endfacet
  facet normal 0 0 -1
    outer loop
      vertex 50 -10 -33
      vertex 33.59099025766973 -5.590990257669732 -33
      vertex 33.78504501565528 -5.369713215269622 -33
    endloop
  endfacet
  facet normal 0 0 -1
    outer loop
      vertex 50 -10 -33
      vertex 33.78504501565528 -5.369713215269622 -33
      vertex 33.94855715851499 -5.125 -33
    endloop
  endfacet
  facet normal 0 0 -1
    outer loop
      vertex 50 -10 -33
      vertex 33.94855715851499 -5.125 -33
      vertex 34.07872894815039 -4.861037722821452 -33
    endloop
  endfacet
  facet normal 0 0 -1
    outer loop
      vertex 50 -10 -33
      vertex 34.07872894815039 -4.861037722821452 -33
      vertex 34.173333109150406 -4.582342851480671 -33
    endloop
  endfacet
  facet normal 0 0 -1
    outer loop
      vertex 50 -10 -33
      vertex 34.173333109150406 -4.582342851480671 -33
      vertex 34.23075093809107 -4.293683932495116 -33
    endloop
  endfacet
  facet normal 0 0 -1
    outer loop
      vertex 50 -10 -33
      vertex 34.23075093809107 -4.293683932495116 -33
      vertex 34.25 -4 -33
    endloop
  endfacet
  facet normal 0 0 -1
    outer loop
      vertex 50 -10 -33
      vertex 34.25 -4 -33
      vertex 34.23075093809107 -3.706316067504884 -33
    endloop
  endfacet
  facet normal 0 0 1
    outer loop
      vertex 50 -10 -28
      vertex 32 -6.25 -28
      vertex 31.706316067504883 -6.230750938091074 -28
    endloop
  endfacet
  facet normal 0 0 1
    outer loop
      vertex 50 -10 -28
      vertex 32.293683932495114 -6.230750938091074 -28
      vertex 32 -6.25 -28
    endloop
  endfacet
  facet normal 0 0 1
    outer loop
      vertex 50 -10 -28
      vertex 32.582342851480675 -6.173333109150404 -28
      vertex 32.293683932495114 -6.230750938091074 -28
    endloop
  endfacet
  facet normal 0 0 1
    outer loop
      vertex 50 -10 -28
      vertex 32.86103772282145 -6.078728948150395 -28
      vertex 32.582342851480675 -6.173333109150404 -28
    endloop
  endfacet
  facet normal 0 0 1
    outer loop
      vertex 50 -10 -28
      vertex 33.125 -5.948557158514987 -28
      vertex 32.86103772282145 -6.078728948150395 -28
    endloop
  endfacet
  facet normal 0 0 1
    outer loop
      vertex 50 -10 -28
      vertex 33.36971321526962 -5.785045015655279 -28
      vertex 33.125 -5.948557158514987 -28
    endloop
  endfacet
  facet normal 0 0 1
    outer loop
      vertex 50 -10 -28
      vertex 33.59099025766973 -5.590990257669732 -28
      vertex 33.36971321526962 -5.785045015655279 -28
    endloop
  endfacet
  facet normal 0 0 1
    outer loop
      vertex 50 -10 -28
      vertex 33.78504501565528 -5.369713215269622 -28
      vertex 33.59099025766973 -5.590990257669732 -28
    endloop
  endfacet
  facet normal 0 0 1
    outer loop
      vertex 50 -10 -28
      vertex 33.94855715851499 -5.125 -28
      vertex 33.78504501565528 -5.369713215269622 -28
    endloop
  endfacet
  facet normal 0 0 1
    outer loop
      vertex 50 -10 -28
      vertex 34.07872894815039 -4.861037722821452 -28
      vertex 33.94855715851499 -5.125 -28
    endloop
  endfacet
  facet normal 0 0 1
    outer loop
      vertex 50 -10 -28
      vertex 34.173333109150406 -4.582342851480671 -28
      vertex 34.07872894815039 -4.861037722821452 -28
    endloop
  endfacet
  facet normal 0 0 1
    outer loop
      vertex 50 -10 -28
      vertex 34.23075093809107 -4.293683932495116 -28
      vertex 34.173333109150406 -4.582342851480671 -28
    endloop
  endfacet
  facet normal 0 0 1
    outer loop
      vertex 50 -10 -28
      vertex 34.25 -4 -28
      vertex 34.23075093809107 -4.293683932495116 -28
    endloop
  endfacet
  facet normal 0 0 1
    outer loop
      vertex 50 -10 -28
      vertex 34.23075093809107 -3.706316067504884 -28
      vertex 34.25 -4 -28
    endloop
  endfacet
  facet normal 0 0 -1
    outer loop
      vertex 30.051442841485013 -2.875 -33
      vertex 30.214954984344722 2.6302867847303784 -33
      vertex 30.214954984344722 -2.6302867847303784 -33
    endloop
  endfacet
  facet normal 0 0 -1
    outer loop
      vertex 30.214954984344722 -2.6302867847303784 -33
      vertex 30.40900974233027 2.4090097423302677 -33
      vertex 30.40900974233027 -2.4090097423302677 -33
    endloop
  endfacet
  facet normal 0 0 -1
    outer loop
      vertex 30.63028678473038 -2.214954984344721 -33
      vertex 30.40900974233027 -2.4090097423302677 -33
      vertex 30.63028678473038 2.214954984344721 -33
    endloop
  endfacet
  facet normal 0 0 -1
    outer loop
      vertex 30.875 -2.051442841485013 -33
      vertex 30.63028678473038 -2.214954984344721 -33
      vertex 30.875 2.051442841485013 -33
    endloop
  endfacet
  facet normal 0 0 -1
    outer loop
      vertex 31.13896227717855 -1.921271051849605 -33
      vertex 30.875 -2.051442841485013 -33
      vertex 31.13896227717855 1.921271051849605 -33
    endloop
  endfacet
  facet normal 0 0 -1
    outer loop
      vertex 31.41765714851933 -1.8266668908495962 -33
      vertex 31.13896227717855 -1.921271051849605 -33
      vertex 31.41765714851933 1.8266668908495962 -33
    endloop
  endfacet
  facet normal 0 0 -1
    outer loop
      vertex 34.07872894815039 -3.138962277178548 -33
      vertex 33.94855715851499 -2.875 -33
      vertex 34.07872894815039 3.138962277178548 -33
    endloop
  endfacet
  facet normal 0 0 -1
    outer loop
      vertex 33.125 -2.051442841485013 -33
      vertex 32.86103772282145 -1.921271051849605 -33
      vertex 33.125 2.051442841485013 -33
    endloop
  endfacet
  facet normal 0 0 -1
    outer loop
      vertex 33.59099025766973 -2.4090097423302677 -33
      vertex 33.36971321526962 -2.214954984344721 -33
      vertex 33.59099025766973 2.4090097423302677 -33
    endloop
  endfacet
  facet normal 0 0 -1
    outer loop
      vertex 33.36971321526962 -2.214954984344721 -33
      vertex 33.125 -2.051442841485013 -33
      vertex 33.36971321526962 2.214954984344721 -33
    endloop
  endfacet
  facet normal 0 0 -1
    outer loop
      vertex 33.78504501565528 -2.6302867847303784 -33
      vertex 33.94855715851499 2.875 -33
      vertex 33.94855715851499 -2.875 -33
    endloop
  endfacet
  facet normal 0 0 -1
    outer loop
      vertex 33.59099025766973 -2.4090097423302677 -33
      vertex 33.78504501565528 2.6302867847303784 -33
      vertex 33.78504501565528 -2.6302867847303784 -33
    endloop
  endfacet
  facet normal 0 0 -1
    outer loop
      vertex 31.706316067504883 -1.7692490619089267 -33
      vertex 31.41765714851933 -1.8266668908495962 -33
      vertex 31.706316067504883 1.7692490619089267 -33
    endloop
  endfacet
  facet normal 0 0 -1
    outer loop
      vertex 32 -1.75 -33
      vertex 31.706316067504883 -1.7692490619089267 -33
      vertex 32 1.75 -33
    endloop
  endfacet
  facet normal 0 0 -1
    outer loop
      vertex 32.293683932495114 -1.7692490619089267 -33
      vertex 32 -1.75 -33
      vertex 32.293683932495114 1.7692490619089267 -33
    endloop
  endfacet
  facet normal 0 0 -1
    outer loop
      vertex 32.582342851480675 -1.8266668908495962 -33
      vertex 32.293683932495114 -1.7692490619089267 -33
      vertex 32.582342851480675 1.8266668908495962 -33
    endloop
  endfacet
  facet normal 0 0 -1
    outer loop
      vertex 32.86103772282145 -1.921271051849605 -33
      vertex 32.582342851480675 -1.8266668908495962 -33
      vertex 32.86103772282145 1.921271051849605 -33
    endloop
  endfacet
  facet normal 0 0 1
    outer loop
      vertex 29.921271051849605 -3.138962277178548 -28
      vertex 29.826666890849594 3.4176571485193286 -28
      vertex 29.826666890849594 -3.4176571485193286 -28
    endloop
  endfacet
  facet normal 0 0 1
    outer loop
      vertex 30.051442841485013 -2.875 -28
      vertex 29.921271051849605 3.138962277178548 -28
      vertex 29.921271051849605 -3.138962277178548 -28
    endloop
  endfacet
  facet normal 0 0 1
    outer loop
      vertex 30.214954984344722 -2.6302867847303784 -28
      vertex 30.051442841485013 2.875 -28
      vertex 30.051442841485013 -2.875 -28
    endloop
  endfacet
  facet normal 0 0 1
    outer loop
      vertex 30.40900974233027 -2.4090097423302677 -28
      vertex 30.214954984344722 2.6302867847303784 -28
      vertex 30.214954984344722 -2.6302867847303784 -28
    endloop
  endfacet
  facet normal 0 0 1
    outer loop
      vertex 30.40900974233027 -2.4090097423302677 -28
      vertex 30.63028678473038 -2.214954984344721 -28
      vertex 30.40900974233027 2.4090097423302677 -28
    endloop
  endfacet
  facet normal 0 0 1
    outer loop
      vertex 30.63028678473038 -2.214954984344721 -28
      vertex 30.875 -2.051442841485013 -28
      vertex 30.63028678473038 2.214954984344721 -28
    endloop
  endfacet
  facet normal 0 0 1
    outer loop
      vertex 30.875 -2.051442841485013 -28
      vertex 31.13896227717855 -1.921271051849605 -28
      vertex 30.875 2.051442841485013 -28
    endloop
  endfacet
  facet normal 0 0 1
    outer loop
      vertex 31.13896227717855 -1.921271051849605 -28
      vertex 31.41765714851933 -1.8266668908495962 -28
      vertex 31.13896227717855 1.921271051849605 -28
    endloop
  endfacet
  facet normal 0 0 1
    outer loop
      vertex 31.41765714851933 -1.8266668908495962 -28
      vertex 31.706316067504883 -1.7692490619089267 -28
      vertex 31.41765714851933 1.8266668908495962 -28
    endloop
  endfacet
  facet normal 0 0 1
    outer loop
      vertex 31.706316067504883 -1.7692490619089267 -28
      vertex 32 -1.75 -28
      vertex 31.706316067504883 1.7692490619089267 -28
    endloop
  endfacet
  facet normal 0 0 1
    outer loop
      vertex 32 -1.75 -28
      vertex 32.293683932495114 -1.7692490619089267 -28
      vertex 32 1.75 -28
    endloop
  endfacet
  facet normal 1 0 0
    outer loop
      vertex 50 -10 -33
      vertex 50 10 -33
      vertex 50 -10 -28
    endloop
  endfacet
  facet normal 0 0 -1
    outer loop
      vertex 50 -10 -33
      vertex 34.23075093809107 -3.706316067504884 -33
      vertex 50 10 -33
    endloop
  endfacet
  facet normal 0 0 1
    outer loop
      vertex 50 -10 -28
      vertex 50 10 -28
      vertex 34.23075093809107 -3.706316067504884 -28
    endloop
  endfacet
  facet normal 0 0 -1
    outer loop
      vertex -50 -10 -33
      vertex 30.214954984344722 5.369713215269622 -33
      vertex 30.051442841485013 5.125 -33
    endloop
  endfacet
  facet normal 0 0 -1
    outer loop
      vertex -50 -10 -33
      vertex 30.40900974233027 5.590990257669732 -33
      vertex 30.214954984344722 5.369713215269622 -33
    endloop
  endfacet
  facet normal 0 0 -1
    outer loop
      vertex -50 -10 -33
      vertex 30.63028678473038 5.785045015655279 -33
      vertex 30.40900974233027 5.590990257669732 -33
    endloop
  endfacet
  facet normal 0 0 -1
    outer loop
      vertex -50 -10 -33
      vertex 30.875 5.948557158514987 -33
      vertex 30.63028678473038 5.785045015655279 -33
    endloop
  endfacet
  facet normal 0 0 -1
    outer loop
      vertex -50 -10 -33
      vertex 31.13896227717855 6.078728948150395 -33
      vertex 30.875 5.948557158514987 -33
    endloop
  endfacet
  facet normal 0 0 -1
    outer loop
      vertex -50 -10 -33
      vertex 31.41765714851933 6.173333109150404 -33
      vertex 31.13896227717855 6.078728948150395 -33
    endloop
  endfacet
  facet normal 0 0 -1
    outer loop
      vertex -50 -10 -33
      vertex 31.706316067504883 6.230750938091074 -33
      vertex 31.41765714851933 6.173333109150404 -33
    endloop
  endfacet
  facet normal 0 0 -1
    outer loop
      vertex -50 -10 -33
      vertex 50 10 -33
      vertex 31.706316067504883 6.230750938091074 -33
    endloop
  endfacet
  facet normal 0 0 1
    outer loop
      vertex -50 10 -28
      vertex 30.051442841485013 -5.125 -28
      vertex 29.921271051849605 -4.861037722821452 -28
    endloop
  endfacet
  facet normal 0 0 1
    outer loop
      vertex -50 10 -28
      vertex 29.921271051849605 -4.861037722821452 -28
      vertex 29.826666890849594 -4.582342851480671 -28
    endloop
  endfacet
  facet normal 0 0 1
    outer loop
      vertex -50 10 -28
      vertex 29.826666890849594 -4.582342851480671 -28
      vertex 29.769249061908926 -4.293683932495116 -28
    endloop
  endfacet
  facet normal 0 0 1
    outer loop
      vertex -50 10 -28
      vertex 29.769249061908926 -4.293683932495116 -28
      vertex 29.75 -4 -28
    endloop
  endfacet
  facet normal 0 0 1
    outer loop
      vertex -50 10 -28
      vertex 29.75 -4 -28
      vertex 29.769249061908926 -3.706316067504884 -28
    endloop
  endfacet
  facet normal 0 0 1
    outer loop
      vertex -50 10 -28
      vertex 29.769249061908926 -3.706316067504884 -28
      vertex 29.826666890849594 -3.4176571485193286 -28
    endloop
  endfacet
  facet normal 0 0 1
    outer loop
      vertex -50 10 -28
      vertex 29.826666890849594 -3.4176571485193286 -28
      vertex 29.826666890849594 3.4176571485193286 -28
    endloop
  endfacet
  facet normal 0 0 1
    outer loop
      vertex -50 10 -28
      vertex 29.826666890849594 3.4176571485193286 -28
      vertex 29.769249061908926 3.706316067504884 -28
    endloop
  endfacet
  facet normal 0 0 1
    outer loop
      vertex -50 10 -28
      vertex 29.769249061908926 3.706316067504884 -28
      vertex 29.75 4 -28
    endloop
  endfacet
  facet normal 0 0 1
    outer loop
      vertex -50 10 -28
      vertex 29.75 4 -28
      vertex 29.769249061908926 4.293683932495116 -28
    endloop
  endfacet
  facet normal 0 0 1
    outer loop
      vertex -50 10 -28
      vertex 29.769249061908926 4.293683932495116 -28
      vertex 29.826666890849594 4.582342851480671 -28
    endloop
  endfacet
  facet normal 0 0 1
    outer loop
      vertex -50 10 -28
      vertex 29.826666890849594 4.582342851480671 -28
      vertex 29.921271051849605 4.861037722821452 -28
    endloop
  endfacet
  facet normal 0 0 1
    outer loop
      vertex -50 10 -28
      vertex 29.921271051849605 4.861037722821452 -28
      vertex 30.051442841485013 5.125 -28
    endloop
  endfacet
  facet normal 0 0 1
    outer loop
      vertex -50 10 -28
      vertex 30.051442841485013 5.125 -28
      vertex 30.214954984344722 5.369713215269622 -28
    endloop
  endfacet
  facet normal 0 0 1
    outer loop
      vertex -50 10 -28
      vertex 30.214954984344722 5.369713215269622 -28
      vertex 30.40900974233027 5.590990257669732 -28
    endloop
  endfacet
  facet normal 0 0 1
    outer loop
      vertex -50 10 -28
      vertex 30.40900974233027 5.590990257669732 -28
      vertex 30.63028678473038 5.785045015655279 -28
    endloop
  endfacet
  facet normal 0 0 1
    outer loop
      vertex -50 10 -28
      vertex 30.63028678473038 5.785045015655279 -28
      vertex 30.875 5.948557158514987 -28
    endloop
  endfacet
  facet normal 0 0 1
    outer loop
      vertex -50 10 -28
      vertex 30.875 5.948557158514987 -28
      vertex 31.13896227717855 6.078728948150395 -28
    endloop
  endfacet
  facet normal 0 0 1
    outer loop
      vertex -50 10 -28
      vertex 31.13896227717855 6.078728948150395 -28
      vertex 31.41765714851933 6.173333109150404 -28
    endloop
  endfacet
  facet normal 0 0 1
    outer loop
      vertex -50 10 -28
      vertex 31.41765714851933 6.173333109150404 -28
      vertex 31.706316067504883 6.230750938091074 -28
    endloop
  endfacet
  facet normal 0 0 1
    outer loop
      vertex -50 10 -28
      vertex 31.706316067504883 6.230750938091074 -28
      vertex 32 6.25 -28
    endloop
  endfacet
  facet normal 0 0 1
    outer loop
      vertex -50 10 -28
      vertex 32 6.25 -28
      vertex 50 10 -28
    endloop
  endfacet
  facet normal 0 1 0
    outer loop
      vertex -50 10 -28
      vertex 50 10 -28
      vertex 50 10 -33
    endloop
  endfacet
  facet normal 0 0 -1
    outer loop
      vertex 31.13896227717855 -1.921271051849605 -33
      vertex 31.13896227717855 1.921271051849605 -33
      vertex 31.41765714851933 1.8266668908495962 -33
    endloop
  endfacet
  facet normal 0 0 -1
    outer loop
      vertex 30.214954984344722 -2.6302867847303784 -33
      vertex 30.214954984344722 2.6302867847303784 -33
      vertex 30.40900974233027 2.4090097423302677 -33
    endloop
  endfacet
  facet normal 0 0 -1
    outer loop
      vertex 30.63028678473038 -2.214954984344721 -33
      vertex 30.63028678473038 2.214954984344721 -33
      vertex 30.875 2.051442841485013 -33
    endloop
  endfacet
  facet normal 0 0 -1
    outer loop
      vertex 30.40900974233027 -2.4090097423302677 -33
      vertex 30.40900974233027 2.4090097423302677 -33
      vertex 30.63028678473038 2.214954984344721 -33
    endloop
  endfacet
  facet normal 0 0 -1
    outer loop
      vertex 30.875 -2.051442841485013 -33
      vertex 30.875 2.051442841485013 -33
      vertex 31.13896227717855 1.921271051849605 -33
    endloop
  endfacet
  facet normal 0 0 -1
    outer loop
      vertex 31.41765714851933 -1.8266668908495962 -33
      vertex 31.41765714851933 1.8266668908495962 -33
      vertex 31.706316067504883 1.7692490619089267 -33
    endloop
  endfacet
  facet normal 0 0 -1
    outer loop
      vertex 31.706316067504883 -1.7692490619089267 -33
      vertex 31.706316067504883 1.7692490619089267 -33
      vertex 32 1.75 -33
    endloop
  endfacet
  facet normal 0 0 -1
    outer loop
      vertex 32 -1.75 -33
      vertex 32 1.75 -33
      vertex 32.293683932495114 1.7692490619089267 -33
    endloop
  endfacet
  facet normal 0 0 -1
    outer loop
      vertex 32.293683932495114 -1.7692490619089267 -33
      vertex 32.293683932495114 1.7692490619089267 -33
      vertex 32.582342851480675 1.8266668908495962 -33
    endloop
  endfacet
  facet normal 0 0 -1
    outer loop
      vertex 32.582342851480675 -1.8266668908495962 -33
      vertex 32.582342851480675 1.8266668908495962 -33
      vertex 32.86103772282145 1.921271051849605 -33
    endloop
  endfacet
  facet normal 0 0 -1
    outer loop
      vertex 32.86103772282145 -1.921271051849605 -33
      vertex 32.86103772282145 1.921271051849605 -33
      vertex 33.125 2.051442841485013 -33
    endloop
  endfacet
  facet normal 0 0 -1
    outer loop
      vertex 33.125 -2.051442841485013 -33
      vertex 33.125 2.051442841485013 -33
      vertex 33.36971321526962 2.214954984344721 -33
    endloop
  endfacet
  facet normal 0 0 -1
    outer loop
      vertex 33.36971321526962 -2.214954984344721 -33
      vertex 33.36971321526962 2.214954984344721 -33
      vertex 33.59099025766973 2.4090097423302677 -33
    endloop
  endfacet
  facet normal 0 0 -1
    outer loop
      vertex 33.59099025766973 -2.4090097423302677 -33
      vertex 33.59099025766973 2.4090097423302677 -33
      vertex 33.78504501565528 2.6302867847303784 -33
    endloop
  endfacet
  facet normal 0 0 -1
    outer loop
      vertex 33.78504501565528 -2.6302867847303784 -33
      vertex 33.78504501565528 2.6302867847303784 -33
      vertex 33.94855715851499 2.875 -33
    endloop
  endfacet
  facet normal 0 0 -1
    outer loop
      vertex 33.94855715851499 -2.875 -33
      vertex 33.94855715851499 2.875 -33
      vertex 34.07872894815039 3.138962277178548 -33
    endloop
  endfacet
  facet normal 0 0 1
    outer loop
      vertex 30.40900974233027 -2.4090097423302677 -28
      vertex 30.40900974233027 2.4090097423302677 -28
      vertex 30.214954984344722 2.6302867847303784 -28
    endloop
  endfacet
  facet normal 0 0 1
    outer loop
      vertex 30.875 -2.051442841485013 -28
      vertex 30.875 2.051442841485013 -28
      vertex 30.63028678473038 2.214954984344721 -28
    endloop
  endfacet
  facet normal 0 0 1
    outer loop
      vertex 31.13896227717855 -1.921271051849605 -28
      vertex 31.13896227717855 1.921271051849605 -28
      vertex 30.875 2.051442841485013 -28
    endloop
  endfacet
  facet normal 0 0 1
    outer loop
      vertex 30.63028678473038 -2.214954984344721 -28
      vertex 30.63028678473038 2.214954984344721 -28
      vertex 30.40900974233027 2.4090097423302677 -28
    endloop
  endfacet
  facet normal 0 0 1
    outer loop
      vertex 30.051442841485013 -2.875 -28
      vertex 30.051442841485013 2.875 -28
      vertex 29.921271051849605 3.138962277178548 -28
    endloop
  endfacet
  facet normal 0 0 1
    outer loop
      vertex 30.214954984344722 -2.6302867847303784 -28
      vertex 30.214954984344722 2.6302867847303784 -28
      vertex 30.051442841485013 2.875 -28
    endloop
  endfacet
  facet normal 0 0 1
    outer loop
      vertex 29.921271051849605 -3.138962277178548 -28
      vertex 29.921271051849605 3.138962277178548 -28
      vertex 29.826666890849594 3.4176571485193286 -28
    endloop
  endfacet
  facet normal 0 0 1
    outer loop
      vertex 31.706316067504883 -1.7692490619089267 -28
      vertex 31.706316067504883 1.7692490619089267 -28
      vertex 31.41765714851933 1.8266668908495962 -28
    endloop
  endfacet
  facet normal 0 0 1
    outer loop
      vertex 32 -1.75 -28
      vertex 32 1.75 -28
      vertex 31.706316067504883 1.7692490619089267 -28
    endloop
  endfacet
  facet normal 0 0 1
    outer loop
      vertex 32.293683932495114 -1.7692490619089267 -28
      vertex 32.293683932495114 1.7692490619089267 -28
      vertex 32 1.75 -28
    endloop
  endfacet
  facet normal 0 0 1
    outer loop
      vertex 32.293683932495114 -1.7692490619089267 -28
      vertex 32.582342851480675 1.8266668908495962 -28
      vertex 32.293683932495114 1.7692490619089267 -28
    endloop
  endfacet
  facet normal 0 0 1
    outer loop
      vertex 31.41765714851933 -1.8266668908495962 -28
      vertex 31.41765714851933 1.8266668908495962 -28
      vertex 31.13896227717855 1.921271051849605 -28
    endloop
  endfacet
  facet normal 0 0 1
    outer loop
      vertex 32.293683932495114 -1.7692490619089267 -28
      vertex 32.86103772282145 1.921271051849605 -28
      vertex 32.582342851480675 1.8266668908495962 -28
    endloop
  endfacet
  facet normal 0 0 1
    outer loop
      vertex 32.293683932495114 -1.7692490619089267 -28
      vertex 33.125 2.051442841485013 -28
      vertex 32.86103772282145 1.921271051849605 -28
    endloop
  endfacet
  facet normal 0 0 1
    outer loop
      vertex 32.293683932495114 -1.7692490619089267 -28
      vertex 33.36971321526962 2.214954984344721 -28
      vertex 33.125 2.051442841485013 -28
    endloop
  endfacet
  facet normal 0 0 1
    outer loop
      vertex 32.293683932495114 -1.7692490619089267 -28
      vertex 33.59099025766973 2.4090097423302677 -28
      vertex 33.36971321526962 2.214954984344721 -28
    endloop
  endfacet
  facet normal 0 0 1
    outer loop
      vertex 32.293683932495114 -1.7692490619089267 -28
      vertex 33.78504501565528 2.6302867847303784 -28
      vertex 33.59099025766973 2.4090097423302677 -28
    endloop
  endfacet
  facet normal 0 0 1
    outer loop
      vertex 32.293683932495114 -1.7692490619089267 -28
      vertex 33.94855715851499 2.875 -28
      vertex 33.78504501565528 2.6302867847303784 -28
    endloop
  endfacet
  facet normal 0 0 1
    outer loop
      vertex 32.293683932495114 -1.7692490619089267 -28
      vertex 34.07872894815039 3.138962277178548 -28
      vertex 33.94855715851499 2.875 -28
    endloop
  endfacet
  facet normal 0 0 -1
    outer loop
      vertex 50 10 -33
      vertex 34.23075093809107 -3.706316067504884 -33
      vertex 34.173333109150406 -3.4176571485193286 -33
    endloop
  endfacet
  facet normal 0 0 -1
    outer loop
      vertex 50 10 -33
      vertex 34.173333109150406 -3.4176571485193286 -33
      vertex 34.07872894815039 -3.138962277178548 -33
    endloop
  endfacet
  facet normal 0 0 1
    outer loop
      vertex 50 10 -28
      vertex 34.173333109150406 -3.4176571485193286 -28
      vertex 34.23075093809107 -3.706316067504884 -28
    endloop
  endfacet
  facet normal 0 0 1
    outer loop
      vertex 50 10 -28
      vertex 34.07872894815039 -3.138962277178548 -28
      vertex 34.173333109150406 -3.4176571485193286 -28
    endloop
  endfacet
  facet normal 0 0 1
    outer loop
      vertex 50 10 -28
      vertex 33.36971321526962 -2.214954984344721 -28
      vertex 33.59099025766973 -2.4090097423302677 -28
    endloop
  endfacet
  facet normal 0 0 1
    outer loop
      vertex 50 10 -28
      vertex 33.94855715851499 -2.875 -28
      vertex 34.07872894815039 -3.138962277178548 -28
    endloop
  endfacet
  facet normal 0 0 1
    outer loop
      vertex 50 10 -28
      vertex 33.78504501565528 -2.6302867847303784 -28
      vertex 33.94855715851499 -2.875 -28
    endloop
  endfacet
  facet normal 0 0 1
    outer loop
      vertex 50 10 -28
      vertex 33.59099025766973 -2.4090097423302677 -28
      vertex 33.78504501565528 -2.6302867847303784 -28
    endloop
  endfacet
  facet normal 0 0 1
    outer loop
      vertex 50 10 -28
      vertex 32.86103772282145 -1.921271051849605 -28
      vertex 33.125 -2.051442841485013 -28
    endloop
  endfacet
  facet normal 0 0 1
    outer loop
      vertex 50 10 -28
      vertex 33.125 -2.051442841485013 -28
      vertex 33.36971321526962 -2.214954984344721 -28
    endloop
  endfacet
  facet normal 0 0 1
    outer loop
      vertex 50 10 -28
      vertex 32.582342851480675 -1.8266668908495962 -28
      vertex 32.86103772282145 -1.921271051849605 -28
    endloop
  endfacet
  facet normal 0 0 1
    outer loop
      vertex 50 10 -28
      vertex 32.293683932495114 -1.7692490619089267 -28
      vertex 32.582342851480675 -1.8266668908495962 -28
    endloop
  endfacet
  facet normal 0 0 -1
    outer loop
      vertex 50 10 -33
      vertex 34.07872894815039 -3.138962277178548 -33
      vertex 34.07872894815039 3.138962277178548 -33
    endloop
  endfacet
  facet normal 0 0 1
    outer loop
      vertex 50 10 -28
      vertex 34.07872894815039 3.138962277178548 -28
      vertex 32.293683932495114 -1.7692490619089267 -28
    endloop
  endfacet
  facet normal 1 0 0
    outer loop
      vertex 50 -10 -28
      vertex 50 10 -33
      vertex 50 10 -28
    endloop
  endfacet
  facet normal 0 0 -1
    outer loop
      vertex 50 10 -33
      vertex 34.07872894815039 3.138962277178548 -33
      vertex 34.173333109150406 3.4176571485193286 -33
    endloop
  endfacet
  facet normal 0 0 -1
    outer loop
      vertex 50 10 -33
      vertex 34.173333109150406 3.4176571485193286 -33
      vertex 34.23075093809107 3.706316067504884 -33
    endloop
  endfacet
  facet normal 0 0 -1
    outer loop
      vertex 50 10 -33
      vertex 34.23075093809107 3.706316067504884 -33
      vertex 34.25 4 -33
    endloop
  endfacet
  facet normal 0 0 -1
    outer loop
      vertex 50 10 -33
      vertex 34.25 4 -33
      vertex 34.23075093809107 4.293683932495116 -33
    endloop
  endfacet
  facet normal 0 0 -1
    outer loop
      vertex 50 10 -33
      vertex 34.23075093809107 4.293683932495116 -33
      vertex 34.173333109150406 4.582342851480671 -33
    endloop
  endfacet
  facet normal 0 0 -1
    outer loop
      vertex 50 10 -33
      vertex 34.173333109150406 4.582342851480671 -33
      vertex 34.07872894815039 4.861037722821452 -33
    endloop
  endfacet
  facet normal 0 0 -1
    outer loop
      vertex 50 10 -33
      vertex 34.07872894815039 4.861037722821452 -33
      vertex 33.94855715851499 5.125 -33
    endloop
  endfacet
  facet normal 0 0 -1
    outer loop
      vertex 50 10 -33
      vertex 33.94855715851499 5.125 -33
      vertex 33.78504501565528 5.369713215269622 -33
    endloop
  endfacet
  facet normal 0 0 -1
    outer loop
      vertex 50 10 -33
      vertex 33.59099025766973 5.590990257669732 -33
      vertex 33.36971321526962 5.785045015655279 -33
    endloop
  endfacet
  facet normal 0 0 -1
    outer loop
      vertex 50 10 -33
      vertex 32 6.25 -33
      vertex 31.706316067504883 6.230750938091074 -33
    endloop
  endfacet
  facet normal 0 0 -1
    outer loop
      vertex 50 10 -33
      vertex 32.293683932495114 6.230750938091074 -33
      vertex 32 6.25 -33
    endloop
  endfacet
  facet normal 0 0 -1
    outer loop
      vertex 50 10 -33
      vertex 33.125 5.948557158514987 -33
      vertex 32.86103772282145 6.078728948150395 -33
    endloop
  endfacet
  facet normal 0 0 -1
    outer loop
      vertex 50 10 -33
      vertex 33.36971321526962 5.785045015655279 -33
      vertex 33.125 5.948557158514987 -33
    endloop
  endfacet
  facet normal 0 0 -1
    outer loop
      vertex 50 10 -33
      vertex 32.86103772282145 6.078728948150395 -33
      vertex 32.582342851480675 6.173333109150404 -33
    endloop
  endfacet
  facet normal 0 0 -1
    outer loop
      vertex 50 10 -33
      vertex 32.582342851480675 6.173333109150404 -33
      vertex 32.293683932495114 6.230750938091074 -33
    endloop
  endfacet
  facet normal 0 0 -1
    outer loop
      vertex 50 10 -33
      vertex 33.78504501565528 5.369713215269622 -33
      vertex 33.59099025766973 5.590990257669732 -33
    endloop
  endfacet
  facet normal 0 0 1
    outer loop
      vertex 50 10 -28
      vertex 34.173333109150406 3.4176571485193286 -28
      vertex 34.07872894815039 3.138962277178548 -28
    endloop
  endfacet
  facet normal 0 0 1
    outer loop
      vertex 50 10 -28
      vertex 34.23075093809107 3.706316067504884 -28
      vertex 34.173333109150406 3.4176571485193286 -28
    endloop
  endfacet
  facet normal 0 0 1
    outer loop
      vertex 50 10 -28
      vertex 34.25 4 -28
      vertex 34.23075093809107 3.706316067504884 -28
    endloop
  endfacet
  facet normal 0 0 1
    outer loop
      vertex 50 10 -28
      vertex 34.23075093809107 4.293683932495116 -28
      vertex 34.25 4 -28
    endloop
  endfacet
  facet normal 0 0 1
    outer loop
      vertex 50 10 -28
      vertex 34.173333109150406 4.582342851480671 -28
      vertex 34.23075093809107 4.293683932495116 -28
    endloop
  endfacet
  facet normal 0 0 1
    outer loop
      vertex 50 10 -28
      vertex 34.07872894815039 4.861037722821452 -28
      vertex 34.173333109150406 4.582342851480671 -28
    endloop
  endfacet
  facet normal 0 0 1
    outer loop
      vertex 50 10 -28
      vertex 33.94855715851499 5.125 -28
      vertex 34.07872894815039 4.861037722821452 -28
    endloop
  endfacet
  facet normal 0 0 1
    outer loop
      vertex 50 10 -28
      vertex 33.78504501565528 5.369713215269622 -28
      vertex 33.94855715851499 5.125 -28
    endloop
  endfacet
  facet normal 0 0 1
    outer loop
      vertex 50 10 -28
      vertex 33.36971321526962 5.785045015655279 -28
      vertex 33.59099025766973 5.590990257669732 -28
    endloop
  endfacet
  facet normal 0 0 1
    outer loop
      vertex 50 10 -28
      vertex 32 6.25 -28
      vertex 32.293683932495114 6.230750938091074 -28
    endloop
  endfacet
  facet normal 0 0 1
    outer loop
      vertex 50 10 -28
      vertex 32.86103772282145 6.078728948150395 -28
      vertex 33.125 5.948557158514987 -28
    endloop
  endfacet
  facet normal 0 0 1
    outer loop
      vertex 50 10 -28
      vertex 33.125 5.948557158514987 -28
      vertex 33.36971321526962 5.785045015655279 -28
    endloop
  endfacet
  facet normal 0 0 1
    outer loop
      vertex 50 10 -28
      vertex 32.582342851480675 6.173333109150404 -28
      vertex 32.86103772282145 6.078728948150395 -28
    endloop
  endfacet
  facet normal 0 0 1
    outer loop
      vertex 50 10 -28
      vertex 32.293683932495114 6.230750938091074 -28
      vertex 32.582342851480675 6.173333109150404 -28
    endloop
  endfacet
  facet normal 0 0 1
    outer loop
      vertex 50 10 -28
      vertex 33.59099025766973 5.590990257669732 -28
      vertex 33.78504501565528 5.369713215269622 -28
    endloop
  endfacet
  facet normal -1 0 0
    outer loop
      vertex -7 -9 -28
      vertex -7 -9 -12
      vertex -7 -3 -28
    endloop
  endfacet
  facet normal 0 1 0
    outer loop
      vertex -7 -3 -28
      vertex -7 -3 -20
      vertex 7 -3 -28
    endloop
  endfacet
  facet normal 0 -1 0
    outer loop
      vertex -7 -9 -28
      vertex 7 -9 -12
      vertex -7 -9 -12
    endloop
  endfacet
  facet normal 0 0 1
    outer loop
      vertex -7 -9 -12
      vertex 7 -9 -12
      vertex -7 -3 -12
    endloop
  endfacet
  facet normal -1 0 0
    outer loop
      vertex -7 -3 -28
      vertex -7 -9 -12
      vertex -7 -3 -20
    endloop
  endfacet
  facet normal -1 0 0
    outer loop
      vertex -7 -9 -12
      vertex -7 -3 -12
      vertex -7 -3 -20
    endloop
  endfacet
  facet normal 0 -1 0
    outer loop
      vertex -7 -9 -28
      vertex 7 -9 -28
      vertex 7 -9 -12
    endloop
  endfacet
  facet normal 1 0 0
    outer loop
      vertex 7 -9 -28
      vertex 7 -3 -28
      vertex 7 -3.1 -20
    endloop
  endfacet
  facet normal 0 1 0
    outer loop
      vertex -7 -3 -20
      vertex 7 -3 -20
      vertex 7 -3 -28
    endloop
  endfacet
  facet normal 1 0 0
    outer loop
      vertex 7 -3 -28
      vertex 7 -3 -20
      vertex 7 -3.1 -20
    endloop
  endfacet
  facet normal 1 0 0
    outer loop
      vertex 7 -9 -28
      vertex 7 -3.1 -20
      vertex 7 -9 -12
    endloop
  endfacet
  facet normal 1 0 0
    outer loop
      vertex 7 -9 -12
      vertex 7 -3.1 -20
      vertex 7 -3.1 -12
    endloop
  endfacet
  facet normal 0 0 1
    outer loop
      vertex -7 -3 -12
      vertex 7 -9 -12
      vertex 7 -3.1 -12
    endloop
  endfacet
  facet normal 0 0 -1
    outer loop
      vertex -7 -3 -20
      vertex -1.38581929876693 -0.5740251485476346 -20
      vertex -1.2472044184538178 -0.8333553495294033 -20
    endloop
  endfacet
  facet normal 0 0 -1
    outer loop
      vertex -7 -3 -20
      vertex -1.4711779206048456 -0.2926354830241924 -20
      vertex -1.38581929876693 -0.5740251485476346 -20
    endloop
  endfacet
  facet normal 0 0 -1
    outer loop
      vertex -7 -3 -20
      vertex -0.8333553495294033 -1.2472044184538178 -20
      vertex -0.5740251485476346 -1.38581929876693 -20
    endloop
  endfacet
  facet normal 0 0 -1
    outer loop
      vertex -7 -3 -20
      vertex -0.5740251485476346 -1.38581929876693 -20
      vertex -0.2926354830241924 -1.4711779206048456 -20
    endloop
  endfacet
  facet normal 0 0 -1
    outer loop
      vertex -7 -3 -20
      vertex -0.2926354830241924 -1.4711779206048456 -20
      vertex 7 -3 -20
    endloop
  endfacet
  facet normal 0 0 -1
    outer loop
      vertex -7 -3 -20
      vertex -1.0606601717798214 -1.0606601717798214 -20
      vertex -0.8333553495294033 -1.2472044184538178 -20
    endloop
  endfacet
  facet normal 0 0 -1
    outer loop
      vertex -7 -3 -20
      vertex -1.2472044184538178 -0.8333553495294033 -20
      vertex -1.0606601717798214 -1.0606601717798214 -20
    endloop
  endfacet
  facet normal -1 0 0
    outer loop
      vertex -7 -3 -20
      vertex -7 -3 -12
      vertex -7 3.9999999999999996 -20
    endloop
  endfacet
  facet normal 0 0 1
    outer loop
      vertex -7 -3 -12
      vertex -1.2472044184538178 -0.8333553495294033 -12
      vertex -1.38581929876693 -0.5740251485476346 -12
    endloop
  endfacet
  facet normal 0 0 1
    outer loop
      vertex -7 -3 -12
      vertex -1.38581929876693 -0.5740251485476346 -12
      vertex -1.4711779206048456 -0.2926354830241924 -12
    endloop
  endfacet
  facet normal 0 0 1
    outer loop
      vertex -7 -3 -12
      vertex -0.5740251485476346 -1.38581929876693 -12
      vertex -0.8333553495294033 -1.2472044184538178 -12
    endloop
  endfacet
  facet normal 0 0 1
    outer loop
      vertex -7 -3 -12
      vertex 0 -1.5 -12
      vertex -0.2926354830241924 -1.4711779206048456 -12
    endloop
  endfacet
  facet normal 0 0 1
    outer loop
      vertex -7 -3 -12
      vertex -0.2926354830241924 -1.4711779206048456 -12
      vertex -0.5740251485476346 -1.38581929876693 -12
    endloop
  endfacet
  facet normal 0 0 1
    outer loop
      vertex -7 -3 -12
      vertex 0.2926354830241924 -1.4711779206048456 -12
      vertex 0 -1.5 -12
    endloop
  endfacet
  facet normal 0 0 1
    outer loop
      vertex -7 -3 -12
      vertex -0.8333553495294033 -1.2472044184538178 -12
      vertex -1.0606601717798214 -1.0606601717798214 -12
    endloop
  endfacet
  facet normal 0 0 1
    outer loop
      vertex -7 -3 -12
      vertex -1.0606601717798214 -1.0606601717798214 -12
      vertex -1.2472044184538178 -0.8333553495294033 -12
    endloop
  endfacet
  facet normal 0 0 1
    outer loop
      vertex -7 -3 -12
      vertex -1.4711779206048456 -0.2926354830241924 -12
      vertex -1.5 0 -12
    endloop
  endfacet
  facet normal 0 0 1
    outer loop
      vertex -7 -3 -12
      vertex -1.5 0 -12
      vertex -1.4711779206048456 0.2926354830241924 -12
    endloop
  endfacet
  facet normal 0 0 -1
    outer loop
      vertex -7 -3 -20
      vertex -7 3.9999999999999996 -20
      vertex -1.4711779206048456 -0.2926354830241924 -20
    endloop
  endfacet
  facet normal 0 0 -1
    outer loop
      vertex -7 3.9999999999999996 -20
      vertex -1.5 0 -20
      vertex -1.4711779206048456 -0.2926354830241924 -20
    endloop
  endfacet
  facet normal 0 0 -1
    outer loop
      vertex -7 3.9999999999999996 -20
      vertex -1.4711779206048456 0.2926354830241924 -20
      vertex -1.5 0 -20
    endloop
  endfacet
  facet normal 0 0 -1
    outer loop
      vertex -7 3.9999999999999996 -20
      vertex -1.38581929876693 0.5740251485476346 -20
      vertex -1.4711779206048456 0.2926354830241924 -20
    endloop
  endfacet
  facet normal 0 0 -1
    outer loop
      vertex -7 3.9999999999999996 -20
      vertex -1.2472044184538178 0.8333553495294033 -20
      vertex -1.38581929876693 0.5740251485476346 -20
    endloop
  endfacet
  facet normal 0 0 -1
    outer loop
      vertex -7 3.9999999999999996 -20
      vertex -1.0606601717798214 1.0606601717798214 -20
      vertex -1.2472044184538178 0.8333553495294033 -20
    endloop
  endfacet
  facet normal 0 0 -1
    outer loop
      vertex -7 3.9999999999999996 -20
      vertex -0.8333553495294033 1.2472044184538178 -20
      vertex -1.0606601717798214 1.0606601717798214 -20
    endloop
  endfacet
  facet normal 0 0 -1
    outer loop
      vertex -7 3.9999999999999996 -20
      vertex -0.5740251485476346 1.38581929876693 -20
      vertex -0.8333553495294033 1.2472044184538178 -20
    endloop
  endfacet
  facet normal 0 0 -1
    outer loop
      vertex -7 3.9999999999999996 -20
      vertex -0.2926354830241924 1.4711779206048456 -20
      vertex -0.5740251485476346 1.38581929876693 -20
    endloop
  endfacet
  facet normal 0 0 -1
    outer loop
      vertex -7 3.9999999999999996 -20
      vertex 0 1.5 -20
      vertex -0.2926354830241924 1.4711779206048456 -20
    endloop
  endfacet
  facet normal 0 0 -1
    outer loop
      vertex -7 3.9999999999999996 -20
      vertex 0.2926354830241924 1.4711779206048456 -20
      vertex 0 1.5 -20
    endloop
  endfacet
  facet normal 0 0 -1
    outer loop
      vertex -7 3.9999999999999996 -20
      vertex 0.5740251485476346 1.38581929876693 -20
      vertex 0.2926354830241924 1.4711779206048456 -20
    endloop
  endfacet
  facet normal 0 1 0
    outer loop
      vertex -7 3.9999999999999996 -20
      vertex -7 3.9999999999999996 -12
      vertex 7 3.9999999999999996 -20
    endloop
  endfacet
  facet normal -1 0 0
    outer loop
      vertex -7 -3 -12
      vertex -7 3.9999999999999996 -12
      vertex -7 3.9999999999999996 -20
    endloop
  endfacet
  facet normal 0 0 1
    outer loop
      vertex -7 -3 -12
      vertex -1.4711779206048456 0.2926354830241924 -12
      vertex -7 3.9999999999999996 -12
    endloop
  endfacet
  facet normal 0 0 1
    outer loop
      vertex -7 3.9999999999999996 -12
      vertex -1.4711779206048456 0.2926354830241924 -12
      vertex -1.38581929876693 0.5740251485476346 -12
    endloop
  endfacet
  facet normal 0 0 1
    outer loop
      vertex -7 3.9999999999999996 -12
      vertex -1.38581929876693 0.5740251485476346 -12
      vertex -1.2472044184538178 0.8333553495294033 -12
    endloop
  endfacet
  facet normal 0 0 1
    outer loop
      vertex -7 3.9999999999999996 -12
      vertex -1.2472044184538178 0.8333553495294033 -12
      vertex -1.0606601717798214 1.0606601717798214 -12
    endloop
  endfacet
  facet normal 0 0 1
    outer loop
      vertex -7 3.9999999999999996 -12
      vertex -1.0606601717798214 1.0606601717798214 -12
      vertex -0.8333553495294033 1.2472044184538178 -12
    endloop
  endfacet
  facet normal 0 0 1
    outer loop
      vertex -7 3.9999999999999996 -12
      vertex -0.8333553495294033 1.2472044184538178 -12
      vertex -0.5740251485476346 1.38581929876693 -12
    endloop
  endfacet
  facet normal 0 0 1
    outer loop
      vertex -7 3.9999999999999996 -12
      vertex -0.5740251485476346 1.38581929876693 -12
      vertex 7 3.9999999999999996 -12
    endloop
  endfacet
  facet normal 1 0 0
    outer loop
      vertex 7 -3.1 -20
      vertex 7 -3 -20
      vertex 7 -3.1 -12
    endloop
  endfacet
  facet normal 0 0 -1
    outer loop
      vertex 7 -3 -20
      vertex -0.2926354830241924 -1.4711779206048456 -20
      vertex 0 -1.5 -20
    endloop
  endfacet
  facet normal 0 0 -1
    outer loop
      vertex 7 -3 -20
      vertex 0 -1.5 -20
      vertex 0.2926354830241924 -1.4711779206048456 -20
    endloop
  endfacet
  facet normal 0 0 -1
    outer loop
      vertex 7 -3 -20
      vertex 0.2926354830241924 -1.4711779206048456 -20
      vertex 0.5740251485476346 -1.38581929876693 -20
    endloop
  endfacet
  facet normal 0 0 -1
    outer loop
      vertex 7 -3 -20
      vertex 0.5740251485476346 -1.38581929876693 -20
      vertex 0.8333553495294033 -1.2472044184538178 -20
    endloop
  endfacet
  facet normal 0 0 -1
    outer loop
      vertex 7 -3 -20
      vertex 0.8333553495294033 -1.2472044184538178 -20
      vertex 1.0606601717798214 -1.0606601717798214 -20
    endloop
  endfacet
  facet normal 0 0 -1
    outer loop
      vertex 7 -3 -20
      vertex 1.0606601717798214 -1.0606601717798214 -20
      vertex 1.2472044184538178 -0.8333553495294033 -20
    endloop
  endfacet
  facet normal 0 0 -1
    outer loop
      vertex 7 -3 -20
      vertex 1.2472044184538178 -0.8333553495294033 -20
      vertex 1.38581929876693 -0.5740251485476346 -20
    endloop
  endfacet
  facet normal 0 0 -1
    outer loop
      vertex 7 -3 -20
      vertex 1.38581929876693 -0.5740251485476346 -20
      vertex 1.4711779206048456 -0.2926354830241924 -20
    endloop
  endfacet
  facet normal 0 0 -1
    outer loop
      vertex 7 -3 -20
      vertex 1.4711779206048456 -0.2926354830241924 -20
      vertex 1.5 0 -20
    endloop
  endfacet
  facet normal 0 0 -1
    outer loop
      vertex 7 -3 -20
      vertex 1.5 0 -20
      vertex 1.4711779206048456 0.2926354830241924 -20
    endloop
  endfacet
  facet normal 1 0 0
    outer loop
      vertex 7 -3 -20
      vertex 7 3.9999999999999996 -20
      vertex 7 -3.1 -12
    endloop
  endfacet
  facet normal 0 0 1
    outer loop
      vertex -7 -3 -12
      vertex 7 -3.1 -12
      vertex 0.2926354830241924 -1.4711779206048456 -12
    endloop
  endfacet
  facet normal 0 0 1
    outer loop
      vertex 7 -3.1 -12
      vertex 0.5740251485476346 -1.38581929876693 -12
      vertex 0.2926354830241924 -1.4711779206048456 -12
    endloop
  endfacet
  facet normal 0 0 1
    outer loop
      vertex 7 -3.1 -12
      vertex 0.8333553495294033 -1.2472044184538178 -12
      vertex 0.5740251485476346 -1.38581929876693 -12
    endloop
  endfacet
  facet normal 0 0 1
    outer loop
      vertex 7 -3.1 -12
      vertex 1.0606601717798214 -1.0606601717798214 -12
      vertex 0.8333553495294033 -1.2472044184538178 -12
    endloop
  endfacet
  facet normal 0 0 1
    outer loop
      vertex 7 -3.1 -12
      vertex 1.2472044184538178 -0.8333553495294033 -12
      vertex 1.0606601717798214 -1.0606601717798214 -12
    endloop
  endfacet
  facet normal 0 0 1
    outer loop
      vertex 7 -3.1 -12
      vertex 1.38581929876693 -0.5740251485476346 -12
      vertex 1.2472044184538178 -0.8333553495294033 -12
    endloop
  endfacet
  facet normal 0 0 1
    outer loop
      vertex 7 -3.1 -12
      vertex 1.4711779206048456 -0.2926354830241924 -12
      vertex 1.38581929876693 -0.5740251485476346 -12
    endloop
  endfacet
  facet normal 0 0 -1
    outer loop
      vertex 7 -3 -20
      vertex 1.4711779206048456 0.2926354830241924 -20
      vertex 7 3.9999999999999996 -20
    endloop
  endfacet
  facet normal 0 0 -1
    outer loop
      vertex 7 3.9999999999999996 -20
      vertex 1.2472044184538178 0.8333553495294033 -20
      vertex 1.0606601717798214 1.0606601717798214 -20
    endloop
  endfacet
  facet normal 0 0 -1
    outer loop
      vertex 7 3.9999999999999996 -20
      vertex 1.0606601717798214 1.0606601717798214 -20
      vertex 0.8333553495294033 1.2472044184538178 -20
    endloop
  endfacet
  facet normal 0 0 -1
    outer loop
      vertex 7 3.9999999999999996 -20
      vertex 0.8333553495294033 1.2472044184538178 -20
      vertex 0.5740251485476346 1.38581929876693 -20
    endloop
  endfacet
  facet normal 0 0 -1
    outer loop
      vertex 7 3.9999999999999996 -20
      vertex 1.4711779206048456 0.2926354830241924 -20
      vertex 1.38581929876693 0.5740251485476346 -20
    endloop
  endfacet
  facet normal 0 0 -1
    outer loop
      vertex 7 3.9999999999999996 -20
      vertex 1.38581929876693 0.5740251485476346 -20
      vertex 1.2472044184538178 0.8333553495294033 -20
    endloop
  endfacet
  facet normal 0 0 -1
    outer loop
      vertex -7 3.9999999999999996 -20
      vertex 7 3.9999999999999996 -20
      vertex 0.5740251485476346 1.38581929876693 -20
    endloop
  endfacet
  facet normal 1 0 0
    outer loop
      vertex 7 -3.1 -12
      vertex 7 3.9999999999999996 -20
      vertex 7 3.9999999999999996 -12
    endloop
  endfacet
  facet normal 0 0 1
    outer loop
      vertex 7 -3.1 -12
      vertex 7 3.9999999999999996 -12
      vertex 1.4711779206048456 -0.2926354830241924 -12
    endloop
  endfacet
  facet normal 0 0 1
    outer loop
      vertex 7 3.9999999999999996 -12
      vertex 1.5 0 -12
      vertex 1.4711779206048456 -0.2926354830241924 -12
    endloop
  endfacet
  facet normal 0 0 1
    outer loop
      vertex 7 3.9999999999999996 -12
      vertex 1.0606601717798214 1.0606601717798214 -12
      vertex 1.2472044184538178 0.8333553495294033 -12
    endloop
  endfacet
  facet normal 0 0 1
    outer loop
      vertex 7 3.9999999999999996 -12
      vertex 0.8333553495294033 1.2472044184538178 -12
      vertex 1.0606601717798214 1.0606601717798214 -12
    endloop
  endfacet
  facet normal 0 0 1
    outer loop
      vertex 7 3.9999999999999996 -12
      vertex -0.5740251485476346 1.38581929876693 -12
      vertex -0.2926354830241924 1.4711779206048456 -12
    endloop
  endfacet
  facet normal 0 0 1
    outer loop
      vertex 7 3.9999999999999996 -12
      vertex -0.2926354830241924 1.4711779206048456 -12
      vertex 0 1.5 -12
    endloop
  endfacet
  facet normal 0 0 1
    outer loop
      vertex 7 3.9999999999999996 -12
      vertex 0 1.5 -12
      vertex 0.2926354830241924 1.4711779206048456 -12
    endloop
  endfacet
  facet normal 0 0 1
    outer loop
      vertex 7 3.9999999999999996 -12
      vertex 0.2926354830241924 1.4711779206048456 -12
      vertex 0.5740251485476346 1.38581929876693 -12
    endloop
  endfacet
  facet normal 0 0 1
    outer loop
      vertex 7 3.9999999999999996 -12
      vertex 0.5740251485476346 1.38581929876693 -12
      vertex 0.8333553495294033 1.2472044184538178 -12
    endloop
  endfacet
  facet normal 0 0 1
    outer loop
      vertex 7 3.9999999999999996 -12
      vertex 1.4711779206048456 0.2926354830241924 -12
      vertex 1.5 0 -12
    endloop
  endfacet
  facet normal 0 0 1
    outer loop
      vertex 7 3.9999999999999996 -12
      vertex 1.38581929876693 0.5740251485476346 -12
      vertex 1.4711779206048456 0.2926354830241924 -12
    endloop
  endfacet
  facet normal 0 0 1
    outer loop
      vertex 7 3.9999999999999996 -12
      vertex 1.2472044184538178 0.8333553495294033 -12
      vertex 1.38581929876693 0.5740251485476346 -12
    endloop
  endfacet
  facet normal 0 1 0
    outer loop
      vertex -7 3.9999999999999996 -12
      vertex 7 3.9999999999999996 -12
      vertex 7 3.9999999999999996 -20
    endloop
  endfacet
  facet normal 0.4422886902189995 0.8968727415326891 0
    outer loop
      vertex -33.125 -5.948557158514987 -28
      vertex -32.86103772282145 -6.078728948150395 -33
      vertex -33.125 -5.948557158514987 -33
    endloop
  endfacet
  facet normal 0.555570233019605 0.8314696123025435 0
    outer loop
      vertex -33.36971321526962 -5.785045015655279 -28
      vertex -33.125 -5.948557158514987 -33
      vertex -33.36971321526962 -5.785045015655279 -33
    endloop
  endfacet
  facet normal 0.6593458151000676 0.7518398074789785 5.314390861969821e-19
    outer loop
      vertex -33.36971321526962 -5.785045015655279 -33
      vertex -33.59099025766973 -5.590990257669732 -33
      vertex -33.59099025766973 -5.590990257669732 -28
    endloop
  endfacet
  facet normal 0.19509032201612508 0.980785280403231 0
    outer loop
      vertex -32.582342851480675 -6.173333109150404 -28
      vertex -32.293683932495114 -6.230750938091074 -33
      vertex -32.582342851480675 -6.173333109150404 -33
    endloop
  endfacet
  facet normal 0.3214394653031664 0.9469301294951041 0
    outer loop
      vertex -32.86103772282145 -6.078728948150395 -28
      vertex -32.582342851480675 -6.173333109150404 -33
      vertex -32.86103772282145 -6.078728948150395 -33
    endloop
  endfacet
  facet normal 0.06540312923014259 0.9978589232386036 0
    outer loop
      vertex -32.293683932495114 -6.230750938091074 -28
      vertex -32 -6.25 -33
      vertex -32.293683932495114 -6.230750938091074 -33
    endloop
  endfacet
  facet normal -0.06540312923014181 0.9978589232386036 0
    outer loop
      vertex -32 -6.25 -28
      vertex -31.706316067504883 -6.230750938091074 -33
      vertex -32 -6.25 -33
    endloop
  endfacet
  facet normal -0.19509032201612972 0.9807852804032301 0
    outer loop
      vertex -31.706316067504883 -6.230750938091074 -28
      vertex -31.41765714851933 -6.173333109150404 -33
      vertex -31.706316067504883 -6.230750938091074 -33
    endloop
  endfacet
  facet normal -0.32143946530316275 0.9469301294951052 0
    outer loop
      vertex -31.41765714851933 -6.173333109150404 -28
      vertex -31.13896227717855 -6.078728948150395 -33
      vertex -31.41765714851933 -6.173333109150404 -33
    endloop
  endfacet
  facet normal 0.7518398074789769 0.6593458151000693 0
    outer loop
      vertex -33.78504501565528 -5.369713215269622 -28
      vertex -33.59099025766973 -5.590990257669732 -33
      vertex -33.78504501565528 -5.369713215269622 -33
    endloop
  endfacet
  facet normal 0.8314696123025439 0.5555702330196043 0
    outer loop
      vertex -33.94855715851499 -5.125 -28
      vertex -33.78504501565528 -5.369713215269622 -33
      vertex -33.94855715851499 -5.125 -33
    endloop
  endfacet
  facet normal -0.4422886902189995 0.8968727415326891 0
    outer loop
      vertex -31.13896227717855 -6.078728948150395 -28
      vertex -30.875 -5.948557158514987 -33
      vertex -31.13896227717855 -6.078728948150395 -33
    endloop
  endfacet
  facet normal -0.555570233019605 0.8314696123025435 0
    outer loop
      vertex -30.875 -5.948557158514987 -28
      vertex -30.63028678473038 -5.785045015655279 -33
      vertex -30.875 -5.948557158514987 -33
    endloop
  endfacet
  facet normal -0.6593458151000676 0.7518398074789785 0
    outer loop
      vertex -30.63028678473038 -5.785045015655279 -28
      vertex -30.40900974233027 -5.590990257669732 -33
      vertex -30.63028678473038 -5.785045015655279 -33
    endloop
  endfacet
  facet normal -0.7518398074789769 0.6593458151000693 0
    outer loop
      vertex -30.40900974233027 -5.590990257669732 -33
      vertex -30.40900974233027 -5.590990257669732 -28
      vertex -30.214954984344722 -5.369713215269622 -33
    endloop
  endfacet
  facet normal -0.8314696123025439 0.5555702330196043 0
    outer loop
      vertex -30.214954984344722 -5.369713215269622 -28
      vertex -30.051442841485013 -5.125 -33
      vertex -30.214954984344722 -5.369713215269622 -33
    endloop
  endfacet
  facet normal -0.896872741532688 0.4422886902190019 0
    outer loop
      vertex -30.051442841485013 -5.125 -28
      vertex -29.921271051849605 -4.861037722821452 -33
      vertex -30.051442841485013 -5.125 -33
    endloop
  endfacet
  facet normal 0.4422886902189995 0.8968727415326891 0
    outer loop
      vertex -32.86103772282145 -6.078728948150395 -28
      vertex -32.86103772282145 -6.078728948150395 -33
      vertex -33.125 -5.948557158514987 -28
    endloop
  endfacet
  facet normal 0.555570233019605 0.8314696123025435 0
    outer loop
      vertex -33.125 -5.948557158514987 -28
      vertex -33.125 -5.948557158514987 -33
      vertex -33.36971321526962 -5.785045015655279 -28
    endloop
  endfacet
  facet normal 0.6593458151000676 0.7518398074789785 0
    outer loop
      vertex -33.36971321526962 -5.785045015655279 -28
      vertex -33.36971321526962 -5.785045015655279 -33
      vertex -33.59099025766973 -5.590990257669732 -28
    endloop
  endfacet
  facet normal 0.3214394653031664 0.9469301294951041 0
    outer loop
      vertex -32.582342851480675 -6.173333109150404 -28
      vertex -32.582342851480675 -6.173333109150404 -33
      vertex -32.86103772282145 -6.078728948150395 -28
    endloop
  endfacet
  facet normal 0.19509032201612508 0.980785280403231 0
    outer loop
      vertex -32.293683932495114 -6.230750938091074 -28
      vertex -32.293683932495114 -6.230750938091074 -33
      vertex -32.582342851480675 -6.173333109150404 -28
    endloop
  endfacet
  facet normal 0.06540312923014259 0.9978589232386036 0
    outer loop
      vertex -32 -6.25 -28
      vertex -32 -6.25 -33
      vertex -32.293683932495114 -6.230750938091074 -28
    endloop
  endfacet
  facet normal -0.06540312923014181 0.9978589232386036 0
    outer loop
      vertex -31.706316067504883 -6.230750938091074 -28
      vertex -31.706316067504883 -6.230750938091074 -33
      vertex -32 -6.25 -28
    endloop
  endfacet
  facet normal -0.19509032201612972 0.9807852804032301 0
    outer loop
      vertex -31.41765714851933 -6.173333109150404 -28
      vertex -31.41765714851933 -6.173333109150404 -33
      vertex -31.706316067504883 -6.230750938091074 -28
    endloop
  endfacet
  facet normal 0.7518398074789769 0.6593458151000693 -9.937781332677347e-19
    outer loop
      vertex -33.78504501565528 -5.369713215269622 -28
      vertex -33.59099025766973 -5.590990257669732 -28
      vertex -33.59099025766973 -5.590990257669732 -33
    endloop
  endfacet
  facet normal 0.8314696123025439 0.5555702330196043 -1.3642718854952212e-18
    outer loop
      vertex -33.94855715851499 -5.125 -28
      vertex -33.78504501565528 -5.369713215269622 -28
      vertex -33.78504501565528 -5.369713215269622 -33
    endloop
  endfacet
  facet normal 0.8968727415326927 0.4422886902189922 1.9078739737765106e-18
    outer loop
      vertex -34.07872894815039 -4.861037722821452 -28
      vertex -33.94855715851499 -5.125 -28
      vertex -33.94855715851499 -5.125 -33
    endloop
  endfacet
  facet normal -0.32143946530316275 0.9469301294951052 0
    outer loop
      vertex -31.13896227717855 -6.078728948150395 -28
      vertex -31.13896227717855 -6.078728948150395 -33
      vertex -31.41765714851933 -6.173333109150404 -28
    endloop
  endfacet
  facet normal -0.4422886902189995 0.8968727415326891 0
    outer loop
      vertex -30.875 -5.948557158514987 -28
      vertex -30.875 -5.948557158514987 -33
      vertex -31.13896227717855 -6.078728948150395 -28
    endloop
  endfacet
  facet normal -0.555570233019605 0.8314696123025435 0
    outer loop
      vertex -30.63028678473038 -5.785045015655279 -28
      vertex -30.63028678473038 -5.785045015655279 -33
      vertex -30.875 -5.948557158514987 -28
    endloop
  endfacet
  facet normal -0.6593458151000676 0.7518398074789785 0
    outer loop
      vertex -30.40900974233027 -5.590990257669732 -28
      vertex -30.40900974233027 -5.590990257669732 -33
      vertex -30.63028678473038 -5.785045015655279 -28
    endloop
  endfacet
  facet normal -0.7518398074789769 0.6593458151000693 9.937781332677347e-19
    outer loop
      vertex -30.40900974233027 -5.590990257669732 -28
      vertex -30.214954984344722 -5.369713215269622 -28
      vertex -30.214954984344722 -5.369713215269622 -33
    endloop
  endfacet
  facet normal -0.8314696123025439 0.5555702330196043 1.3642718854952212e-18
    outer loop
      vertex -30.214954984344722 -5.369713215269622 -28
      vertex -30.051442841485013 -5.125 -28
      vertex -30.051442841485013 -5.125 -33
    endloop
  endfacet
  facet normal 0.8968727415326927 0.4422886902189922 0
    outer loop
      vertex -34.07872894815039 -4.861037722821452 -28
      vertex -33.94855715851499 -5.125 -33
      vertex -34.07872894815039 -4.861037722821452 -33
    endloop
  endfacet
  facet normal 0.9469301294951004 0.32143946530317713 0
    outer loop
      vertex -34.173333109150406 -4.582342851480671 -28
      vertex -34.07872894815039 -4.861037722821452 -33
      vertex -34.173333109150406 -4.582342851480671 -33
    endloop
  endfacet
  facet normal 0.9807852804032337 0.1950903220161117 0
    outer loop
      vertex -34.23075093809107 -4.293683932495116 -28
      vertex -34.173333109150406 -4.582342851480671 -33
      vertex -34.23075093809107 -4.293683932495116 -33
    endloop
  endfacet
  facet normal 0.9978589232386027 0.06540312923015401 0
    outer loop
      vertex -34.25 -4 -28
      vertex -34.23075093809107 -4.293683932495116 -33
      vertex -34.25 -4 -33
    endloop
  endfacet
  facet normal 0.9978589232386028 -0.06540312923015412 0
    outer loop
      vertex -34.23075093809107 -3.706316067504884 -28
      vertex -34.25 -4 -33
      vertex -34.23075093809107 -3.706316067504884 -33
    endloop
  endfacet
  facet normal 0.9807852804032339 -0.19509032201611146 0
    outer loop
      vertex -34.173333109150406 -3.4176571485193286 -28
      vertex -34.23075093809107 -3.706316067504884 -33
      vertex -34.173333109150406 -3.4176571485193286 -33
    endloop
  endfacet
  facet normal 0.9469301294951004 -0.32143946530317713 0
    outer loop
      vertex -34.07872894815039 -3.138962277178548 -28
      vertex -34.173333109150406 -3.4176571485193286 -33
      vertex -34.07872894815039 -3.138962277178548 -33
    endloop
  endfacet
  facet normal 0.8968727415326927 -0.4422886902189922 0
    outer loop
      vertex -33.94855715851499 -2.875 -28
      vertex -34.07872894815039 -3.138962277178548 -33
      vertex -33.94855715851499 -2.875 -33
    endloop
  endfacet
  facet normal 0.8314696123025439 -0.5555702330196043 0
    outer loop
      vertex -33.78504501565528 -2.6302867847303784 -28
      vertex -33.94855715851499 -2.875 -33
      vertex -33.78504501565528 -2.6302867847303784 -33
    endloop
  endfacet
  facet normal -0.946930129495104 0.3214394653031663 0
    outer loop
      vertex -29.921271051849605 -4.861037722821452 -33
      vertex -29.921271051849605 -4.861037722821452 -28
      vertex -29.826666890849594 -4.582342851480671 -33
    endloop
  endfacet
  facet normal -0.9807852804032314 0.19509032201612334 0
    outer loop
      vertex -29.826666890849594 -4.582342851480671 -28
      vertex -29.769249061908926 -4.293683932495116 -33
      vertex -29.826666890849594 -4.582342851480671 -33
    endloop
  endfacet
  facet normal -0.9978589232386036 0.06540312923014201 0
    outer loop
      vertex -29.769249061908926 -4.293683932495116 -28
      vertex -29.75 -4 -33
      vertex -29.769249061908926 -4.293683932495116 -33
    endloop
  endfacet
  facet normal -0.9978589232386036 -0.0654031292301421 0
    outer loop
      vertex -29.75 -4 -28
      vertex -29.769249061908926 -3.706316067504884 -33
      vertex -29.75 -4 -33
    endloop
  endfacet
  facet normal -0.9807852804032315 -0.19509032201612306 0
    outer loop
      vertex -29.769249061908926 -3.706316067504884 -28
      vertex -29.826666890849594 -3.4176571485193286 -33
      vertex -29.769249061908926 -3.706316067504884 -33
    endloop
  endfacet
  facet normal -0.946930129495104 -0.3214394653031663 0
    outer loop
      vertex -29.826666890849594 -3.4176571485193286 -28
      vertex -29.921271051849605 -3.138962277178548 -33
      vertex -29.826666890849594 -3.4176571485193286 -33
    endloop
  endfacet
  facet normal -0.896872741532688 -0.4422886902190019 0
    outer loop
      vertex -29.921271051849605 -3.138962277178548 -33
      vertex -29.921271051849605 -3.138962277178548 -28
      vertex -30.051442841485013 -2.875 -33
    endloop
  endfacet
  facet normal -0.8314696123025439 -0.5555702330196043 0
    outer loop
      vertex -30.051442841485013 -2.875 -28
      vertex -30.214954984344722 -2.6302867847303784 -33
      vertex -30.051442841485013 -2.875 -33
    endloop
  endfacet
  facet normal -0.7518398074789769 -0.6593458151000693 0
    outer loop
      vertex -30.214954984344722 -2.6302867847303784 -28
      vertex -30.40900974233027 -2.4090097423302677 -33
      vertex -30.214954984344722 -2.6302867847303784 -33
    endloop
  endfacet
  facet normal 0.9469301294951004 0.32143946530317713 0
    outer loop
      vertex -34.07872894815039 -4.861037722821452 -28
      vertex -34.07872894815039 -4.861037722821452 -33
      vertex -34.173333109150406 -4.582342851480671 -28
    endloop
  endfacet
  facet normal 0.9807852804032337 0.1950903220161117 4.646892422969347e-19
    outer loop
      vertex -34.23075093809107 -4.293683932495116 -28
      vertex -34.173333109150406 -4.582342851480671 -28
      vertex -34.173333109150406 -4.582342851480671 -33
    endloop
  endfacet
  facet normal 0.9978589232386027 0.06540312923015401 2.937371206559514e-19
    outer loop
      vertex -34.25 -4 -28
      vertex -34.23075093809107 -4.293683932495116 -28
      vertex -34.23075093809107 -4.293683932495116 -33
    endloop
  endfacet
  facet normal 0.9978589232386028 -0.06540312923015412 -2.0857864931228866e-19
    outer loop
      vertex -34.23075093809107 -3.706316067504884 -28
      vertex -34.25 -4 -28
      vertex -34.25 -4 -33
    endloop
  endfacet
  facet normal 0.9807852804032339 -0.19509032201611146 3.5926699898380354e-19
    outer loop
      vertex -34.173333109150406 -3.4176571485193286 -28
      vertex -34.23075093809107 -3.706316067504884 -28
      vertex -34.23075093809107 -3.706316067504884 -33
    endloop
  endfacet
  facet normal 0.9469301294951004 -0.32143946530317713 1.0818237048869677e-18
    outer loop
      vertex -34.07872894815039 -3.138962277178548 -28
      vertex -34.173333109150406 -3.4176571485193286 -28
      vertex -34.173333109150406 -3.4176571485193286 -33
    endloop
  endfacet
  facet normal 0.8968727415326927 -0.4422886902189922 -1.9078739737765106e-18
    outer loop
      vertex -33.94855715851499 -2.875 -28
      vertex -34.07872894815039 -3.138962277178548 -28
      vertex -34.07872894815039 -3.138962277178548 -33
    endloop
  endfacet
  facet normal 0.8314696123025439 -0.5555702330196043 1.3642718854952212e-18
    outer loop
      vertex -33.78504501565528 -2.6302867847303784 -28
      vertex -33.94855715851499 -2.875 -28
      vertex -33.94855715851499 -2.875 -33
    endloop
  endfacet
  facet normal 0.7518398074789769 -0.6593458151000693 9.937781332677347e-19
    outer loop
      vertex -33.59099025766973 -2.4090097423302677 -28
      vertex -33.78504501565528 -2.6302867847303784 -28
      vertex -33.78504501565528 -2.6302867847303784 -33
    endloop
  endfacet
  facet normal -0.896872741532688 0.4422886902190019 -1.2067754828735314e-18
    outer loop
      vertex -30.051442841485013 -5.125 -28
      vertex -29.921271051849605 -4.861037722821452 -28
      vertex -29.921271051849605 -4.861037722821452 -33
    endloop
  endfacet
  facet normal -0.946930129495104 0.3214394653031663 1.7755143207296175e-19
    outer loop
      vertex -29.921271051849605 -4.861037722821452 -28
      vertex -29.826666890849594 -4.582342851480671 -28
      vertex -29.826666890849594 -4.582342851480671 -33
    endloop
  endfacet
  facet normal -0.9807852804032314 0.19509032201612334 9.186215057376605e-19
    outer loop
      vertex -29.826666890849594 -4.582342851480671 -28
      vertex -29.769249061908926 -4.293683932495116 -28
      vertex -29.769249061908926 -4.293683932495116 -33
    endloop
  endfacet
  facet normal -0.9978589232386036 0.06540312923014201 -2.5211724273027953e-19
    outer loop
      vertex -29.769249061908926 -4.293683932495116 -28
      vertex -29.75 -4 -28
      vertex -29.75 -4 -33
    endloop
  endfacet
  facet normal -0.9978589232386036 -0.0654031292301421 1.6695877138554451e-19
    outer loop
      vertex -29.75 -4 -28
      vertex -29.769249061908926 -3.706316067504884 -28
      vertex -29.769249061908926 -3.706316067504884 -33
    endloop
  endfacet
  facet normal -0.9807852804032315 -0.19509032201612306 6.1507156004125655e-19
    outer loop
      vertex -29.769249061908926 -3.706316067504884 -28
      vertex -29.826666890849594 -3.4176571485193286 -28
      vertex -29.826666890849594 -3.4176571485193286 -33
    endloop
  endfacet
  facet normal -0.946930129495104 -0.3214394653031663 -1.7755143207296175e-19
    outer loop
      vertex -29.826666890849594 -3.4176571485193286 -28
      vertex -29.921271051849605 -3.138962277178548 -28
      vertex -29.921271051849605 -3.138962277178548 -33
    endloop
  endfacet
  facet normal -0.896872741532688 -0.4422886902190019 1.2067754828735314e-18
    outer loop
      vertex -29.921271051849605 -3.138962277178548 -28
      vertex -30.051442841485013 -2.875 -28
      vertex -30.051442841485013 -2.875 -33
    endloop
  endfacet
  facet normal -0.8314696123025439 -0.5555702330196043 -1.3642718854952212e-18
    outer loop
      vertex -30.051442841485013 -2.875 -28
      vertex -30.214954984344722 -2.6302867847303784 -28
      vertex -30.214954984344722 -2.6302867847303784 -33
    endloop
  endfacet
  facet normal 0.7518398074789769 -0.6593458151000693 0
    outer loop
      vertex -33.59099025766973 -2.4090097423302677 -28
      vertex -33.78504501565528 -2.6302867847303784 -33
      vertex -33.59099025766973 -2.4090097423302677 -33
    endloop
  endfacet
  facet normal 0.6593458151000676 -0.7518398074789785 0
    outer loop
      vertex -33.36971321526962 -2.214954984344721 -28
      vertex -33.59099025766973 -2.4090097423302677 -33
      vertex -33.36971321526962 -2.214954984344721 -33
    endloop
  endfacet
  facet normal 0.555570233019605 -0.8314696123025435 0
    outer loop
      vertex -33.125 -2.051442841485013 -28
      vertex -33.36971321526962 -2.214954984344721 -33
      vertex -33.125 -2.051442841485013 -33
    endloop
  endfacet
  facet normal 0.4422886902189983 -0.8968727415326898 0
    outer loop
      vertex -32.86103772282145 -1.921271051849605 -28
      vertex -33.125 -2.051442841485013 -33
      vertex -32.86103772282145 -1.921271051849605 -33
    endloop
  endfacet
  facet normal 0.32143946530316775 -0.9469301294951035 0
    outer loop
      vertex -32.582342851480675 -1.8266668908495962 -28
      vertex -32.86103772282145 -1.921271051849605 -33
      vertex -32.582342851480675 -1.8266668908495962 -33
    endloop
  endfacet
  facet normal 0.19509032201612364 -0.9807852804032313 0
    outer loop
      vertex -32.293683932495114 -1.7692490619089267 -28
      vertex -32.582342851480675 -1.8266668908495962 -33
      vertex -32.293683932495114 -1.7692490619089267 -33
    endloop
  endfacet
  facet normal 0.06540312923014409 -0.9978589232386035 0
    outer loop
      vertex -32 -1.75 -28
      vertex -32.293683932495114 -1.7692490619089267 -33
      vertex -32 -1.75 -33
    endloop
  endfacet
  facet normal -0.06540312923014331 -0.9978589232386035 0
    outer loop
      vertex -31.706316067504883 -1.7692490619089267 -28
      vertex -32 -1.75 -33
      vertex -31.706316067504883 -1.7692490619089267 -33
    endloop
  endfacet
  facet normal -0.19509032201612825 -0.9807852804032304 0
    outer loop
      vertex -31.41765714851933 -1.8266668908495962 -28
      vertex -31.706316067504883 -1.7692490619089267 -33
      vertex -31.41765714851933 -1.8266668908495962 -33
    endloop
  endfacet
  facet normal -0.6593458151000676 -0.7518398074789785 0
    outer loop
      vertex -30.40900974233027 -2.4090097423302677 -28
      vertex -30.63028678473038 -2.214954984344721 -33
      vertex -30.40900974233027 -2.4090097423302677 -33
    endloop
  endfacet
  facet normal -0.555570233019605 -0.8314696123025435 0
    outer loop
      vertex -30.63028678473038 -2.214954984344721 -28
      vertex -30.875 -2.051442841485013 -33
      vertex -30.63028678473038 -2.214954984344721 -33
    endloop
  endfacet
  facet normal -0.4422886902189983 -0.8968727415326898 0
    outer loop
      vertex -30.875 -2.051442841485013 -28
      vertex -31.13896227717855 -1.921271051849605 -33
      vertex -30.875 -2.051442841485013 -33
    endloop
  endfacet
  facet normal -0.32143946530316414 -0.9469301294951049 0
    outer loop
      vertex -31.13896227717855 -1.921271051849605 -28
      vertex -31.41765714851933 -1.8266668908495962 -33
      vertex -31.13896227717855 -1.921271051849605 -33
    endloop
  endfacet
  facet normal 0.6593458151000676 -0.7518398074789785 0
    outer loop
      vertex -33.59099025766973 -2.4090097423302677 -28
      vertex -33.59099025766973 -2.4090097423302677 -33
      vertex -33.36971321526962 -2.214954984344721 -28
    endloop
  endfacet
  facet normal 0.555570233019605 -0.8314696123025435 0
    outer loop
      vertex -33.36971321526962 -2.214954984344721 -28
      vertex -33.36971321526962 -2.214954984344721 -33
      vertex -33.125 -2.051442841485013 -28
    endloop
  endfacet
  facet normal 0.4422886902189983 -0.8968727415326898 0
    outer loop
      vertex -33.125 -2.051442841485013 -28
      vertex -33.125 -2.051442841485013 -33
      vertex -32.86103772282145 -1.921271051849605 -28
    endloop
  endfacet
  facet normal 0.32143946530316775 -0.9469301294951035 0
    outer loop
      vertex -32.86103772282145 -1.921271051849605 -28
      vertex -32.86103772282145 -1.921271051849605 -33
      vertex -32.582342851480675 -1.8266668908495962 -28
    endloop
  endfacet
  facet normal 0.19509032201612364 -0.9807852804032313 0
    outer loop
      vertex -32.582342851480675 -1.8266668908495962 -28
      vertex -32.582342851480675 -1.8266668908495962 -33
      vertex -32.293683932495114 -1.7692490619089267 -28
    endloop
  endfacet
  facet normal 0.06540312923014409 -0.9978589232386035 0
    outer loop
      vertex -32.293683932495114 -1.7692490619089267 -28
      vertex -32.293683932495114 -1.7692490619089267 -33
      vertex -32 -1.75 -28
    endloop
  endfacet
  facet normal -0.06540312923014331 -0.9978589232386035 0
    outer loop
      vertex -32 -1.75 -28
      vertex -32 -1.75 -33
      vertex -31.706316067504883 -1.7692490619089267 -28
    endloop
  endfacet
  facet normal -0.32143946530316414 -0.9469301294951049 0
    outer loop
      vertex -31.41765714851933 -1.8266668908495962 -28
      vertex -31.41765714851933 -1.8266668908495962 -33
      vertex -31.13896227717855 -1.921271051849605 -28
    endloop
  endfacet
  facet normal -0.19509032201612825 -0.9807852804032304 0
    outer loop
      vertex -31.706316067504883 -1.7692490619089267 -28
      vertex -31.706316067504883 -1.7692490619089267 -33
      vertex -31.41765714851933 -1.8266668908495962 -28
    endloop
  endfacet
  facet normal -0.6593458151000676 -0.7518398074789785 0
    outer loop
      vertex -30.63028678473038 -2.214954984344721 -28
      vertex -30.63028678473038 -2.214954984344721 -33
      vertex -30.40900974233027 -2.4090097423302677 -28
    endloop
  endfacet
  facet normal -0.7518398074789769 -0.6593458151000693 -9.937781332677347e-19
    outer loop
      vertex -30.214954984344722 -2.6302867847303784 -28
      vertex -30.40900974233027 -2.4090097423302677 -28
      vertex -30.40900974233027 -2.4090097423302677 -33
    endloop
  endfacet
  facet normal -0.555570233019605 -0.8314696123025435 0
    outer loop
      vertex -30.875 -2.051442841485013 -28
      vertex -30.875 -2.051442841485013 -33
      vertex -30.63028678473038 -2.214954984344721 -28
    endloop
  endfacet
  facet normal -0.4422886902189983 -0.8968727415326898 0
    outer loop
      vertex -31.13896227717855 -1.921271051849605 -28
      vertex -31.13896227717855 -1.921271051849605 -33
      vertex -30.875 -2.051442841485013 -28
    endloop
  endfacet
  facet normal 0.19509032201612364 0.9807852804032313 0
    outer loop
      vertex -32.582342851480675 1.8266668908495962 -28
      vertex -32.293683932495114 1.7692490619089267 -33
      vertex -32.582342851480675 1.8266668908495962 -33
    endloop
  endfacet
  facet normal 0.06540312923014409 0.9978589232386035 0
    outer loop
      vertex -32.293683932495114 1.7692490619089267 -28
      vertex -32 1.75 -33
      vertex -32.293683932495114 1.7692490619089267 -33
    endloop
  endfacet
  facet normal -0.06540312923014331 0.9978589232386035 0
    outer loop
      vertex -32 1.75 -28
      vertex -31.706316067504883 1.7692490619089267 -33
      vertex -32 1.75 -33
    endloop
  endfacet
  facet normal -0.19509032201612825 0.9807852804032304 0
    outer loop
      vertex -31.706316067504883 1.7692490619089267 -28
      vertex -31.41765714851933 1.8266668908495962 -33
      vertex -31.706316067504883 1.7692490619089267 -33
    endloop
  endfacet
  facet normal -0.32143946530316414 0.9469301294951049 0
    outer loop
      vertex -31.41765714851933 1.8266668908495962 -28
      vertex -31.13896227717855 1.921271051849605 -33
      vertex -31.41765714851933 1.8266668908495962 -33
    endloop
  endfacet
  facet normal 0.4422886902189983 0.8968727415326898 0
    outer loop
      vertex -33.125 2.051442841485013 -28
      vertex -32.86103772282145 1.921271051849605 -33
      vertex -33.125 2.051442841485013 -33
    endloop
  endfacet
  facet normal 0.555570233019605 0.8314696123025435 0
    outer loop
      vertex -33.36971321526962 2.214954984344721 -28
      vertex -33.125 2.051442841485013 -33
      vertex -33.36971321526962 2.214954984344721 -33
    endloop
  endfacet
  facet normal 0.6593458151000676 0.7518398074789785 5.314390861969821e-19
    outer loop
      vertex -33.36971321526962 2.214954984344721 -33
      vertex -33.59099025766973 2.4090097423302677 -33
      vertex -33.59099025766973 2.4090097423302677 -28
    endloop
  endfacet
  facet normal 0.32143946530316775 0.9469301294951035 0
    outer loop
      vertex -32.86103772282145 1.921271051849605 -28
      vertex -32.582342851480675 1.8266668908495962 -33
      vertex -32.86103772282145 1.921271051849605 -33
    endloop
  endfacet
  facet normal -0.4422886902189983 0.8968727415326898 0
    outer loop
      vertex -31.13896227717855 1.921271051849605 -28
      vertex -30.875 2.051442841485013 -33
      vertex -31.13896227717855 1.921271051849605 -33
    endloop
  endfacet
  facet normal -0.555570233019605 0.8314696123025435 0
    outer loop
      vertex -30.875 2.051442841485013 -28
      vertex -30.63028678473038 2.214954984344721 -33
      vertex -30.875 2.051442841485013 -33
    endloop
  endfacet
  facet normal -0.6593458151000676 0.7518398074789785 0
    outer loop
      vertex -30.63028678473038 2.214954984344721 -28
      vertex -30.40900974233027 2.4090097423302677 -33
      vertex -30.63028678473038 2.214954984344721 -33
    endloop
  endfacet
  facet normal -0.7518398074789769 0.6593458151000693 0
    outer loop
      vertex -30.40900974233027 2.4090097423302677 -33
      vertex -30.40900974233027 2.4090097423302677 -28
      vertex -30.214954984344722 2.6302867847303784 -33
    endloop
  endfacet
  facet normal 0.32143946530316775 0.9469301294951035 0
    outer loop
      vertex -32.582342851480675 1.8266668908495962 -28
      vertex -32.582342851480675 1.8266668908495962 -33
      vertex -32.86103772282145 1.921271051849605 -28
    endloop
  endfacet
  facet normal 0.19509032201612364 0.9807852804032313 0
    outer loop
      vertex -32.293683932495114 1.7692490619089267 -28
      vertex -32.293683932495114 1.7692490619089267 -33
      vertex -32.582342851480675 1.8266668908495962 -28
    endloop
  endfacet
  facet normal 0.06540312923014409 0.9978589232386035 0
    outer loop
      vertex -32 1.75 -28
      vertex -32 1.75 -33
      vertex -32.293683932495114 1.7692490619089267 -28
    endloop
  endfacet
  facet normal -0.06540312923014331 0.9978589232386035 0
    outer loop
      vertex -31.706316067504883 1.7692490619089267 -28
      vertex -31.706316067504883 1.7692490619089267 -33
      vertex -32 1.75 -28
    endloop
  endfacet
  facet normal -0.19509032201612825 0.9807852804032304 0
    outer loop
      vertex -31.41765714851933 1.8266668908495962 -28
      vertex -31.41765714851933 1.8266668908495962 -33
      vertex -31.706316067504883 1.7692490619089267 -28
    endloop
  endfacet
  facet normal 0.4422886902189983 0.8968727415326898 0
    outer loop
      vertex -32.86103772282145 1.921271051849605 -28
      vertex -32.86103772282145 1.921271051849605 -33
      vertex -33.125 2.051442841485013 -28
    endloop
  endfacet
  facet normal 0.555570233019605 0.8314696123025435 0
    outer loop
      vertex -33.125 2.051442841485013 -28
      vertex -33.125 2.051442841485013 -33
      vertex -33.36971321526962 2.214954984344721 -28
    endloop
  endfacet
  facet normal 0.7518398074789769 0.6593458151000693 -9.937781332677347e-19
    outer loop
      vertex -33.78504501565528 2.6302867847303784 -28
      vertex -33.59099025766973 2.4090097423302677 -28
      vertex -33.59099025766973 2.4090097423302677 -33
    endloop
  endfacet
  facet normal 0.6593458151000676 0.7518398074789785 0
    outer loop
      vertex -33.36971321526962 2.214954984344721 -28
      vertex -33.36971321526962 2.214954984344721 -33
      vertex -33.59099025766973 2.4090097423302677 -28
    endloop
  endfacet
  facet normal -0.32143946530316414 0.9469301294951049 0
    outer loop
      vertex -31.13896227717855 1.921271051849605 -28
      vertex -31.13896227717855 1.921271051849605 -33
      vertex -31.41765714851933 1.8266668908495962 -28
    endloop
  endfacet
  facet normal -0.4422886902189983 0.8968727415326898 0
    outer loop
      vertex -30.875 2.051442841485013 -28
      vertex -30.875 2.051442841485013 -33
      vertex -31.13896227717855 1.921271051849605 -28
    endloop
  endfacet
  facet normal -0.555570233019605 0.8314696123025435 0
    outer loop
      vertex -30.63028678473038 2.214954984344721 -28
      vertex -30.63028678473038 2.214954984344721 -33
      vertex -30.875 2.051442841485013 -28
    endloop
  endfacet
  facet normal -0.6593458151000676 0.7518398074789785 0
    outer loop
      vertex -30.40900974233027 2.4090097423302677 -28
      vertex -30.40900974233027 2.4090097423302677 -33
      vertex -30.63028678473038 2.214954984344721 -28
    endloop
  endfacet
  facet normal 0.7518398074789769 0.6593458151000693 0
    outer loop
      vertex -33.78504501565528 2.6302867847303784 -28
      vertex -33.59099025766973 2.4090097423302677 -33
      vertex -33.78504501565528 2.6302867847303784 -33
    endloop
  endfacet
  facet normal 0.8314696123025439 0.5555702330196043 0
    outer loop
      vertex -33.94855715851499 2.875 -28
      vertex -33.78504501565528 2.6302867847303784 -33
      vertex -33.94855715851499 2.875 -33
    endloop
  endfacet
  facet normal 0.8968727415326927 0.4422886902189922 0
    outer loop
      vertex -34.07872894815039 3.138962277178548 -28
      vertex -33.94855715851499 2.875 -33
      vertex -34.07872894815039 3.138962277178548 -33
    endloop
  endfacet
  facet normal 0.9469301294951004 0.32143946530317713 0
    outer loop
      vertex -34.173333109150406 3.4176571485193286 -28
      vertex -34.07872894815039 3.138962277178548 -33
      vertex -34.173333109150406 3.4176571485193286 -33
    endloop
  endfacet
  facet normal 0.9807852804032339 0.19509032201611146 0
    outer loop
      vertex -34.23075093809107 3.706316067504884 -28
      vertex -34.173333109150406 3.4176571485193286 -33
      vertex -34.23075093809107 3.706316067504884 -33
    endloop
  endfacet
  facet normal 0.9978589232386028 0.06540312923015412 0
    outer loop
      vertex -34.25 4 -28
      vertex -34.23075093809107 3.706316067504884 -33
      vertex -34.25 4 -33
    endloop
  endfacet
  facet normal 0.9978589232386027 -0.06540312923015401 0
    outer loop
      vertex -34.23075093809107 4.293683932495116 -28
      vertex -34.25 4 -33
      vertex -34.23075093809107 4.293683932495116 -33
    endloop
  endfacet
  facet normal 0.9807852804032337 -0.1950903220161117 0
    outer loop
      vertex -34.173333109150406 4.582342851480671 -28
      vertex -34.23075093809107 4.293683932495116 -33
      vertex -34.173333109150406 4.582342851480671 -33
    endloop
  endfacet
  facet normal 0.9469301294951004 -0.32143946530317713 0
    outer loop
      vertex -34.07872894815039 4.861037722821452 -28
      vertex -34.173333109150406 4.582342851480671 -33
      vertex -34.07872894815039 4.861037722821452 -33
    endloop
  endfacet
  facet normal -0.8314696123025439 0.5555702330196043 0
    outer loop
      vertex -30.214954984344722 2.6302867847303784 -28
      vertex -30.051442841485013 2.875 -33
      vertex -30.214954984344722 2.6302867847303784 -33
    endloop
  endfacet
  facet normal -0.896872741532688 0.4422886902190019 0
    outer loop
      vertex -30.051442841485013 2.875 -33
      vertex -30.051442841485013 2.875 -28
      vertex -29.921271051849605 3.138962277178548 -33
    endloop
  endfacet
  facet normal -0.946930129495104 0.3214394653031663 0
    outer loop
      vertex -29.921271051849605 3.138962277178548 -33
      vertex -29.921271051849605 3.138962277178548 -28
      vertex -29.826666890849594 3.4176571485193286 -33
    endloop
  endfacet
  facet normal -0.9807852804032315 0.19509032201612306 0
    outer loop
      vertex -29.826666890849594 3.4176571485193286 -28
      vertex -29.769249061908926 3.706316067504884 -33
      vertex -29.826666890849594 3.4176571485193286 -33
    endloop
  endfacet
  facet normal -0.9978589232386036 0.0654031292301421 0
    outer loop
      vertex -29.769249061908926 3.706316067504884 -28
      vertex -29.75 4 -33
      vertex -29.769249061908926 3.706316067504884 -33
    endloop
  endfacet
  facet normal -0.9978589232386036 -0.06540312923014201 0
    outer loop
      vertex -29.75 4 -28
      vertex -29.769249061908926 4.293683932495116 -33
      vertex -29.75 4 -33
    endloop
  endfacet
  facet normal -0.9807852804032314 -0.19509032201612334 0
    outer loop
      vertex -29.769249061908926 4.293683932495116 -28
      vertex -29.826666890849594 4.582342851480671 -33
      vertex -29.769249061908926 4.293683932495116 -33
    endloop
  endfacet
  facet normal -0.946930129495104 -0.3214394653031663 0
    outer loop
      vertex -29.826666890849594 4.582342851480671 -33
      vertex -29.826666890849594 4.582342851480671 -28
      vertex -29.921271051849605 4.861037722821452 -33
    endloop
  endfacet
  facet normal -0.896872741532688 -0.4422886902190019 0
    outer loop
      vertex -29.921271051849605 4.861037722821452 -28
      vertex -30.051442841485013 5.125 -33
      vertex -29.921271051849605 4.861037722821452 -33
    endloop
  endfacet
  facet normal 0.8314696123025439 0.5555702330196043 -1.3642718854952212e-18
    outer loop
      vertex -33.94855715851499 2.875 -28
      vertex -33.78504501565528 2.6302867847303784 -28
      vertex -33.78504501565528 2.6302867847303784 -33
    endloop
  endfacet
  facet normal 0.8968727415326927 0.4422886902189922 1.9078739737765106e-18
    outer loop
      vertex -34.07872894815039 3.138962277178548 -28
      vertex -33.94855715851499 2.875 -28
      vertex -33.94855715851499 2.875 -33
    endloop
  endfacet
  facet normal 0.9469301294951004 0.32143946530317713 -1.0818237048869677e-18
    outer loop
      vertex -34.173333109150406 3.4176571485193286 -28
      vertex -34.07872894815039 3.138962277178548 -28
      vertex -34.07872894815039 3.138962277178548 -33
    endloop
  endfacet
  facet normal 0.9807852804032339 0.19509032201611146 -3.5926699898380354e-19
    outer loop
      vertex -34.23075093809107 3.706316067504884 -28
      vertex -34.173333109150406 3.4176571485193286 -28
      vertex -34.173333109150406 3.4176571485193286 -33
    endloop
  endfacet
  facet normal 0.9978589232386028 0.06540312923015412 2.0857864931228866e-19
    outer loop
      vertex -34.25 4 -28
      vertex -34.23075093809107 3.706316067504884 -28
      vertex -34.23075093809107 3.706316067504884 -33
    endloop
  endfacet
  facet normal 0.9978589232386027 -0.06540312923015401 -2.937371206559514e-19
    outer loop
      vertex -34.23075093809107 4.293683932495116 -28
      vertex -34.25 4 -28
      vertex -34.25 4 -33
    endloop
  endfacet
  facet normal 0.9807852804032337 -0.1950903220161117 -4.646892422969347e-19
    outer loop
      vertex -34.173333109150406 4.582342851480671 -28
      vertex -34.23075093809107 4.293683932495116 -28
      vertex -34.23075093809107 4.293683932495116 -33
    endloop
  endfacet
  facet normal 0.9469301294951004 -0.32143946530317713 0
    outer loop
      vertex -34.173333109150406 4.582342851480671 -28
      vertex -34.173333109150406 4.582342851480671 -33
      vertex -34.07872894815039 4.861037722821452 -28
    endloop
  endfacet
  facet normal 0.8968727415326927 -0.4422886902189922 -1.9078739737765106e-18
    outer loop
      vertex -33.94855715851499 5.125 -28
      vertex -34.07872894815039 4.861037722821452 -28
      vertex -34.07872894815039 4.861037722821452 -33
    endloop
  endfacet
  facet normal -0.7518398074789769 0.6593458151000693 9.937781332677347e-19
    outer loop
      vertex -30.40900974233027 2.4090097423302677 -28
      vertex -30.214954984344722 2.6302867847303784 -28
      vertex -30.214954984344722 2.6302867847303784 -33
    endloop
  endfacet
  facet normal -0.8314696123025439 0.5555702330196043 1.3642718854952212e-18
    outer loop
      vertex -30.214954984344722 2.6302867847303784 -28
      vertex -30.051442841485013 2.875 -28
      vertex -30.051442841485013 2.875 -33
    endloop
  endfacet
  facet normal -0.896872741532688 0.4422886902190019 -1.2067754828735314e-18
    outer loop
      vertex -30.051442841485013 2.875 -28
      vertex -29.921271051849605 3.138962277178548 -28
      vertex -29.921271051849605 3.138962277178548 -33
    endloop
  endfacet
  facet normal -0.946930129495104 0.3214394653031663 1.7755143207296175e-19
    outer loop
      vertex -29.921271051849605 3.138962277178548 -28
      vertex -29.826666890849594 3.4176571485193286 -28
      vertex -29.826666890849594 3.4176571485193286 -33
    endloop
  endfacet
  facet normal -0.9807852804032315 0.19509032201612306 -6.1507156004125655e-19
    outer loop
      vertex -29.826666890849594 3.4176571485193286 -28
      vertex -29.769249061908926 3.706316067504884 -28
      vertex -29.769249061908926 3.706316067504884 -33
    endloop
  endfacet
  facet normal -0.9978589232386036 0.0654031292301421 -1.6695877138554451e-19
    outer loop
      vertex -29.769249061908926 3.706316067504884 -28
      vertex -29.75 4 -28
      vertex -29.75 4 -33
    endloop
  endfacet
  facet normal -0.9978589232386036 -0.06540312923014201 2.5211724273027953e-19
    outer loop
      vertex -29.75 4 -28
      vertex -29.769249061908926 4.293683932495116 -28
      vertex -29.769249061908926 4.293683932495116 -33
    endloop
  endfacet
  facet normal -0.9807852804032314 -0.19509032201612334 -9.186215057376605e-19
    outer loop
      vertex -29.769249061908926 4.293683932495116 -28
      vertex -29.826666890849594 4.582342851480671 -28
      vertex -29.826666890849594 4.582342851480671 -33
    endloop
  endfacet
  facet normal -0.946930129495104 -0.3214394653031663 -1.7755143207296175e-19
    outer loop
      vertex -29.826666890849594 4.582342851480671 -28
      vertex -29.921271051849605 4.861037722821452 -28
      vertex -29.921271051849605 4.861037722821452 -33
    endloop
  endfacet
  facet normal 0.8968727415326927 -0.4422886902189922 0
    outer loop
      vertex -33.94855715851499 5.125 -28
      vertex -34.07872894815039 4.861037722821452 -33
      vertex -33.94855715851499 5.125 -33
    endloop
  endfacet
  facet normal 0.8314696123025439 -0.5555702330196043 0
    outer loop
      vertex -33.78504501565528 5.369713215269622 -28
      vertex -33.94855715851499 5.125 -33
      vertex -33.78504501565528 5.369713215269622 -33
    endloop
  endfacet
  facet normal 0.7518398074789769 -0.6593458151000693 0
    outer loop
      vertex -33.59099025766973 5.590990257669732 -28
      vertex -33.78504501565528 5.369713215269622 -33
      vertex -33.59099025766973 5.590990257669732 -33
    endloop
  endfacet
  facet normal 0.6593458151000676 -0.7518398074789785 0
    outer loop
      vertex -33.36971321526962 5.785045015655279 -28
      vertex -33.59099025766973 5.590990257669732 -33
      vertex -33.36971321526962 5.785045015655279 -33
    endloop
  endfacet
  facet normal 0.555570233019605 -0.8314696123025435 0
    outer loop
      vertex -33.125 5.948557158514987 -28
      vertex -33.36971321526962 5.785045015655279 -33
      vertex -33.125 5.948557158514987 -33
    endloop
  endfacet
  facet normal 0.4422886902189995 -0.8968727415326891 0
    outer loop
      vertex -32.86103772282145 6.078728948150395 -28
      vertex -33.125 5.948557158514987 -33
      vertex -32.86103772282145 6.078728948150395 -33
    endloop
  endfacet
  facet normal 0.3214394653031664 -0.9469301294951041 0
    outer loop
      vertex -32.582342851480675 6.173333109150404 -33
      vertex -32.582342851480675 6.173333109150404 -28
      vertex -32.86103772282145 6.078728948150395 -33
    endloop
  endfacet
  facet normal 0.19509032201612508 -0.980785280403231 0
    outer loop
      vertex -32.293683932495114 6.230750938091074 -33
      vertex -32.293683932495114 6.230750938091074 -28
      vertex -32.582342851480675 6.173333109150404 -33
    endloop
  endfacet
  facet normal 0.06540312923014259 -0.9978589232386036 0
    outer loop
      vertex -32 6.25 -33
      vertex -32 6.25 -28
      vertex -32.293683932495114 6.230750938091074 -33
    endloop
  endfacet
  facet normal -0.06540312923014181 -0.9978589232386036 0
    outer loop
      vertex -31.706316067504883 6.230750938091074 -33
      vertex -31.706316067504883 6.230750938091074 -28
      vertex -32 6.25 -33
    endloop
  endfacet
  facet normal -0.19509032201612972 -0.9807852804032301 0
    outer loop
      vertex -31.41765714851933 6.173333109150404 -33
      vertex -31.41765714851933 6.173333109150404 -28
      vertex -31.706316067504883 6.230750938091074 -33
    endloop
  endfacet
  facet normal -0.8314696123025439 -0.5555702330196043 0
    outer loop
      vertex -30.051442841485013 5.125 -28
      vertex -30.214954984344722 5.369713215269622 -33
      vertex -30.051442841485013 5.125 -33
    endloop
  endfacet
  facet normal -0.7518398074789769 -0.6593458151000693 0
    outer loop
      vertex -30.214954984344722 5.369713215269622 -28
      vertex -30.40900974233027 5.590990257669732 -33
      vertex -30.214954984344722 5.369713215269622 -33
    endloop
  endfacet
  facet normal -0.6593458151000676 -0.7518398074789785 0
    outer loop
      vertex -30.40900974233027 5.590990257669732 -33
      vertex -30.40900974233027 5.590990257669732 -28
      vertex -30.63028678473038 5.785045015655279 -33
    endloop
  endfacet
  facet normal -0.555570233019605 -0.8314696123025435 0
    outer loop
      vertex -30.63028678473038 5.785045015655279 -33
      vertex -30.63028678473038 5.785045015655279 -28
      vertex -30.875 5.948557158514987 -33
    endloop
  endfacet
  facet normal -0.4422886902189995 -0.8968727415326891 0
    outer loop
      vertex -30.875 5.948557158514987 -33
      vertex -30.875 5.948557158514987 -28
      vertex -31.13896227717855 6.078728948150395 -33
    endloop
  endfacet
  facet normal -0.32143946530316275 -0.9469301294951052 0
    outer loop
      vertex -31.13896227717855 6.078728948150395 -33
      vertex -31.13896227717855 6.078728948150395 -28
      vertex -31.41765714851933 6.173333109150404 -33
    endloop
  endfacet
  facet normal 0.8314696123025439 -0.5555702330196043 1.3642718854952212e-18
    outer loop
      vertex -33.78504501565528 5.369713215269622 -28
      vertex -33.94855715851499 5.125 -28
      vertex -33.94855715851499 5.125 -33
    endloop
  endfacet
  facet normal 0.7518398074789769 -0.6593458151000693 9.937781332677347e-19
    outer loop
      vertex -33.59099025766973 5.590990257669732 -28
      vertex -33.78504501565528 5.369713215269622 -28
      vertex -33.78504501565528 5.369713215269622 -33
    endloop
  endfacet
  facet normal 0.6593458151000676 -0.7518398074789785 0
    outer loop
      vertex -33.59099025766973 5.590990257669732 -28
      vertex -33.59099025766973 5.590990257669732 -33
      vertex -33.36971321526962 5.785045015655279 -28
    endloop
  endfacet
  facet normal 0.555570233019605 -0.8314696123025435 0
    outer loop
      vertex -33.36971321526962 5.785045015655279 -28
      vertex -33.36971321526962 5.785045015655279 -33
      vertex -33.125 5.948557158514987 -28
    endloop
  endfacet
  facet normal 0.4422886902189995 -0.8968727415326891 0
    outer loop
      vertex -33.125 5.948557158514987 -28
      vertex -33.125 5.948557158514987 -33
      vertex -32.86103772282145 6.078728948150395 -28
    endloop
  endfacet
  facet normal 0.3214394653031664 -0.9469301294951041 0
    outer loop
      vertex -32.86103772282145 6.078728948150395 -28
      vertex -32.86103772282145 6.078728948150395 -33
      vertex -32.582342851480675 6.173333109150404 -28
    endloop
  endfacet
  facet normal 0.19509032201612508 -0.980785280403231 0
    outer loop
      vertex -32.582342851480675 6.173333109150404 -33
      vertex -32.293683932495114 6.230750938091074 -28
      vertex -32.582342851480675 6.173333109150404 -28
    endloop
  endfacet
  facet normal 0.06540312923014259 -0.9978589232386036 0
    outer loop
      vertex -32.293683932495114 6.230750938091074 -33
      vertex -32 6.25 -28
      vertex -32.293683932495114 6.230750938091074 -28
    endloop
  endfacet
  facet normal -0.06540312923014181 -0.9978589232386036 0
    outer loop
      vertex -32 6.25 -33
      vertex -31.706316067504883 6.230750938091074 -28
      vertex -32 6.25 -28
    endloop
  endfacet
  facet normal -0.32143946530316275 -0.9469301294951052 0
    outer loop
      vertex -31.41765714851933 6.173333109150404 -33
      vertex -31.13896227717855 6.078728948150395 -28
      vertex -31.41765714851933 6.173333109150404 -28
    endloop
  endfacet
  facet normal -0.19509032201612972 -0.9807852804032301 0
    outer loop
      vertex -31.706316067504883 6.230750938091074 -33
      vertex -31.41765714851933 6.173333109150404 -28
      vertex -31.706316067504883 6.230750938091074 -28
    endloop
  endfacet
  facet normal -0.896872741532688 -0.4422886902190019 1.2067754828735314e-18
    outer loop
      vertex -29.921271051849605 4.861037722821452 -28
      vertex -30.051442841485013 5.125 -28
      vertex -30.051442841485013 5.125 -33
    endloop
  endfacet
  facet normal -0.8314696123025439 -0.5555702330196043 -1.3642718854952212e-18
    outer loop
      vertex -30.051442841485013 5.125 -28
      vertex -30.214954984344722 5.369713215269622 -28
      vertex -30.214954984344722 5.369713215269622 -33
    endloop
  endfacet
  facet normal -0.7518398074789769 -0.6593458151000693 -9.937781332677347e-19
    outer loop
      vertex -30.214954984344722 5.369713215269622 -28
      vertex -30.40900974233027 5.590990257669732 -28
      vertex -30.40900974233027 5.590990257669732 -33
    endloop
  endfacet
  facet normal -0.6593458151000676 -0.7518398074789785 0
    outer loop
      vertex -30.63028678473038 5.785045015655279 -33
      vertex -30.40900974233027 5.590990257669732 -28
      vertex -30.63028678473038 5.785045015655279 -28
    endloop
  endfacet
  facet normal -0.555570233019605 -0.8314696123025435 0
    outer loop
      vertex -30.875 5.948557158514987 -33
      vertex -30.63028678473038 5.785045015655279 -28
      vertex -30.875 5.948557158514987 -28
    endloop
  endfacet
  facet normal -0.4422886902189995 -0.8968727415326891 0
    outer loop
      vertex -31.13896227717855 6.078728948150395 -33
      vertex -30.875 5.948557158514987 -28
      vertex -31.13896227717855 6.078728948150395 -28
    endloop
  endfacet
  facet normal 0.32143946530316275 0.9469301294951052 0
    outer loop
      vertex 31.13896227717855 -6.078728948150395 -33
      vertex 31.13896227717855 -6.078728948150395 -28
      vertex 31.41765714851933 -6.173333109150404 -33
    endloop
  endfacet
  facet normal 0.4422886902189995 0.8968727415326891 0
    outer loop
      vertex 30.875 -5.948557158514987 -33
      vertex 30.875 -5.948557158514987 -28
      vertex 31.13896227717855 -6.078728948150395 -33
    endloop
  endfacet
  facet normal 0.555570233019605 0.8314696123025435 0
    outer loop
      vertex 30.63028678473038 -5.785045015655279 -33
      vertex 30.63028678473038 -5.785045015655279 -28
      vertex 30.875 -5.948557158514987 -33
    endloop
  endfacet
  facet normal 0.6593458151000676 0.7518398074789785 5.314390861969821e-19
    outer loop
      vertex 30.63028678473038 -5.785045015655279 -33
      vertex 30.40900974233027 -5.590990257669732 -33
      vertex 30.40900974233027 -5.590990257669732 -28
    endloop
  endfacet
  facet normal 0.7518398074789769 0.6593458151000693 -9.937781332677347e-19
    outer loop
      vertex 30.40900974233027 -5.590990257669732 -33
      vertex 30.214954984344722 -5.369713215269622 -33
      vertex 30.214954984344722 -5.369713215269622 -28
    endloop
  endfacet
  facet normal 0.8314696123025439 0.5555702330196043 -1.3642718854952212e-18
    outer loop
      vertex 30.214954984344722 -5.369713215269622 -33
      vertex 30.051442841485013 -5.125 -33
      vertex 30.051442841485013 -5.125 -28
    endloop
  endfacet
  facet normal 0.19509032201612972 0.9807852804032301 0
    outer loop
      vertex 31.41765714851933 -6.173333109150404 -33
      vertex 31.41765714851933 -6.173333109150404 -28
      vertex 31.706316067504883 -6.230750938091074 -33
    endloop
  endfacet
  facet normal 0.06540312923014181 0.9978589232386036 0
    outer loop
      vertex 31.706316067504883 -6.230750938091074 -33
      vertex 31.706316067504883 -6.230750938091074 -28
      vertex 32 -6.25 -33
    endloop
  endfacet
  facet normal -0.06540312923014259 0.9978589232386036 0
    outer loop
      vertex 32 -6.25 -33
      vertex 32 -6.25 -28
      vertex 32.293683932495114 -6.230750938091074 -33
    endloop
  endfacet
  facet normal -0.19509032201612508 0.980785280403231 0
    outer loop
      vertex 32.293683932495114 -6.230750938091074 -33
      vertex 32.293683932495114 -6.230750938091074 -28
      vertex 32.582342851480675 -6.173333109150404 -33
    endloop
  endfacet
  facet normal -0.3214394653031664 0.9469301294951041 0
    outer loop
      vertex 32.582342851480675 -6.173333109150404 -33
      vertex 32.582342851480675 -6.173333109150404 -28
      vertex 32.86103772282145 -6.078728948150395 -33
    endloop
  endfacet
  facet normal -0.4422886902189995 0.8968727415326891 0
    outer loop
      vertex 32.86103772282145 -6.078728948150395 -33
      vertex 32.86103772282145 -6.078728948150395 -28
      vertex 33.125 -5.948557158514987 -33
    endloop
  endfacet
  facet normal -0.555570233019605 0.8314696123025435 0
    outer loop
      vertex 33.125 -5.948557158514987 -33
      vertex 33.125 -5.948557158514987 -28
      vertex 33.36971321526962 -5.785045015655279 -33
    endloop
  endfacet
  facet normal -0.6593458151000676 0.7518398074789785 0
    outer loop
      vertex 33.36971321526962 -5.785045015655279 -33
      vertex 33.36971321526962 -5.785045015655279 -28
      vertex 33.59099025766973 -5.590990257669732 -33
    endloop
  endfacet
  facet normal -0.7518398074789769 0.6593458151000693 0
    outer loop
      vertex 33.59099025766973 -5.590990257669732 -33
      vertex 33.59099025766973 -5.590990257669732 -28
      vertex 33.78504501565528 -5.369713215269622 -33
    endloop
  endfacet
  facet normal -0.8314696123025439 0.5555702330196043 1.3642718854952212e-18
    outer loop
      vertex 33.94855715851499 -5.125 -33
      vertex 33.78504501565528 -5.369713215269622 -33
      vertex 33.78504501565528 -5.369713215269622 -28
    endloop
  endfacet
  facet normal -0.8968727415326927 0.4422886902189922 -1.9078739737765106e-18
    outer loop
      vertex 34.07872894815039 -4.861037722821452 -33
      vertex 33.94855715851499 -5.125 -33
      vertex 33.94855715851499 -5.125 -28
    endloop
  endfacet
  facet normal 0.4422886902189995 0.8968727415326891 0
    outer loop
      vertex 31.13896227717855 -6.078728948150395 -33
      vertex 30.875 -5.948557158514987 -28
      vertex 31.13896227717855 -6.078728948150395 -28
    endloop
  endfacet
  facet normal 0.555570233019605 0.8314696123025435 0
    outer loop
      vertex 30.875 -5.948557158514987 -33
      vertex 30.63028678473038 -5.785045015655279 -28
      vertex 30.875 -5.948557158514987 -28
    endloop
  endfacet
  facet normal 0.6593458151000676 0.7518398074789785 0
    outer loop
      vertex 30.63028678473038 -5.785045015655279 -33
      vertex 30.40900974233027 -5.590990257669732 -28
      vertex 30.63028678473038 -5.785045015655279 -28
    endloop
  endfacet
  facet normal 0.7518398074789769 0.6593458151000693 0
    outer loop
      vertex 30.40900974233027 -5.590990257669732 -33
      vertex 30.214954984344722 -5.369713215269622 -28
      vertex 30.40900974233027 -5.590990257669732 -28
    endloop
  endfacet
  facet normal 0.8314696123025439 0.5555702330196043 0
    outer loop
      vertex 30.214954984344722 -5.369713215269622 -33
      vertex 30.051442841485013 -5.125 -28
      vertex 30.214954984344722 -5.369713215269622 -28
    endloop
  endfacet
  facet normal 0.896872741532688 0.4422886902190019 0
    outer loop
      vertex 30.051442841485013 -5.125 -33
      vertex 29.921271051849605 -4.861037722821452 -28
      vertex 30.051442841485013 -5.125 -28
    endloop
  endfacet
  facet normal 0.19509032201612972 0.9807852804032301 0
    outer loop
      vertex 31.706316067504883 -6.230750938091074 -33
      vertex 31.41765714851933 -6.173333109150404 -28
      vertex 31.706316067504883 -6.230750938091074 -28
    endloop
  endfacet
  facet normal 0.32143946530316275 0.9469301294951052 0
    outer loop
      vertex 31.41765714851933 -6.173333109150404 -33
      vertex 31.13896227717855 -6.078728948150395 -28
      vertex 31.41765714851933 -6.173333109150404 -28
    endloop
  endfacet
  facet normal 0.06540312923014181 0.9978589232386036 0
    outer loop
      vertex 32 -6.25 -33
      vertex 31.706316067504883 -6.230750938091074 -28
      vertex 32 -6.25 -28
    endloop
  endfacet
  facet normal -0.06540312923014259 0.9978589232386036 0
    outer loop
      vertex 32.293683932495114 -6.230750938091074 -33
      vertex 32 -6.25 -28
      vertex 32.293683932495114 -6.230750938091074 -28
    endloop
  endfacet
  facet normal -0.19509032201612508 0.980785280403231 0
    outer loop
      vertex 32.582342851480675 -6.173333109150404 -33
      vertex 32.293683932495114 -6.230750938091074 -28
      vertex 32.582342851480675 -6.173333109150404 -28
    endloop
  endfacet
  facet normal -0.3214394653031664 0.9469301294951041 0
    outer loop
      vertex 32.86103772282145 -6.078728948150395 -33
      vertex 32.582342851480675 -6.173333109150404 -28
      vertex 32.86103772282145 -6.078728948150395 -28
    endloop
  endfacet
  facet normal -0.4422886902189995 0.8968727415326891 0
    outer loop
      vertex 33.125 -5.948557158514987 -33
      vertex 32.86103772282145 -6.078728948150395 -28
      vertex 33.125 -5.948557158514987 -28
    endloop
  endfacet
  facet normal -0.555570233019605 0.8314696123025435 0
    outer loop
      vertex 33.36971321526962 -5.785045015655279 -33
      vertex 33.125 -5.948557158514987 -28
      vertex 33.36971321526962 -5.785045015655279 -28
    endloop
  endfacet
  facet normal -0.6593458151000676 0.7518398074789785 0
    outer loop
      vertex 33.59099025766973 -5.590990257669732 -33
      vertex 33.36971321526962 -5.785045015655279 -28
      vertex 33.59099025766973 -5.590990257669732 -28
    endloop
  endfacet
  facet normal -0.7518398074789769 0.6593458151000693 0
    outer loop
      vertex 33.78504501565528 -5.369713215269622 -33
      vertex 33.59099025766973 -5.590990257669732 -28
      vertex 33.78504501565528 -5.369713215269622 -28
    endloop
  endfacet
  facet normal -0.8314696123025439 0.5555702330196043 0
    outer loop
      vertex 33.94855715851499 -5.125 -33
      vertex 33.78504501565528 -5.369713215269622 -28
      vertex 33.94855715851499 -5.125 -28
    endloop
  endfacet
  facet normal 0.896872741532688 0.4422886902190019 1.2067754828735314e-18
    outer loop
      vertex 30.051442841485013 -5.125 -33
      vertex 29.921271051849605 -4.861037722821452 -33
      vertex 29.921271051849605 -4.861037722821452 -28
    endloop
  endfacet
  facet normal 0.946930129495104 0.3214394653031663 -1.7755143207296175e-19
    outer loop
      vertex 29.921271051849605 -4.861037722821452 -33
      vertex 29.826666890849594 -4.582342851480671 -33
      vertex 29.826666890849594 -4.582342851480671 -28
    endloop
  endfacet
  facet normal 0.9807852804032314 0.19509032201612334 -9.186215057376605e-19
    outer loop
      vertex 29.826666890849594 -4.582342851480671 -33
      vertex 29.769249061908926 -4.293683932495116 -33
      vertex 29.769249061908926 -4.293683932495116 -28
    endloop
  endfacet
  facet normal 0.9978589232386036 0.06540312923014201 2.5211724273027953e-19
    outer loop
      vertex 29.769249061908926 -4.293683932495116 -33
      vertex 29.75 -4 -33
      vertex 29.75 -4 -28
    endloop
  endfacet
  facet normal 0.9978589232386036 -0.0654031292301421 -1.6695877138554451e-19
    outer loop
      vertex 29.75 -4 -33
      vertex 29.769249061908926 -3.706316067504884 -33
      vertex 29.769249061908926 -3.706316067504884 -28
    endloop
  endfacet
  facet normal 0.9807852804032315 -0.19509032201612306 -6.1507156004125655e-19
    outer loop
      vertex 29.769249061908926 -3.706316067504884 -33
      vertex 29.826666890849594 -3.4176571485193286 -33
      vertex 29.826666890849594 -3.4176571485193286 -28
    endloop
  endfacet
  facet normal 0.946930129495104 -0.3214394653031663 1.7755143207296175e-19
    outer loop
      vertex 29.826666890849594 -3.4176571485193286 -33
      vertex 29.921271051849605 -3.138962277178548 -33
      vertex 29.921271051849605 -3.138962277178548 -28
    endloop
  endfacet
  facet normal 0.896872741532688 -0.4422886902190019 -1.2067754828735314e-18
    outer loop
      vertex 29.921271051849605 -3.138962277178548 -33
      vertex 30.051442841485013 -2.875 -33
      vertex 30.051442841485013 -2.875 -28
    endloop
  endfacet
  facet normal 0.8314696123025439 -0.5555702330196043 1.3642718854952212e-18
    outer loop
      vertex 30.051442841485013 -2.875 -33
      vertex 30.214954984344722 -2.6302867847303784 -33
      vertex 30.214954984344722 -2.6302867847303784 -28
    endloop
  endfacet
  facet normal -0.9469301294951004 0.32143946530317713 0
    outer loop
      vertex 34.07872894815039 -4.861037722821452 -33
      vertex 34.07872894815039 -4.861037722821452 -28
      vertex 34.173333109150406 -4.582342851480671 -33
    endloop
  endfacet
  facet normal -0.9807852804032337 0.1950903220161117 -4.646892422969347e-19
    outer loop
      vertex 34.23075093809107 -4.293683932495116 -33
      vertex 34.173333109150406 -4.582342851480671 -33
      vertex 34.173333109150406 -4.582342851480671 -28
    endloop
  endfacet
  facet normal -0.9978589232386027 0.06540312923015401 -2.937371206559514e-19
    outer loop
      vertex 34.25 -4 -33
      vertex 34.23075093809107 -4.293683932495116 -33
      vertex 34.23075093809107 -4.293683932495116 -28
    endloop
  endfacet
  facet normal -0.9978589232386028 -0.06540312923015412 2.0857864931228866e-19
    outer loop
      vertex 34.23075093809107 -3.706316067504884 -33
      vertex 34.25 -4 -33
      vertex 34.25 -4 -28
    endloop
  endfacet
  facet normal -0.9807852804032339 -0.19509032201611146 -3.5926699898380354e-19
    outer loop
      vertex 34.173333109150406 -3.4176571485193286 -33
      vertex 34.23075093809107 -3.706316067504884 -33
      vertex 34.23075093809107 -3.706316067504884 -28
    endloop
  endfacet
  facet normal -0.9469301294951004 -0.32143946530317713 -1.0818237048869677e-18
    outer loop
      vertex 34.07872894815039 -3.138962277178548 -33
      vertex 34.173333109150406 -3.4176571485193286 -33
      vertex 34.173333109150406 -3.4176571485193286 -28
    endloop
  endfacet
  facet normal -0.8968727415326927 -0.4422886902189922 0
    outer loop
      vertex 34.07872894815039 -3.138962277178548 -33
      vertex 34.07872894815039 -3.138962277178548 -28
      vertex 33.94855715851499 -2.875 -33
    endloop
  endfacet
  facet normal -0.8314696123025439 -0.5555702330196043 -1.3642718854952212e-18
    outer loop
      vertex 33.78504501565528 -2.6302867847303784 -33
      vertex 33.94855715851499 -2.875 -33
      vertex 33.94855715851499 -2.875 -28
    endloop
  endfacet
  facet normal -0.7518398074789769 -0.6593458151000693 -9.937781332677347e-19
    outer loop
      vertex 33.59099025766973 -2.4090097423302677 -33
      vertex 33.78504501565528 -2.6302867847303784 -33
      vertex 33.78504501565528 -2.6302867847303784 -28
    endloop
  endfacet
  facet normal 0.946930129495104 0.3214394653031663 0
    outer loop
      vertex 29.921271051849605 -4.861037722821452 -28
      vertex 29.921271051849605 -4.861037722821452 -33
      vertex 29.826666890849594 -4.582342851480671 -28
    endloop
  endfacet
  facet normal 0.9807852804032314 0.19509032201612334 0
    outer loop
      vertex 29.826666890849594 -4.582342851480671 -33
      vertex 29.769249061908926 -4.293683932495116 -28
      vertex 29.826666890849594 -4.582342851480671 -28
    endloop
  endfacet
  facet normal 0.9978589232386036 0.06540312923014201 0
    outer loop
      vertex 29.769249061908926 -4.293683932495116 -33
      vertex 29.75 -4 -28
      vertex 29.769249061908926 -4.293683932495116 -28
    endloop
  endfacet
  facet normal 0.9978589232386036 -0.0654031292301421 0
    outer loop
      vertex 29.75 -4 -33
      vertex 29.769249061908926 -3.706316067504884 -28
      vertex 29.75 -4 -28
    endloop
  endfacet
  facet normal 0.9807852804032315 -0.19509032201612306 0
    outer loop
      vertex 29.769249061908926 -3.706316067504884 -33
      vertex 29.826666890849594 -3.4176571485193286 -28
      vertex 29.769249061908926 -3.706316067504884 -28
    endloop
  endfacet
  facet normal 0.946930129495104 -0.3214394653031663 0
    outer loop
      vertex 29.826666890849594 -3.4176571485193286 -33
      vertex 29.921271051849605 -3.138962277178548 -28
      vertex 29.826666890849594 -3.4176571485193286 -28
    endloop
  endfacet
  facet normal 0.896872741532688 -0.4422886902190019 0
    outer loop
      vertex 29.921271051849605 -3.138962277178548 -33
      vertex 30.051442841485013 -2.875 -28
      vertex 29.921271051849605 -3.138962277178548 -28
    endloop
  endfacet
  facet normal 0.8314696123025439 -0.5555702330196043 0
    outer loop
      vertex 30.051442841485013 -2.875 -33
      vertex 30.214954984344722 -2.6302867847303784 -28
      vertex 30.051442841485013 -2.875 -28
    endloop
  endfacet
  facet normal 0.7518398074789769 -0.6593458151000693 0
    outer loop
      vertex 30.214954984344722 -2.6302867847303784 -33
      vertex 30.40900974233027 -2.4090097423302677 -28
      vertex 30.214954984344722 -2.6302867847303784 -28
    endloop
  endfacet
  facet normal -0.8968727415326927 0.4422886902189922 0
    outer loop
      vertex 34.07872894815039 -4.861037722821452 -33
      vertex 33.94855715851499 -5.125 -28
      vertex 34.07872894815039 -4.861037722821452 -28
    endloop
  endfacet
  facet normal -0.9469301294951004 0.32143946530317713 0
    outer loop
      vertex 34.173333109150406 -4.582342851480671 -33
      vertex 34.07872894815039 -4.861037722821452 -28
      vertex 34.173333109150406 -4.582342851480671 -28
    endloop
  endfacet
  facet normal -0.9807852804032337 0.1950903220161117 0
    outer loop
      vertex 34.23075093809107 -4.293683932495116 -33
      vertex 34.173333109150406 -4.582342851480671 -28
      vertex 34.23075093809107 -4.293683932495116 -28
    endloop
  endfacet
  facet normal -0.9978589232386027 0.06540312923015401 0
    outer loop
      vertex 34.25 -4 -33
      vertex 34.23075093809107 -4.293683932495116 -28
      vertex 34.25 -4 -28
    endloop
  endfacet
  facet normal -0.9978589232386028 -0.06540312923015412 0
    outer loop
      vertex 34.23075093809107 -3.706316067504884 -33
      vertex 34.25 -4 -28
      vertex 34.23075093809107 -3.706316067504884 -28
    endloop
  endfacet
  facet normal -0.9807852804032339 -0.19509032201611146 0
    outer loop
      vertex 34.173333109150406 -3.4176571485193286 -33
      vertex 34.23075093809107 -3.706316067504884 -28
      vertex 34.173333109150406 -3.4176571485193286 -28
    endloop
  endfacet
  facet normal -0.9469301294951004 -0.32143946530317713 0
    outer loop
      vertex 34.07872894815039 -3.138962277178548 -33
      vertex 34.173333109150406 -3.4176571485193286 -28
      vertex 34.07872894815039 -3.138962277178548 -28
    endloop
  endfacet
  facet normal -0.8968727415326927 -0.4422886902189922 0
    outer loop
      vertex 33.94855715851499 -2.875 -33
      vertex 34.07872894815039 -3.138962277178548 -28
      vertex 33.94855715851499 -2.875 -28
    endloop
  endfacet
  facet normal -0.8314696123025439 -0.5555702330196043 0
    outer loop
      vertex 33.78504501565528 -2.6302867847303784 -33
      vertex 33.94855715851499 -2.875 -28
      vertex 33.78504501565528 -2.6302867847303784 -28
    endloop
  endfacet
  facet normal 0.7518398074789769 -0.6593458151000693 9.937781332677347e-19
    outer loop
      vertex 30.214954984344722 -2.6302867847303784 -33
      vertex 30.40900974233027 -2.4090097423302677 -33
      vertex 30.40900974233027 -2.4090097423302677 -28
    endloop
  endfacet
  facet normal 0.6593458151000676 -0.7518398074789785 0
    outer loop
      vertex 30.63028678473038 -2.214954984344721 -33
      vertex 30.63028678473038 -2.214954984344721 -28
      vertex 30.40900974233027 -2.4090097423302677 -33
    endloop
  endfacet
  facet normal 0.555570233019605 -0.8314696123025435 0
    outer loop
      vertex 30.875 -2.051442841485013 -33
      vertex 30.875 -2.051442841485013 -28
      vertex 30.63028678473038 -2.214954984344721 -33
    endloop
  endfacet
  facet normal 0.4422886902189983 -0.8968727415326898 0
    outer loop
      vertex 31.13896227717855 -1.921271051849605 -33
      vertex 31.13896227717855 -1.921271051849605 -28
      vertex 30.875 -2.051442841485013 -33
    endloop
  endfacet
  facet normal -0.32143946530316775 -0.9469301294951035 0
    outer loop
      vertex 32.86103772282145 -1.921271051849605 -33
      vertex 32.86103772282145 -1.921271051849605 -28
      vertex 32.582342851480675 -1.8266668908495962 -33
    endloop
  endfacet
  facet normal -0.6593458151000676 -0.7518398074789785 0
    outer loop
      vertex 33.59099025766973 -2.4090097423302677 -33
      vertex 33.59099025766973 -2.4090097423302677 -28
      vertex 33.36971321526962 -2.214954984344721 -33
    endloop
  endfacet
  facet normal -0.555570233019605 -0.8314696123025435 0
    outer loop
      vertex 33.36971321526962 -2.214954984344721 -33
      vertex 33.36971321526962 -2.214954984344721 -28
      vertex 33.125 -2.051442841485013 -33
    endloop
  endfacet
  facet normal -0.4422886902189983 -0.8968727415326898 0
    outer loop
      vertex 33.125 -2.051442841485013 -33
      vertex 33.125 -2.051442841485013 -28
      vertex 32.86103772282145 -1.921271051849605 -33
    endloop
  endfacet
  facet normal 0.32143946530316414 -0.9469301294951049 0
    outer loop
      vertex 31.41765714851933 -1.8266668908495962 -33
      vertex 31.41765714851933 -1.8266668908495962 -28
      vertex 31.13896227717855 -1.921271051849605 -33
    endloop
  endfacet
  facet normal 0.19509032201612825 -0.9807852804032304 0
    outer loop
      vertex 31.706316067504883 -1.7692490619089267 -33
      vertex 31.706316067504883 -1.7692490619089267 -28
      vertex 31.41765714851933 -1.8266668908495962 -33
    endloop
  endfacet
  facet normal 0.06540312923014331 -0.9978589232386035 0
    outer loop
      vertex 32 -1.75 -33
      vertex 32 -1.75 -28
      vertex 31.706316067504883 -1.7692490619089267 -33
    endloop
  endfacet
  facet normal -0.06540312923014409 -0.9978589232386035 0
    outer loop
      vertex 32.293683932495114 -1.7692490619089267 -33
      vertex 32.293683932495114 -1.7692490619089267 -28
      vertex 32 -1.75 -33
    endloop
  endfacet
  facet normal -0.19509032201612364 -0.9807852804032313 0
    outer loop
      vertex 32.582342851480675 -1.8266668908495962 -33
      vertex 32.582342851480675 -1.8266668908495962 -28
      vertex 32.293683932495114 -1.7692490619089267 -33
    endloop
  endfacet
  facet normal 0.6593458151000676 -0.7518398074789785 0
    outer loop
      vertex 30.40900974233027 -2.4090097423302677 -33
      vertex 30.63028678473038 -2.214954984344721 -28
      vertex 30.40900974233027 -2.4090097423302677 -28
    endloop
  endfacet
  facet normal 0.555570233019605 -0.8314696123025435 0
    outer loop
      vertex 30.63028678473038 -2.214954984344721 -33
      vertex 30.875 -2.051442841485013 -28
      vertex 30.63028678473038 -2.214954984344721 -28
    endloop
  endfacet
  facet normal 0.4422886902189983 -0.8968727415326898 0
    outer loop
      vertex 30.875 -2.051442841485013 -33
      vertex 31.13896227717855 -1.921271051849605 -28
      vertex 30.875 -2.051442841485013 -28
    endloop
  endfacet
  facet normal 0.32143946530316414 -0.9469301294951049 0
    outer loop
      vertex 31.13896227717855 -1.921271051849605 -33
      vertex 31.41765714851933 -1.8266668908495962 -28
      vertex 31.13896227717855 -1.921271051849605 -28
    endloop
  endfacet
  facet normal -0.6593458151000676 -0.7518398074789785 0
    outer loop
      vertex 33.36971321526962 -2.214954984344721 -33
      vertex 33.59099025766973 -2.4090097423302677 -28
      vertex 33.36971321526962 -2.214954984344721 -28
    endloop
  endfacet
  facet normal -0.7518398074789769 -0.6593458151000693 0
    outer loop
      vertex 33.59099025766973 -2.4090097423302677 -33
      vertex 33.78504501565528 -2.6302867847303784 -28
      vertex 33.59099025766973 -2.4090097423302677 -28
    endloop
  endfacet
  facet normal -0.555570233019605 -0.8314696123025435 0
    outer loop
      vertex 33.125 -2.051442841485013 -33
      vertex 33.36971321526962 -2.214954984344721 -28
      vertex 33.125 -2.051442841485013 -28
    endloop
  endfacet
  facet normal -0.4422886902189983 -0.8968727415326898 0
    outer loop
      vertex 32.86103772282145 -1.921271051849605 -33
      vertex 33.125 -2.051442841485013 -28
      vertex 32.86103772282145 -1.921271051849605 -28
    endloop
  endfacet
  facet normal 0.19509032201612825 -0.9807852804032304 0
    outer loop
      vertex 31.41765714851933 -1.8266668908495962 -33
      vertex 31.706316067504883 -1.7692490619089267 -28
      vertex 31.41765714851933 -1.8266668908495962 -28
    endloop
  endfacet
  facet normal 0.06540312923014331 -0.9978589232386035 0
    outer loop
      vertex 31.706316067504883 -1.7692490619089267 -33
      vertex 32 -1.75 -28
      vertex 31.706316067504883 -1.7692490619089267 -28
    endloop
  endfacet
  facet normal -0.06540312923014409 -0.9978589232386035 0
    outer loop
      vertex 32 -1.75 -33
      vertex 32.293683932495114 -1.7692490619089267 -28
      vertex 32 -1.75 -28
    endloop
  endfacet
  facet normal -0.19509032201612364 -0.9807852804032313 0
    outer loop
      vertex 32.293683932495114 -1.7692490619089267 -33
      vertex 32.582342851480675 -1.8266668908495962 -28
      vertex 32.293683932495114 -1.7692490619089267 -28
    endloop
  endfacet
  facet normal -0.32143946530316775 -0.9469301294951035 0
    outer loop
      vertex 32.582342851480675 -1.8266668908495962 -33
      vertex 32.86103772282145 -1.921271051849605 -28
      vertex 32.582342851480675 -1.8266668908495962 -28
    endloop
  endfacet
  facet normal 0.32143946530316414 0.9469301294951049 0
    outer loop
      vertex 31.13896227717855 1.921271051849605 -33
      vertex 31.13896227717855 1.921271051849605 -28
      vertex 31.41765714851933 1.8266668908495962 -33
    endloop
  endfacet
  facet normal 0.4422886902189983 0.8968727415326898 0
    outer loop
      vertex 30.875 2.051442841485013 -33
      vertex 30.875 2.051442841485013 -28
      vertex 31.13896227717855 1.921271051849605 -33
    endloop
  endfacet
  facet normal 0.555570233019605 0.8314696123025435 0
    outer loop
      vertex 30.63028678473038 2.214954984344721 -33
      vertex 30.63028678473038 2.214954984344721 -28
      vertex 30.875 2.051442841485013 -33
    endloop
  endfacet
  facet normal 0.6593458151000676 0.7518398074789785 5.314390861969821e-19
    outer loop
      vertex 30.63028678473038 2.214954984344721 -33
      vertex 30.40900974233027 2.4090097423302677 -33
      vertex 30.40900974233027 2.4090097423302677 -28
    endloop
  endfacet
  facet normal 0.19509032201612825 0.9807852804032304 0
    outer loop
      vertex 31.41765714851933 1.8266668908495962 -33
      vertex 31.41765714851933 1.8266668908495962 -28
      vertex 31.706316067504883 1.7692490619089267 -33
    endloop
  endfacet
  facet normal 0.06540312923014331 0.9978589232386035 0
    outer loop
      vertex 31.706316067504883 1.7692490619089267 -33
      vertex 31.706316067504883 1.7692490619089267 -28
      vertex 32 1.75 -33
    endloop
  endfacet
  facet normal -0.06540312923014409 0.9978589232386035 0
    outer loop
      vertex 32 1.75 -33
      vertex 32 1.75 -28
      vertex 32.293683932495114 1.7692490619089267 -33
    endloop
  endfacet
  facet normal -0.19509032201612364 0.9807852804032313 0
    outer loop
      vertex 32.293683932495114 1.7692490619089267 -33
      vertex 32.293683932495114 1.7692490619089267 -28
      vertex 32.582342851480675 1.8266668908495962 -33
    endloop
  endfacet
  facet normal -0.32143946530316775 0.9469301294951035 0
    outer loop
      vertex 32.582342851480675 1.8266668908495962 -33
      vertex 32.582342851480675 1.8266668908495962 -28
      vertex 32.86103772282145 1.921271051849605 -33
    endloop
  endfacet
  facet normal -0.4422886902189983 0.8968727415326898 0
    outer loop
      vertex 32.86103772282145 1.921271051849605 -33
      vertex 32.86103772282145 1.921271051849605 -28
      vertex 33.125 2.051442841485013 -33
    endloop
  endfacet
  facet normal -0.555570233019605 0.8314696123025435 0
    outer loop
      vertex 33.125 2.051442841485013 -33
      vertex 33.125 2.051442841485013 -28
      vertex 33.36971321526962 2.214954984344721 -33
    endloop
  endfacet
  facet normal -0.6593458151000676 0.7518398074789785 0
    outer loop
      vertex 33.36971321526962 2.214954984344721 -33
      vertex 33.36971321526962 2.214954984344721 -28
      vertex 33.59099025766973 2.4090097423302677 -33
    endloop
  endfacet
  facet normal -0.7518398074789769 0.6593458151000693 0
    outer loop
      vertex 33.59099025766973 2.4090097423302677 -33
      vertex 33.59099025766973 2.4090097423302677 -28
      vertex 33.78504501565528 2.6302867847303784 -33
    endloop
  endfacet
  facet normal 0.4422886902189983 0.8968727415326898 0
    outer loop
      vertex 31.13896227717855 1.921271051849605 -33
      vertex 30.875 2.051442841485013 -28
      vertex 31.13896227717855 1.921271051849605 -28
    endloop
  endfacet
  facet normal 0.555570233019605 0.8314696123025435 0
    outer loop
      vertex 30.875 2.051442841485013 -33
      vertex 30.63028678473038 2.214954984344721 -28
      vertex 30.875 2.051442841485013 -28
    endloop
  endfacet
  facet normal 0.7518398074789769 0.6593458151000693 0
    outer loop
      vertex 30.40900974233027 2.4090097423302677 -33
      vertex 30.214954984344722 2.6302867847303784 -28
      vertex 30.40900974233027 2.4090097423302677 -28
    endloop
  endfacet
  facet normal 0.6593458151000676 0.7518398074789785 0
    outer loop
      vertex 30.63028678473038 2.214954984344721 -33
      vertex 30.40900974233027 2.4090097423302677 -28
      vertex 30.63028678473038 2.214954984344721 -28
    endloop
  endfacet
  facet normal 0.19509032201612825 0.9807852804032304 0
    outer loop
      vertex 31.706316067504883 1.7692490619089267 -33
      vertex 31.41765714851933 1.8266668908495962 -28
      vertex 31.706316067504883 1.7692490619089267 -28
    endloop
  endfacet
  facet normal 0.32143946530316414 0.9469301294951049 0
    outer loop
      vertex 31.41765714851933 1.8266668908495962 -33
      vertex 31.13896227717855 1.921271051849605 -28
      vertex 31.41765714851933 1.8266668908495962 -28
    endloop
  endfacet
  facet normal 0.06540312923014331 0.9978589232386035 0
    outer loop
      vertex 32 1.75 -33
      vertex 31.706316067504883 1.7692490619089267 -28
      vertex 32 1.75 -28
    endloop
  endfacet
  facet normal -0.06540312923014409 0.9978589232386035 0
    outer loop
      vertex 32.293683932495114 1.7692490619089267 -33
      vertex 32 1.75 -28
      vertex 32.293683932495114 1.7692490619089267 -28
    endloop
  endfacet
  facet normal -0.19509032201612364 0.9807852804032313 0
    outer loop
      vertex 32.582342851480675 1.8266668908495962 -33
      vertex 32.293683932495114 1.7692490619089267 -28
      vertex 32.582342851480675 1.8266668908495962 -28
    endloop
  endfacet
  facet normal -0.32143946530316775 0.9469301294951035 0
    outer loop
      vertex 32.86103772282145 1.921271051849605 -33
      vertex 32.582342851480675 1.8266668908495962 -28
      vertex 32.86103772282145 1.921271051849605 -28
    endloop
  endfacet
  facet normal -0.4422886902189983 0.8968727415326898 0
    outer loop
      vertex 33.125 2.051442841485013 -33
      vertex 32.86103772282145 1.921271051849605 -28
      vertex 33.125 2.051442841485013 -28
    endloop
  endfacet
  facet normal -0.555570233019605 0.8314696123025435 0
    outer loop
      vertex 33.36971321526962 2.214954984344721 -33
      vertex 33.125 2.051442841485013 -28
      vertex 33.36971321526962 2.214954984344721 -28
    endloop
  endfacet
  facet normal -0.6593458151000676 0.7518398074789785 0
    outer loop
      vertex 33.59099025766973 2.4090097423302677 -33
      vertex 33.36971321526962 2.214954984344721 -28
      vertex 33.59099025766973 2.4090097423302677 -28
    endloop
  endfacet
  facet normal 0.7518398074789769 0.6593458151000693 -9.937781332677347e-19
    outer loop
      vertex 30.40900974233027 2.4090097423302677 -33
      vertex 30.214954984344722 2.6302867847303784 -33
      vertex 30.214954984344722 2.6302867847303784 -28
    endloop
  endfacet
  facet normal 0.8314696123025439 0.5555702330196043 -1.3642718854952212e-18
    outer loop
      vertex 30.214954984344722 2.6302867847303784 -33
      vertex 30.051442841485013 2.875 -33
      vertex 30.051442841485013 2.875 -28
    endloop
  endfacet
  facet normal 0.896872741532688 0.4422886902190019 1.2067754828735314e-18
    outer loop
      vertex 30.051442841485013 2.875 -33
      vertex 29.921271051849605 3.138962277178548 -33
      vertex 29.921271051849605 3.138962277178548 -28
    endloop
  endfacet
  facet normal 0.946930129495104 0.3214394653031663 -1.7755143207296175e-19
    outer loop
      vertex 29.921271051849605 3.138962277178548 -33
      vertex 29.826666890849594 3.4176571485193286 -33
      vertex 29.826666890849594 3.4176571485193286 -28
    endloop
  endfacet
  facet normal 0.9807852804032315 0.19509032201612306 6.1507156004125655e-19
    outer loop
      vertex 29.826666890849594 3.4176571485193286 -33
      vertex 29.769249061908926 3.706316067504884 -33
      vertex 29.769249061908926 3.706316067504884 -28
    endloop
  endfacet
  facet normal 0.9978589232386036 0.0654031292301421 1.6695877138554451e-19
    outer loop
      vertex 29.769249061908926 3.706316067504884 -33
      vertex 29.75 4 -33
      vertex 29.75 4 -28
    endloop
  endfacet
  facet normal 0.9978589232386036 -0.06540312923014201 -2.5211724273027953e-19
    outer loop
      vertex 29.75 4 -33
      vertex 29.769249061908926 4.293683932495116 -33
      vertex 29.769249061908926 4.293683932495116 -28
    endloop
  endfacet
  facet normal 0.9807852804032314 -0.19509032201612334 9.186215057376605e-19
    outer loop
      vertex 29.769249061908926 4.293683932495116 -33
      vertex 29.826666890849594 4.582342851480671 -33
      vertex 29.826666890849594 4.582342851480671 -28
    endloop
  endfacet
  facet normal 0.946930129495104 -0.3214394653031663 1.7755143207296175e-19
    outer loop
      vertex 29.826666890849594 4.582342851480671 -33
      vertex 29.921271051849605 4.861037722821452 -33
      vertex 29.921271051849605 4.861037722821452 -28
    endloop
  endfacet
  facet normal -0.8314696123025439 0.5555702330196043 1.3642718854952212e-18
    outer loop
      vertex 33.94855715851499 2.875 -33
      vertex 33.78504501565528 2.6302867847303784 -33
      vertex 33.78504501565528 2.6302867847303784 -28
    endloop
  endfacet
  facet normal -0.8968727415326927 0.4422886902189922 0
    outer loop
      vertex 33.94855715851499 2.875 -33
      vertex 33.94855715851499 2.875 -28
      vertex 34.07872894815039 3.138962277178548 -33
    endloop
  endfacet
  facet normal -0.9469301294951004 0.32143946530317713 0
    outer loop
      vertex 34.07872894815039 3.138962277178548 -33
      vertex 34.07872894815039 3.138962277178548 -28
      vertex 34.173333109150406 3.4176571485193286 -33
    endloop
  endfacet
  facet normal -0.9807852804032339 0.19509032201611146 3.5926699898380354e-19
    outer loop
      vertex 34.23075093809107 3.706316067504884 -33
      vertex 34.173333109150406 3.4176571485193286 -33
      vertex 34.173333109150406 3.4176571485193286 -28
    endloop
  endfacet
  facet normal -0.9978589232386028 0.06540312923015412 -2.0857864931228866e-19
    outer loop
      vertex 34.25 4 -33
      vertex 34.23075093809107 3.706316067504884 -33
      vertex 34.23075093809107 3.706316067504884 -28
    endloop
  endfacet
  facet normal -0.9978589232386027 -0.06540312923015401 2.937371206559514e-19
    outer loop
      vertex 34.23075093809107 4.293683932495116 -33
      vertex 34.25 4 -33
      vertex 34.25 4 -28
    endloop
  endfacet
  facet normal -0.9807852804032337 -0.1950903220161117 4.646892422969347e-19
    outer loop
      vertex 34.173333109150406 4.582342851480671 -33
      vertex 34.23075093809107 4.293683932495116 -33
      vertex 34.23075093809107 4.293683932495116 -28
    endloop
  endfacet
  facet normal -0.9469301294951004 -0.32143946530317713 0
    outer loop
      vertex 34.173333109150406 4.582342851480671 -33
      vertex 34.173333109150406 4.582342851480671 -28
      vertex 34.07872894815039 4.861037722821452 -33
    endloop
  endfacet
  facet normal -0.8968727415326927 -0.4422886902189922 1.9078739737765106e-18
    outer loop
      vertex 33.94855715851499 5.125 -33
      vertex 34.07872894815039 4.861037722821452 -33
      vertex 34.07872894815039 4.861037722821452 -28
    endloop
  endfacet
  facet normal 0.8314696123025439 0.5555702330196043 0
    outer loop
      vertex 30.214954984344722 2.6302867847303784 -33
      vertex 30.051442841485013 2.875 -28
      vertex 30.214954984344722 2.6302867847303784 -28
    endloop
  endfacet
  facet normal 0.896872741532688 0.4422886902190019 0
    outer loop
      vertex 30.051442841485013 2.875 -33
      vertex 29.921271051849605 3.138962277178548 -28
      vertex 30.051442841485013 2.875 -28
    endloop
  endfacet
  facet normal 0.946930129495104 0.3214394653031663 0
    outer loop
      vertex 29.921271051849605 3.138962277178548 -33
      vertex 29.826666890849594 3.4176571485193286 -28
      vertex 29.921271051849605 3.138962277178548 -28
    endloop
  endfacet
  facet normal 0.9807852804032315 0.19509032201612306 0
    outer loop
      vertex 29.826666890849594 3.4176571485193286 -33
      vertex 29.769249061908926 3.706316067504884 -28
      vertex 29.826666890849594 3.4176571485193286 -28
    endloop
  endfacet
  facet normal 0.9978589232386036 0.0654031292301421 0
    outer loop
      vertex 29.769249061908926 3.706316067504884 -33
      vertex 29.75 4 -28
      vertex 29.769249061908926 3.706316067504884 -28
    endloop
  endfacet
  facet normal 0.9978589232386036 -0.06540312923014201 0
    outer loop
      vertex 29.75 4 -33
      vertex 29.769249061908926 4.293683932495116 -28
      vertex 29.75 4 -28
    endloop
  endfacet
  facet normal 0.9807852804032314 -0.19509032201612334 0
    outer loop
      vertex 29.769249061908926 4.293683932495116 -33
      vertex 29.826666890849594 4.582342851480671 -28
      vertex 29.769249061908926 4.293683932495116 -28
    endloop
  endfacet
  facet normal 0.946930129495104 -0.3214394653031663 0
    outer loop
      vertex 29.826666890849594 4.582342851480671 -28
      vertex 29.826666890849594 4.582342851480671 -33
      vertex 29.921271051849605 4.861037722821452 -28
    endloop
  endfacet
  facet normal 0.896872741532688 -0.4422886902190019 0
    outer loop
      vertex 29.921271051849605 4.861037722821452 -33
      vertex 30.051442841485013 5.125 -28
      vertex 29.921271051849605 4.861037722821452 -28
    endloop
  endfacet
  facet normal -0.7518398074789769 0.6593458151000693 0
    outer loop
      vertex 33.78504501565528 2.6302867847303784 -33
      vertex 33.59099025766973 2.4090097423302677 -28
      vertex 33.78504501565528 2.6302867847303784 -28
    endloop
  endfacet
  facet normal -0.8314696123025439 0.5555702330196043 0
    outer loop
      vertex 33.94855715851499 2.875 -33
      vertex 33.78504501565528 2.6302867847303784 -28
      vertex 33.94855715851499 2.875 -28
    endloop
  endfacet
  facet normal -0.8968727415326927 0.4422886902189922 0
    outer loop
      vertex 34.07872894815039 3.138962277178548 -33
      vertex 33.94855715851499 2.875 -28
      vertex 34.07872894815039 3.138962277178548 -28
    endloop
  endfacet
  facet normal -0.9469301294951004 0.32143946530317713 0
    outer loop
      vertex 34.173333109150406 3.4176571485193286 -33
      vertex 34.07872894815039 3.138962277178548 -28
      vertex 34.173333109150406 3.4176571485193286 -28
    endloop
  endfacet
  facet normal -0.9807852804032339 0.19509032201611146 0
    outer loop
      vertex 34.23075093809107 3.706316067504884 -33
      vertex 34.173333109150406 3.4176571485193286 -28
      vertex 34.23075093809107 3.706316067504884 -28
    endloop
  endfacet
  facet normal -0.9978589232386028 0.06540312923015412 0
    outer loop
      vertex 34.25 4 -33
      vertex 34.23075093809107 3.706316067504884 -28
      vertex 34.25 4 -28
    endloop
  endfacet
  facet normal -0.9978589232386027 -0.06540312923015401 0
    outer loop
      vertex 34.23075093809107 4.293683932495116 -33
      vertex 34.25 4 -28
      vertex 34.23075093809107 4.293683932495116 -28
    endloop
  endfacet
  facet normal -0.9807852804032337 -0.1950903220161117 0
    outer loop
      vertex 34.173333109150406 4.582342851480671 -33
      vertex 34.23075093809107 4.293683932495116 -28
      vertex 34.173333109150406 4.582342851480671 -28
    endloop
  endfacet
  facet normal -0.9469301294951004 -0.32143946530317713 0
    outer loop
      vertex 34.07872894815039 4.861037722821452 -33
      vertex 34.173333109150406 4.582342851480671 -28
      vertex 34.07872894815039 4.861037722821452 -28
    endloop
  endfacet
  facet normal 0.896872741532688 -0.4422886902190019 -1.2067754828735314e-18
    outer loop
      vertex 29.921271051849605 4.861037722821452 -33
      vertex 30.051442841485013 5.125 -33
      vertex 30.051442841485013 5.125 -28
    endloop
  endfacet
  facet normal 0.8314696123025439 -0.5555702330196043 1.3642718854952212e-18
    outer loop
      vertex 30.051442841485013 5.125 -33
      vertex 30.214954984344722 5.369713215269622 -33
      vertex 30.214954984344722 5.369713215269622 -28
    endloop
  endfacet
  facet normal 0.7518398074789769 -0.6593458151000693 9.937781332677347e-19
    outer loop
      vertex 30.214954984344722 5.369713215269622 -33
      vertex 30.40900974233027 5.590990257669732 -33
      vertex 30.40900974233027 5.590990257669732 -28
    endloop
  endfacet
  facet normal 0.6593458151000676 -0.7518398074789785 0
    outer loop
      vertex 30.63028678473038 5.785045015655279 -33
      vertex 30.63028678473038 5.785045015655279 -28
      vertex 30.40900974233027 5.590990257669732 -33
    endloop
  endfacet
  facet normal 0.555570233019605 -0.8314696123025435 0
    outer loop
      vertex 30.875 5.948557158514987 -33
      vertex 30.875 5.948557158514987 -28
      vertex 30.63028678473038 5.785045015655279 -33
    endloop
  endfacet
  facet normal 0.4422886902189995 -0.8968727415326891 0
    outer loop
      vertex 31.13896227717855 6.078728948150395 -33
      vertex 31.13896227717855 6.078728948150395 -28
      vertex 30.875 5.948557158514987 -33
    endloop
  endfacet
  facet normal -0.8314696123025439 -0.5555702330196043 -1.3642718854952212e-18
    outer loop
      vertex 33.78504501565528 5.369713215269622 -33
      vertex 33.94855715851499 5.125 -33
      vertex 33.94855715851499 5.125 -28
    endloop
  endfacet
  facet normal -0.7518398074789769 -0.6593458151000693 -9.937781332677347e-19
    outer loop
      vertex 33.59099025766973 5.590990257669732 -33
      vertex 33.78504501565528 5.369713215269622 -33
      vertex 33.78504501565528 5.369713215269622 -28
    endloop
  endfacet
  facet normal 0.32143946530316275 -0.9469301294951052 0
    outer loop
      vertex 31.41765714851933 6.173333109150404 -33
      vertex 31.41765714851933 6.173333109150404 -28
      vertex 31.13896227717855 6.078728948150395 -33
    endloop
  endfacet
  facet normal 0.19509032201612972 -0.9807852804032301 0
    outer loop
      vertex 31.706316067504883 6.230750938091074 -33
      vertex 31.706316067504883 6.230750938091074 -28
      vertex 31.41765714851933 6.173333109150404 -33
    endloop
  endfacet
  facet normal 0.06540312923014181 -0.9978589232386036 0
    outer loop
      vertex 32 6.25 -33
      vertex 32 6.25 -28
      vertex 31.706316067504883 6.230750938091074 -33
    endloop
  endfacet
  facet normal -0.06540312923014259 -0.9978589232386036 0
    outer loop
      vertex 32.293683932495114 6.230750938091074 -33
      vertex 32.293683932495114 6.230750938091074 -28
      vertex 32 6.25 -33
    endloop
  endfacet
  facet normal -0.3214394653031664 -0.9469301294951041 0
    outer loop
      vertex 32.86103772282145 6.078728948150395 -33
      vertex 32.86103772282145 6.078728948150395 -28
      vertex 32.582342851480675 6.173333109150404 -33
    endloop
  endfacet
  facet normal -0.19509032201612508 -0.980785280403231 0
    outer loop
      vertex 32.582342851480675 6.173333109150404 -33
      vertex 32.582342851480675 6.173333109150404 -28
      vertex 32.293683932495114 6.230750938091074 -33
    endloop
  endfacet
  facet normal -0.6593458151000676 -0.7518398074789785 0
    outer loop
      vertex 33.59099025766973 5.590990257669732 -33
      vertex 33.59099025766973 5.590990257669732 -28
      vertex 33.36971321526962 5.785045015655279 -33
    endloop
  endfacet
  facet normal -0.555570233019605 -0.8314696123025435 0
    outer loop
      vertex 33.36971321526962 5.785045015655279 -33
      vertex 33.36971321526962 5.785045015655279 -28
      vertex 33.125 5.948557158514987 -33
    endloop
  endfacet
  facet normal -0.4422886902189995 -0.8968727415326891 0
    outer loop
      vertex 33.125 5.948557158514987 -33
      vertex 33.125 5.948557158514987 -28
      vertex 32.86103772282145 6.078728948150395 -33
    endloop
  endfacet
  facet normal 0.8314696123025439 -0.5555702330196043 0
    outer loop
      vertex 30.051442841485013 5.125 -33
      vertex 30.214954984344722 5.369713215269622 -28
      vertex 30.051442841485013 5.125 -28
    endloop
  endfacet
  facet normal 0.7518398074789769 -0.6593458151000693 0
    outer loop
      vertex 30.214954984344722 5.369713215269622 -33
      vertex 30.40900974233027 5.590990257669732 -28
      vertex 30.214954984344722 5.369713215269622 -28
    endloop
  endfacet
  facet normal 0.6593458151000676 -0.7518398074789785 0
    outer loop
      vertex 30.40900974233027 5.590990257669732 -33
      vertex 30.63028678473038 5.785045015655279 -28
      vertex 30.40900974233027 5.590990257669732 -28
    endloop
  endfacet
  facet normal 0.555570233019605 -0.8314696123025435 0
    outer loop
      vertex 30.63028678473038 5.785045015655279 -33
      vertex 30.875 5.948557158514987 -28
      vertex 30.63028678473038 5.785045015655279 -28
    endloop
  endfacet
  facet normal 0.4422886902189995 -0.8968727415326891 0
    outer loop
      vertex 30.875 5.948557158514987 -33
      vertex 31.13896227717855 6.078728948150395 -28
      vertex 30.875 5.948557158514987 -28
    endloop
  endfacet
  facet normal 0.32143946530316275 -0.9469301294951052 0
    outer loop
      vertex 31.13896227717855 6.078728948150395 -33
      vertex 31.41765714851933 6.173333109150404 -28
      vertex 31.13896227717855 6.078728948150395 -28
    endloop
  endfacet
  facet normal -0.8968727415326927 -0.4422886902189922 0
    outer loop
      vertex 33.94855715851499 5.125 -33
      vertex 34.07872894815039 4.861037722821452 -28
      vertex 33.94855715851499 5.125 -28
    endloop
  endfacet
  facet normal -0.8314696123025439 -0.5555702330196043 0
    outer loop
      vertex 33.78504501565528 5.369713215269622 -33
      vertex 33.94855715851499 5.125 -28
      vertex 33.78504501565528 5.369713215269622 -28
    endloop
  endfacet
  facet normal -0.7518398074789769 -0.6593458151000693 0
    outer loop
      vertex 33.59099025766973 5.590990257669732 -33
      vertex 33.78504501565528 5.369713215269622 -28
      vertex 33.59099025766973 5.590990257669732 -28
    endloop
  endfacet
  facet normal 0.19509032201612972 -0.9807852804032301 0
    outer loop
      vertex 31.41765714851933 6.173333109150404 -33
      vertex 31.706316067504883 6.230750938091074 -28
      vertex 31.41765714851933 6.173333109150404 -28
    endloop
  endfacet
  facet normal 0.06540312923014181 -0.9978589232386036 0
    outer loop
      vertex 31.706316067504883 6.230750938091074 -33
      vertex 32 6.25 -28
      vertex 31.706316067504883 6.230750938091074 -28
    endloop
  endfacet
  facet normal -0.06540312923014259 -0.9978589232386036 0
    outer loop
      vertex 32 6.25 -33
      vertex 32.293683932495114 6.230750938091074 -28
      vertex 32 6.25 -28
    endloop
  endfacet
  facet normal -0.19509032201612508 -0.980785280403231 0
    outer loop
      vertex 32.293683932495114 6.230750938091074 -33
      vertex 32.582342851480675 6.173333109150404 -28
      vertex 32.293683932495114 6.230750938091074 -28
    endloop
  endfacet
  facet normal -0.3214394653031664 -0.9469301294951041 0
    outer loop
      vertex 32.582342851480675 6.173333109150404 -33
      vertex 32.86103772282145 6.078728948150395 -28
      vertex 32.582342851480675 6.173333109150404 -28
    endloop
  endfacet
  facet normal -0.6593458151000676 -0.7518398074789785 0
    outer loop
      vertex 33.36971321526962 5.785045015655279 -33
      vertex 33.59099025766973 5.590990257669732 -28
      vertex 33.36971321526962 5.785045015655279 -28
    endloop
  endfacet
  facet normal -0.555570233019605 -0.8314696123025435 0
    outer loop
      vertex 33.125 5.948557158514987 -33
      vertex 33.36971321526962 5.785045015655279 -28
      vertex 33.125 5.948557158514987 -28
    endloop
  endfacet
  facet normal -0.4422886902189995 -0.8968727415326891 0
    outer loop
      vertex 32.86103772282145 6.078728948150395 -33
      vertex 33.125 5.948557158514987 -28
      vertex 32.86103772282145 6.078728948150395 -28
    endloop
  endfacet
  facet normal 0.2902846772544627 0.9569403357322088 0
    outer loop
      vertex -0.5740251485476346 -1.38581929876693 -12
      vertex -0.2926354830241924 -1.4711779206048456 -20
      vertex -0.5740251485476346 -1.38581929876693 -20
    endloop
  endfacet
  facet normal 0.0980171403295607 0.9951847266721968 0
    outer loop
      vertex -0.2926354830241924 -1.4711779206048456 -12
      vertex 0 -1.5 -20
      vertex -0.2926354830241924 -1.4711779206048456 -20
    endloop
  endfacet
  facet normal 0.47139673682599753 0.8819212643483552 0
    outer loop
      vertex -0.8333553495294033 -1.2472044184538178 -12
      vertex -0.5740251485476346 -1.38581929876693 -20
      vertex -0.8333553495294033 -1.2472044184538178 -20
    endloop
  endfacet
  facet normal 0.6343932841636447 0.7730104533627374 0
    outer loop
      vertex -1.0606601717798214 -1.0606601717798214 -12
      vertex -0.8333553495294033 -1.2472044184538178 -20
      vertex -1.0606601717798214 -1.0606601717798214 -20
    endloop
  endfacet
  facet normal 0.7730104533627374 0.6343932841636447 0
    outer loop
      vertex -1.2472044184538178 -0.8333553495294033 -12
      vertex -1.0606601717798214 -1.0606601717798214 -20
      vertex -1.2472044184538178 -0.8333553495294033 -20
    endloop
  endfacet
  facet normal 0.8819212643483552 0.47139673682599753 0
    outer loop
      vertex -1.38581929876693 -0.5740251485476346 -12
      vertex -1.2472044184538178 -0.8333553495294033 -20
      vertex -1.38581929876693 -0.5740251485476346 -20
    endloop
  endfacet
  facet normal 0.9569403357322088 0.2902846772544627 0
    outer loop
      vertex -1.4711779206048456 -0.2926354830241924 -12
      vertex -1.38581929876693 -0.5740251485476346 -20
      vertex -1.4711779206048456 -0.2926354830241924 -20
    endloop
  endfacet
  facet normal 0.9951847266721968 0.0980171403295607 1.3637087990900425e-19
    outer loop
      vertex -1.4711779206048456 -0.2926354830241924 -20
      vertex -1.5 0 -20
      vertex -1.5 0 -12
    endloop
  endfacet
  facet normal 0.0980171403295607 0.9951847266721968 0
    outer loop
      vertex 0 -1.5 -12
      vertex 0 -1.5 -20
      vertex -0.2926354830241924 -1.4711779206048456 -12
    endloop
  endfacet
  facet normal 0.2902846772544627 0.9569403357322088 0
    outer loop
      vertex -0.2926354830241924 -1.4711779206048456 -12
      vertex -0.2926354830241924 -1.4711779206048456 -20
      vertex -0.5740251485476346 -1.38581929876693 -12
    endloop
  endfacet
  facet normal 0.47139673682599753 0.8819212643483552 0
    outer loop
      vertex -0.5740251485476346 -1.38581929876693 -12
      vertex -0.5740251485476346 -1.38581929876693 -20
      vertex -0.8333553495294033 -1.2472044184538178 -12
    endloop
  endfacet
  facet normal 0.6343932841636447 0.7730104533627374 0
    outer loop
      vertex -0.8333553495294033 -1.2472044184538178 -12
      vertex -0.8333553495294033 -1.2472044184538178 -20
      vertex -1.0606601717798214 -1.0606601717798214 -12
    endloop
  endfacet
  facet normal 0.7730104533627374 0.6343932841636447 -1.2174917740444564e-18
    outer loop
      vertex -1.2472044184538178 -0.8333553495294033 -12
      vertex -1.0606601717798214 -1.0606601717798214 -12
      vertex -1.0606601717798214 -1.0606601717798214 -20
    endloop
  endfacet
  facet normal 0.8819212643483552 0.47139673682599753 -8.540675215966527e-19
    outer loop
      vertex -1.38581929876693 -0.5740251485476346 -12
      vertex -1.2472044184538178 -0.8333553495294033 -12
      vertex -1.2472044184538178 -0.8333553495294033 -20
    endloop
  endfacet
  facet normal 0.9569403357322088 0.2902846772544627 -1.5237587115520604e-19
    outer loop
      vertex -1.4711779206048456 -0.2926354830241924 -12
      vertex -1.38581929876693 -0.5740251485476346 -12
      vertex -1.38581929876693 -0.5740251485476346 -20
    endloop
  endfacet
  facet normal 0.9951847266721968 0.0980171403295607 1.3637087990900425e-19
    outer loop
      vertex -1.5 0 -12
      vertex -1.4711779206048456 -0.2926354830241924 -12
      vertex -1.4711779206048456 -0.2926354830241924 -20
    endloop
  endfacet
  facet normal 0.9951847266721968 -0.0980171403295607 0
    outer loop
      vertex -1.4711779206048456 0.2926354830241924 -12
      vertex -1.5 0 -20
      vertex -1.4711779206048456 0.2926354830241924 -20
    endloop
  endfacet
  facet normal 0.9569403357322088 -0.2902846772544627 0
    outer loop
      vertex -1.38581929876693 0.5740251485476346 -12
      vertex -1.4711779206048456 0.2926354830241924 -20
      vertex -1.38581929876693 0.5740251485476346 -20
    endloop
  endfacet
  facet normal 0.8819212643483552 -0.47139673682599753 0
    outer loop
      vertex -1.2472044184538178 0.8333553495294033 -12
      vertex -1.38581929876693 0.5740251485476346 -20
      vertex -1.2472044184538178 0.8333553495294033 -20
    endloop
  endfacet
  facet normal 0.7730104533627374 -0.6343932841636447 1.2174917740444564e-18
    outer loop
      vertex -1.2472044184538178 0.8333553495294033 -20
      vertex -1.0606601717798214 1.0606601717798214 -20
      vertex -1.0606601717798214 1.0606601717798214 -12
    endloop
  endfacet
  facet normal 0.6343932841636447 -0.7730104533627374 0
    outer loop
      vertex -0.8333553495294033 1.2472044184538178 -20
      vertex -0.8333553495294033 1.2472044184538178 -12
      vertex -1.0606601717798214 1.0606601717798214 -20
    endloop
  endfacet
  facet normal 0.47139673682599753 -0.8819212643483552 0
    outer loop
      vertex -0.5740251485476346 1.38581929876693 -20
      vertex -0.5740251485476346 1.38581929876693 -12
      vertex -0.8333553495294033 1.2472044184538178 -20
    endloop
  endfacet
  facet normal 0.2902846772544627 -0.9569403357322088 0
    outer loop
      vertex -0.2926354830241924 1.4711779206048456 -20
      vertex -0.2926354830241924 1.4711779206048456 -12
      vertex -0.5740251485476346 1.38581929876693 -20
    endloop
  endfacet
  facet normal 0.0980171403295607 -0.9951847266721968 -1.3637087990900425e-19
    outer loop
      vertex -0.2926354830241924 1.4711779206048456 -20
      vertex 0 1.5 -20
      vertex 0 1.5 -12
    endloop
  endfacet
  facet normal 0.9951847266721968 -0.0980171403295607 -1.3637087990900425e-19
    outer loop
      vertex -1.4711779206048456 0.2926354830241924 -12
      vertex -1.5 0 -12
      vertex -1.5 0 -20
    endloop
  endfacet
  facet normal 0.9569403357322088 -0.2902846772544627 1.5237587115520604e-19
    outer loop
      vertex -1.38581929876693 0.5740251485476346 -12
      vertex -1.4711779206048456 0.2926354830241924 -12
      vertex -1.4711779206048456 0.2926354830241924 -20
    endloop
  endfacet
  facet normal 0.8819212643483552 -0.47139673682599753 8.540675215966527e-19
    outer loop
      vertex -1.2472044184538178 0.8333553495294033 -12
      vertex -1.38581929876693 0.5740251485476346 -12
      vertex -1.38581929876693 0.5740251485476346 -20
    endloop
  endfacet
  facet normal 0.7730104533627374 -0.6343932841636447 1.2174917740444564e-18
    outer loop
      vertex -1.0606601717798214 1.0606601717798214 -12
      vertex -1.2472044184538178 0.8333553495294033 -12
      vertex -1.2472044184538178 0.8333553495294033 -20
    endloop
  endfacet
  facet normal 0.6343932841636447 -0.7730104533627374 0
    outer loop
      vertex -1.0606601717798214 1.0606601717798214 -20
      vertex -0.8333553495294033 1.2472044184538178 -12
      vertex -1.0606601717798214 1.0606601717798214 -12
    endloop
  endfacet
  facet normal 0.47139673682599753 -0.8819212643483552 0
    outer loop
      vertex -0.8333553495294033 1.2472044184538178 -20
      vertex -0.5740251485476346 1.38581929876693 -12
      vertex -0.8333553495294033 1.2472044184538178 -12
    endloop
  endfacet
  facet normal 0.2902846772544627 -0.9569403357322088 0
    outer loop
      vertex -0.5740251485476346 1.38581929876693 -20
      vertex -0.2926354830241924 1.4711779206048456 -12
      vertex -0.5740251485476346 1.38581929876693 -12
    endloop
  endfacet
  facet normal 0.0980171403295607 -0.9951847266721968 -1.3637087990900425e-19
    outer loop
      vertex 0 1.5 -12
      vertex -0.2926354830241924 1.4711779206048456 -12
      vertex -0.2926354830241924 1.4711779206048456 -20
    endloop
  endfacet
  facet normal -0.0980171403295607 0.9951847266721968 0
    outer loop
      vertex 0 -1.5 -12
      vertex 0.2926354830241924 -1.4711779206048456 -20
      vertex 0 -1.5 -20
    endloop
  endfacet
  facet normal -0.2902846772544627 0.9569403357322088 0
    outer loop
      vertex 0.2926354830241924 -1.4711779206048456 -12
      vertex 0.5740251485476346 -1.38581929876693 -20
      vertex 0.2926354830241924 -1.4711779206048456 -20
    endloop
  endfacet
  facet normal -0.47139673682599753 0.8819212643483552 0
    outer loop
      vertex 0.5740251485476346 -1.38581929876693 -12
      vertex 0.8333553495294033 -1.2472044184538178 -20
      vertex 0.5740251485476346 -1.38581929876693 -20
    endloop
  endfacet
  facet normal -0.6343932841636447 0.7730104533627374 0
    outer loop
      vertex 0.8333553495294033 -1.2472044184538178 -12
      vertex 1.0606601717798214 -1.0606601717798214 -20
      vertex 0.8333553495294033 -1.2472044184538178 -20
    endloop
  endfacet
  facet normal -0.7730104533627374 0.6343932841636447 0
    outer loop
      vertex 1.0606601717798214 -1.0606601717798214 -20
      vertex 1.0606601717798214 -1.0606601717798214 -12
      vertex 1.2472044184538178 -0.8333553495294033 -20
    endloop
  endfacet
  facet normal -0.8819212643483552 0.47139673682599753 0
    outer loop
      vertex 1.2472044184538178 -0.8333553495294033 -12
      vertex 1.38581929876693 -0.5740251485476346 -20
      vertex 1.2472044184538178 -0.8333553495294033 -20
    endloop
  endfacet
  facet normal -0.9569403357322088 0.2902846772544627 0
    outer loop
      vertex 1.38581929876693 -0.5740251485476346 -12
      vertex 1.4711779206048456 -0.2926354830241924 -20
      vertex 1.38581929876693 -0.5740251485476346 -20
    endloop
  endfacet
  facet normal -0.9951847266721968 0.0980171403295607 0
    outer loop
      vertex 1.4711779206048456 -0.2926354830241924 -20
      vertex 1.4711779206048456 -0.2926354830241924 -12
      vertex 1.5 0 -20
    endloop
  endfacet
  facet normal -0.0980171403295607 0.9951847266721968 0
    outer loop
      vertex 0.2926354830241924 -1.4711779206048456 -12
      vertex 0.2926354830241924 -1.4711779206048456 -20
      vertex 0 -1.5 -12
    endloop
  endfacet
  facet normal -0.2902846772544627 0.9569403357322088 0
    outer loop
      vertex 0.5740251485476346 -1.38581929876693 -12
      vertex 0.5740251485476346 -1.38581929876693 -20
      vertex 0.2926354830241924 -1.4711779206048456 -12
    endloop
  endfacet
  facet normal -0.47139673682599753 0.8819212643483552 0
    outer loop
      vertex 0.8333553495294033 -1.2472044184538178 -12
      vertex 0.8333553495294033 -1.2472044184538178 -20
      vertex 0.5740251485476346 -1.38581929876693 -12
    endloop
  endfacet
  facet normal -0.6343932841636447 0.7730104533627374 0
    outer loop
      vertex 1.0606601717798214 -1.0606601717798214 -12
      vertex 1.0606601717798214 -1.0606601717798214 -20
      vertex 0.8333553495294033 -1.2472044184538178 -12
    endloop
  endfacet
  facet normal -0.7730104533627374 0.6343932841636447 1.2174917740444564e-18
    outer loop
      vertex 1.0606601717798214 -1.0606601717798214 -12
      vertex 1.2472044184538178 -0.8333553495294033 -12
      vertex 1.2472044184538178 -0.8333553495294033 -20
    endloop
  endfacet
  facet normal -0.8819212643483552 0.47139673682599753 8.540675215966527e-19
    outer loop
      vertex 1.2472044184538178 -0.8333553495294033 -12
      vertex 1.38581929876693 -0.5740251485476346 -12
      vertex 1.38581929876693 -0.5740251485476346 -20
    endloop
  endfacet
  facet normal -0.9569403357322088 0.2902846772544627 1.5237587115520604e-19
    outer loop
      vertex 1.38581929876693 -0.5740251485476346 -12
      vertex 1.4711779206048456 -0.2926354830241924 -12
      vertex 1.4711779206048456 -0.2926354830241924 -20
    endloop
  endfacet
  facet normal -0.9951847266721968 0.0980171403295607 0
    outer loop
      vertex 1.5 0 -20
      vertex 1.4711779206048456 -0.2926354830241924 -12
      vertex 1.5 0 -12
    endloop
  endfacet
  facet normal -0.9951847266721968 -0.0980171403295607 0
    outer loop
      vertex 1.5 0 -20
      vertex 1.5 0 -12
      vertex 1.4711779206048456 0.2926354830241924 -20
    endloop
  endfacet
  facet normal -0.9569403357322088 -0.2902846772544627 -1.5237587115520604e-19
    outer loop
      vertex 1.38581929876693 0.5740251485476346 -20
      vertex 1.4711779206048456 0.2926354830241924 -20
      vertex 1.4711779206048456 0.2926354830241924 -12
    endloop
  endfacet
  facet normal -0.8819212643483552 -0.47139673682599753 -8.540675215966527e-19
    outer loop
      vertex 1.2472044184538178 0.8333553495294033 -20
      vertex 1.38581929876693 0.5740251485476346 -20
      vertex 1.38581929876693 0.5740251485476346 -12
    endloop
  endfacet
  facet normal -0.7730104533627374 -0.6343932841636447 -1.2174917740444564e-18
    outer loop
      vertex 1.0606601717798214 1.0606601717798214 -20
      vertex 1.2472044184538178 0.8333553495294033 -20
      vertex 1.2472044184538178 0.8333553495294033 -12
    endloop
  endfacet
  facet normal -0.6343932841636447 -0.7730104533627374 -1.2174917740444564e-18
    outer loop
      vertex 0.8333553495294033 1.2472044184538178 -20
      vertex 1.0606601717798214 1.0606601717798214 -20
      vertex 1.0606601717798214 1.0606601717798214 -12
    endloop
  endfacet
  facet normal -0.47139673682599753 -0.8819212643483552 0
    outer loop
      vertex 0.8333553495294033 1.2472044184538178 -20
      vertex 0.8333553495294033 1.2472044184538178 -12
      vertex 0.5740251485476346 1.38581929876693 -20
    endloop
  endfacet
  facet normal -0.0980171403295607 -0.9951847266721968 0
    outer loop
      vertex 0.2926354830241924 1.4711779206048456 -20
      vertex 0.2926354830241924 1.4711779206048456 -12
      vertex 0 1.5 -20
    endloop
  endfacet
  facet normal -0.2902846772544627 -0.9569403357322088 0
    outer loop
      vertex 0.5740251485476346 1.38581929876693 -20
      vertex 0.5740251485476346 1.38581929876693 -12
      vertex 0.2926354830241924 1.4711779206048456 -20
    endloop
  endfacet
  facet normal -0.9951847266721968 -0.0980171403295607 0
    outer loop
      vertex 1.4711779206048456 0.2926354830241924 -20
      vertex 1.5 0 -12
      vertex 1.4711779206048456 0.2926354830241924 -12
    endloop
  endfacet
  facet normal -0.9569403357322088 -0.2902846772544627 0
    outer loop
      vertex 1.38581929876693 0.5740251485476346 -20
      vertex 1.4711779206048456 0.2926354830241924 -12
      vertex 1.38581929876693 0.5740251485476346 -12
    endloop
  endfacet
  facet normal -0.8819212643483552 -0.47139673682599753 0
    outer loop
      vertex 1.2472044184538178 0.8333553495294033 -20
      vertex 1.38581929876693 0.5740251485476346 -12
      vertex 1.2472044184538178 0.8333553495294033 -12
    endloop
  endfacet
  facet normal -0.7730104533627374 -0.6343932841636447 0
    outer loop
      vertex 1.0606601717798214 1.0606601717798214 -20
      vertex 1.2472044184538178 0.8333553495294033 -12
      vertex 1.0606601717798214 1.0606601717798214 -12
    endloop
  endfacet
  facet normal -0.6343932841636447 -0.7730104533627374 0
    outer loop
      vertex 0.8333553495294033 1.2472044184538178 -20
      vertex 1.0606601717798214 1.0606601717798214 -12
      vertex 0.8333553495294033 1.2472044184538178 -12
    endloop
  endfacet
  facet normal -0.47139673682599753 -0.8819212643483552 0
    outer loop
      vertex 0.5740251485476346 1.38581929876693 -20
      vertex 0.8333553495294033 1.2472044184538178 -12
      vertex 0.5740251485476346 1.38581929876693 -12
    endloop
  endfacet
  facet normal -0.2902846772544627 -0.9569403357322088 0
    outer loop
      vertex 0.2926354830241924 1.4711779206048456 -20
      vertex 0.5740251485476346 1.38581929876693 -12
      vertex 0.2926354830241924 1.4711779206048456 -12
    endloop
  endfacet
  facet normal -0.0980171403295607 -0.9951847266721968 0
    outer loop
      vertex 0 1.5 -20
      vertex 0.2926354830241924 1.4711779206048456 -12
      vertex 0 1.5 -12
    endloop
  endfacet
endsolid OpenSCAD_Model
