solid OpenSCAD_Model
  facet normal 0 0 -1
    outer loop
      vertex -50 -10 -33
      vertex -33.78504501565528 -5.369713215269622 -33
      vertex -33.59099025766973 -5.590990257669732 -33
    endloop
  endfacet
  facet normal 0 0 -1
    outer loop
      vertex -50 -10 -33
      vertex -32.582342851480675 -6.173333109150404 -33
      vertex -32.293683932495114 -6.230750938091074 -33
    endloop
  endfacet
  facet normal 0 0 -1
    outer loop
      vertex -50 -10 -33
      vertex -32.86103772282145 -6.078728948150395 -33
      vertex -32.582342851480675 -6.173333109150404 -33
    endloop
  endfacet
  facet normal 0 0 -1
    outer loop
      vertex -50 -10 -33
      vertex -33.36971321526962 -5.785045015655279 -33
      vertex -33.125 -5.948557158514987 -33
    endloop
  endfacet
  facet normal 0 0 -1
    outer loop
      vertex -50 -10 -33
      vertex -33.125 -5.948557158514987 -33
      vertex -32.86103772282145 -6.078728948150395 -33
    endloop
  endfacet
  facet normal 0 0 -1
    outer loop
      vertex -50 -10 -33
      vertex -32.293683932495114 -6.230750938091074 -33
      vertex -32 -6.25 -33
    endloop
  endfacet
  facet normal 0 0 -1
    outer loop
      vertex -50 -10 -33
      vertex -32 -6.25 -33
      vertex -31.706316067504883 -6.230750938091074 -33
    endloop
  endfacet
  facet normal 0 0 -1
    outer loop
      vertex -50 -10 -33
      vertex -33.59099025766973 -5.590990257669732 -33
      vertex -33.36971321526962 -5.785045015655279 -33
    endloop
  endfacet
  facet normal 0 0 -1
    outer loop
      vertex -50 -10 -33
      vertex -33.94855715851499 -5.125 -33
      vertex -33.78504501565528 -5.369713215269622 -33
    endloop
  endfacet
  facet normal 0 0 -1
    outer loop
      vertex -50 -10 -33
      vertex -34.07872894815039 -4.861037722821452 -33
      vertex -33.94855715851499 -5.125 -33
    endloop
  endfacet
  facet normal 0 0 -1
    outer loop
      vertex -50 -10 -33
      vertex -34.173333109150406 -4.582342851480671 -33
      vertex -34.07872894815039 -4.861037722821452 -33
    endloop
  endfacet
  facet normal 0 0 -1
    outer loop
      vertex -50 -10 -33
      vertex -34.23075093809107 -4.293683932495116 -33
      vertex -34.173333109150406 -4.582342851480671 -33
    endloop
  endfacet
  facet normal 0 0 -1
    outer loop
      vertex -50 -10 -33
      vertex -34.25 -4 -33
      vertex -34.23075093809107 -4.293683932495116 -33
    endloop
  endfacet
  facet normal 0 0 -1
    outer loop
      vertex -50 -10 -33
      vertex -34.23075093809107 -3.706316067504884 -33
      vertex -34.25 -4 -33
    endloop
  endfacet
  facet normal 0 -1 0
    outer loop
      vertex -50 -10 -33
      vertex 0 -10 -28
      vertex -50 -10 -28
    endloop
  endfacet
  facet normal 0 0 1
    outer loop
      vertex -50 -10 -28
      vertex -33.59099025766973 -5.590990257669732 -28
      vertex -33.78504501565528 -5.369713215269622 -28
    endloop
  endfacet
  facet normal 0 0 1
    outer loop
      vertex -50 -10 -28
      vertex -32.293683932495114 -6.230750938091074 -28
      vertex -32.582342851480675 -6.173333109150404 -28
    endloop
  endfacet
  facet normal 0 0 1
    outer loop
      vertex -50 -10 -28
      vertex -32.582342851480675 -6.173333109150404 -28
      vertex -32.86103772282145 -6.078728948150395 -28
    endloop
  endfacet
  facet normal 0 0 1
    outer loop
      vertex -50 -10 -28
      vertex -33.125 -5.948557158514987 -28
      vertex -33.36971321526962 -5.785045015655279 -28
    endloop
  endfacet
  facet normal 0 0 1
    outer loop
      vertex -50 -10 -28
      vertex -32.86103772282145 -6.078728948150395 -28
      vertex -33.125 -5.948557158514987 -28
    endloop
  endfacet
  facet normal 0 0 1
    outer loop
      vertex -50 -10 -28
      vertex -32 -6.25 -28
      vertex -32.293683932495114 -6.230750938091074 -28
    endloop
  endfacet
  facet normal 0 0 1
    outer loop
      vertex -50 -10 -28
      vertex -31.706316067504883 -6.230750938091074 -28
      vertex -32 -6.25 -28
    endloop
  endfacet
  facet normal 0 0 1
    outer loop
      vertex -50 -10 -28
      vertex -33.36971321526962 -5.785045015655279 -28
      vertex -33.59099025766973 -5.590990257669732 -28
    endloop
  endfacet
  facet normal 0 0 1
    outer loop
      vertex -50 -10 -28
      vertex -33.78504501565528 -5.369713215269622 -28
      vertex -33.94855715851499 -5.125 -28
    endloop
  endfacet
  facet normal 0 0 1
    outer loop
      vertex -50 -10 -28
      vertex -33.94855715851499 -5.125 -28
      vertex -34.07872894815039 -4.861037722821452 -28
    endloop
  endfacet
  facet normal 0 0 1
    outer loop
      vertex -50 -10 -28
      vertex -34.07872894815039 -4.861037722821452 -28
      vertex -34.173333109150406 -4.582342851480671 -28
    endloop
  endfacet
  facet normal 0 0 1
    outer loop
      vertex -50 -10 -28
      vertex -34.173333109150406 -4.582342851480671 -28
      vertex -34.23075093809107 -4.293683932495116 -28
    endloop
  endfacet
  facet normal 0 0 1
    outer loop
      vertex -50 -10 -28
      vertex -34.23075093809107 -4.293683932495116 -28
      vertex -34.25 -4 -28
    endloop
  endfacet
  facet normal 0 0 1
    outer loop
      vertex -50 -10 -28
      vertex -34.25 -4 -28
      vertex -34.23075093809107 -3.706316067504884 -28
    endloop
  endfacet
  facet normal 0 0 1
    outer loop
      vertex -50 -10 -28
      vertex -34.23075093809107 -3.706316067504884 -28
      vertex -34.173333109150406 -3.4176571485193286 -28
    endloop
  endfacet
  facet normal 0 0 1
    outer loop
      vertex -50 -10 -28
      vertex -34.173333109150406 -3.4176571485193286 -28
      vertex -34.07872894815039 -3.138962277178548 -28
    endloop
  endfacet
  facet normal 0 0 1
    outer loop
      vertex -50 -10 -28
      vertex -34.07872894815039 -3.138962277178548 -28
      vertex -33.94855715851499 -2.875 -28
    endloop
  endfacet
  facet normal 0 0 1
    outer loop
      vertex -50 -10 -28
      vertex -33.94855715851499 -2.875 -28
      vertex -33.78504501565528 -2.6302867847303784 -28
    endloop
  endfacet
  facet normal 0 0 1
    outer loop
      vertex -50 -10 -28
      vertex -33.78504501565528 -2.6302867847303784 -28
      vertex -33.59099025766973 -2.4090097423302677 -28
    endloop
  endfacet
  facet normal 0 0 1
    outer loop
      vertex -50 -10 -28
      vertex -4.8907380036690284 -1.0395584540887968 -28
      vertex -31.706316067504883 -6.230750938091074 -28
    endloop
  endfacet
  facet normal -1 0 0
    outer loop
      vertex -50 -10 -33
      vertex -50 -10 -28
      vertex -50 10 -28
    endloop
  endfacet
  facet normal 0 0 -1
    outer loop
      vertex -50 -10 -33
      vertex -50 10 -33
      vertex -34.23075093809107 -3.706316067504884 -33
    endloop
  endfacet
  facet normal 0 0 -1
    outer loop
      vertex -32 -1.75 -33
      vertex -32.293683932495114 -1.7692490619089267 -33
      vertex -32 1.75 -33
    endloop
  endfacet
  facet normal 0 0 -1
    outer loop
      vertex -31.706316067504883 -1.7692490619089267 -33
      vertex -32 -1.75 -33
      vertex -31.706316067504883 1.7692490619089267 -33
    endloop
  endfacet
  facet normal 0 0 -1
    outer loop
      vertex -31.41765714851933 -1.8266668908495962 -33
      vertex -31.706316067504883 -1.7692490619089267 -33
      vertex -31.41765714851933 1.8266668908495962 -33
    endloop
  endfacet
  facet normal 0 0 -1
    outer loop
      vertex -29.921271051849605 -3.138962277178548 -33
      vertex -29.826666890849594 3.4176571485193286 -33
      vertex -29.826666890849594 -3.4176571485193286 -33
    endloop
  endfacet
  facet normal 0 0 -1
    outer loop
      vertex -30.051442841485013 -2.875 -33
      vertex -29.921271051849605 3.138962277178548 -33
      vertex -29.921271051849605 -3.138962277178548 -33
    endloop
  endfacet
  facet normal 0 0 -1
    outer loop
      vertex -30.875 -2.051442841485013 -33
      vertex -31.13896227717855 -1.921271051849605 -33
      vertex -30.875 2.051442841485013 -33
    endloop
  endfacet
  facet normal 0 0 -1
    outer loop
      vertex -30.40900974233027 -2.4090097423302677 -33
      vertex -30.63028678473038 -2.214954984344721 -33
      vertex -30.40900974233027 2.4090097423302677 -33
    endloop
  endfacet
  facet normal 0 0 -1
    outer loop
      vertex -30.63028678473038 -2.214954984344721 -33
      vertex -30.875 -2.051442841485013 -33
      vertex -30.63028678473038 2.214954984344721 -33
    endloop
  endfacet
  facet normal 0 0 -1
    outer loop
      vertex -30.214954984344722 -2.6302867847303784 -33
      vertex -30.051442841485013 2.875 -33
      vertex -30.051442841485013 -2.875 -33
    endloop
  endfacet
  facet normal 0 0 -1
    outer loop
      vertex -30.214954984344722 -2.6302867847303784 -33
      vertex -30.40900974233027 -2.4090097423302677 -33
      vertex -30.214954984344722 2.6302867847303784 -33
    endloop
  endfacet
  facet normal 0 0 -1
    outer loop
      vertex -31.13896227717855 -1.921271051849605 -33
      vertex -31.41765714851933 -1.8266668908495962 -33
      vertex -31.13896227717855 1.921271051849605 -33
    endloop
  endfacet
  facet normal 0 0 1
    outer loop
      vertex -50 -10 -28
      vertex -33.59099025766973 -2.4090097423302677 -28
      vertex -33.36971321526962 -2.214954984344721 -28
    endloop
  endfacet
  facet normal 0 0 1
    outer loop
      vertex -50 -10 -28
      vertex -33.36971321526962 -2.214954984344721 -28
      vertex -33.125 -2.051442841485013 -28
    endloop
  endfacet
  facet normal 0 0 1
    outer loop
      vertex -50 -10 -28
      vertex -33.125 -2.051442841485013 -28
      vertex -33.125 2.051442841485013 -28
    endloop
  endfacet
  facet normal 0 0 1
    outer loop
      vertex -50 -10 -28
      vertex -33.125 2.051442841485013 -28
      vertex -33.36971321526962 2.214954984344721 -28
    endloop
  endfacet
  facet normal 0 0 1
    outer loop
      vertex -50 -10 -28
      vertex -33.59099025766973 2.4090097423302677 -28
      vertex -33.78504501565528 2.6302867847303784 -28
    endloop
  endfacet
  facet normal 0 0 1
    outer loop
      vertex -50 -10 -28
      vertex -33.78504501565528 2.6302867847303784 -28
      vertex -33.94855715851499 2.875 -28
    endloop
  endfacet
  facet normal 0 0 1
    outer loop
      vertex -50 -10 -28
      vertex -33.94855715851499 2.875 -28
      vertex -34.07872894815039 3.138962277178548 -28
    endloop
  endfacet
  facet normal 0 0 1
    outer loop
      vertex -50 -10 -28
      vertex -33.36971321526962 2.214954984344721 -28
      vertex -33.59099025766973 2.4090097423302677 -28
    endloop
  endfacet
  facet normal 0 0 1
    outer loop
      vertex -50 -10 -28
      vertex -34.07872894815039 3.138962277178548 -28
      vertex -34.173333109150406 3.4176571485193286 -28
    endloop
  endfacet
  facet normal 0 0 1
    outer loop
      vertex -50 -10 -28
      vertex -34.173333109150406 3.4176571485193286 -28
      vertex -34.23075093809107 3.706316067504884 -28
    endloop
  endfacet
  facet normal 0 0 1
    outer loop
      vertex -33.125 -2.051442841485013 -28
      vertex -32.86103772282145 -1.921271051849605 -28
      vertex -33.125 2.051442841485013 -28
    endloop
  endfacet
  facet normal 0 0 1
    outer loop
      vertex -31.41765714851933 -1.8266668908495962 -28
      vertex -31.13896227717855 -1.921271051849605 -28
      vertex -31.41765714851933 1.8266668908495962 -28
    endloop
  endfacet
  facet normal 0 0 1
    outer loop
      vertex -32.86103772282145 -1.921271051849605 -28
      vertex -32.582342851480675 -1.8266668908495962 -28
      vertex -32.86103772282145 1.921271051849605 -28
    endloop
  endfacet
  facet normal 0 0 1
    outer loop
      vertex -32.582342851480675 -1.8266668908495962 -28
      vertex -32.293683932495114 -1.7692490619089267 -28
      vertex -32.582342851480675 1.8266668908495962 -28
    endloop
  endfacet
  facet normal 0 0 1
    outer loop
      vertex -32.293683932495114 -1.7692490619089267 -28
      vertex -32 -1.75 -28
      vertex -32.293683932495114 1.7692490619089267 -28
    endloop
  endfacet
  facet normal 0 0 1
    outer loop
      vertex -32 -1.75 -28
      vertex -31.706316067504883 -1.7692490619089267 -28
      vertex -32 1.75 -28
    endloop
  endfacet
  facet normal 0 0 1
    outer loop
      vertex -31.706316067504883 -1.7692490619089267 -28
      vertex -31.41765714851933 -1.8266668908495962 -28
      vertex -31.706316067504883 1.7692490619089267 -28
    endloop
  endfacet
  facet normal 0 0 1
    outer loop
      vertex -30.051442841485013 -2.875 -28
      vertex -30.214954984344722 2.6302867847303784 -28
      vertex -30.214954984344722 -2.6302867847303784 -28
    endloop
  endfacet
  facet normal 0 0 1
    outer loop
      vertex -30.63028678473038 -2.214954984344721 -28
      vertex -30.40900974233027 -2.4090097423302677 -28
      vertex -30.63028678473038 2.214954984344721 -28
    endloop
  endfacet
  facet normal 0 0 1
    outer loop
      vertex -31.13896227717855 -1.921271051849605 -28
      vertex -30.875 -2.051442841485013 -28
      vertex -31.13896227717855 1.921271051849605 -28
    endloop
  endfacet
  facet normal 0 0 1
    outer loop
      vertex -30.875 -2.051442841485013 -28
      vertex -30.63028678473038 -2.214954984344721 -28
      vertex -30.875 2.051442841485013 -28
    endloop
  endfacet
  facet normal 0 0 1
    outer loop
      vertex -30.214954984344722 -2.6302867847303784 -28
      vertex -30.40900974233027 2.4090097423302677 -28
      vertex -30.40900974233027 -2.4090097423302677 -28
    endloop
  endfacet
  facet normal 0 0 -1
    outer loop
      vertex -50 -10 -33
      vertex -1 -7.732050807568877 -33
      vertex -0.7306820487327896 -7.861747497288409 -33
    endloop
  endfacet
  facet normal 0 0 -1
    outer loop
      vertex -50 -10 -33
      vertex -1.2469796037174674 -7.563662964936059 -33
      vertex -1 -7.732050807568877 -33
    endloop
  endfacet
  facet normal 0 0 -1
    outer loop
      vertex -50 -10 -33
      vertex -1.4661037436596527 -7.360345475541839 -33
      vertex -1.2469796037174674 -7.563662964936059 -33
    endloop
  endfacet
  facet normal 0 0 -1
    outer loop
      vertex -50 -10 -33
      vertex -1.6524775486319898 -7.126640116127244 -33
      vertex -1.4661037436596527 -7.360345475541839 -33
    endloop
  endfacet
  facet normal 0 0 -1
    outer loop
      vertex -50 -10 -33
      vertex -0.7306820487327896 -7.861747497288409 -33
      vertex -0.44504186791262795 -7.949855824363647 -33
    endloop
  endfacet
  facet normal 0 0 -1
    outer loop
      vertex -50 -10 -33
      vertex -0.44504186791262795 -7.949855824363647 -33
      vertex -0.14946018717284823 -7.99440759436236 -33
    endloop
  endfacet
  facet normal 0 0 -1
    outer loop
      vertex -50 -10 -33
      vertex -1.801937735804838 -6.867767478235116 -33
      vertex -1.6524775486319898 -7.126640116127244 -33
    endloop
  endfacet
  facet normal 0 0 -1
    outer loop
      vertex -50 -10 -33
      vertex -1.9111456115722816 -6.5895103488218085 -33
      vertex -1.801937735804838 -6.867767478235116 -33
    endloop
  endfacet
  facet normal 0 0 -1
    outer loop
      vertex -50 -10 -33
      vertex -1.977661652450257 -6.298084532352349 -33
      vertex -1.9111456115722816 -6.5895103488218085 -33
    endloop
  endfacet
  facet normal 0 0 -1
    outer loop
      vertex -50 -10 -33
      vertex -2 -6 -33
      vertex -1.977661652450257 -6.298084532352349 -33
    endloop
  endfacet
  facet normal 0 0 -1
    outer loop
      vertex -50 -10 -33
      vertex -1.977661652450257 -5.701915467647651 -33
      vertex -2 -6 -33
    endloop
  endfacet
  facet normal 0 0 -1
    outer loop
      vertex -50 -10 -33
      vertex -1.9111456115722816 -5.4104896511781915 -33
      vertex -1.977661652450257 -5.701915467647651 -33
    endloop
  endfacet
  facet normal 0 0 -1
    outer loop
      vertex -50 -10 -33
      vertex -1.801937735804838 -5.132232521764884 -33
      vertex -1.9111456115722816 -5.4104896511781915 -33
    endloop
  endfacet
  facet normal 0 0 -1
    outer loop
      vertex -50 -10 -33
      vertex -1.6524775486319898 -4.873359883872756 -33
      vertex -1.801937735804838 -5.132232521764884 -33
    endloop
  endfacet
  facet normal 0 0 -1
    outer loop
      vertex -50 -10 -33
      vertex -1.4661037436596527 -4.639654524458161 -33
      vertex -1.6524775486319898 -4.873359883872756 -33
    endloop
  endfacet
  facet normal 0 0 -1
    outer loop
      vertex -50 -10 -33
      vertex -1.2469796037174674 -4.436337035063941 -33
      vertex -1.4661037436596527 -4.639654524458161 -33
    endloop
  endfacet
  facet normal 0 0 -1
    outer loop
      vertex -50 -10 -33
      vertex -1 -4.267949192431123 -33
      vertex -1.2469796037174674 -4.436337035063941 -33
    endloop
  endfacet
  facet normal 0 0 -1
    outer loop
      vertex -50 -10 -33
      vertex -0.7306820487327901 -4.138252502711591 -33
      vertex -1 -4.267949192431123 -33
    endloop
  endfacet
  facet normal 0 0 -1
    outer loop
      vertex -50 -10 -33
      vertex -0.44504186791262895 -4.050144175636353 -33
      vertex -0.7306820487327901 -4.138252502711591 -33
    endloop
  endfacet
  facet normal 0 0 -1
    outer loop
      vertex -50 -10 -33
      vertex -0.14946018717284823 -7.99440759436236 -33
      vertex 50 -10 -33
    endloop
  endfacet
  facet normal 0 0 1
    outer loop
      vertex -50 -10 -28
      vertex -3.1273259298721188 -8.493959207434935 -28
      vertex -3.3049550972639796 -8.253280232254488 -28
    endloop
  endfacet
  facet normal 0 0 1
    outer loop
      vertex -50 -10 -28
      vertex -3.3049550972639796 -8.253280232254488 -28
      vertex -3.4641016151377544 -8 -28
    endloop
  endfacet
  facet normal 0 0 1
    outer loop
      vertex -50 -10 -28
      vertex -3.4641016151377544 -8 -28
      vertex -3.603875471609676 -7.735534956470233 -28
    endloop
  endfacet
  facet normal 0 0 1
    outer loop
      vertex -50 -10 -28
      vertex -3.603875471609676 -7.735534956470233 -28
      vertex -3.7234949945768174 -7.461364097465579 -28
    endloop
  endfacet
  facet normal 0 0 1
    outer loop
      vertex -50 -10 -28
      vertex -3.7234949945768174 -7.461364097465579 -28
      vertex -3.822291223144563 -7.179020697643617 -28
    endloop
  endfacet
  facet normal 0 0 1
    outer loop
      vertex -50 -10 -28
      vertex -3.822291223144563 -7.179020697643617 -28
      vertex -3.8997116487272945 -6.890083735825258 -28
    endloop
  endfacet
  facet normal 0 0 1
    outer loop
      vertex -50 -10 -28
      vertex -3.8997116487272945 -6.890083735825258 -28
      vertex -3.955323304900514 -6.596169064704698 -28
    endloop
  endfacet
  facet normal 0 0 1
    outer loop
      vertex -50 -10 -28
      vertex -3.955323304900514 -6.596169064704698 -28
      vertex -3.9888151887247205 -6.2989203743456965 -28
    endloop
  endfacet
  facet normal 0 0 1
    outer loop
      vertex -50 -10 -28
      vertex -1.1790206976436166 -9.822291223144564 -28
      vertex -1.4613640974655793 -9.723494994576818 -28
    endloop
  endfacet
  facet normal 0 0 1
    outer loop
      vertex -50 -10 -28
      vertex -0.8900837358252559 -9.899711648727294 -28
      vertex -1.1790206976436166 -9.822291223144564 -28
    endloop
  endfacet
  facet normal 0 0 1
    outer loop
      vertex -50 -10 -28
      vertex -1.4613640974655793 -9.723494994576818 -28
      vertex -1.735534956470233 -9.603875471609676 -28
    endloop
  endfacet
  facet normal 0 0 1
    outer loop
      vertex -50 -10 -28
      vertex -1.735534956470233 -9.603875471609676 -28
      vertex -2 -9.464101615137753 -28
    endloop
  endfacet
  facet normal 0 0 1
    outer loop
      vertex -50 -10 -28
      vertex -2 -9.464101615137753 -28
      vertex -2.253280232254488 -9.30495509726398 -28
    endloop
  endfacet
  facet normal 0 0 1
    outer loop
      vertex -50 -10 -28
      vertex -2.253280232254488 -9.30495509726398 -28
      vertex -2.493959207434935 -9.127325929872118 -28
    endloop
  endfacet
  facet normal 0 0 1
    outer loop
      vertex -50 -10 -28
      vertex -0.5961690647046967 -9.955323304900514 -28
      vertex -0.8900837358252559 -9.899711648727294 -28
    endloop
  endfacet
  facet normal 0 0 1
    outer loop
      vertex -50 -10 -28
      vertex -0.29892037434569646 -9.98881518872472 -28
      vertex -0.5961690647046967 -9.955323304900514 -28
    endloop
  endfacet
  facet normal 0 0 1
    outer loop
      vertex -50 -10 -28
      vertex 0 -10 -28
      vertex -0.29892037434569646 -9.98881518872472 -28
    endloop
  endfacet
  facet normal 0 0 1
    outer loop
      vertex -50 -10 -28
      vertex -2.493959207434935 -9.127325929872118 -28
      vertex -2.720690951083678 -8.932207487319305 -28
    endloop
  endfacet
  facet normal 0 0 1
    outer loop
      vertex -50 -10 -28
      vertex -2.720690951083678 -8.932207487319305 -28
      vertex -2.9322074873193054 -8.720690951083679 -28
    endloop
  endfacet
  facet normal 0 0 1
    outer loop
      vertex -50 -10 -28
      vertex -2.9322074873193054 -8.720690951083679 -28
      vertex -3.1273259298721188 -8.493959207434935 -28
    endloop
  endfacet
  facet normal 0 0 1
    outer loop
      vertex -50 -10 -28
      vertex -3.9888151887247205 -6.2989203743456965 -28
      vertex -4 -6 -28
    endloop
  endfacet
  facet normal 0 0 1
    outer loop
      vertex -50 -10 -28
      vertex -4 -6 -28
      vertex -3.9888151887247205 -5.7010796256543035 -28
    endloop
  endfacet
  facet normal 0 0 1
    outer loop
      vertex -50 -10 -28
      vertex -3.9888151887247205 -5.7010796256543035 -28
      vertex -3.955323304900514 -5.403830935295302 -28
    endloop
  endfacet
  facet normal 0 0 1
    outer loop
      vertex -50 -10 -28
      vertex -3.955323304900514 -5.403830935295302 -28
      vertex -3.8997116487272945 -5.109916264174742 -28
    endloop
  endfacet
  facet normal 0 0 1
    outer loop
      vertex -50 -10 -28
      vertex -3.8997116487272945 -5.109916264174742 -28
      vertex -3.822291223144563 -4.820979302356383 -28
    endloop
  endfacet
  facet normal 0 0 1
    outer loop
      vertex -50 -10 -28
      vertex -3.822291223144563 -4.820979302356383 -28
      vertex -3.7234949945768174 -4.538635902534421 -28
    endloop
  endfacet
  facet normal 0 0 1
    outer loop
      vertex -50 -10 -28
      vertex -3.7234949945768174 -4.538635902534421 -28
      vertex -3.603875471609676 -4.264465043529767 -28
    endloop
  endfacet
  facet normal 0 0 1
    outer loop
      vertex -50 -10 -28
      vertex -3.603875471609676 -4.264465043529767 -28
      vertex -3.4641016151377544 -4 -28
    endloop
  endfacet
  facet normal 0 0 1
    outer loop
      vertex -50 -10 -28
      vertex -3.4641016151377544 -4 -28
      vertex -3.345653031794291 -3.715724127386971 -28
    endloop
  endfacet
  facet normal 0 0 1
    outer loop
      vertex -50 -10 -28
      vertex -3.345653031794291 -3.715724127386971 -28
      vertex -3.596699001693256 -3.4732918522949863 -28
    endloop
  endfacet
  facet normal 0 0 1
    outer loop
      vertex -50 -10 -28
      vertex -3.596699001693256 -3.4732918522949863 -28
      vertex -3.83022221559489 -3.2139380484326963 -28
    endloop
  endfacet
  facet normal 0 0 1
    outer loop
      vertex -50 -10 -28
      vertex -3.83022221559489 -3.2139380484326963 -28
      vertex -4.045084971874737 -2.938926261462366 -28
    endloop
  endfacet
  facet normal 0 0 1
    outer loop
      vertex -50 -10 -28
      vertex -4.045084971874737 -2.938926261462366 -28
      vertex -4.24024048078213 -2.6495963211660243 -28
    endloop
  endfacet
  facet normal 0 0 -1
    outer loop
      vertex -50 -10 -33
      vertex 32 1.75 -33
      vertex -0.44504186791262895 -4.050144175636353 -33
    endloop
  endfacet
  facet normal 0 0 -1
    outer loop
      vertex -50 -10 -33
      vertex -31.706316067504883 -6.230750938091074 -33
      vertex 50 10 -33
    endloop
  endfacet
  facet normal 0 0 -1
    outer loop
      vertex 50 10 -33
      vertex -31.706316067504883 -6.230750938091074 -33
      vertex -31.41765714851933 -6.173333109150404 -33
    endloop
  endfacet
  facet normal 0 0 -1
    outer loop
      vertex 50 10 -33
      vertex -31.41765714851933 -6.173333109150404 -33
      vertex -31.13896227717855 -6.078728948150395 -33
    endloop
  endfacet
  facet normal 0 0 -1
    outer loop
      vertex 50 10 -33
      vertex -31.13896227717855 -6.078728948150395 -33
      vertex -30.875 -5.948557158514987 -33
    endloop
  endfacet
  facet normal 0 0 -1
    outer loop
      vertex 50 10 -33
      vertex -30.875 -5.948557158514987 -33
      vertex -30.63028678473038 -5.785045015655279 -33
    endloop
  endfacet
  facet normal 0 0 -1
    outer loop
      vertex 50 10 -33
      vertex -30.63028678473038 -5.785045015655279 -33
      vertex -30.40900974233027 -5.590990257669732 -33
    endloop
  endfacet
  facet normal 0 0 -1
    outer loop
      vertex 50 10 -33
      vertex -30.40900974233027 -5.590990257669732 -33
      vertex -30.214954984344722 -5.369713215269622 -33
    endloop
  endfacet
  facet normal 0 0 -1
    outer loop
      vertex 50 10 -33
      vertex -30.214954984344722 -5.369713215269622 -33
      vertex -30.051442841485013 -5.125 -33
    endloop
  endfacet
  facet normal 0 0 1
    outer loop
      vertex -4.8907380036690284 -1.0395584540887968 -28
      vertex -31.41765714851933 -6.173333109150404 -28
      vertex -31.706316067504883 -6.230750938091074 -28
    endloop
  endfacet
  facet normal 0 0 1
    outer loop
      vertex -4.951340343707852 -0.6958655048003272 -28
      vertex -31.13896227717855 -6.078728948150395 -28
      vertex -31.41765714851933 -6.173333109150404 -28
    endloop
  endfacet
  facet normal 0 0 1
    outer loop
      vertex -4.951340343707852 -0.6958655048003272 -28
      vertex -30.875 -5.948557158514987 -28
      vertex -31.13896227717855 -6.078728948150395 -28
    endloop
  endfacet
  facet normal 0 0 1
    outer loop
      vertex -4.987820251299121 -0.3487823687206265 -28
      vertex -30.63028678473038 -5.785045015655279 -28
      vertex -30.875 -5.948557158514987 -28
    endloop
  endfacet
  facet normal 0 0 1
    outer loop
      vertex -5 0 -28
      vertex -30.40900974233027 -5.590990257669732 -28
      vertex -30.63028678473038 -5.785045015655279 -28
    endloop
  endfacet
  facet normal 0 0 1
    outer loop
      vertex -50 -10 -28
      vertex -4.24024048078213 -2.6495963211660243 -28
      vertex -4.414737964294635 -2.347357813929454 -28
    endloop
  endfacet
  facet normal 0 0 1
    outer loop
      vertex -50 -10 -28
      vertex -4.414737964294635 -2.347357813929454 -28
      vertex -4.567727288213004 -2.033683215379001 -28
    endloop
  endfacet
  facet normal 0 0 1
    outer loop
      vertex -50 -10 -28
      vertex -4.567727288213004 -2.033683215379001 -28
      vertex -4.698463103929543 -1.7101007166283435 -28
    endloop
  endfacet
  facet normal 0 0 1
    outer loop
      vertex -50 -10 -28
      vertex -4.698463103929543 -1.7101007166283435 -28
      vertex -4.8063084796915945 -1.3781867790849958 -28
    endloop
  endfacet
  facet normal 0 0 1
    outer loop
      vertex -50 -10 -28
      vertex -4.8063084796915945 -1.3781867790849958 -28
      vertex -4.8907380036690284 -1.0395584540887968 -28
    endloop
  endfacet
  facet normal 0 0 1
    outer loop
      vertex -4.987820251299121 0.3487823687206265 -28
      vertex -30.214954984344722 -5.369713215269622 -28
      vertex -30.40900974233027 -5.590990257669732 -28
    endloop
  endfacet
  facet normal 0 0 1
    outer loop
      vertex -4.951340343707852 0.6958655048003272 -28
      vertex -30.051442841485013 -5.125 -28
      vertex -30.214954984344722 -5.369713215269622 -28
    endloop
  endfacet
  facet normal 0 0 1
    outer loop
      vertex -4.951340343707852 0.6958655048003272 -28
      vertex -29.921271051849605 -4.861037722821452 -28
      vertex -30.051442841485013 -5.125 -28
    endloop
  endfacet
  facet normal 0 0 1
    outer loop
      vertex -4.951340343707852 0.6958655048003272 -28
      vertex -29.826666890849594 -4.582342851480671 -28
      vertex -29.921271051849605 -4.861037722821452 -28
    endloop
  endfacet
  facet normal 0 0 1
    outer loop
      vertex -4.951340343707852 0.6958655048003272 -28
      vertex -29.769249061908926 -4.293683932495116 -28
      vertex -29.826666890849594 -4.582342851480671 -28
    endloop
  endfacet
  facet normal 0 0 1
    outer loop
      vertex -4.951340343707852 0.6958655048003272 -28
      vertex -29.75 -4 -28
      vertex -29.769249061908926 -4.293683932495116 -28
    endloop
  endfacet
  facet normal 0 0 1
    outer loop
      vertex -4.8907380036690284 -1.0395584540887968 -28
      vertex -4.951340343707852 -0.6958655048003272 -28
      vertex -31.41765714851933 -6.173333109150404 -28
    endloop
  endfacet
  facet normal 0 0 1
    outer loop
      vertex -4.951340343707852 0.6958655048003272 -28
      vertex -29.769249061908926 -3.706316067504884 -28
      vertex -29.75 -4 -28
    endloop
  endfacet
  facet normal 0 0 1
    outer loop
      vertex -4.951340343707852 0.6958655048003272 -28
      vertex -29.826666890849594 -3.4176571485193286 -28
      vertex -29.769249061908926 -3.706316067504884 -28
    endloop
  endfacet
  facet normal 0 0 1
    outer loop
      vertex -4.951340343707852 0.6958655048003272 -28
      vertex -29.921271051849605 -3.138962277178548 -28
      vertex -29.826666890849594 -3.4176571485193286 -28
    endloop
  endfacet
  facet normal 0 0 1
    outer loop
      vertex -4.951340343707852 0.6958655048003272 -28
      vertex -30.051442841485013 -2.875 -28
      vertex -29.921271051849605 -3.138962277178548 -28
    endloop
  endfacet
  facet normal 0 0 1
    outer loop
      vertex -4.951340343707852 -0.6958655048003272 -28
      vertex -4.987820251299121 -0.3487823687206265 -28
      vertex -30.875 -5.948557158514987 -28
    endloop
  endfacet
  facet normal 0 0 1
    outer loop
      vertex -4.987820251299121 -0.3487823687206265 -28
      vertex -5 0 -28
      vertex -30.63028678473038 -5.785045015655279 -28
    endloop
  endfacet
  facet normal 0 0 1
    outer loop
      vertex -5 0 -28
      vertex -4.987820251299121 0.3487823687206265 -28
      vertex -30.40900974233027 -5.590990257669732 -28
    endloop
  endfacet
  facet normal 0 0 1
    outer loop
      vertex -4.987820251299121 0.3487823687206265 -28
      vertex -4.951340343707852 0.6958655048003272 -28
      vertex -30.214954984344722 -5.369713215269622 -28
    endloop
  endfacet
  facet normal 0 0 1
    outer loop
      vertex -3.4641016151377544 -4 -28
      vertex -3.306252716701374 -3.748784917249706 -28
      vertex -3.345653031794291 -3.715724127386971 -28
    endloop
  endfacet
  facet normal 0 0 -1
    outer loop
      vertex -50 10 -33
      vertex -34.173333109150406 -3.4176571485193286 -33
      vertex -34.23075093809107 -3.706316067504884 -33
    endloop
  endfacet
  facet normal 0 0 -1
    outer loop
      vertex -50 10 -33
      vertex -34.07872894815039 -3.138962277178548 -33
      vertex -34.173333109150406 -3.4176571485193286 -33
    endloop
  endfacet
  facet normal 0 0 -1
    outer loop
      vertex -50 10 -33
      vertex -33.94855715851499 -2.875 -33
      vertex -34.07872894815039 -3.138962277178548 -33
    endloop
  endfacet
  facet normal 0 0 -1
    outer loop
      vertex -50 10 -33
      vertex -33.78504501565528 -2.6302867847303784 -33
      vertex -33.94855715851499 -2.875 -33
    endloop
  endfacet
  facet normal 0 0 -1
    outer loop
      vertex -50 10 -33
      vertex -33.59099025766973 -2.4090097423302677 -33
      vertex -33.78504501565528 -2.6302867847303784 -33
    endloop
  endfacet
  facet normal 0 0 -1
    outer loop
      vertex -50 10 -33
      vertex -33.36971321526962 -2.214954984344721 -33
      vertex -33.59099025766973 -2.4090097423302677 -33
    endloop
  endfacet
  facet normal 0 0 -1
    outer loop
      vertex -50 10 -33
      vertex -33.125 -2.051442841485013 -33
      vertex -33.36971321526962 -2.214954984344721 -33
    endloop
  endfacet
  facet normal 0 0 -1
    outer loop
      vertex -50 10 -33
      vertex -32.86103772282145 -1.921271051849605 -33
      vertex -33.125 -2.051442841485013 -33
    endloop
  endfacet
  facet normal 0 0 -1
    outer loop
      vertex -50 10 -33
      vertex -32.582342851480675 -1.8266668908495962 -33
      vertex -32.86103772282145 -1.921271051849605 -33
    endloop
  endfacet
  facet normal 0 0 -1
    outer loop
      vertex -50 10 -33
      vertex -32.293683932495114 -1.7692490619089267 -33
      vertex -32.582342851480675 -1.8266668908495962 -33
    endloop
  endfacet
  facet normal -1 0 0
    outer loop
      vertex -50 -10 -33
      vertex -50 10 -28
      vertex -50 10 -33
    endloop
  endfacet
  facet normal 0 0 -1
    outer loop
      vertex -50 10 -33
      vertex -34.07872894815039 3.138962277178548 -33
      vertex -32.293683932495114 -1.7692490619089267 -33
    endloop
  endfacet
  facet normal 0 0 -1
    outer loop
      vertex -32.293683932495114 -1.7692490619089267 -33
      vertex -32.582342851480675 1.8266668908495962 -33
      vertex -32.293683932495114 1.7692490619089267 -33
    endloop
  endfacet
  facet normal 0 0 -1
    outer loop
      vertex -32.293683932495114 -1.7692490619089267 -33
      vertex -32.293683932495114 1.7692490619089267 -33
      vertex -32 1.75 -33
    endloop
  endfacet
  facet normal 0 0 -1
    outer loop
      vertex -32 -1.75 -33
      vertex -32 1.75 -33
      vertex -31.706316067504883 1.7692490619089267 -33
    endloop
  endfacet
  facet normal 0 0 -1
    outer loop
      vertex -31.706316067504883 -1.7692490619089267 -33
      vertex -31.706316067504883 1.7692490619089267 -33
      vertex -31.41765714851933 1.8266668908495962 -33
    endloop
  endfacet
  facet normal 0 0 -1
    outer loop
      vertex -32.293683932495114 -1.7692490619089267 -33
      vertex -33.36971321526962 2.214954984344721 -33
      vertex -33.125 2.051442841485013 -33
    endloop
  endfacet
  facet normal 0 0 -1
    outer loop
      vertex -32.293683932495114 -1.7692490619089267 -33
      vertex -33.78504501565528 2.6302867847303784 -33
      vertex -33.59099025766973 2.4090097423302677 -33
    endloop
  endfacet
  facet normal 0 0 -1
    outer loop
      vertex -32.293683932495114 -1.7692490619089267 -33
      vertex -33.59099025766973 2.4090097423302677 -33
      vertex -33.36971321526962 2.214954984344721 -33
    endloop
  endfacet
  facet normal 0 0 -1
    outer loop
      vertex -32.293683932495114 -1.7692490619089267 -33
      vertex -33.94855715851499 2.875 -33
      vertex -33.78504501565528 2.6302867847303784 -33
    endloop
  endfacet
  facet normal 0 0 -1
    outer loop
      vertex -32.293683932495114 -1.7692490619089267 -33
      vertex -32.86103772282145 1.921271051849605 -33
      vertex -32.582342851480675 1.8266668908495962 -33
    endloop
  endfacet
  facet normal 0 0 -1
    outer loop
      vertex -32.293683932495114 -1.7692490619089267 -33
      vertex -33.125 2.051442841485013 -33
      vertex -32.86103772282145 1.921271051849605 -33
    endloop
  endfacet
  facet normal 0 0 -1
    outer loop
      vertex -31.41765714851933 -1.8266668908495962 -33
      vertex -31.41765714851933 1.8266668908495962 -33
      vertex -31.13896227717855 1.921271051849605 -33
    endloop
  endfacet
  facet normal 0 0 -1
    outer loop
      vertex -32.293683932495114 -1.7692490619089267 -33
      vertex -34.07872894815039 3.138962277178548 -33
      vertex -33.94855715851499 2.875 -33
    endloop
  endfacet
  facet normal 0 0 -1
    outer loop
      vertex -31.13896227717855 -1.921271051849605 -33
      vertex -31.13896227717855 1.921271051849605 -33
      vertex -30.875 2.051442841485013 -33
    endloop
  endfacet
  facet normal 0 0 -1
    outer loop
      vertex -30.875 -2.051442841485013 -33
      vertex -30.875 2.051442841485013 -33
      vertex -30.63028678473038 2.214954984344721 -33
    endloop
  endfacet
  facet normal 0 0 -1
    outer loop
      vertex -30.63028678473038 -2.214954984344721 -33
      vertex -30.63028678473038 2.214954984344721 -33
      vertex -30.40900974233027 2.4090097423302677 -33
    endloop
  endfacet
  facet normal 0 0 -1
    outer loop
      vertex -30.40900974233027 -2.4090097423302677 -33
      vertex -30.40900974233027 2.4090097423302677 -33
      vertex -30.214954984344722 2.6302867847303784 -33
    endloop
  endfacet
  facet normal 0 0 -1
    outer loop
      vertex -30.214954984344722 -2.6302867847303784 -33
      vertex -30.214954984344722 2.6302867847303784 -33
      vertex -30.051442841485013 2.875 -33
    endloop
  endfacet
  facet normal 0 0 -1
    outer loop
      vertex -30.051442841485013 -2.875 -33
      vertex -30.051442841485013 2.875 -33
      vertex -29.921271051849605 3.138962277178548 -33
    endloop
  endfacet
  facet normal 0 0 -1
    outer loop
      vertex -29.921271051849605 -3.138962277178548 -33
      vertex -29.921271051849605 3.138962277178548 -33
      vertex -29.826666890849594 3.4176571485193286 -33
    endloop
  endfacet
  facet normal 0 0 1
    outer loop
      vertex -50 -10 -28
      vertex -34.23075093809107 3.706316067504884 -28
      vertex -50 10 -28
    endloop
  endfacet
  facet normal 0 0 1
    outer loop
      vertex -32.293683932495114 -1.7692490619089267 -28
      vertex -32.293683932495114 1.7692490619089267 -28
      vertex -32.582342851480675 1.8266668908495962 -28
    endloop
  endfacet
  facet normal 0 0 1
    outer loop
      vertex -32 -1.75 -28
      vertex -32 1.75 -28
      vertex -32.293683932495114 1.7692490619089267 -28
    endloop
  endfacet
  facet normal 0 0 1
    outer loop
      vertex -31.706316067504883 -1.7692490619089267 -28
      vertex -31.706316067504883 1.7692490619089267 -28
      vertex -32 1.75 -28
    endloop
  endfacet
  facet normal 0 0 1
    outer loop
      vertex -31.41765714851933 -1.8266668908495962 -28
      vertex -31.41765714851933 1.8266668908495962 -28
      vertex -31.706316067504883 1.7692490619089267 -28
    endloop
  endfacet
  facet normal 0 0 1
    outer loop
      vertex -32.86103772282145 -1.921271051849605 -28
      vertex -32.86103772282145 1.921271051849605 -28
      vertex -33.125 2.051442841485013 -28
    endloop
  endfacet
  facet normal 0 0 1
    outer loop
      vertex -32.582342851480675 -1.8266668908495962 -28
      vertex -32.582342851480675 1.8266668908495962 -28
      vertex -32.86103772282145 1.921271051849605 -28
    endloop
  endfacet
  facet normal 0 0 1
    outer loop
      vertex -31.13896227717855 -1.921271051849605 -28
      vertex -31.13896227717855 1.921271051849605 -28
      vertex -31.41765714851933 1.8266668908495962 -28
    endloop
  endfacet
  facet normal 0 0 1
    outer loop
      vertex -30.875 -2.051442841485013 -28
      vertex -30.875 2.051442841485013 -28
      vertex -31.13896227717855 1.921271051849605 -28
    endloop
  endfacet
  facet normal 0 0 1
    outer loop
      vertex -30.63028678473038 -2.214954984344721 -28
      vertex -30.63028678473038 2.214954984344721 -28
      vertex -30.875 2.051442841485013 -28
    endloop
  endfacet
  facet normal 0 0 1
    outer loop
      vertex -30.40900974233027 -2.4090097423302677 -28
      vertex -30.40900974233027 2.4090097423302677 -28
      vertex -30.63028678473038 2.214954984344721 -28
    endloop
  endfacet
  facet normal 0 0 1
    outer loop
      vertex -30.214954984344722 -2.6302867847303784 -28
      vertex -30.214954984344722 2.6302867847303784 -28
      vertex -30.40900974233027 2.4090097423302677 -28
    endloop
  endfacet
  facet normal 0 0 1
    outer loop
      vertex -30.051442841485013 -2.875 -28
      vertex -30.051442841485013 2.875 -28
      vertex -30.214954984344722 2.6302867847303784 -28
    endloop
  endfacet
  facet normal 0 0 -1
    outer loop
      vertex -50 10 -33
      vertex -34.173333109150406 3.4176571485193286 -33
      vertex -34.07872894815039 3.138962277178548 -33
    endloop
  endfacet
  facet normal 0 0 -1
    outer loop
      vertex -50 10 -33
      vertex -34.23075093809107 3.706316067504884 -33
      vertex -34.173333109150406 3.4176571485193286 -33
    endloop
  endfacet
  facet normal 0 0 -1
    outer loop
      vertex -50 10 -33
      vertex -34.25 4 -33
      vertex -34.23075093809107 3.706316067504884 -33
    endloop
  endfacet
  facet normal 0 0 -1
    outer loop
      vertex -50 10 -33
      vertex -34.23075093809107 4.293683932495116 -33
      vertex -34.25 4 -33
    endloop
  endfacet
  facet normal 0 0 -1
    outer loop
      vertex -50 10 -33
      vertex -34.173333109150406 4.582342851480671 -33
      vertex -34.23075093809107 4.293683932495116 -33
    endloop
  endfacet
  facet normal 0 0 -1
    outer loop
      vertex -50 10 -33
      vertex -34.07872894815039 4.861037722821452 -33
      vertex -34.173333109150406 4.582342851480671 -33
    endloop
  endfacet
  facet normal 0 0 -1
    outer loop
      vertex -50 10 -33
      vertex -33.94855715851499 5.125 -33
      vertex -34.07872894815039 4.861037722821452 -33
    endloop
  endfacet
  facet normal 0 0 -1
    outer loop
      vertex -50 10 -33
      vertex -33.78504501565528 5.369713215269622 -33
      vertex -33.94855715851499 5.125 -33
    endloop
  endfacet
  facet normal 0 0 -1
    outer loop
      vertex -50 10 -33
      vertex -33.59099025766973 5.590990257669732 -33
      vertex -33.78504501565528 5.369713215269622 -33
    endloop
  endfacet
  facet normal 0 0 -1
    outer loop
      vertex -50 10 -33
      vertex -33.36971321526962 5.785045015655279 -33
      vertex -33.59099025766973 5.590990257669732 -33
    endloop
  endfacet
  facet normal 0 0 -1
    outer loop
      vertex -50 10 -33
      vertex -33.125 5.948557158514987 -33
      vertex -33.36971321526962 5.785045015655279 -33
    endloop
  endfacet
  facet normal 0 0 -1
    outer loop
      vertex -50 10 -33
      vertex -32.86103772282145 6.078728948150395 -33
      vertex -33.125 5.948557158514987 -33
    endloop
  endfacet
  facet normal 0 0 -1
    outer loop
      vertex -50 10 -33
      vertex -32.582342851480675 6.173333109150404 -33
      vertex -32.86103772282145 6.078728948150395 -33
    endloop
  endfacet
  facet normal 0 0 -1
    outer loop
      vertex -50 10 -33
      vertex -32.293683932495114 6.230750938091074 -33
      vertex -32.582342851480675 6.173333109150404 -33
    endloop
  endfacet
  facet normal 0 0 -1
    outer loop
      vertex -50 10 -33
      vertex -32 6.25 -33
      vertex -32.293683932495114 6.230750938091074 -33
    endloop
  endfacet
  facet normal 0 0 1
    outer loop
      vertex -50 10 -28
      vertex -34.23075093809107 3.706316067504884 -28
      vertex -34.25 4 -28
    endloop
  endfacet
  facet normal 0 0 1
    outer loop
      vertex -50 10 -28
      vertex -34.25 4 -28
      vertex -34.23075093809107 4.293683932495116 -28
    endloop
  endfacet
  facet normal 0 0 1
    outer loop
      vertex -50 10 -28
      vertex -34.23075093809107 4.293683932495116 -28
      vertex -34.173333109150406 4.582342851480671 -28
    endloop
  endfacet
  facet normal 0 0 1
    outer loop
      vertex -50 10 -28
      vertex -34.173333109150406 4.582342851480671 -28
      vertex -34.07872894815039 4.861037722821452 -28
    endloop
  endfacet
  facet normal 0 0 1
    outer loop
      vertex -50 10 -28
      vertex -34.07872894815039 4.861037722821452 -28
      vertex -33.94855715851499 5.125 -28
    endloop
  endfacet
  facet normal 0 0 1
    outer loop
      vertex -50 10 -28
      vertex -33.94855715851499 5.125 -28
      vertex -33.78504501565528 5.369713215269622 -28
    endloop
  endfacet
  facet normal 0 0 1
    outer loop
      vertex -50 10 -28
      vertex -33.78504501565528 5.369713215269622 -28
      vertex -33.59099025766973 5.590990257669732 -28
    endloop
  endfacet
  facet normal 0 0 1
    outer loop
      vertex -50 10 -28
      vertex -33.59099025766973 5.590990257669732 -28
      vertex -33.36971321526962 5.785045015655279 -28
    endloop
  endfacet
  facet normal 0 0 1
    outer loop
      vertex -50 10 -28
      vertex -33.36971321526962 5.785045015655279 -28
      vertex -33.125 5.948557158514987 -28
    endloop
  endfacet
  facet normal 0 0 1
    outer loop
      vertex -50 10 -28
      vertex -33.125 5.948557158514987 -28
      vertex -32.86103772282145 6.078728948150395 -28
    endloop
  endfacet
  facet normal 0 0 1
    outer loop
      vertex -50 10 -28
      vertex -32.86103772282145 6.078728948150395 -28
      vertex -32.582342851480675 6.173333109150404 -28
    endloop
  endfacet
  facet normal 0 0 1
    outer loop
      vertex -50 10 -28
      vertex -32.582342851480675 6.173333109150404 -28
      vertex -32.293683932495114 6.230750938091074 -28
    endloop
  endfacet
  facet normal 0 0 1
    outer loop
      vertex -50 10 -28
      vertex -32.293683932495114 6.230750938091074 -28
      vertex -32 6.25 -28
    endloop
  endfacet
  facet normal 0 0 1
    outer loop
      vertex -50 10 -28
      vertex -32 6.25 -28
      vertex -31.706316067504883 6.230750938091074 -28
    endloop
  endfacet
  facet normal 0 0 1
    outer loop
      vertex -50 10 -28
      vertex -31.706316067504883 6.230750938091074 -28
      vertex -4.8907380036690284 1.0395584540887968 -28
    endloop
  endfacet
  facet normal 0 0 -1
    outer loop
      vertex 50 10 -33
      vertex -30.051442841485013 -5.125 -33
      vertex -29.921271051849605 -4.861037722821452 -33
    endloop
  endfacet
  facet normal 0 0 -1
    outer loop
      vertex 50 10 -33
      vertex -29.921271051849605 -4.861037722821452 -33
      vertex -29.826666890849594 -4.582342851480671 -33
    endloop
  endfacet
  facet normal 0 0 -1
    outer loop
      vertex 50 10 -33
      vertex -29.826666890849594 -4.582342851480671 -33
      vertex -29.769249061908926 -4.293683932495116 -33
    endloop
  endfacet
  facet normal 0 0 -1
    outer loop
      vertex 50 10 -33
      vertex -29.769249061908926 -4.293683932495116 -33
      vertex -29.75 -4 -33
    endloop
  endfacet
  facet normal 0 0 -1
    outer loop
      vertex 50 10 -33
      vertex -29.75 -4 -33
      vertex -29.769249061908926 -3.706316067504884 -33
    endloop
  endfacet
  facet normal 0 0 -1
    outer loop
      vertex 50 10 -33
      vertex -29.769249061908926 -3.706316067504884 -33
      vertex -29.826666890849594 -3.4176571485193286 -33
    endloop
  endfacet
  facet normal 0 0 -1
    outer loop
      vertex 50 10 -33
      vertex -29.826666890849594 -3.4176571485193286 -33
      vertex -29.826666890849594 3.4176571485193286 -33
    endloop
  endfacet
  facet normal 0 0 1
    outer loop
      vertex -4.951340343707852 0.6958655048003272 -28
      vertex -30.051442841485013 2.875 -28
      vertex -30.051442841485013 -2.875 -28
    endloop
  endfacet
  facet normal 0 0 1
    outer loop
      vertex -4.951340343707852 0.6958655048003272 -28
      vertex -29.921271051849605 3.138962277178548 -28
      vertex -30.051442841485013 2.875 -28
    endloop
  endfacet
  facet normal 0 0 1
    outer loop
      vertex -4.951340343707852 0.6958655048003272 -28
      vertex -29.826666890849594 3.4176571485193286 -28
      vertex -29.921271051849605 3.138962277178548 -28
    endloop
  endfacet
  facet normal 0 0 1
    outer loop
      vertex -4.951340343707852 0.6958655048003272 -28
      vertex -29.769249061908926 3.706316067504884 -28
      vertex -29.826666890849594 3.4176571485193286 -28
    endloop
  endfacet
  facet normal 0 0 1
    outer loop
      vertex -4.951340343707852 0.6958655048003272 -28
      vertex -29.75 4 -28
      vertex -29.769249061908926 3.706316067504884 -28
    endloop
  endfacet
  facet normal 0 0 1
    outer loop
      vertex -4.951340343707852 0.6958655048003272 -28
      vertex -29.769249061908926 4.293683932495116 -28
      vertex -29.75 4 -28
    endloop
  endfacet
  facet normal 0 0 1
    outer loop
      vertex -4.951340343707852 0.6958655048003272 -28
      vertex -29.826666890849594 4.582342851480671 -28
      vertex -29.769249061908926 4.293683932495116 -28
    endloop
  endfacet
  facet normal 0 0 1
    outer loop
      vertex -4.951340343707852 0.6958655048003272 -28
      vertex -29.921271051849605 4.861037722821452 -28
      vertex -29.826666890849594 4.582342851480671 -28
    endloop
  endfacet
  facet normal 0 0 1
    outer loop
      vertex -4.951340343707852 0.6958655048003272 -28
      vertex -30.051442841485013 5.125 -28
      vertex -29.921271051849605 4.861037722821452 -28
    endloop
  endfacet
  facet normal 0 0 1
    outer loop
      vertex -4.951340343707852 0.6958655048003272 -28
      vertex -30.214954984344722 5.369713215269622 -28
      vertex -30.051442841485013 5.125 -28
    endloop
  endfacet
  facet normal 0 0 1
    outer loop
      vertex -4.951340343707852 0.6958655048003272 -28
      vertex -30.63028678473038 5.785045015655279 -28
      vertex -30.40900974233027 5.590990257669732 -28
    endloop
  endfacet
  facet normal 0 0 1
    outer loop
      vertex -4.951340343707852 0.6958655048003272 -28
      vertex -30.875 5.948557158514987 -28
      vertex -30.63028678473038 5.785045015655279 -28
    endloop
  endfacet
  facet normal 0 0 1
    outer loop
      vertex -4.951340343707852 0.6958655048003272 -28
      vertex -31.13896227717855 6.078728948150395 -28
      vertex -30.875 5.948557158514987 -28
    endloop
  endfacet
  facet normal 0 0 1
    outer loop
      vertex -4.8907380036690284 1.0395584540887968 -28
      vertex -31.706316067504883 6.230750938091074 -28
      vertex -31.41765714851933 6.173333109150404 -28
    endloop
  endfacet
  facet normal 0 0 1
    outer loop
      vertex -4.8907380036690284 1.0395584540887968 -28
      vertex -31.41765714851933 6.173333109150404 -28
      vertex -31.13896227717855 6.078728948150395 -28
    endloop
  endfacet
  facet normal 0 0 1
    outer loop
      vertex -4.951340343707852 0.6958655048003272 -28
      vertex -30.40900974233027 5.590990257669732 -28
      vertex -30.214954984344722 5.369713215269622 -28
    endloop
  endfacet
  facet normal 0 0 1
    outer loop
      vertex -50 10 -28
      vertex -4.8907380036690284 1.0395584540887968 -28
      vertex -4.8063084796915945 1.3781867790849958 -28
    endloop
  endfacet
  facet normal 0 0 1
    outer loop
      vertex -50 10 -28
      vertex -4.8063084796915945 1.3781867790849958 -28
      vertex -4.698463103929543 1.7101007166283435 -28
    endloop
  endfacet
  facet normal 0 0 1
    outer loop
      vertex -50 10 -28
      vertex -4.698463103929543 1.7101007166283435 -28
      vertex -4.567727288213004 2.033683215379001 -28
    endloop
  endfacet
  facet normal 0 0 1
    outer loop
      vertex -50 10 -28
      vertex -4.567727288213004 2.033683215379001 -28
      vertex -4.414737964294635 2.347357813929454 -28
    endloop
  endfacet
  facet normal 0 0 1
    outer loop
      vertex -50 10 -28
      vertex -4.414737964294635 2.347357813929454 -28
      vertex -4.24024048078213 2.6495963211660243 -28
    endloop
  endfacet
  facet normal 0 0 1
    outer loop
      vertex -4.951340343707852 0.6958655048003272 -28
      vertex -4.8907380036690284 1.0395584540887968 -28
      vertex -31.13896227717855 6.078728948150395 -28
    endloop
  endfacet
  facet normal 0 1 0
    outer loop
      vertex -50 10 -33
      vertex -50 10 -28
      vertex 50 10 -33
    endloop
  endfacet
  facet normal 0 0 -1
    outer loop
      vertex 50 10 -33
      vertex -29.826666890849594 3.4176571485193286 -33
      vertex -29.769249061908926 3.706316067504884 -33
    endloop
  endfacet
  facet normal 0 0 -1
    outer loop
      vertex 50 10 -33
      vertex -29.769249061908926 3.706316067504884 -33
      vertex -29.75 4 -33
    endloop
  endfacet
  facet normal 0 0 -1
    outer loop
      vertex 50 10 -33
      vertex -29.75 4 -33
      vertex -29.769249061908926 4.293683932495116 -33
    endloop
  endfacet
  facet normal 0 0 -1
    outer loop
      vertex 50 10 -33
      vertex -29.769249061908926 4.293683932495116 -33
      vertex -29.826666890849594 4.582342851480671 -33
    endloop
  endfacet
  facet normal 0 0 -1
    outer loop
      vertex 50 10 -33
      vertex -29.826666890849594 4.582342851480671 -33
      vertex -29.921271051849605 4.861037722821452 -33
    endloop
  endfacet
  facet normal 0 0 -1
    outer loop
      vertex 50 10 -33
      vertex -29.921271051849605 4.861037722821452 -33
      vertex -30.051442841485013 5.125 -33
    endloop
  endfacet
  facet normal 0 0 -1
    outer loop
      vertex 50 10 -33
      vertex -30.051442841485013 5.125 -33
      vertex -30.214954984344722 5.369713215269622 -33
    endloop
  endfacet
  facet normal 0 0 -1
    outer loop
      vertex 50 10 -33
      vertex -30.214954984344722 5.369713215269622 -33
      vertex -30.40900974233027 5.590990257669732 -33
    endloop
  endfacet
  facet normal 0 0 -1
    outer loop
      vertex 50 10 -33
      vertex -30.40900974233027 5.590990257669732 -33
      vertex -30.63028678473038 5.785045015655279 -33
    endloop
  endfacet
  facet normal 0 0 -1
    outer loop
      vertex 50 10 -33
      vertex -30.875 5.948557158514987 -33
      vertex -31.13896227717855 6.078728948150395 -33
    endloop
  endfacet
  facet normal 0 0 -1
    outer loop
      vertex 50 10 -33
      vertex -31.706316067504883 6.230750938091074 -33
      vertex -32 6.25 -33
    endloop
  endfacet
  facet normal 0 0 -1
    outer loop
      vertex 50 10 -33
      vertex -31.41765714851933 6.173333109150404 -33
      vertex -31.706316067504883 6.230750938091074 -33
    endloop
  endfacet
  facet normal 0 0 -1
    outer loop
      vertex 50 10 -33
      vertex -31.13896227717855 6.078728948150395 -33
      vertex -31.41765714851933 6.173333109150404 -33
    endloop
  endfacet
  facet normal 0 0 -1
    outer loop
      vertex 50 10 -33
      vertex -30.63028678473038 5.785045015655279 -33
      vertex -30.875 5.948557158514987 -33
    endloop
  endfacet
  facet normal 0 0 -1
    outer loop
      vertex -50 10 -33
      vertex 50 10 -33
      vertex -32 6.25 -33
    endloop
  endfacet
  facet normal 0 0 1
    outer loop
      vertex -50 10 -28
      vertex -4.24024048078213 2.6495963211660243 -28
      vertex -4.045084971874737 2.938926261462366 -28
    endloop
  endfacet
  facet normal 0 0 1
    outer loop
      vertex -50 10 -28
      vertex -4.045084971874737 2.938926261462366 -28
      vertex -3.83022221559489 3.2139380484326963 -28
    endloop
  endfacet
  facet normal 0 0 1
    outer loop
      vertex -50 10 -28
      vertex -3.83022221559489 3.2139380484326963 -28
      vertex -3.596699001693256 3.4732918522949863 -28
    endloop
  endfacet
  facet normal 0 0 1
    outer loop
      vertex -50 10 -28
      vertex -3.596699001693256 3.4732918522949863 -28
      vertex -3.345653031794291 3.715724127386971 -28
    endloop
  endfacet
  facet normal 0 0 1
    outer loop
      vertex -50 10 -28
      vertex -3.345653031794291 3.715724127386971 -28
      vertex -3.0783073766282913 3.9400537680336094 -28
    endloop
  endfacet
  facet normal 0 0 1
    outer loop
      vertex -50 10 -28
      vertex -3.0783073766282913 3.9400537680336094 -28
      vertex -2.7959645173537346 4.145187862775209 -28
    endloop
  endfacet
  facet normal 0 0 1
    outer loop
      vertex -50 10 -28
      vertex -2.7959645173537346 4.145187862775209 -28
      vertex -2.5 4.330127018922193 -28
    endloop
  endfacet
  facet normal 0 0 1
    outer loop
      vertex -50 10 -28
      vertex -2.5 4.330127018922193 -28
      vertex -2.1918557339453875 4.493970231495835 -28
    endloop
  endfacet
  facet normal 0 0 1
    outer loop
      vertex -50 10 -28
      vertex -2.1918557339453875 4.493970231495835 -28
      vertex -1.87303296707956 4.635919272833937 -28
    endloop
  endfacet
  facet normal 0 0 1
    outer loop
      vertex -50 10 -28
      vertex -1.87303296707956 4.635919272833937 -28
      vertex -1.545084971874737 4.755282581475767 -28
    endloop
  endfacet
  facet normal 0 0 1
    outer loop
      vertex -50 10 -28
      vertex -1.545084971874737 4.755282581475767 -28
      vertex -1.2096094779983386 4.851478631379982 -28
    endloop
  endfacet
  facet normal 0 0 1
    outer loop
      vertex -50 10 -28
      vertex -1.2096094779983386 4.851478631379982 -28
      vertex -0.8682408883346516 4.92403876506104 -28
    endloop
  endfacet
  facet normal 0 0 1
    outer loop
      vertex -50 10 -28
      vertex -0.8682408883346516 4.92403876506104 -28
      vertex -0.5226423163382674 4.972609476841367 -28
    endloop
  endfacet
  facet normal 0 0 1
    outer loop
      vertex -50 10 -28
      vertex -0.5226423163382674 4.972609476841367 -28
      vertex -0.17449748351250485 4.9969541350954785 -28
    endloop
  endfacet
  facet normal 0 0 1
    outer loop
      vertex -50 10 -28
      vertex -0.17449748351250485 4.9969541350954785 -28
      vertex 0.17449748351250485 4.9969541350954785 -28
    endloop
  endfacet
  facet normal 0 0 1
    outer loop
      vertex -50 10 -28
      vertex 0.17449748351250485 4.9969541350954785 -28
      vertex 0.5226423163382674 4.972609476841367 -28
    endloop
  endfacet
  facet normal 0 -1 0
    outer loop
      vertex -50 -10 -33
      vertex 50 -10 -28
      vertex 0 -10 -28
    endloop
  endfacet
  facet normal 0 0 -1
    outer loop
      vertex 0.44504186791262795 -7.949855824363647 -33
      vertex 0.7306820487327906 -7.861747497288408 -33
      vertex 31.706316067504883 -6.230750938091074 -33
    endloop
  endfacet
  facet normal 0 0 -1
    outer loop
      vertex 0.7306820487327906 -7.861747497288408 -33
      vertex 1 -7.732050807568877 -33
      vertex 31.13896227717855 -6.078728948150395 -33
    endloop
  endfacet
  facet normal 0 0 -1
    outer loop
      vertex 1 -7.732050807568877 -33
      vertex 1.2469796037174667 -7.56366296493606 -33
      vertex 30.875 -5.948557158514987 -33
    endloop
  endfacet
  facet normal 0 0 -1
    outer loop
      vertex 1.2469796037174667 -7.56366296493606 -33
      vertex 1.4661037436596531 -7.3603454755418385 -33
      vertex 30.63028678473038 -5.785045015655279 -33
    endloop
  endfacet
  facet normal 0 0 -1
    outer loop
      vertex 1.4661037436596531 -7.3603454755418385 -33
      vertex 1.6524775486319898 -7.126640116127244 -33
      vertex 30.40900974233027 -5.590990257669732 -33
    endloop
  endfacet
  facet normal 0 0 -1
    outer loop
      vertex 1.801937735804838 -6.867767478235116 -33
      vertex 30.214954984344722 -5.369713215269622 -33
      vertex 1.6524775486319898 -7.126640116127244 -33
    endloop
  endfacet
  facet normal 0 0 -1
    outer loop
      vertex 1.9111456115722811 -6.589510348821809 -33
      vertex 30.051442841485013 -5.125 -33
      vertex 1.801937735804838 -6.867767478235116 -33
    endloop
  endfacet
  facet normal 0 0 -1
    outer loop
      vertex 1.9776616524502573 -6.298084532352348 -33
      vertex 29.921271051849605 -4.861037722821452 -33
      vertex 1.9111456115722811 -6.589510348821809 -33
    endloop
  endfacet
  facet normal 0 0 -1
    outer loop
      vertex 2 -6 -33
      vertex 29.826666890849594 -4.582342851480671 -33
      vertex 1.9776616524502573 -6.298084532352348 -33
    endloop
  endfacet
  facet normal 0 0 -1
    outer loop
      vertex 1.977661652450257 -5.701915467647651 -33
      vertex 29.75 -4 -33
      vertex 2 -6 -33
    endloop
  endfacet
  facet normal 0 0 -1
    outer loop
      vertex 1.9111456115722814 -5.4104896511781915 -33
      vertex 29.75 -4 -33
      vertex 1.977661652450257 -5.701915467647651 -33
    endloop
  endfacet
  facet normal 0 -1 0
    outer loop
      vertex -50 -10 -33
      vertex 50 -10 -33
      vertex 50 -10 -28
    endloop
  endfacet
  facet normal 0 0 -1
    outer loop
      vertex 50 -10 -33
      vertex -0.14946018717284823 -7.99440759436236 -33
      vertex 0.14946018717284823 -7.99440759436236 -33
    endloop
  endfacet
  facet normal 0 0 -1
    outer loop
      vertex 50 -10 -33
      vertex 0.14946018717284823 -7.99440759436236 -33
      vertex 0.44504186791262795 -7.949855824363647 -33
    endloop
  endfacet
  facet normal 0 0 -1
    outer loop
      vertex 1 -7.732050807568877 -33
      vertex 30.875 -5.948557158514987 -33
      vertex 31.13896227717855 -6.078728948150395 -33
    endloop
  endfacet
  facet normal 0 0 -1
    outer loop
      vertex 0.7306820487327906 -7.861747497288408 -33
      vertex 31.41765714851933 -6.173333109150404 -33
      vertex 31.706316067504883 -6.230750938091074 -33
    endloop
  endfacet
  facet normal 0 0 -1
    outer loop
      vertex 0.7306820487327906 -7.861747497288408 -33
      vertex 31.13896227717855 -6.078728948150395 -33
      vertex 31.41765714851933 -6.173333109150404 -33
    endloop
  endfacet
  facet normal 0 0 -1
    outer loop
      vertex 1.2469796037174667 -7.56366296493606 -33
      vertex 30.63028678473038 -5.785045015655279 -33
      vertex 30.875 -5.948557158514987 -33
    endloop
  endfacet
  facet normal 0 0 -1
    outer loop
      vertex 1.4661037436596531 -7.3603454755418385 -33
      vertex 30.40900974233027 -5.590990257669732 -33
      vertex 30.63028678473038 -5.785045015655279 -33
    endloop
  endfacet
  facet normal 0 0 -1
    outer loop
      vertex 1.6524775486319898 -7.126640116127244 -33
      vertex 30.214954984344722 -5.369713215269622 -33
      vertex 30.40900974233027 -5.590990257669732 -33
    endloop
  endfacet
  facet normal 0 0 -1
    outer loop
      vertex 1.801937735804838 -6.867767478235116 -33
      vertex 30.051442841485013 -5.125 -33
      vertex 30.214954984344722 -5.369713215269622 -33
    endloop
  endfacet
  facet normal 0 0 -1
    outer loop
      vertex 1.9111456115722811 -6.589510348821809 -33
      vertex 29.921271051849605 -4.861037722821452 -33
      vertex 30.051442841485013 -5.125 -33
    endloop
  endfacet
  facet normal 0 0 -1
    outer loop
      vertex 1.9776616524502573 -6.298084532352348 -33
      vertex 29.826666890849594 -4.582342851480671 -33
      vertex 29.921271051849605 -4.861037722821452 -33
    endloop
  endfacet
  facet normal 0 0 1
    outer loop
      vertex 0 -10 -28
      vertex 50 -10 -28
      vertex 0.29892037434569646 -9.98881518872472 -28
    endloop
  endfacet
  facet normal 0 0 1
    outer loop
      vertex 0.29892037434569646 -9.98881518872472 -28
      vertex 50 -10 -28
      vertex 0.5961690647046967 -9.955323304900514 -28
    endloop
  endfacet
  facet normal 0 0 1
    outer loop
      vertex 0.5961690647046967 -9.955323304900514 -28
      vertex 50 -10 -28
      vertex 0.8900837358252559 -9.899711648727294 -28
    endloop
  endfacet
  facet normal 0 0 1
    outer loop
      vertex 0.8900837358252559 -9.899711648727294 -28
      vertex 50 -10 -28
      vertex 1.1790206976436184 -9.822291223144562 -28
    endloop
  endfacet
  facet normal 0 0 1
    outer loop
      vertex 1.1790206976436184 -9.822291223144562 -28
      vertex 50 -10 -28
      vertex 1.4613640974655813 -9.723494994576816 -28
    endloop
  endfacet
  facet normal 0 0 1
    outer loop
      vertex 1.4613640974655813 -9.723494994576816 -28
      vertex 50 -10 -28
      vertex 1.735534956470233 -9.603875471609676 -28
    endloop
  endfacet
  facet normal 0 0 1
    outer loop
      vertex 1.735534956470233 -9.603875471609676 -28
      vertex 50 -10 -28
      vertex 2 -9.464101615137753 -28
    endloop
  endfacet
  facet normal 0 0 1
    outer loop
      vertex 2 -9.464101615137753 -28
      vertex 50 -10 -28
      vertex 2.253280232254488 -9.30495509726398 -28
    endloop
  endfacet
  facet normal 0 0 1
    outer loop
      vertex 2.253280232254488 -9.30495509726398 -28
      vertex 50 -10 -28
      vertex 2.4939592074349335 -9.12732592987212 -28
    endloop
  endfacet
  facet normal 0 0 1
    outer loop
      vertex 2.4939592074349335 -9.12732592987212 -28
      vertex 50 -10 -28
      vertex 2.7206909510836765 -8.932207487319307 -28
    endloop
  endfacet
  facet normal 0 0 1
    outer loop
      vertex 2.7206909510836765 -8.932207487319307 -28
      vertex 50 -10 -28
      vertex 2.9322074873193062 -8.720690951083677 -28
    endloop
  endfacet
  facet normal 0 0 1
    outer loop
      vertex 2.9322074873193062 -8.720690951083677 -28
      vertex 50 -10 -28
      vertex 3.1273259298721197 -8.493959207434933 -28
    endloop
  endfacet
  facet normal 0 0 1
    outer loop
      vertex 3.1273259298721197 -8.493959207434933 -28
      vertex 50 -10 -28
      vertex 3.3049550972639796 -8.253280232254488 -28
    endloop
  endfacet
  facet normal 0 0 1
    outer loop
      vertex 3.3049550972639796 -8.253280232254488 -28
      vertex 50 -10 -28
      vertex 3.4641016151377544 -8 -28
    endloop
  endfacet
  facet normal 0 0 1
    outer loop
      vertex 3.4641016151377544 -8 -28
      vertex 50 -10 -28
      vertex 3.603875471609676 -7.735534956470233 -28
    endloop
  endfacet
  facet normal 0 0 1
    outer loop
      vertex 3.603875471609676 -7.735534956470233 -28
      vertex 50 -10 -28
      vertex 3.7234949945768165 -7.461364097465581 -28
    endloop
  endfacet
  facet normal 0 0 1
    outer loop
      vertex 3.7234949945768165 -7.461364097465581 -28
      vertex 50 -10 -28
      vertex 3.8222912231445623 -7.179020697643619 -28
    endloop
  endfacet
  facet normal 0 0 1
    outer loop
      vertex 3.8222912231445623 -7.179020697643619 -28
      vertex 50 -10 -28
      vertex 3.899711648727295 -6.890083735825256 -28
    endloop
  endfacet
  facet normal 0 0 1
    outer loop
      vertex 3.899711648727295 -6.890083735825256 -28
      vertex 50 -10 -28
      vertex 3.9553233049005145 -6.596169064704696 -28
    endloop
  endfacet
  facet normal 0 0 1
    outer loop
      vertex 3.9553233049005145 -6.596169064704696 -28
      vertex 50 -10 -28
      vertex 3.9888151887247205 -6.2989203743456965 -28
    endloop
  endfacet
  facet normal 0 0 1
    outer loop
      vertex 3.9888151887247205 -6.2989203743456965 -28
      vertex 50 -10 -28
      vertex 4 -6 -28
    endloop
  endfacet
  facet normal 0 0 1
    outer loop
      vertex 4 -6 -28
      vertex 50 -10 -28
      vertex 3.9888151887247205 -5.701079625654303 -28
    endloop
  endfacet
  facet normal 0 0 1
    outer loop
      vertex 3.9888151887247205 -5.701079625654303 -28
      vertex 50 -10 -28
      vertex 3.955323304900514 -5.403830935295302 -28
    endloop
  endfacet
  facet normal 0 0 1
    outer loop
      vertex 3.955323304900514 -5.403830935295302 -28
      vertex 50 -10 -28
      vertex 3.8997116487272945 -5.109916264174743 -28
    endloop
  endfacet
  facet normal 0 0 1
    outer loop
      vertex 3.8997116487272945 -5.109916264174743 -28
      vertex 50 -10 -28
      vertex 3.8222912231445627 -4.820979302356383 -28
    endloop
  endfacet
  facet normal 0 0 1
    outer loop
      vertex 3.8222912231445627 -4.820979302356383 -28
      vertex 50 -10 -28
      vertex 3.723494994576817 -4.53863590253442 -28
    endloop
  endfacet
  facet normal 0 0 1
    outer loop
      vertex 3.723494994576817 -4.53863590253442 -28
      vertex 50 -10 -28
      vertex 3.6038754716096766 -4.264465043529768 -28
    endloop
  endfacet
  facet normal 0 0 1
    outer loop
      vertex 3.6038754716096766 -4.264465043529768 -28
      vertex 50 -10 -28
      vertex 3.4641016151377544 -4 -28
    endloop
  endfacet
  facet normal 0 0 1
    outer loop
      vertex 3.4641016151377544 -4 -28
      vertex 50 -10 -28
      vertex 3.345653031794291 -3.715724127386971 -28
    endloop
  endfacet
  facet normal 0 0 1
    outer loop
      vertex 3.345653031794291 -3.715724127386971 -28
      vertex 50 -10 -28
      vertex 3.596699001693256 -3.4732918522949863 -28
    endloop
  endfacet
  facet normal 0 0 1
    outer loop
      vertex 3.596699001693256 -3.4732918522949863 -28
      vertex 50 -10 -28
      vertex 3.83022221559489 -3.2139380484326963 -28
    endloop
  endfacet
  facet normal 0 0 1
    outer loop
      vertex 3.83022221559489 -3.2139380484326963 -28
      vertex 50 -10 -28
      vertex 4.045084971874737 -2.938926261462366 -28
    endloop
  endfacet
  facet normal 0 0 1
    outer loop
      vertex 4.045084971874737 -2.938926261462366 -28
      vertex 50 -10 -28
      vertex 4.24024048078213 -2.6495963211660243 -28
    endloop
  endfacet
  facet normal 0 0 -1
    outer loop
      vertex 1.8019377358048383 -5.132232521764884 -33
      vertex 29.75 -4 -33
      vertex 1.9111456115722814 -5.4104896511781915 -33
    endloop
  endfacet
  facet normal 0 0 -1
    outer loop
      vertex 1.6524775486319898 -4.873359883872756 -33
      vertex 29.75 -4 -33
      vertex 1.8019377358048383 -5.132232521764884 -33
    endloop
  endfacet
  facet normal 0 0 -1
    outer loop
      vertex 1.4661037436596527 -4.6396545244581615 -33
      vertex 29.75 -4 -33
      vertex 1.6524775486319898 -4.873359883872756 -33
    endloop
  endfacet
  facet normal 0 0 -1
    outer loop
      vertex 1.4661037436596527 -4.6396545244581615 -33
      vertex 1.246979603717467 -4.43633703506394 -33
      vertex 29.75 -4 -33
    endloop
  endfacet
  facet normal 0 0 -1
    outer loop
      vertex 1.246979603717467 -4.43633703506394 -33
      vertex 1 -4.267949192431123 -33
      vertex 29.75 -4 -33
    endloop
  endfacet
  facet normal 0 0 -1
    outer loop
      vertex 0.7306820487327901 -4.138252502711591 -33
      vertex 0.44504186791262895 -4.050144175636353 -33
      vertex 29.75 -4 -33
    endloop
  endfacet
  facet normal 0 0 -1
    outer loop
      vertex 1 -4.267949192431123 -33
      vertex 0.7306820487327901 -4.138252502711591 -33
      vertex 29.75 -4 -33
    endloop
  endfacet
  facet normal 0 0 -1
    outer loop
      vertex -0.1494601871728487 -4.00559240563764 -33
      vertex 29.75 -4 -33
      vertex 0.1494601871728487 -4.00559240563764 -33
    endloop
  endfacet
  facet normal 0 0 -1
    outer loop
      vertex 0.44504186791262895 -4.050144175636353 -33
      vertex 0.1494601871728487 -4.00559240563764 -33
      vertex 29.75 -4 -33
    endloop
  endfacet
  facet normal 0 0 -1
    outer loop
      vertex -50 -10 -33
      vertex 30.63028678473038 2.214954984344721 -33
      vertex 30.875 2.051442841485013 -33
    endloop
  endfacet
  facet normal 0 0 -1
    outer loop
      vertex -50 -10 -33
      vertex 31.13896227717855 1.921271051849605 -33
      vertex 31.41765714851933 1.8266668908495962 -33
    endloop
  endfacet
  facet normal 0 0 -1
    outer loop
      vertex -50 -10 -33
      vertex 31.41765714851933 1.8266668908495962 -33
      vertex 31.706316067504883 1.7692490619089267 -33
    endloop
  endfacet
  facet normal 0 0 -1
    outer loop
      vertex -50 -10 -33
      vertex 31.706316067504883 1.7692490619089267 -33
      vertex 32 1.75 -33
    endloop
  endfacet
  facet normal 0 0 -1
    outer loop
      vertex -50 -10 -33
      vertex 30.875 2.051442841485013 -33
      vertex 31.13896227717855 1.921271051849605 -33
    endloop
  endfacet
  facet normal 0 0 -1
    outer loop
      vertex -50 -10 -33
      vertex 30.40900974233027 2.4090097423302677 -33
      vertex 30.63028678473038 2.214954984344721 -33
    endloop
  endfacet
  facet normal 0 0 -1
    outer loop
      vertex -50 -10 -33
      vertex 30.214954984344722 2.6302867847303784 -33
      vertex 30.40900974233027 2.4090097423302677 -33
    endloop
  endfacet
  facet normal 0 0 -1
    outer loop
      vertex -50 -10 -33
      vertex 30.051442841485013 2.875 -33
      vertex 30.214954984344722 2.6302867847303784 -33
    endloop
  endfacet
  facet normal 0 0 -1
    outer loop
      vertex -50 -10 -33
      vertex 29.921271051849605 3.138962277178548 -33
      vertex 30.051442841485013 2.875 -33
    endloop
  endfacet
  facet normal 0 0 -1
    outer loop
      vertex -50 -10 -33
      vertex 29.826666890849594 3.4176571485193286 -33
      vertex 29.921271051849605 3.138962277178548 -33
    endloop
  endfacet
  facet normal 0 0 -1
    outer loop
      vertex -50 -10 -33
      vertex 29.769249061908926 3.706316067504884 -33
      vertex 29.826666890849594 3.4176571485193286 -33
    endloop
  endfacet
  facet normal 0 0 -1
    outer loop
      vertex -50 -10 -33
      vertex 29.75 4 -33
      vertex 29.769249061908926 3.706316067504884 -33
    endloop
  endfacet
  facet normal 0 0 -1
    outer loop
      vertex -50 -10 -33
      vertex 29.769249061908926 4.293683932495116 -33
      vertex 29.75 4 -33
    endloop
  endfacet
  facet normal 0 0 -1
    outer loop
      vertex -50 -10 -33
      vertex 29.826666890849594 4.582342851480671 -33
      vertex 29.769249061908926 4.293683932495116 -33
    endloop
  endfacet
  facet normal 0 0 -1
    outer loop
      vertex -50 -10 -33
      vertex 29.921271051849605 4.861037722821452 -33
      vertex 29.826666890849594 4.582342851480671 -33
    endloop
  endfacet
  facet normal 0 0 -1
    outer loop
      vertex -50 -10 -33
      vertex 30.051442841485013 5.125 -33
      vertex 29.921271051849605 4.861037722821452 -33
    endloop
  endfacet
  facet normal 0 0 -1
    outer loop
      vertex -0.1494601871728487 -4.00559240563764 -33
      vertex -0.44504186791262895 -4.050144175636353 -33
      vertex 32 1.75 -33
    endloop
  endfacet
  facet normal 0 0 -1
    outer loop
      vertex 2 -6 -33
      vertex 29.769249061908926 -4.293683932495116 -33
      vertex 29.826666890849594 -4.582342851480671 -33
    endloop
  endfacet
  facet normal 0 0 -1
    outer loop
      vertex 2 -6 -33
      vertex 29.75 -4 -33
      vertex 29.769249061908926 -4.293683932495116 -33
    endloop
  endfacet
  facet normal 0 0 -1
    outer loop
      vertex -0.1494601871728487 -4.00559240563764 -33
      vertex 29.769249061908926 -3.706316067504884 -33
      vertex 29.75 -4 -33
    endloop
  endfacet
  facet normal 0 0 -1
    outer loop
      vertex -0.1494601871728487 -4.00559240563764 -33
      vertex 29.826666890849594 -3.4176571485193286 -33
      vertex 29.769249061908926 -3.706316067504884 -33
    endloop
  endfacet
  facet normal 0 0 -1
    outer loop
      vertex -0.1494601871728487 -4.00559240563764 -33
      vertex 29.921271051849605 -3.138962277178548 -33
      vertex 29.826666890849594 -3.4176571485193286 -33
    endloop
  endfacet
  facet normal 0 0 -1
    outer loop
      vertex -0.1494601871728487 -4.00559240563764 -33
      vertex 30.051442841485013 -2.875 -33
      vertex 29.921271051849605 -3.138962277178548 -33
    endloop
  endfacet
  facet normal 0 0 -1
    outer loop
      vertex -0.1494601871728487 -4.00559240563764 -33
      vertex 30.214954984344722 -2.6302867847303784 -33
      vertex 30.051442841485013 -2.875 -33
    endloop
  endfacet
  facet normal 0 0 -1
    outer loop
      vertex -0.1494601871728487 -4.00559240563764 -33
      vertex 30.40900974233027 -2.4090097423302677 -33
      vertex 30.214954984344722 -2.6302867847303784 -33
    endloop
  endfacet
  facet normal 0 0 -1
    outer loop
      vertex -0.1494601871728487 -4.00559240563764 -33
      vertex 30.63028678473038 -2.214954984344721 -33
      vertex 30.40900974233027 -2.4090097423302677 -33
    endloop
  endfacet
  facet normal 0 0 -1
    outer loop
      vertex -0.1494601871728487 -4.00559240563764 -33
      vertex 30.875 -2.051442841485013 -33
      vertex 30.63028678473038 -2.214954984344721 -33
    endloop
  endfacet
  facet normal 0 0 -1
    outer loop
      vertex -0.1494601871728487 -4.00559240563764 -33
      vertex 31.13896227717855 -1.921271051849605 -33
      vertex 30.875 -2.051442841485013 -33
    endloop
  endfacet
  facet normal 0 0 -1
    outer loop
      vertex -0.1494601871728487 -4.00559240563764 -33
      vertex 31.41765714851933 -1.8266668908495962 -33
      vertex 31.13896227717855 -1.921271051849605 -33
    endloop
  endfacet
  facet normal 0 0 -1
    outer loop
      vertex -0.1494601871728487 -4.00559240563764 -33
      vertex 32 1.75 -33
      vertex 31.41765714851933 -1.8266668908495962 -33
    endloop
  endfacet
  facet normal 0 0 1
    outer loop
      vertex 3.4641016151377544 -4 -28
      vertex 3.345653031794291 -3.715724127386971 -28
      vertex 3.3062527167013744 -3.748784917249706 -28
    endloop
  endfacet
  facet normal 0 0 1
    outer loop
      vertex 4.8907380036690284 -1.0395584540887968 -28
      vertex 31.13896227717855 -6.078728948150395 -28
      vertex 4.951340343707852 -0.6958655048003272 -28
    endloop
  endfacet
  facet normal 0 0 1
    outer loop
      vertex 4.24024048078213 -2.6495963211660243 -28
      vertex 50 -10 -28
      vertex 4.414737964294635 -2.347357813929454 -28
    endloop
  endfacet
  facet normal 0 0 1
    outer loop
      vertex 4.414737964294635 -2.347357813929454 -28
      vertex 50 -10 -28
      vertex 4.567727288213004 -2.033683215379001 -28
    endloop
  endfacet
  facet normal 0 0 1
    outer loop
      vertex 4.567727288213004 -2.033683215379001 -28
      vertex 50 -10 -28
      vertex 4.698463103929543 -1.7101007166283435 -28
    endloop
  endfacet
  facet normal 0 0 1
    outer loop
      vertex 4.698463103929543 -1.7101007166283435 -28
      vertex 50 -10 -28
      vertex 4.8063084796915945 -1.3781867790849958 -28
    endloop
  endfacet
  facet normal 0 0 1
    outer loop
      vertex 4.8063084796915945 -1.3781867790849958 -28
      vertex 50 -10 -28
      vertex 4.8907380036690284 -1.0395584540887968 -28
    endloop
  endfacet
  facet normal 0 0 1
    outer loop
      vertex 4.951340343707852 -0.6958655048003272 -28
      vertex 30.40900974233027 -5.590990257669732 -28
      vertex 30.214954984344722 -5.369713215269622 -28
    endloop
  endfacet
  facet normal 0 0 1
    outer loop
      vertex 4.8907380036690284 -1.0395584540887968 -28
      vertex 31.41765714851933 -6.173333109150404 -28
      vertex 31.13896227717855 -6.078728948150395 -28
    endloop
  endfacet
  facet normal 0 0 1
    outer loop
      vertex 4.8907380036690284 -1.0395584540887968 -28
      vertex 31.706316067504883 -6.230750938091074 -28
      vertex 31.41765714851933 -6.173333109150404 -28
    endloop
  endfacet
  facet normal 0 0 1
    outer loop
      vertex 4.951340343707852 -0.6958655048003272 -28
      vertex 31.13896227717855 -6.078728948150395 -28
      vertex 30.875 -5.948557158514987 -28
    endloop
  endfacet
  facet normal 0 0 1
    outer loop
      vertex 4.951340343707852 -0.6958655048003272 -28
      vertex 30.875 -5.948557158514987 -28
      vertex 30.63028678473038 -5.785045015655279 -28
    endloop
  endfacet
  facet normal 0 0 1
    outer loop
      vertex 4.951340343707852 -0.6958655048003272 -28
      vertex 30.63028678473038 -5.785045015655279 -28
      vertex 30.40900974233027 -5.590990257669732 -28
    endloop
  endfacet
  facet normal 0 0 1
    outer loop
      vertex 4.951340343707852 -0.6958655048003272 -28
      vertex 30.214954984344722 -5.369713215269622 -28
      vertex 30.051442841485013 -5.125 -28
    endloop
  endfacet
  facet normal 0 0 1
    outer loop
      vertex 4.951340343707852 -0.6958655048003272 -28
      vertex 30.051442841485013 -5.125 -28
      vertex 29.921271051849605 -4.861037722821452 -28
    endloop
  endfacet
  facet normal 0 0 1
    outer loop
      vertex 4.951340343707852 -0.6958655048003272 -28
      vertex 29.921271051849605 -4.861037722821452 -28
      vertex 29.826666890849594 -4.582342851480671 -28
    endloop
  endfacet
  facet normal 0 0 1
    outer loop
      vertex 4.951340343707852 -0.6958655048003272 -28
      vertex 29.826666890849594 -4.582342851480671 -28
      vertex 29.769249061908926 -4.293683932495116 -28
    endloop
  endfacet
  facet normal 0 0 1
    outer loop
      vertex 4.951340343707852 -0.6958655048003272 -28
      vertex 29.769249061908926 -4.293683932495116 -28
      vertex 29.75 -4 -28
    endloop
  endfacet
  facet normal 0 0 1
    outer loop
      vertex 4.951340343707852 -0.6958655048003272 -28
      vertex 29.75 -4 -28
      vertex 29.769249061908926 -3.706316067504884 -28
    endloop
  endfacet
  facet normal 0 0 1
    outer loop
      vertex 4.951340343707852 -0.6958655048003272 -28
      vertex 29.769249061908926 -3.706316067504884 -28
      vertex 29.826666890849594 -3.4176571485193286 -28
    endloop
  endfacet
  facet normal 0 0 1
    outer loop
      vertex 4.951340343707852 -0.6958655048003272 -28
      vertex 29.826666890849594 -3.4176571485193286 -28
      vertex 29.921271051849605 -3.138962277178548 -28
    endloop
  endfacet
  facet normal 0 0 1
    outer loop
      vertex 4.951340343707852 -0.6958655048003272 -28
      vertex 29.921271051849605 -3.138962277178548 -28
      vertex 30.051442841485013 -2.875 -28
    endloop
  endfacet
  facet normal 0 0 1
    outer loop
      vertex 4.951340343707852 -0.6958655048003272 -28
      vertex 30.051442841485013 -2.875 -28
      vertex 30.051442841485013 2.875 -28
    endloop
  endfacet
  facet normal 0 0 -1
    outer loop
      vertex 50 -10 -33
      vertex 0.44504186791262795 -7.949855824363647 -33
      vertex 31.706316067504883 -6.230750938091074 -33
    endloop
  endfacet
  facet normal 0 0 -1
    outer loop
      vertex 50 -10 -33
      vertex 31.706316067504883 -6.230750938091074 -33
      vertex 32 -6.25 -33
    endloop
  endfacet
  facet normal 0 0 -1
    outer loop
      vertex 50 -10 -33
      vertex 32 -6.25 -33
      vertex 32.293683932495114 -6.230750938091074 -33
    endloop
  endfacet
  facet normal 0 0 -1
    outer loop
      vertex 50 -10 -33
      vertex 32.293683932495114 -6.230750938091074 -33
      vertex 32.582342851480675 -6.173333109150404 -33
    endloop
  endfacet
  facet normal 0 0 -1
    outer loop
      vertex 50 -10 -33
      vertex 32.582342851480675 -6.173333109150404 -33
      vertex 32.86103772282145 -6.078728948150395 -33
    endloop
  endfacet
  facet normal 0 0 -1
    outer loop
      vertex 50 -10 -33
      vertex 32.86103772282145 -6.078728948150395 -33
      vertex 33.125 -5.948557158514987 -33
    endloop
  endfacet
  facet normal 0 0 -1
    outer loop
      vertex 50 -10 -33
      vertex 33.125 -5.948557158514987 -33
      vertex 33.36971321526962 -5.785045015655279 -33
    endloop
  endfacet
  facet normal 0 0 -1
    outer loop
      vertex 50 -10 -33
      vertex 33.36971321526962 -5.785045015655279 -33
      vertex 33.59099025766973 -5.590990257669732 -33
    endloop
  endfacet
  facet normal 0 0 -1
    outer loop
      vertex 50 -10 -33
      vertex 33.59099025766973 -5.590990257669732 -33
      vertex 33.78504501565528 -5.369713215269622 -33
    endloop
  endfacet
  facet normal 0 0 -1
    outer loop
      vertex 50 -10 -33
      vertex 33.78504501565528 -5.369713215269622 -33
      vertex 33.94855715851499 -5.125 -33
    endloop
  endfacet
  facet normal 0 0 -1
    outer loop
      vertex 50 -10 -33
      vertex 33.94855715851499 -5.125 -33
      vertex 34.07872894815039 -4.861037722821452 -33
    endloop
  endfacet
  facet normal 0 0 -1
    outer loop
      vertex 50 -10 -33
      vertex 34.07872894815039 -4.861037722821452 -33
      vertex 34.173333109150406 -4.582342851480671 -33
    endloop
  endfacet
  facet normal 0 0 -1
    outer loop
      vertex 50 -10 -33
      vertex 34.173333109150406 -4.582342851480671 -33
      vertex 34.23075093809107 -4.293683932495116 -33
    endloop
  endfacet
  facet normal 0 0 -1
    outer loop
      vertex 50 -10 -33
      vertex 34.23075093809107 -4.293683932495116 -33
      vertex 34.25 -4 -33
    endloop
  endfacet
  facet normal 0 0 -1
    outer loop
      vertex 50 -10 -33
      vertex 34.25 -4 -33
      vertex 34.23075093809107 -3.706316067504884 -33
    endloop
  endfacet
  facet normal 0 0 1
    outer loop
      vertex 4.8907380036690284 -1.0395584540887968 -28
      vertex 50 -10 -28
      vertex 31.706316067504883 -6.230750938091074 -28
    endloop
  endfacet
  facet normal 0 0 1
    outer loop
      vertex 50 -10 -28
      vertex 32 -6.25 -28
      vertex 31.706316067504883 -6.230750938091074 -28
    endloop
  endfacet
  facet normal 0 0 1
    outer loop
      vertex 50 -10 -28
      vertex 32.293683932495114 -6.230750938091074 -28
      vertex 32 -6.25 -28
    endloop
  endfacet
  facet normal 0 0 1
    outer loop
      vertex 50 -10 -28
      vertex 32.582342851480675 -6.173333109150404 -28
      vertex 32.293683932495114 -6.230750938091074 -28
    endloop
  endfacet
  facet normal 0 0 1
    outer loop
      vertex 50 -10 -28
      vertex 32.86103772282145 -6.078728948150395 -28
      vertex 32.582342851480675 -6.173333109150404 -28
    endloop
  endfacet
  facet normal 0 0 1
    outer loop
      vertex 50 -10 -28
      vertex 33.125 -5.948557158514987 -28
      vertex 32.86103772282145 -6.078728948150395 -28
    endloop
  endfacet
  facet normal 0 0 1
    outer loop
      vertex 50 -10 -28
      vertex 33.36971321526962 -5.785045015655279 -28
      vertex 33.125 -5.948557158514987 -28
    endloop
  endfacet
  facet normal 0 0 1
    outer loop
      vertex 50 -10 -28
      vertex 33.59099025766973 -5.590990257669732 -28
      vertex 33.36971321526962 -5.785045015655279 -28
    endloop
  endfacet
  facet normal 0 0 1
    outer loop
      vertex 50 -10 -28
      vertex 33.78504501565528 -5.369713215269622 -28
      vertex 33.59099025766973 -5.590990257669732 -28
    endloop
  endfacet
  facet normal 0 0 1
    outer loop
      vertex 50 -10 -28
      vertex 33.94855715851499 -5.125 -28
      vertex 33.78504501565528 -5.369713215269622 -28
    endloop
  endfacet
  facet normal 0 0 1
    outer loop
      vertex 50 -10 -28
      vertex 34.07872894815039 -4.861037722821452 -28
      vertex 33.94855715851499 -5.125 -28
    endloop
  endfacet
  facet normal 0 0 1
    outer loop
      vertex 50 -10 -28
      vertex 34.173333109150406 -4.582342851480671 -28
      vertex 34.07872894815039 -4.861037722821452 -28
    endloop
  endfacet
  facet normal 0 0 1
    outer loop
      vertex 50 -10 -28
      vertex 34.23075093809107 -4.293683932495116 -28
      vertex 34.173333109150406 -4.582342851480671 -28
    endloop
  endfacet
  facet normal 0 0 1
    outer loop
      vertex 50 -10 -28
      vertex 34.25 -4 -28
      vertex 34.23075093809107 -4.293683932495116 -28
    endloop
  endfacet
  facet normal 0 0 1
    outer loop
      vertex 50 -10 -28
      vertex 34.23075093809107 -3.706316067504884 -28
      vertex 34.25 -4 -28
    endloop
  endfacet
  facet normal 1 0 0
    outer loop
      vertex 50 -10 -33
      vertex 50 10 -33
      vertex 50 -10 -28
    endloop
  endfacet
  facet normal 0 0 -1
    outer loop
      vertex 50 -10 -33
      vertex 34.23075093809107 -3.706316067504884 -33
      vertex 50 10 -33
    endloop
  endfacet
  facet normal 0 0 1
    outer loop
      vertex 30.214954984344722 -2.6302867847303784 -28
      vertex 30.051442841485013 2.875 -28
      vertex 30.051442841485013 -2.875 -28
    endloop
  endfacet
  facet normal 0 0 1
    outer loop
      vertex 30.40900974233027 -2.4090097423302677 -28
      vertex 30.214954984344722 2.6302867847303784 -28
      vertex 30.214954984344722 -2.6302867847303784 -28
    endloop
  endfacet
  facet normal 0 0 1
    outer loop
      vertex 30.40900974233027 -2.4090097423302677 -28
      vertex 30.63028678473038 -2.214954984344721 -28
      vertex 30.40900974233027 2.4090097423302677 -28
    endloop
  endfacet
  facet normal 0 0 1
    outer loop
      vertex 30.63028678473038 -2.214954984344721 -28
      vertex 30.875 -2.051442841485013 -28
      vertex 30.63028678473038 2.214954984344721 -28
    endloop
  endfacet
  facet normal 0 0 1
    outer loop
      vertex 30.875 -2.051442841485013 -28
      vertex 31.13896227717855 -1.921271051849605 -28
      vertex 30.875 2.051442841485013 -28
    endloop
  endfacet
  facet normal 0 0 1
    outer loop
      vertex 31.13896227717855 -1.921271051849605 -28
      vertex 31.41765714851933 -1.8266668908495962 -28
      vertex 31.13896227717855 1.921271051849605 -28
    endloop
  endfacet
  facet normal 0 0 1
    outer loop
      vertex 32.582342851480675 -1.8266668908495962 -28
      vertex 32.86103772282145 -1.921271051849605 -28
      vertex 32.582342851480675 1.8266668908495962 -28
    endloop
  endfacet
  facet normal 0 0 1
    outer loop
      vertex 32.86103772282145 -1.921271051849605 -28
      vertex 33.125 -2.051442841485013 -28
      vertex 32.86103772282145 1.921271051849605 -28
    endloop
  endfacet
  facet normal 0 0 1
    outer loop
      vertex 31.41765714851933 -1.8266668908495962 -28
      vertex 31.706316067504883 -1.7692490619089267 -28
      vertex 31.41765714851933 1.8266668908495962 -28
    endloop
  endfacet
  facet normal 0 0 1
    outer loop
      vertex 31.706316067504883 -1.7692490619089267 -28
      vertex 32 -1.75 -28
      vertex 31.706316067504883 1.7692490619089267 -28
    endloop
  endfacet
  facet normal 0 0 1
    outer loop
      vertex 32 -1.75 -28
      vertex 32.293683932495114 -1.7692490619089267 -28
      vertex 32 1.75 -28
    endloop
  endfacet
  facet normal 0 0 1
    outer loop
      vertex 32.293683932495114 -1.7692490619089267 -28
      vertex 32.582342851480675 -1.8266668908495962 -28
      vertex 32.293683932495114 1.7692490619089267 -28
    endloop
  endfacet
  facet normal 0 0 1
    outer loop
      vertex 50 -10 -28
      vertex 50 10 -28
      vertex 34.23075093809107 -3.706316067504884 -28
    endloop
  endfacet
  facet normal 0 0 -1
    outer loop
      vertex -50 -10 -33
      vertex 30.214954984344722 5.369713215269622 -33
      vertex 30.051442841485013 5.125 -33
    endloop
  endfacet
  facet normal 0 0 -1
    outer loop
      vertex -50 -10 -33
      vertex 30.40900974233027 5.590990257669732 -33
      vertex 30.214954984344722 5.369713215269622 -33
    endloop
  endfacet
  facet normal 0 0 -1
    outer loop
      vertex -50 -10 -33
      vertex 30.63028678473038 5.785045015655279 -33
      vertex 30.40900974233027 5.590990257669732 -33
    endloop
  endfacet
  facet normal 0 0 -1
    outer loop
      vertex -50 -10 -33
      vertex 30.875 5.948557158514987 -33
      vertex 30.63028678473038 5.785045015655279 -33
    endloop
  endfacet
  facet normal 0 0 -1
    outer loop
      vertex -50 -10 -33
      vertex 31.13896227717855 6.078728948150395 -33
      vertex 30.875 5.948557158514987 -33
    endloop
  endfacet
  facet normal 0 0 -1
    outer loop
      vertex -50 -10 -33
      vertex 31.41765714851933 6.173333109150404 -33
      vertex 31.13896227717855 6.078728948150395 -33
    endloop
  endfacet
  facet normal 0 0 -1
    outer loop
      vertex -50 -10 -33
      vertex 31.706316067504883 6.230750938091074 -33
      vertex 31.41765714851933 6.173333109150404 -33
    endloop
  endfacet
  facet normal 0 0 -1
    outer loop
      vertex -50 -10 -33
      vertex 50 10 -33
      vertex 31.706316067504883 6.230750938091074 -33
    endloop
  endfacet
  facet normal 0 0 1
    outer loop
      vertex 4.951340343707852 -0.6958655048003272 -28
      vertex 30.214954984344722 5.369713215269622 -28
      vertex 4.987820251299121 -0.3487823687206265 -28
    endloop
  endfacet
  facet normal 0 0 1
    outer loop
      vertex 4.987820251299121 -0.3487823687206265 -28
      vertex 30.40900974233027 5.590990257669732 -28
      vertex 5 0 -28
    endloop
  endfacet
  facet normal 0 0 1
    outer loop
      vertex 5 0 -28
      vertex 30.63028678473038 5.785045015655279 -28
      vertex 4.987820251299121 0.3487823687206265 -28
    endloop
  endfacet
  facet normal 0 0 1
    outer loop
      vertex 4.987820251299121 0.3487823687206265 -28
      vertex 30.875 5.948557158514987 -28
      vertex 4.951340343707852 0.6958655048003272 -28
    endloop
  endfacet
  facet normal 0 0 1
    outer loop
      vertex 4.951340343707852 -0.6958655048003272 -28
      vertex 30.051442841485013 2.875 -28
      vertex 29.921271051849605 3.138962277178548 -28
    endloop
  endfacet
  facet normal 0 0 1
    outer loop
      vertex 4.951340343707852 -0.6958655048003272 -28
      vertex 29.921271051849605 3.138962277178548 -28
      vertex 29.826666890849594 3.4176571485193286 -28
    endloop
  endfacet
  facet normal 0 0 1
    outer loop
      vertex 4.951340343707852 -0.6958655048003272 -28
      vertex 29.826666890849594 3.4176571485193286 -28
      vertex 29.769249061908926 3.706316067504884 -28
    endloop
  endfacet
  facet normal 0 0 1
    outer loop
      vertex 4.951340343707852 -0.6958655048003272 -28
      vertex 29.769249061908926 3.706316067504884 -28
      vertex 29.75 4 -28
    endloop
  endfacet
  facet normal 0 0 1
    outer loop
      vertex 4.951340343707852 0.6958655048003272 -28
      vertex 31.41765714851933 6.173333109150404 -28
      vertex 4.8907380036690284 1.0395584540887968 -28
    endloop
  endfacet
  facet normal 0 0 1
    outer loop
      vertex 4.951340343707852 -0.6958655048003272 -28
      vertex 29.75 4 -28
      vertex 29.769249061908926 4.293683932495116 -28
    endloop
  endfacet
  facet normal 0 0 1
    outer loop
      vertex 4.951340343707852 -0.6958655048003272 -28
      vertex 29.769249061908926 4.293683932495116 -28
      vertex 29.826666890849594 4.582342851480671 -28
    endloop
  endfacet
  facet normal 0 0 1
    outer loop
      vertex 4.951340343707852 -0.6958655048003272 -28
      vertex 29.826666890849594 4.582342851480671 -28
      vertex 29.921271051849605 4.861037722821452 -28
    endloop
  endfacet
  facet normal 0 0 1
    outer loop
      vertex 4.951340343707852 -0.6958655048003272 -28
      vertex 29.921271051849605 4.861037722821452 -28
      vertex 30.051442841485013 5.125 -28
    endloop
  endfacet
  facet normal 0 0 1
    outer loop
      vertex 4.951340343707852 -0.6958655048003272 -28
      vertex 30.051442841485013 5.125 -28
      vertex 30.214954984344722 5.369713215269622 -28
    endloop
  endfacet
  facet normal 0 0 1
    outer loop
      vertex 4.987820251299121 -0.3487823687206265 -28
      vertex 30.214954984344722 5.369713215269622 -28
      vertex 30.40900974233027 5.590990257669732 -28
    endloop
  endfacet
  facet normal 0 0 1
    outer loop
      vertex 4.8907380036690284 1.0395584540887968 -28
      vertex 50 10 -28
      vertex 4.8063084796915945 1.3781867790849958 -28
    endloop
  endfacet
  facet normal 0 0 1
    outer loop
      vertex 4.8063084796915945 1.3781867790849958 -28
      vertex 50 10 -28
      vertex 4.698463103929543 1.7101007166283435 -28
    endloop
  endfacet
  facet normal 0 0 1
    outer loop
      vertex 4.698463103929543 1.7101007166283435 -28
      vertex 50 10 -28
      vertex 4.567727288213004 2.033683215379001 -28
    endloop
  endfacet
  facet normal 0 0 1
    outer loop
      vertex 4.567727288213004 2.033683215379001 -28
      vertex 50 10 -28
      vertex 4.414737964294635 2.347357813929454 -28
    endloop
  endfacet
  facet normal 0 0 1
    outer loop
      vertex 4.414737964294635 2.347357813929454 -28
      vertex 50 10 -28
      vertex 4.24024048078213 2.6495963211660243 -28
    endloop
  endfacet
  facet normal 0 0 1
    outer loop
      vertex 5 0 -28
      vertex 30.40900974233027 5.590990257669732 -28
      vertex 30.63028678473038 5.785045015655279 -28
    endloop
  endfacet
  facet normal 0 0 1
    outer loop
      vertex 4.987820251299121 0.3487823687206265 -28
      vertex 30.63028678473038 5.785045015655279 -28
      vertex 30.875 5.948557158514987 -28
    endloop
  endfacet
  facet normal 0 0 1
    outer loop
      vertex 4.951340343707852 0.6958655048003272 -28
      vertex 30.875 5.948557158514987 -28
      vertex 31.13896227717855 6.078728948150395 -28
    endloop
  endfacet
  facet normal 0 0 1
    outer loop
      vertex 4.951340343707852 0.6958655048003272 -28
      vertex 31.13896227717855 6.078728948150395 -28
      vertex 31.41765714851933 6.173333109150404 -28
    endloop
  endfacet
  facet normal 0 0 1
    outer loop
      vertex 4.8907380036690284 1.0395584540887968 -28
      vertex 31.41765714851933 6.173333109150404 -28
      vertex 31.706316067504883 6.230750938091074 -28
    endloop
  endfacet
  facet normal 0 1 0
    outer loop
      vertex -50 10 -28
      vertex 50 10 -28
      vertex 50 10 -33
    endloop
  endfacet
  facet normal 0 0 1
    outer loop
      vertex -50 10 -28
      vertex 0.5226423163382674 4.972609476841367 -28
      vertex 50 10 -28
    endloop
  endfacet
  facet normal 0 0 1
    outer loop
      vertex 3.0783073766282913 3.9400537680336094 -28
      vertex 50 10 -28
      vertex 2.7959645173537346 4.145187862775209 -28
    endloop
  endfacet
  facet normal 0 0 1
    outer loop
      vertex 2.7959645173537346 4.145187862775209 -28
      vertex 50 10 -28
      vertex 2.5 4.330127018922193 -28
    endloop
  endfacet
  facet normal 0 0 1
    outer loop
      vertex 0.5226423163382674 4.972609476841367 -28
      vertex 0.8682408883346516 4.92403876506104 -28
      vertex 50 10 -28
    endloop
  endfacet
  facet normal 0 0 1
    outer loop
      vertex 1.545084971874737 4.755282581475767 -28
      vertex 1.87303296707956 4.635919272833937 -28
      vertex 50 10 -28
    endloop
  endfacet
  facet normal 0 0 1
    outer loop
      vertex 1.545084971874737 4.755282581475767 -28
      vertex 50 10 -28
      vertex 1.2096094779983386 4.851478631379982 -28
    endloop
  endfacet
  facet normal 0 0 1
    outer loop
      vertex 2.5 4.330127018922193 -28
      vertex 50 10 -28
      vertex 2.1918557339453875 4.493970231495835 -28
    endloop
  endfacet
  facet normal 0 0 1
    outer loop
      vertex 2.1918557339453875 4.493970231495835 -28
      vertex 50 10 -28
      vertex 1.87303296707956 4.635919272833937 -28
    endloop
  endfacet
  facet normal 0 0 1
    outer loop
      vertex 0.8682408883346516 4.92403876506104 -28
      vertex 1.2096094779983386 4.851478631379982 -28
      vertex 50 10 -28
    endloop
  endfacet
  facet normal 0 0 1
    outer loop
      vertex 4.24024048078213 2.6495963211660243 -28
      vertex 50 10 -28
      vertex 4.045084971874737 2.938926261462366 -28
    endloop
  endfacet
  facet normal 0 0 1
    outer loop
      vertex 4.045084971874737 2.938926261462366 -28
      vertex 50 10 -28
      vertex 3.83022221559489 3.2139380484326963 -28
    endloop
  endfacet
  facet normal 0 0 1
    outer loop
      vertex 3.83022221559489 3.2139380484326963 -28
      vertex 50 10 -28
      vertex 3.596699001693256 3.4732918522949863 -28
    endloop
  endfacet
  facet normal 0 0 1
    outer loop
      vertex 3.596699001693256 3.4732918522949863 -28
      vertex 50 10 -28
      vertex 3.345653031794291 3.715724127386971 -28
    endloop
  endfacet
  facet normal 0 0 1
    outer loop
      vertex 3.345653031794291 3.715724127386971 -28
      vertex 50 10 -28
      vertex 3.0783073766282913 3.9400537680336094 -28
    endloop
  endfacet
  facet normal 0 0 -1
    outer loop
      vertex 31.41765714851933 -1.8266668908495962 -33
      vertex 32 1.75 -33
      vertex 32.293683932495114 1.7692490619089267 -33
    endloop
  endfacet
  facet normal 0 0 -1
    outer loop
      vertex 31.41765714851933 -1.8266668908495962 -33
      vertex 32.293683932495114 1.7692490619089267 -33
      vertex 32.582342851480675 1.8266668908495962 -33
    endloop
  endfacet
  facet normal 0 0 -1
    outer loop
      vertex 31.41765714851933 -1.8266668908495962 -33
      vertex 32.582342851480675 1.8266668908495962 -33
      vertex 32.86103772282145 1.921271051849605 -33
    endloop
  endfacet
  facet normal 0 0 -1
    outer loop
      vertex 50 10 -33
      vertex 34.23075093809107 -3.706316067504884 -33
      vertex 34.173333109150406 -3.4176571485193286 -33
    endloop
  endfacet
  facet normal 0 0 -1
    outer loop
      vertex 50 10 -33
      vertex 34.173333109150406 -3.4176571485193286 -33
      vertex 34.07872894815039 -3.138962277178548 -33
    endloop
  endfacet
  facet normal 0 0 -1
    outer loop
      vertex 50 10 -33
      vertex 33.59099025766973 -2.4090097423302677 -33
      vertex 33.36971321526962 -2.214954984344721 -33
    endloop
  endfacet
  facet normal 0 0 -1
    outer loop
      vertex 50 10 -33
      vertex 34.07872894815039 -3.138962277178548 -33
      vertex 33.94855715851499 -2.875 -33
    endloop
  endfacet
  facet normal 0 0 -1
    outer loop
      vertex 50 10 -33
      vertex 33.94855715851499 -2.875 -33
      vertex 33.78504501565528 -2.6302867847303784 -33
    endloop
  endfacet
  facet normal 0 0 -1
    outer loop
      vertex 50 10 -33
      vertex 33.78504501565528 -2.6302867847303784 -33
      vertex 33.59099025766973 -2.4090097423302677 -33
    endloop
  endfacet
  facet normal 0 0 -1
    outer loop
      vertex 50 10 -33
      vertex 31.706316067504883 -1.7692490619089267 -33
      vertex 31.41765714851933 -1.8266668908495962 -33
    endloop
  endfacet
  facet normal 0 0 -1
    outer loop
      vertex 50 10 -33
      vertex 32 -1.75 -33
      vertex 31.706316067504883 -1.7692490619089267 -33
    endloop
  endfacet
  facet normal 0 0 -1
    outer loop
      vertex 50 10 -33
      vertex 32.293683932495114 -1.7692490619089267 -33
      vertex 32 -1.75 -33
    endloop
  endfacet
  facet normal 0 0 -1
    outer loop
      vertex 50 10 -33
      vertex 33.125 -2.051442841485013 -33
      vertex 32.86103772282145 -1.921271051849605 -33
    endloop
  endfacet
  facet normal 0 0 -1
    outer loop
      vertex 50 10 -33
      vertex 33.36971321526962 -2.214954984344721 -33
      vertex 33.125 -2.051442841485013 -33
    endloop
  endfacet
  facet normal 0 0 -1
    outer loop
      vertex 50 10 -33
      vertex 32.86103772282145 -1.921271051849605 -33
      vertex 32.582342851480675 -1.8266668908495962 -33
    endloop
  endfacet
  facet normal 0 0 -1
    outer loop
      vertex 50 10 -33
      vertex 32.582342851480675 -1.8266668908495962 -33
      vertex 32.293683932495114 -1.7692490619089267 -33
    endloop
  endfacet
  facet normal 0 0 -1
    outer loop
      vertex 50 10 -33
      vertex 31.41765714851933 -1.8266668908495962 -33
      vertex 32.86103772282145 1.921271051849605 -33
    endloop
  endfacet
  facet normal 0 0 -1
    outer loop
      vertex 50 10 -33
      vertex 32.86103772282145 1.921271051849605 -33
      vertex 33.125 2.051442841485013 -33
    endloop
  endfacet
  facet normal 0 0 -1
    outer loop
      vertex 50 10 -33
      vertex 33.125 2.051442841485013 -33
      vertex 33.36971321526962 2.214954984344721 -33
    endloop
  endfacet
  facet normal 0 0 -1
    outer loop
      vertex 50 10 -33
      vertex 33.36971321526962 2.214954984344721 -33
      vertex 33.59099025766973 2.4090097423302677 -33
    endloop
  endfacet
  facet normal 1 0 0
    outer loop
      vertex 50 -10 -28
      vertex 50 10 -33
      vertex 50 10 -28
    endloop
  endfacet
  facet normal 0 0 1
    outer loop
      vertex 30.40900974233027 -2.4090097423302677 -28
      vertex 30.40900974233027 2.4090097423302677 -28
      vertex 30.214954984344722 2.6302867847303784 -28
    endloop
  endfacet
  facet normal 0 0 1
    outer loop
      vertex 30.875 -2.051442841485013 -28
      vertex 30.875 2.051442841485013 -28
      vertex 30.63028678473038 2.214954984344721 -28
    endloop
  endfacet
  facet normal 0 0 1
    outer loop
      vertex 31.13896227717855 -1.921271051849605 -28
      vertex 31.13896227717855 1.921271051849605 -28
      vertex 30.875 2.051442841485013 -28
    endloop
  endfacet
  facet normal 0 0 1
    outer loop
      vertex 30.63028678473038 -2.214954984344721 -28
      vertex 30.63028678473038 2.214954984344721 -28
      vertex 30.40900974233027 2.4090097423302677 -28
    endloop
  endfacet
  facet normal 0 0 1
    outer loop
      vertex 30.214954984344722 -2.6302867847303784 -28
      vertex 30.214954984344722 2.6302867847303784 -28
      vertex 30.051442841485013 2.875 -28
    endloop
  endfacet
  facet normal 0 0 1
    outer loop
      vertex 31.706316067504883 -1.7692490619089267 -28
      vertex 31.706316067504883 1.7692490619089267 -28
      vertex 31.41765714851933 1.8266668908495962 -28
    endloop
  endfacet
  facet normal 0 0 1
    outer loop
      vertex 32 -1.75 -28
      vertex 32 1.75 -28
      vertex 31.706316067504883 1.7692490619089267 -28
    endloop
  endfacet
  facet normal 0 0 1
    outer loop
      vertex 32.293683932495114 -1.7692490619089267 -28
      vertex 32.293683932495114 1.7692490619089267 -28
      vertex 32 1.75 -28
    endloop
  endfacet
  facet normal 0 0 1
    outer loop
      vertex 32.582342851480675 -1.8266668908495962 -28
      vertex 32.582342851480675 1.8266668908495962 -28
      vertex 32.293683932495114 1.7692490619089267 -28
    endloop
  endfacet
  facet normal 0 0 1
    outer loop
      vertex 32.86103772282145 -1.921271051849605 -28
      vertex 32.86103772282145 1.921271051849605 -28
      vertex 32.582342851480675 1.8266668908495962 -28
    endloop
  endfacet
  facet normal 0 0 1
    outer loop
      vertex 31.41765714851933 -1.8266668908495962 -28
      vertex 31.41765714851933 1.8266668908495962 -28
      vertex 31.13896227717855 1.921271051849605 -28
    endloop
  endfacet
  facet normal 0 0 1
    outer loop
      vertex 33.125 -2.051442841485013 -28
      vertex 33.125 2.051442841485013 -28
      vertex 32.86103772282145 1.921271051849605 -28
    endloop
  endfacet
  facet normal 0 0 1
    outer loop
      vertex 50 10 -28
      vertex 34.173333109150406 -3.4176571485193286 -28
      vertex 34.23075093809107 -3.706316067504884 -28
    endloop
  endfacet
  facet normal 0 0 1
    outer loop
      vertex 50 10 -28
      vertex 34.07872894815039 -3.138962277178548 -28
      vertex 34.173333109150406 -3.4176571485193286 -28
    endloop
  endfacet
  facet normal 0 0 1
    outer loop
      vertex 50 10 -28
      vertex 33.36971321526962 -2.214954984344721 -28
      vertex 33.59099025766973 -2.4090097423302677 -28
    endloop
  endfacet
  facet normal 0 0 1
    outer loop
      vertex 50 10 -28
      vertex 33.94855715851499 -2.875 -28
      vertex 34.07872894815039 -3.138962277178548 -28
    endloop
  endfacet
  facet normal 0 0 1
    outer loop
      vertex 50 10 -28
      vertex 33.78504501565528 -2.6302867847303784 -28
      vertex 33.94855715851499 -2.875 -28
    endloop
  endfacet
  facet normal 0 0 1
    outer loop
      vertex 50 10 -28
      vertex 33.59099025766973 -2.4090097423302677 -28
      vertex 33.78504501565528 -2.6302867847303784 -28
    endloop
  endfacet
  facet normal 0 0 1
    outer loop
      vertex 50 10 -28
      vertex 33.125 -2.051442841485013 -28
      vertex 33.36971321526962 -2.214954984344721 -28
    endloop
  endfacet
  facet normal 0 0 1
    outer loop
      vertex 50 10 -28
      vertex 33.125 2.051442841485013 -28
      vertex 33.125 -2.051442841485013 -28
    endloop
  endfacet
  facet normal 0 0 1
    outer loop
      vertex 50 10 -28
      vertex 33.36971321526962 2.214954984344721 -28
      vertex 33.125 2.051442841485013 -28
    endloop
  endfacet
  facet normal 0 0 1
    outer loop
      vertex 50 10 -28
      vertex 33.59099025766973 2.4090097423302677 -28
      vertex 33.36971321526962 2.214954984344721 -28
    endloop
  endfacet
  facet normal 0 0 -1
    outer loop
      vertex 50 10 -33
      vertex 33.59099025766973 2.4090097423302677 -33
      vertex 33.78504501565528 2.6302867847303784 -33
    endloop
  endfacet
  facet normal 0 0 -1
    outer loop
      vertex 50 10 -33
      vertex 33.78504501565528 2.6302867847303784 -33
      vertex 33.94855715851499 2.875 -33
    endloop
  endfacet
  facet normal 0 0 -1
    outer loop
      vertex 50 10 -33
      vertex 33.94855715851499 2.875 -33
      vertex 34.07872894815039 3.138962277178548 -33
    endloop
  endfacet
  facet normal 0 0 -1
    outer loop
      vertex 50 10 -33
      vertex 34.07872894815039 3.138962277178548 -33
      vertex 34.173333109150406 3.4176571485193286 -33
    endloop
  endfacet
  facet normal 0 0 -1
    outer loop
      vertex 50 10 -33
      vertex 34.173333109150406 3.4176571485193286 -33
      vertex 34.23075093809107 3.706316067504884 -33
    endloop
  endfacet
  facet normal 0 0 -1
    outer loop
      vertex 50 10 -33
      vertex 34.23075093809107 3.706316067504884 -33
      vertex 34.25 4 -33
    endloop
  endfacet
  facet normal 0 0 -1
    outer loop
      vertex 50 10 -33
      vertex 34.25 4 -33
      vertex 34.23075093809107 4.293683932495116 -33
    endloop
  endfacet
  facet normal 0 0 -1
    outer loop
      vertex 50 10 -33
      vertex 34.23075093809107 4.293683932495116 -33
      vertex 34.173333109150406 4.582342851480671 -33
    endloop
  endfacet
  facet normal 0 0 -1
    outer loop
      vertex 50 10 -33
      vertex 34.173333109150406 4.582342851480671 -33
      vertex 34.07872894815039 4.861037722821452 -33
    endloop
  endfacet
  facet normal 0 0 -1
    outer loop
      vertex 50 10 -33
      vertex 34.07872894815039 4.861037722821452 -33
      vertex 33.94855715851499 5.125 -33
    endloop
  endfacet
  facet normal 0 0 -1
    outer loop
      vertex 50 10 -33
      vertex 33.94855715851499 5.125 -33
      vertex 33.78504501565528 5.369713215269622 -33
    endloop
  endfacet
  facet normal 0 0 -1
    outer loop
      vertex 50 10 -33
      vertex 33.59099025766973 5.590990257669732 -33
      vertex 33.36971321526962 5.785045015655279 -33
    endloop
  endfacet
  facet normal 0 0 -1
    outer loop
      vertex 50 10 -33
      vertex 32 6.25 -33
      vertex 31.706316067504883 6.230750938091074 -33
    endloop
  endfacet
  facet normal 0 0 -1
    outer loop
      vertex 50 10 -33
      vertex 32.293683932495114 6.230750938091074 -33
      vertex 32 6.25 -33
    endloop
  endfacet
  facet normal 0 0 -1
    outer loop
      vertex 50 10 -33
      vertex 33.125 5.948557158514987 -33
      vertex 32.86103772282145 6.078728948150395 -33
    endloop
  endfacet
  facet normal 0 0 -1
    outer loop
      vertex 50 10 -33
      vertex 33.36971321526962 5.785045015655279 -33
      vertex 33.125 5.948557158514987 -33
    endloop
  endfacet
  facet normal 0 0 -1
    outer loop
      vertex 50 10 -33
      vertex 32.86103772282145 6.078728948150395 -33
      vertex 32.582342851480675 6.173333109150404 -33
    endloop
  endfacet
  facet normal 0 0 -1
    outer loop
      vertex 50 10 -33
      vertex 32.582342851480675 6.173333109150404 -33
      vertex 32.293683932495114 6.230750938091074 -33
    endloop
  endfacet
  facet normal 0 0 -1
    outer loop
      vertex 50 10 -33
      vertex 33.78504501565528 5.369713215269622 -33
      vertex 33.59099025766973 5.590990257669732 -33
    endloop
  endfacet
  facet normal 0 0 1
    outer loop
      vertex 4.8907380036690284 1.0395584540887968 -28
      vertex 31.706316067504883 6.230750938091074 -28
      vertex 50 10 -28
    endloop
  endfacet
  facet normal 0 0 1
    outer loop
      vertex 50 10 -28
      vertex 33.78504501565528 2.6302867847303784 -28
      vertex 33.59099025766973 2.4090097423302677 -28
    endloop
  endfacet
  facet normal 0 0 1
    outer loop
      vertex 50 10 -28
      vertex 33.94855715851499 2.875 -28
      vertex 33.78504501565528 2.6302867847303784 -28
    endloop
  endfacet
  facet normal 0 0 1
    outer loop
      vertex 50 10 -28
      vertex 34.07872894815039 3.138962277178548 -28
      vertex 33.94855715851499 2.875 -28
    endloop
  endfacet
  facet normal 0 0 1
    outer loop
      vertex 50 10 -28
      vertex 34.173333109150406 3.4176571485193286 -28
      vertex 34.07872894815039 3.138962277178548 -28
    endloop
  endfacet
  facet normal 0 0 1
    outer loop
      vertex 50 10 -28
      vertex 34.23075093809107 3.706316067504884 -28
      vertex 34.173333109150406 3.4176571485193286 -28
    endloop
  endfacet
  facet normal 0 0 1
    outer loop
      vertex 50 10 -28
      vertex 34.25 4 -28
      vertex 34.23075093809107 3.706316067504884 -28
    endloop
  endfacet
  facet normal 0 0 1
    outer loop
      vertex 50 10 -28
      vertex 34.23075093809107 4.293683932495116 -28
      vertex 34.25 4 -28
    endloop
  endfacet
  facet normal 0 0 1
    outer loop
      vertex 50 10 -28
      vertex 34.173333109150406 4.582342851480671 -28
      vertex 34.23075093809107 4.293683932495116 -28
    endloop
  endfacet
  facet normal 0 0 1
    outer loop
      vertex 50 10 -28
      vertex 34.07872894815039 4.861037722821452 -28
      vertex 34.173333109150406 4.582342851480671 -28
    endloop
  endfacet
  facet normal 0 0 1
    outer loop
      vertex 50 10 -28
      vertex 33.94855715851499 5.125 -28
      vertex 34.07872894815039 4.861037722821452 -28
    endloop
  endfacet
  facet normal 0 0 1
    outer loop
      vertex 50 10 -28
      vertex 33.78504501565528 5.369713215269622 -28
      vertex 33.94855715851499 5.125 -28
    endloop
  endfacet
  facet normal 0 0 1
    outer loop
      vertex 50 10 -28
      vertex 33.36971321526962 5.785045015655279 -28
      vertex 33.59099025766973 5.590990257669732 -28
    endloop
  endfacet
  facet normal 0 0 1
    outer loop
      vertex 50 10 -28
      vertex 31.706316067504883 6.230750938091074 -28
      vertex 32 6.25 -28
    endloop
  endfacet
  facet normal 0 0 1
    outer loop
      vertex 50 10 -28
      vertex 32 6.25 -28
      vertex 32.293683932495114 6.230750938091074 -28
    endloop
  endfacet
  facet normal 0 0 1
    outer loop
      vertex 50 10 -28
      vertex 32.86103772282145 6.078728948150395 -28
      vertex 33.125 5.948557158514987 -28
    endloop
  endfacet
  facet normal 0 0 1
    outer loop
      vertex 50 10 -28
      vertex 33.125 5.948557158514987 -28
      vertex 33.36971321526962 5.785045015655279 -28
    endloop
  endfacet
  facet normal 0 0 1
    outer loop
      vertex 50 10 -28
      vertex 32.582342851480675 6.173333109150404 -28
      vertex 32.86103772282145 6.078728948150395 -28
    endloop
  endfacet
  facet normal 0 0 1
    outer loop
      vertex 50 10 -28
      vertex 32.293683932495114 6.230750938091074 -28
      vertex 32.582342851480675 6.173333109150404 -28
    endloop
  endfacet
  facet normal 0 0 1
    outer loop
      vertex 50 10 -28
      vertex 33.59099025766973 5.590990257669732 -28
      vertex 33.78504501565528 5.369713215269622 -28
    endloop
  endfacet
  facet normal -0.6427876096865354 -0.7660444431189813 2.412565962632208e-19
    outer loop
      vertex -3.345653031794291 -3.715724127386971 -28
      vertex -3.306252716701374 -3.748784917249706 -28
      vertex -3.306252716701374 -3.748784917249706 -24
    endloop
  endfacet
  facet normal -0.34202014332566666 -0.9396926207859091 5.120521758160768e-17
    outer loop
      vertex -1.87303296707956 -4.635919272833937 -24
      vertex -1.555338025809077 -4.7515507750333414 -24
      vertex -1.555338025809077 -4.7515507750333414 -23.900000000000002
    endloop
  endfacet
  facet normal -0.6946583704589973 -0.7193398003386512 -3.43495215516266e-20
    outer loop
      vertex -3.345653031794291 -3.715724127386971 -28
      vertex -3.596699001693256 -3.4732918522949863 -16
      vertex -3.596699001693256 -3.4732918522949863 -28
    endloop
  endfacet
  facet normal -0.743144825477395 -0.6691306063588572 -3.7365519664722165e-19
    outer loop
      vertex -3.596699001693256 -3.4732918522949863 -28
      vertex -3.83022221559489 -3.2139380484326963 -16
      vertex -3.83022221559489 -3.2139380484326963 -28
    endloop
  endfacet
  facet normal -0.7880107536067208 -0.6156614753256598 -1.3943132340361382e-19
    outer loop
      vertex -3.83022221559489 -3.2139380484326963 -28
      vertex -4.045084971874737 -2.938926261462366 -16
      vertex -4.045084971874737 -2.938926261462366 -28
    endloop
  endfacet
  facet normal -0.8290375725550427 -0.5591929034707452 -6.327671940239006e-19
    outer loop
      vertex -4.045084971874737 -2.938926261462366 -28
      vertex -4.24024048078213 -2.6495963211660243 -16
      vertex -4.24024048078213 -2.6495963211660243 -28
    endloop
  endfacet
  facet normal -0.6427876096865353 -0.7660444431189813 0
    outer loop
      vertex -3.345653031794291 -3.715724127386971 -28
      vertex -3.306252716701374 -3.748784917249706 -24
      vertex -3.345653031794291 -3.715724127386971 -16
    endloop
  endfacet
  facet normal -0.6427876096865393 -0.766044443118978 -3.51074551327699e-17
    outer loop
      vertex -3.0783073766282913 -3.9400537680336094 -24
      vertex -3.345653031794291 -3.715724127386971 -16
      vertex -3.306252716701374 -3.748784917249706 -24
    endloop
  endfacet
  facet normal -0.4694715627858923 -0.8829475928589262 3.111605751022281e-19
    outer loop
      vertex -2.1918557339453875 -4.493970231495835 -24
      vertex -2.5 -4.330127018922193 -16
      vertex -2.5 -4.330127018922193 -24
    endloop
  endfacet
  facet normal -0.40673664307579993 -0.913545457642601 -9.656184722049994e-19
    outer loop
      vertex -1.87303296707956 -4.635919272833937 -24
      vertex -2.1918557339453875 -4.493970231495835 -16
      vertex -2.1918557339453875 -4.493970231495835 -24
    endloop
  endfacet
  facet normal -0.5299192642332031 -0.8480480961564271 8.726468971969217e-19
    outer loop
      vertex -2.5 -4.330127018922193 -24
      vertex -2.7959645173537346 -4.145187862775209 -16
      vertex -2.7959645173537346 -4.145187862775209 -24
    endloop
  endfacet
  facet normal -0.5877852522924748 -0.8090169943749463 5.486758292466838e-19
    outer loop
      vertex -2.7959645173537346 -4.145187862775209 -24
      vertex -3.0783073766282913 -3.9400537680336094 -16
      vertex -3.0783073766282913 -3.9400537680336094 -24
    endloop
  endfacet
  facet normal -0.34202014332568215 -0.9396926207859034 -6.818748765524109e-16
    outer loop
      vertex -1.87303296707956 -4.635919272833937 -16
      vertex -1.555338025809077 -4.7515507750333414 -23.900000000000002
      vertex -1.545084971874737 -4.755282581475767 -23.900000000000002
    endloop
  endfacet
  facet normal -0.34202014332566666 -0.9396926207859091 0
    outer loop
      vertex -1.87303296707956 -4.635919272833937 -24
      vertex -1.555338025809077 -4.7515507750333414 -23.900000000000002
      vertex -1.87303296707956 -4.635919272833937 -16
    endloop
  endfacet
  facet normal -0.20791169081775812 -0.9781476007338059 0
    outer loop
      vertex -1.2096094779983386 -4.851478631379982 -16
      vertex -1.2096094779983386 -4.851478631379982 -23.900000000000002
      vertex -0.8682408883346516 -4.92403876506104 -23.900000000000002
    endloop
  endfacet
  facet normal -0.2756373558170004 -0.9612616959383186 0
    outer loop
      vertex -1.545084971874737 -4.755282581475767 -16
      vertex -1.545084971874737 -4.755282581475767 -23.900000000000002
      vertex -1.2096094779983386 -4.851478631379982 -23.900000000000002
    endloop
  endfacet
  facet normal -0.13917310096006696 -0.99026806874157 0
    outer loop
      vertex -0.8682408883346516 -4.92403876506104 -16
      vertex -0.8682408883346516 -4.92403876506104 -23.900000000000002
      vertex -0.5226423163382674 -4.972609476841367 -23.900000000000002
    endloop
  endfacet
  facet normal -0.06975647374412483 -0.9975640502598243 0
    outer loop
      vertex -0.5226423163382674 -4.972609476841367 -16
      vertex -0.5226423163382674 -4.972609476841367 -23.900000000000002
      vertex -0.17449748351250485 -4.9969541350954785 -23.900000000000002
    endloop
  endfacet
  facet normal 0 -1 0
    outer loop
      vertex -0.17449748351250485 -4.9969541350954785 -16
      vertex -0.17449748351250485 -4.9969541350954785 -23.900000000000002
      vertex 0.17449748351250485 -4.9969541350954785 -23.900000000000002
    endloop
  endfacet
  facet normal -0.8660254037844376 -0.5000000000000019 3.4248828098196345e-21
    outer loop
      vertex -4.24024048078213 -2.6495963211660243 -28
      vertex -4.414737964294635 -2.347357813929454 -16
      vertex -4.414737964294635 -2.347357813929454 -28
    endloop
  endfacet
  facet normal -0.8987940462991676 -0.4383711467890761 -3.159550054399667e-19
    outer loop
      vertex -4.414737964294635 -2.347357813929454 -28
      vertex -4.567727288213004 -2.033683215379001 -16
      vertex -4.567727288213004 -2.033683215379001 -28
    endloop
  endfacet
  facet normal -0.951056516295154 -0.3090169943749461 7.054259959914611e-19
    outer loop
      vertex -4.698463103929543 -1.7101007166283435 -28
      vertex -4.8063084796915945 -1.3781867790849958 -16
      vertex -4.8063084796915945 -1.3781867790849958 -28
    endloop
  endfacet
  facet normal -0.9271838545667865 -0.37460659341591396 6.886197462671721e-19
    outer loop
      vertex -4.567727288213004 -2.033683215379001 -28
      vertex -4.698463103929543 -1.7101007166283435 -16
      vertex -4.698463103929543 -1.7101007166283435 -28
    endloop
  endfacet
  facet normal -0.9702957262759964 -0.24192189559966815 -1.4989665206384512e-20
    outer loop
      vertex -4.8063084796915945 -1.3781867790849958 -28
      vertex -4.8907380036690284 -1.0395584540887968 -16
      vertex -4.8907380036690284 -1.0395584540887968 -28
    endloop
  endfacet
  facet normal -0.9848077530122084 -0.1736481776669296 -1.818206968553457e-20
    outer loop
      vertex -4.8907380036690284 -1.0395584540887968 -28
      vertex -4.951340343707852 -0.6958655048003272 -16
      vertex -4.951340343707852 -0.6958655048003272 -28
    endloop
  endfacet
  facet normal -0.9945218953682733 -0.10452846326765337 1.4040566224886297e-19
    outer loop
      vertex -4.951340343707852 -0.6958655048003272 -28
      vertex -4.987820251299121 -0.3487823687206265 -16
      vertex -4.987820251299121 -0.3487823687206265 -28
    endloop
  endfacet
  facet normal -0.9993908270190957 -0.034899496702501046 -1.484458829415329e-20
    outer loop
      vertex -4.987820251299121 -0.3487823687206265 -28
      vertex -5 0 -16
      vertex -5 0 -28
    endloop
  endfacet
  facet normal -0.6427876096865388 -0.7660444431189786 0
    outer loop
      vertex -3.0783073766282913 -3.9400537680336094 -24
      vertex -3.0783073766282913 -3.9400537680336094 -16
      vertex -3.345653031794291 -3.715724127386971 -16
    endloop
  endfacet
  facet normal -0.40673664307579993 -0.913545457642601 0
    outer loop
      vertex -1.87303296707956 -4.635919272833937 -24
      vertex -1.87303296707956 -4.635919272833937 -16
      vertex -2.1918557339453875 -4.493970231495835 -16
    endloop
  endfacet
  facet normal -0.4694715627858923 -0.8829475928589262 0
    outer loop
      vertex -2.1918557339453875 -4.493970231495835 -24
      vertex -2.1918557339453875 -4.493970231495835 -16
      vertex -2.5 -4.330127018922193 -16
    endloop
  endfacet
  facet normal -0.34202014332566716 -0.9396926207859089 1.0301759068951894e-18
    outer loop
      vertex -1.87303296707956 -4.635919272833937 -16
      vertex -1.545084971874737 -4.755282581475767 -23.900000000000002
      vertex -1.545084971874737 -4.755282581475767 -16
    endloop
  endfacet
  facet normal -0.20791169081775812 -0.9781476007338059 6.051529816356468e-19
    outer loop
      vertex -1.2096094779983386 -4.851478631379982 -16
      vertex -0.8682408883346516 -4.92403876506104 -23.900000000000002
      vertex -0.8682408883346516 -4.92403876506104 -16
    endloop
  endfacet
  facet normal -0.2756373558170004 -0.9612616959383186 0
    outer loop
      vertex -1.2096094779983386 -4.851478631379982 -16
      vertex -1.545084971874737 -4.755282581475767 -16
      vertex -1.2096094779983386 -4.851478631379982 -23.900000000000002
    endloop
  endfacet
  facet normal -0.13917310096006696 -0.99026806874157 3.8312870909462586e-20
    outer loop
      vertex -0.8682408883346516 -4.92403876506104 -16
      vertex -0.5226423163382674 -4.972609476841367 -23.900000000000002
      vertex -0.5226423163382674 -4.972609476841367 -16
    endloop
  endfacet
  facet normal -0.06975647374412483 -0.9975640502598243 2.952335567872226e-20
    outer loop
      vertex -0.5226423163382674 -4.972609476841367 -16
      vertex -0.17449748351250485 -4.9969541350954785 -23.900000000000002
      vertex -0.17449748351250485 -4.9969541350954785 -16
    endloop
  endfacet
  facet normal -0.5299192642332031 -0.8480480961564271 0
    outer loop
      vertex -2.5 -4.330127018922193 -24
      vertex -2.5 -4.330127018922193 -16
      vertex -2.7959645173537346 -4.145187862775209 -16
    endloop
  endfacet
  facet normal -0.5877852522924748 -0.8090169943749463 0
    outer loop
      vertex -2.7959645173537346 -4.145187862775209 -24
      vertex -2.7959645173537346 -4.145187862775209 -16
      vertex -3.0783073766282913 -3.9400537680336094 -16
    endloop
  endfacet
  facet normal -0.6946583704589973 -0.7193398003386512 0
    outer loop
      vertex -3.345653031794291 -3.715724127386971 -28
      vertex -3.345653031794291 -3.715724127386971 -16
      vertex -3.596699001693256 -3.4732918522949863 -16
    endloop
  endfacet
  facet normal -0.743144825477395 -0.6691306063588572 0
    outer loop
      vertex -3.596699001693256 -3.4732918522949863 -28
      vertex -3.596699001693256 -3.4732918522949863 -16
      vertex -3.83022221559489 -3.2139380484326963 -16
    endloop
  endfacet
  facet normal -0.8290375725550427 -0.5591929034707452 0
    outer loop
      vertex -4.045084971874737 -2.938926261462366 -28
      vertex -4.045084971874737 -2.938926261462366 -16
      vertex -4.24024048078213 -2.6495963211660243 -16
    endloop
  endfacet
  facet normal -0.7880107536067208 -0.6156614753256598 0
    outer loop
      vertex -3.83022221559489 -3.2139380484326963 -28
      vertex -3.83022221559489 -3.2139380484326963 -16
      vertex -4.045084971874737 -2.938926261462366 -16
    endloop
  endfacet
  facet normal -0.8660254037844376 -0.5000000000000019 0
    outer loop
      vertex -4.24024048078213 -2.6495963211660243 -28
      vertex -4.24024048078213 -2.6495963211660243 -16
      vertex -4.414737964294635 -2.347357813929454 -16
    endloop
  endfacet
  facet normal 0 0 1
    outer loop
      vertex -0.8682408883346516 -4.92403876506104 -16
      vertex -0.5226423163382674 -4.972609476841367 -16
      vertex -0.8006746346570942 -2.3683158846354786 -16
    endloop
  endfacet
  facet normal 0 0 1
    outer loop
      vertex -0.5226423163382674 -4.972609476841367 -16
      vertex -0.17449748351250485 -4.9969541350954785 -16
      vertex -0.5149465468527468 -2.44639123074876 -16
    endloop
  endfacet
  facet normal 0 0 1
    outer loop
      vertex -1.2096094779983386 -4.851478631379982 -16
      vertex -1.334558444911977 -2.1139900087545653 -16
      vertex -1.545084971874737 -4.755282581475767 -16
    endloop
  endfacet
  facet normal 0 0 1
    outer loop
      vertex -1.2096094779983386 -4.851478631379982 -16
      vertex -0.8682408883346516 -4.92403876506104 -16
      vertex -1.0751630056913006 -2.256994574914359 -16
    endloop
  endfacet
  facet normal 0 0 1
    outer loop
      vertex -1.87303296707956 -4.635919272833937 -16
      vertex -1.545084971874737 -4.755282581475767 -16
      vertex -1.7937681426108278 -1.7413775726574923 -16
    endloop
  endfacet
  facet normal 0 0 1
    outer loop
      vertex -1.87303296707956 -4.635919272833937 -16
      vertex -1.9871361035333828 -1.5170003645464836 -16
      vertex -2.1918557339453875 -4.493970231495835 -16
    endloop
  endfacet
  facet normal 0 0 1
    outer loop
      vertex -2.1918557339453875 -4.493970231495835 -16
      vertex -2.391002460691306 -0.7301419265924393 -16
      vertex -2.5 -4.330127018922193 -16
    endloop
  endfacet
  facet normal 0 0 1
    outer loop
      vertex -0.8682408883346516 -4.92403876506104 -16
      vertex -0.8006746346570942 -2.3683158846354786 -16
      vertex -1.0751630056913006 -2.256994574914359 -16
    endloop
  endfacet
  facet normal 0 0 1
    outer loop
      vertex -0.17449748351250485 -4.9969541350954785 -16
      vertex -0.2219897383073359 -2.4901246065380427 -16
      vertex -0.5149465468527468 -2.44639123074876 -16
    endloop
  endfacet
  facet normal 0 0 1
    outer loop
      vertex -0.17449748351250485 -4.9969541350954785 -16
      vertex 0.07408331955639982 -2.4989020912719857 -16
      vertex -0.2219897383073359 -2.4901246065380427 -16
    endloop
  endfacet
  facet normal 0 0 1
    outer loop
      vertex -0.5226423163382674 -4.972609476841367 -16
      vertex -0.5149465468527468 -2.44639123074876 -16
      vertex -0.8006746346570942 -2.3683158846354786 -16
    endloop
  endfacet
  facet normal 0 0 1
    outer loop
      vertex -1.545084971874737 -4.755282581475767 -16
      vertex -1.5752196089542772 -1.9413096567951063 -16
      vertex -1.7937681426108278 -1.7413775726574923 -16
    endloop
  endfacet
  facet normal 0 0 1
    outer loop
      vertex -1.87303296707956 -4.635919272833937 -16
      vertex -1.7937681426108278 -1.7413775726574923 -16
      vertex -1.9871361035333828 -1.5170003645464836 -16
    endloop
  endfacet
  facet normal 0 0 1
    outer loop
      vertex -1.2096094779983386 -4.851478631379982 -16
      vertex -1.0751630056913006 -2.256994574914359 -16
      vertex -1.334558444911977 -2.1139900087545653 -16
    endloop
  endfacet
  facet normal 0 0 1
    outer loop
      vertex -1.545084971874737 -4.755282581475767 -16
      vertex -1.334558444911977 -2.1139900087545653 -16
      vertex -1.5752196089542772 -1.9413096567951063 -16
    endloop
  endfacet
  facet normal -0.8987940462991676 -0.4383711467890761 0
    outer loop
      vertex -4.414737964294635 -2.347357813929454 -28
      vertex -4.414737964294635 -2.347357813929454 -16
      vertex -4.567727288213004 -2.033683215379001 -16
    endloop
  endfacet
  facet normal -0.9271838545667865 -0.37460659341591396 0
    outer loop
      vertex -4.567727288213004 -2.033683215379001 -28
      vertex -4.567727288213004 -2.033683215379001 -16
      vertex -4.698463103929543 -1.7101007166283435 -16
    endloop
  endfacet
  facet normal -0.951056516295154 -0.3090169943749461 0
    outer loop
      vertex -4.698463103929543 -1.7101007166283435 -28
      vertex -4.698463103929543 -1.7101007166283435 -16
      vertex -4.8063084796915945 -1.3781867790849958 -16
    endloop
  endfacet
  facet normal -0.9702957262759964 -0.24192189559966815 0
    outer loop
      vertex -4.8063084796915945 -1.3781867790849958 -28
      vertex -4.8063084796915945 -1.3781867790849958 -16
      vertex -4.8907380036690284 -1.0395584540887968 -16
    endloop
  endfacet
  facet normal -0.9848077530122084 -0.1736481776669296 0
    outer loop
      vertex -4.8907380036690284 -1.0395584540887968 -28
      vertex -4.8907380036690284 -1.0395584540887968 -16
      vertex -4.951340343707852 -0.6958655048003272 -16
    endloop
  endfacet
  facet normal -0.9945218953682733 -0.10452846326765337 0
    outer loop
      vertex -4.951340343707852 -0.6958655048003272 -28
      vertex -4.951340343707852 -0.6958655048003272 -16
      vertex -4.987820251299121 -0.3487823687206265 -16
    endloop
  endfacet
  facet normal -0.9993908270190957 -0.034899496702501046 0
    outer loop
      vertex -4.987820251299121 -0.3487823687206265 -28
      vertex -4.987820251299121 -0.3487823687206265 -16
      vertex -5 0 -16
    endloop
  endfacet
  facet normal 0 0 1
    outer loop
      vertex -3.0783073766282913 -3.9400537680336094 -16
      vertex -3.345653031794291 3.715724127386971 -16
      vertex -3.345653031794291 -3.715724127386971 -16
    endloop
  endfacet
  facet normal 0 0 1
    outer loop
      vertex -2.1918557339453875 -4.493970231495835 -16
      vertex -1.9871361035333828 -1.5170003645464836 -16
      vertex -2.152609029418389 -1.271327796623051 -16
    endloop
  endfacet
  facet normal 0 0 1
    outer loop
      vertex -2.1918557339453875 -4.493970231495835 -16
      vertex -2.152609029418389 -1.271327796623051 -16
      vertex -2.2878640431075463 -1.007808573219931 -16
    endloop
  endfacet
  facet normal 0 0 1
    outer loop
      vertex -2.1918557339453875 -4.493970231495835 -16
      vertex -2.2878640431075463 -1.007808573219931 -16
      vertex -2.391002460691306 -0.7301419265924393 -16
    endloop
  endfacet
  facet normal 0 0 1
    outer loop
      vertex -2.5 -4.330127018922193 -16
      vertex -2.391002460691306 -0.7301419265924393 -16
      vertex -2.460576444868992 -0.4422256878064328 -16
    endloop
  endfacet
  facet normal 0 0 1
    outer loop
      vertex -2.5 -4.330127018922193 -16
      vertex -2.460576444868992 -0.4422256878064328 -16
      vertex -2.4956093294108035 -0.1481015697342854 -16
    endloop
  endfacet
  facet normal 0 0 1
    outer loop
      vertex -2.5 -4.330127018922193 -16
      vertex -2.7959645173537346 4.145187862775209 -16
      vertex -2.7959645173537346 -4.145187862775209 -16
    endloop
  endfacet
  facet normal 0 0 1
    outer loop
      vertex -2.5 -4.330127018922193 -16
      vertex -2.4956093294108035 -0.1481015697342854 -16
      vertex -2.4956093294108035 0.1481015697342854 -16
    endloop
  endfacet
  facet normal 0 0 1
    outer loop
      vertex -2.7959645173537346 -4.145187862775209 -16
      vertex -3.0783073766282913 3.9400537680336094 -16
      vertex -3.0783073766282913 -3.9400537680336094 -16
    endloop
  endfacet
  facet normal 0 0 1
    outer loop
      vertex -3.83022221559489 -3.2139380484326963 -16
      vertex -4.045084971874737 2.938926261462366 -16
      vertex -4.045084971874737 -2.938926261462366 -16
    endloop
  endfacet
  facet normal 0 0 1
    outer loop
      vertex -4.045084971874737 -2.938926261462366 -16
      vertex -4.24024048078213 2.6495963211660243 -16
      vertex -4.24024048078213 -2.6495963211660243 -16
    endloop
  endfacet
  facet normal 0 0 1
    outer loop
      vertex -3.596699001693256 -3.4732918522949863 -16
      vertex -3.83022221559489 3.2139380484326963 -16
      vertex -3.83022221559489 -3.2139380484326963 -16
    endloop
  endfacet
  facet normal 0 0 1
    outer loop
      vertex -3.345653031794291 -3.715724127386971 -16
      vertex -3.596699001693256 3.4732918522949863 -16
      vertex -3.596699001693256 -3.4732918522949863 -16
    endloop
  endfacet
  facet normal 0 0 1
    outer loop
      vertex -4.24024048078213 -2.6495963211660243 -16
      vertex -4.414737964294635 2.347357813929454 -16
      vertex -4.414737964294635 -2.347357813929454 -16
    endloop
  endfacet
  facet normal 0 0 1
    outer loop
      vertex -4.414737964294635 -2.347357813929454 -16
      vertex -4.567727288213004 2.033683215379001 -16
      vertex -4.567727288213004 -2.033683215379001 -16
    endloop
  endfacet
  facet normal 0 0 1
    outer loop
      vertex -4.567727288213004 -2.033683215379001 -16
      vertex -4.698463103929543 1.7101007166283435 -16
      vertex -4.698463103929543 -1.7101007166283435 -16
    endloop
  endfacet
  facet normal 0 0 1
    outer loop
      vertex -4.698463103929543 -1.7101007166283435 -16
      vertex -4.8063084796915945 1.3781867790849958 -16
      vertex -4.8063084796915945 -1.3781867790849958 -16
    endloop
  endfacet
  facet normal 0 0 1
    outer loop
      vertex -4.8063084796915945 -1.3781867790849958 -16
      vertex -4.8907380036690284 1.0395584540887968 -16
      vertex -4.8907380036690284 -1.0395584540887968 -16
    endloop
  endfacet
  facet normal 0 0 1
    outer loop
      vertex -4.8907380036690284 -1.0395584540887968 -16
      vertex -4.951340343707852 0.6958655048003272 -16
      vertex -4.951340343707852 -0.6958655048003272 -16
    endloop
  endfacet
  facet normal 0 0 1
    outer loop
      vertex -4.951340343707852 -0.6958655048003272 -16
      vertex -4.987820251299121 0.3487823687206265 -16
      vertex -4.987820251299121 -0.3487823687206265 -16
    endloop
  endfacet
  facet normal -0.9993908270190957 0.034899496702501046 1.484458829415329e-20
    outer loop
      vertex -5 0 -28
      vertex -4.987820251299121 0.3487823687206265 -16
      vertex -4.987820251299121 0.3487823687206265 -28
    endloop
  endfacet
  facet normal -0.9945218953682733 0.10452846326765337 -1.4040566224886297e-19
    outer loop
      vertex -4.987820251299121 0.3487823687206265 -28
      vertex -4.951340343707852 0.6958655048003272 -16
      vertex -4.951340343707852 0.6958655048003272 -28
    endloop
  endfacet
  facet normal -0.9848077530122084 0.1736481776669296 1.818206968553457e-20
    outer loop
      vertex -4.951340343707852 0.6958655048003272 -28
      vertex -4.8907380036690284 1.0395584540887968 -16
      vertex -4.8907380036690284 1.0395584540887968 -28
    endloop
  endfacet
  facet normal -0.9702957262759964 0.24192189559966815 1.4989665206384512e-20
    outer loop
      vertex -4.8907380036690284 1.0395584540887968 -28
      vertex -4.8063084796915945 1.3781867790849958 -16
      vertex -4.8063084796915945 1.3781867790849958 -28
    endloop
  endfacet
  facet normal -0.951056516295154 0.3090169943749461 -7.054259959914611e-19
    outer loop
      vertex -4.8063084796915945 1.3781867790849958 -28
      vertex -4.698463103929543 1.7101007166283435 -16
      vertex -4.698463103929543 1.7101007166283435 -28
    endloop
  endfacet
  facet normal -0.9271838545667865 0.37460659341591396 -6.886197462671721e-19
    outer loop
      vertex -4.698463103929543 1.7101007166283435 -28
      vertex -4.567727288213004 2.033683215379001 -16
      vertex -4.567727288213004 2.033683215379001 -28
    endloop
  endfacet
  facet normal -0.8987940462991676 0.4383711467890761 3.159550054399667e-19
    outer loop
      vertex -4.567727288213004 2.033683215379001 -28
      vertex -4.414737964294635 2.347357813929454 -16
      vertex -4.414737964294635 2.347357813929454 -28
    endloop
  endfacet
  facet normal -0.8660254037844376 0.5000000000000019 -3.4248828098196345e-21
    outer loop
      vertex -4.414737964294635 2.347357813929454 -28
      vertex -4.24024048078213 2.6495963211660243 -16
      vertex -4.24024048078213 2.6495963211660243 -28
    endloop
  endfacet
  facet normal -0.8290375725550427 0.5591929034707452 6.327671940239006e-19
    outer loop
      vertex -4.24024048078213 2.6495963211660243 -28
      vertex -4.045084971874737 2.938926261462366 -16
      vertex -4.045084971874737 2.938926261462366 -28
    endloop
  endfacet
  facet normal -0.7880107536067208 0.6156614753256598 1.3943132340361382e-19
    outer loop
      vertex -4.045084971874737 2.938926261462366 -28
      vertex -3.83022221559489 3.2139380484326963 -16
      vertex -3.83022221559489 3.2139380484326963 -28
    endloop
  endfacet
  facet normal -0.743144825477395 0.6691306063588572 3.7365519664722165e-19
    outer loop
      vertex -3.83022221559489 3.2139380484326963 -28
      vertex -3.596699001693256 3.4732918522949863 -16
      vertex -3.596699001693256 3.4732918522949863 -28
    endloop
  endfacet
  facet normal -0.6946583704589973 0.7193398003386512 3.43495215516266e-20
    outer loop
      vertex -3.596699001693256 3.4732918522949863 -28
      vertex -3.345653031794291 3.715724127386971 -16
      vertex -3.345653031794291 3.715724127386971 -28
    endloop
  endfacet
  facet normal -0.6427876096865387 0.7660444431189785 -3.968365203074089e-19
    outer loop
      vertex -3.345653031794291 3.715724127386971 -28
      vertex -3.0783073766282913 3.9400537680336094 -16
      vertex -3.0783073766282913 3.9400537680336094 -28
    endloop
  endfacet
  facet normal -0.5877852522924748 0.8090169943749462 -3.657838861644559e-19
    outer loop
      vertex -3.0783073766282913 3.9400537680336094 -28
      vertex -2.7959645173537346 4.145187862775209 -16
      vertex -2.7959645173537346 4.145187862775209 -28
    endloop
  endfacet
  facet normal -0.5299192642332031 0.8480480961564272 -5.817645981312811e-19
    outer loop
      vertex -2.7959645173537346 4.145187862775209 -28
      vertex -2.5 4.330127018922193 -16
      vertex -2.5 4.330127018922193 -28
    endloop
  endfacet
  facet normal -0.46947156278589225 0.882947592858926 -2.0744038340148538e-19
    outer loop
      vertex -2.5 4.330127018922193 -28
      vertex -2.1918557339453875 4.493970231495835 -16
      vertex -2.1918557339453875 4.493970231495835 -28
    endloop
  endfacet
  facet normal -0.40673664307579993 0.9135454576426011 6.437456481366663e-19
    outer loop
      vertex -2.1918557339453875 4.493970231495835 -28
      vertex -1.87303296707956 4.635919272833937 -16
      vertex -1.87303296707956 4.635919272833937 -28
    endloop
  endfacet
  facet normal -0.34202014332566716 0.939692620785909 -6.781991387059998e-19
    outer loop
      vertex -1.87303296707956 4.635919272833937 -28
      vertex -1.545084971874737 4.755282581475767 -16
      vertex -1.545084971874737 4.755282581475767 -28
    endloop
  endfacet
  facet normal -0.2756373558170004 0.9612616959383186 5.524069512524066e-19
    outer loop
      vertex -1.545084971874737 4.755282581475767 -28
      vertex -1.2096094779983386 4.851478631379982 -16
      vertex -1.2096094779983386 4.851478631379982 -28
    endloop
  endfacet
  facet normal -0.20791169081775812 0.9781476007338061 -3.983923795768009e-19
    outer loop
      vertex -1.2096094779983386 4.851478631379982 -28
      vertex -0.8682408883346516 4.92403876506104 -16
      vertex -0.8682408883346516 4.92403876506104 -28
    endloop
  endfacet
  facet normal -0.13917310096006696 0.9902680687415701 -2.5222640015396213e-20
    outer loop
      vertex -0.8682408883346516 4.92403876506104 -28
      vertex -0.5226423163382674 4.972609476841367 -16
      vertex -0.5226423163382674 4.972609476841367 -28
    endloop
  endfacet
  facet normal -0.06975647374412483 0.9975640502598243 -1.9436209155158827e-20
    outer loop
      vertex -0.5226423163382674 4.972609476841367 -28
      vertex -0.17449748351250485 4.9969541350954785 -16
      vertex -0.17449748351250485 4.9969541350954785 -28
    endloop
  endfacet
  facet normal -0.9993908270190957 0.034899496702501046 0
    outer loop
      vertex -5 0 -28
      vertex -5 0 -16
      vertex -4.987820251299121 0.3487823687206265 -16
    endloop
  endfacet
  facet normal -0.9945218953682733 0.10452846326765337 0
    outer loop
      vertex -4.987820251299121 0.3487823687206265 -28
      vertex -4.987820251299121 0.3487823687206265 -16
      vertex -4.951340343707852 0.6958655048003272 -16
    endloop
  endfacet
  facet normal -0.9848077530122084 0.1736481776669296 0
    outer loop
      vertex -4.951340343707852 0.6958655048003272 -28
      vertex -4.951340343707852 0.6958655048003272 -16
      vertex -4.8907380036690284 1.0395584540887968 -16
    endloop
  endfacet
  facet normal -0.9702957262759964 0.24192189559966815 0
    outer loop
      vertex -4.8907380036690284 1.0395584540887968 -28
      vertex -4.8907380036690284 1.0395584540887968 -16
      vertex -4.8063084796915945 1.3781867790849958 -16
    endloop
  endfacet
  facet normal -0.951056516295154 0.3090169943749461 0
    outer loop
      vertex -4.8063084796915945 1.3781867790849958 -28
      vertex -4.8063084796915945 1.3781867790849958 -16
      vertex -4.698463103929543 1.7101007166283435 -16
    endloop
  endfacet
  facet normal -0.9271838545667865 0.37460659341591396 0
    outer loop
      vertex -4.698463103929543 1.7101007166283435 -28
      vertex -4.698463103929543 1.7101007166283435 -16
      vertex -4.567727288213004 2.033683215379001 -16
    endloop
  endfacet
  facet normal -0.8987940462991676 0.4383711467890761 0
    outer loop
      vertex -4.567727288213004 2.033683215379001 -28
      vertex -4.567727288213004 2.033683215379001 -16
      vertex -4.414737964294635 2.347357813929454 -16
    endloop
  endfacet
  facet normal -0.8660254037844376 0.5000000000000019 0
    outer loop
      vertex -4.414737964294635 2.347357813929454 -28
      vertex -4.414737964294635 2.347357813929454 -16
      vertex -4.24024048078213 2.6495963211660243 -16
    endloop
  endfacet
  facet normal 0 0 1
    outer loop
      vertex -4.987820251299121 -0.3487823687206265 -16
      vertex -4.987820251299121 0.3487823687206265 -16
      vertex -5 0 -16
    endloop
  endfacet
  facet normal 0 0 1
    outer loop
      vertex -4.951340343707852 -0.6958655048003272 -16
      vertex -4.951340343707852 0.6958655048003272 -16
      vertex -4.987820251299121 0.3487823687206265 -16
    endloop
  endfacet
  facet normal 0 0 1
    outer loop
      vertex -4.8907380036690284 -1.0395584540887968 -16
      vertex -4.8907380036690284 1.0395584540887968 -16
      vertex -4.951340343707852 0.6958655048003272 -16
    endloop
  endfacet
  facet normal 0 0 1
    outer loop
      vertex -4.8063084796915945 -1.3781867790849958 -16
      vertex -4.8063084796915945 1.3781867790849958 -16
      vertex -4.8907380036690284 1.0395584540887968 -16
    endloop
  endfacet
  facet normal 0 0 1
    outer loop
      vertex -4.698463103929543 -1.7101007166283435 -16
      vertex -4.698463103929543 1.7101007166283435 -16
      vertex -4.8063084796915945 1.3781867790849958 -16
    endloop
  endfacet
  facet normal 0 0 1
    outer loop
      vertex -4.567727288213004 -2.033683215379001 -16
      vertex -4.567727288213004 2.033683215379001 -16
      vertex -4.698463103929543 1.7101007166283435 -16
    endloop
  endfacet
  facet normal 0 0 1
    outer loop
      vertex -4.414737964294635 -2.347357813929454 -16
      vertex -4.414737964294635 2.347357813929454 -16
      vertex -4.567727288213004 2.033683215379001 -16
    endloop
  endfacet
  facet normal 0 0 1
    outer loop
      vertex -4.24024048078213 -2.6495963211660243 -16
      vertex -4.24024048078213 2.6495963211660243 -16
      vertex -4.414737964294635 2.347357813929454 -16
    endloop
  endfacet
  facet normal 0 0 1
    outer loop
      vertex -4.045084971874737 -2.938926261462366 -16
      vertex -4.045084971874737 2.938926261462366 -16
      vertex -4.24024048078213 2.6495963211660243 -16
    endloop
  endfacet
  facet normal 0 0 1
    outer loop
      vertex -3.83022221559489 -3.2139380484326963 -16
      vertex -3.83022221559489 3.2139380484326963 -16
      vertex -4.045084971874737 2.938926261462366 -16
    endloop
  endfacet
  facet normal 0 0 1
    outer loop
      vertex -3.596699001693256 -3.4732918522949863 -16
      vertex -3.596699001693256 3.4732918522949863 -16
      vertex -3.83022221559489 3.2139380484326963 -16
    endloop
  endfacet
  facet normal 0 0 1
    outer loop
      vertex -3.345653031794291 -3.715724127386971 -16
      vertex -3.345653031794291 3.715724127386971 -16
      vertex -3.596699001693256 3.4732918522949863 -16
    endloop
  endfacet
  facet normal 0 0 1
    outer loop
      vertex -3.0783073766282913 -3.9400537680336094 -16
      vertex -3.0783073766282913 3.9400537680336094 -16
      vertex -3.345653031794291 3.715724127386971 -16
    endloop
  endfacet
  facet normal 0 0 1
    outer loop
      vertex -2.5 -4.330127018922193 -16
      vertex -2.4956093294108035 0.1481015697342854 -16
      vertex -2.5 4.330127018922193 -16
    endloop
  endfacet
  facet normal 0 0 1
    outer loop
      vertex -2.7959645173537346 -4.145187862775209 -16
      vertex -2.7959645173537346 4.145187862775209 -16
      vertex -3.0783073766282913 3.9400537680336094 -16
    endloop
  endfacet
  facet normal 0 0 1
    outer loop
      vertex -2.5 -4.330127018922193 -16
      vertex -2.5 4.330127018922193 -16
      vertex -2.7959645173537346 4.145187862775209 -16
    endloop
  endfacet
  facet normal 0 0 1
    outer loop
      vertex -2.5 4.330127018922193 -16
      vertex -2.4956093294108035 0.1481015697342854 -16
      vertex -2.460576444868992 0.4422256878064328 -16
    endloop
  endfacet
  facet normal 0 0 1
    outer loop
      vertex -2.5 4.330127018922193 -16
      vertex -2.460576444868992 0.4422256878064328 -16
      vertex -2.391002460691306 0.7301419265924393 -16
    endloop
  endfacet
  facet normal 0 0 1
    outer loop
      vertex -2.5 4.330127018922193 -16
      vertex -2.391002460691306 0.7301419265924393 -16
      vertex -2.2878640431075463 1.007808573219931 -16
    endloop
  endfacet
  facet normal 0 0 1
    outer loop
      vertex -2.5 4.330127018922193 -16
      vertex -2.2878640431075463 1.007808573219931 -16
      vertex -2.152609029418389 1.271327796623051 -16
    endloop
  endfacet
  facet normal 0 0 1
    outer loop
      vertex -2.1918557339453875 4.493970231495835 -16
      vertex -2.152609029418389 1.271327796623051 -16
      vertex -1.9871361035333828 1.5170003645464836 -16
    endloop
  endfacet
  facet normal -0.8290375725550427 0.5591929034707452 0
    outer loop
      vertex -4.24024048078213 2.6495963211660243 -28
      vertex -4.24024048078213 2.6495963211660243 -16
      vertex -4.045084971874737 2.938926261462366 -16
    endloop
  endfacet
  facet normal -0.7880107536067208 0.6156614753256598 0
    outer loop
      vertex -4.045084971874737 2.938926261462366 -28
      vertex -4.045084971874737 2.938926261462366 -16
      vertex -3.83022221559489 3.2139380484326963 -16
    endloop
  endfacet
  facet normal -0.743144825477395 0.6691306063588572 0
    outer loop
      vertex -3.83022221559489 3.2139380484326963 -28
      vertex -3.83022221559489 3.2139380484326963 -16
      vertex -3.596699001693256 3.4732918522949863 -16
    endloop
  endfacet
  facet normal -0.6946583704589973 0.7193398003386512 0
    outer loop
      vertex -3.596699001693256 3.4732918522949863 -28
      vertex -3.596699001693256 3.4732918522949863 -16
      vertex -3.345653031794291 3.715724127386971 -16
    endloop
  endfacet
  facet normal -0.6427876096865387 0.7660444431189785 0
    outer loop
      vertex -3.345653031794291 3.715724127386971 -28
      vertex -3.345653031794291 3.715724127386971 -16
      vertex -3.0783073766282913 3.9400537680336094 -16
    endloop
  endfacet
  facet normal -0.5877852522924748 0.8090169943749462 0
    outer loop
      vertex -3.0783073766282913 3.9400537680336094 -28
      vertex -3.0783073766282913 3.9400537680336094 -16
      vertex -2.7959645173537346 4.145187862775209 -16
    endloop
  endfacet
  facet normal -0.5299192642332031 0.8480480961564272 0
    outer loop
      vertex -2.7959645173537346 4.145187862775209 -28
      vertex -2.7959645173537346 4.145187862775209 -16
      vertex -2.5 4.330127018922193 -16
    endloop
  endfacet
  facet normal -0.46947156278589225 0.882947592858926 0
    outer loop
      vertex -2.5 4.330127018922193 -28
      vertex -2.5 4.330127018922193 -16
      vertex -2.1918557339453875 4.493970231495835 -16
    endloop
  endfacet
  facet normal -0.40673664307579993 0.9135454576426011 0
    outer loop
      vertex -2.1918557339453875 4.493970231495835 -28
      vertex -2.1918557339453875 4.493970231495835 -16
      vertex -1.87303296707956 4.635919272833937 -16
    endloop
  endfacet
  facet normal -0.34202014332566716 0.939692620785909 0
    outer loop
      vertex -1.87303296707956 4.635919272833937 -28
      vertex -1.87303296707956 4.635919272833937 -16
      vertex -1.545084971874737 4.755282581475767 -16
    endloop
  endfacet
  facet normal -0.2756373558170004 0.9612616959383186 0
    outer loop
      vertex -1.545084971874737 4.755282581475767 -28
      vertex -1.545084971874737 4.755282581475767 -16
      vertex -1.2096094779983386 4.851478631379982 -16
    endloop
  endfacet
  facet normal -0.20791169081775812 0.9781476007338061 0
    outer loop
      vertex -1.2096094779983386 4.851478631379982 -28
      vertex -1.2096094779983386 4.851478631379982 -16
      vertex -0.8682408883346516 4.92403876506104 -16
    endloop
  endfacet
  facet normal -0.13917310096006696 0.9902680687415701 0
    outer loop
      vertex -0.8682408883346516 4.92403876506104 -28
      vertex -0.8682408883346516 4.92403876506104 -16
      vertex -0.5226423163382674 4.972609476841367 -16
    endloop
  endfacet
  facet normal -0.06975647374412483 0.9975640502598243 0
    outer loop
      vertex -0.5226423163382674 4.972609476841367 -28
      vertex -0.5226423163382674 4.972609476841367 -16
      vertex -0.17449748351250485 4.9969541350954785 -16
    endloop
  endfacet
  facet normal 0 1 0
    outer loop
      vertex -0.17449748351250485 4.9969541350954785 -28
      vertex -0.17449748351250485 4.9969541350954785 -16
      vertex 0.17449748351250485 4.9969541350954785 -16
    endloop
  endfacet
  facet normal 0 0 1
    outer loop
      vertex -2.1918557339453875 4.493970231495835 -16
      vertex -1.9871361035333828 1.5170003645464836 -16
      vertex -1.7937681426108278 1.7413775726574923 -16
    endloop
  endfacet
  facet normal 0 0 1
    outer loop
      vertex -1.87303296707956 4.635919272833937 -16
      vertex -1.7937681426108278 1.7413775726574923 -16
      vertex -1.5752196089542772 1.9413096567951063 -16
    endloop
  endfacet
  facet normal 0 0 1
    outer loop
      vertex -1.87303296707956 4.635919272833937 -16
      vertex -1.5752196089542772 1.9413096567951063 -16
      vertex -1.334558444911977 2.1139900087545653 -16
    endloop
  endfacet
  facet normal 0 0 1
    outer loop
      vertex -1.545084971874737 4.755282581475767 -16
      vertex -1.334558444911977 2.1139900087545653 -16
      vertex -1.0751630056913013 2.256994574914359 -16
    endloop
  endfacet
  facet normal 0 0 1
    outer loop
      vertex -2.5 4.330127018922193 -16
      vertex -2.152609029418389 1.271327796623051 -16
      vertex -2.1918557339453875 4.493970231495835 -16
    endloop
  endfacet
  facet normal 0 0 1
    outer loop
      vertex -2.1918557339453875 4.493970231495835 -16
      vertex -1.7937681426108278 1.7413775726574923 -16
      vertex -1.87303296707956 4.635919272833937 -16
    endloop
  endfacet
  facet normal 0 0 1
    outer loop
      vertex -1.2096094779983386 4.851478631379982 -16
      vertex -1.0751630056913013 2.256994574914359 -16
      vertex -0.8006746346570942 2.3683158846354786 -16
    endloop
  endfacet
  facet normal 0 0 1
    outer loop
      vertex -0.8682408883346516 4.92403876506104 -16
      vertex -0.8006746346570942 2.3683158846354786 -16
      vertex -0.5149465468527461 2.44639123074876 -16
    endloop
  endfacet
  facet normal 0 0 1
    outer loop
      vertex -0.5226423163382674 4.972609476841367 -16
      vertex -0.5149465468527461 2.44639123074876 -16
      vertex -0.22198973830733715 2.4901246065380422 -16
    endloop
  endfacet
  facet normal 0 0 1
    outer loop
      vertex -0.17449748351250485 4.9969541350954785 -16
      vertex -0.22198973830733715 2.4901246065380422 -16
      vertex 0.0740833195563992 2.4989020912719857 -16
    endloop
  endfacet
  facet normal 0 0 1
    outer loop
      vertex -1.87303296707956 4.635919272833937 -16
      vertex -1.334558444911977 2.1139900087545653 -16
      vertex -1.545084971874737 4.755282581475767 -16
    endloop
  endfacet
  facet normal 0 0 1
    outer loop
      vertex -1.545084971874737 4.755282581475767 -16
      vertex -1.0751630056913013 2.256994574914359 -16
      vertex -1.2096094779983386 4.851478631379982 -16
    endloop
  endfacet
  facet normal 0 0 1
    outer loop
      vertex -1.2096094779983386 4.851478631379982 -16
      vertex -0.8006746346570942 2.3683158846354786 -16
      vertex -0.8682408883346516 4.92403876506104 -16
    endloop
  endfacet
  facet normal 0 0 1
    outer loop
      vertex -0.8682408883346516 4.92403876506104 -16
      vertex -0.5149465468527461 2.44639123074876 -16
      vertex -0.5226423163382674 4.972609476841367 -16
    endloop
  endfacet
  facet normal 0 0 1
    outer loop
      vertex -0.5226423163382674 4.972609476841367 -16
      vertex -0.22198973830733715 2.4901246065380422 -16
      vertex -0.17449748351250485 4.9969541350954785 -16
    endloop
  endfacet
  facet normal 0.6427876096865396 -0.7660444431189778 0
    outer loop
      vertex 3.3062527167013744 -3.748784917249706 -28
      vertex 3.345653031794291 -3.715724127386971 -28
      vertex 3.3062527167013744 -3.748784917249706 -24
    endloop
  endfacet
  facet normal 0.34202014332566605 -0.9396926207859094 -3.055292577596327e-17
    outer loop
      vertex 1.87303296707956 -4.635919272833937 -24
      vertex 1.5553380258090763 -4.7515507750333414 -23.900000000000002
      vertex 1.5553380258090763 -4.7515507750333414 -24
    endloop
  endfacet
  facet normal 0.6946583704589973 -0.7193398003386512 0
    outer loop
      vertex 3.345653031794291 -3.715724127386971 -28
      vertex 3.596699001693256 -3.4732918522949863 -28
      vertex 3.345653031794291 -3.715724127386971 -16
    endloop
  endfacet
  facet normal 0.743144825477395 -0.6691306063588572 0
    outer loop
      vertex 3.596699001693256 -3.4732918522949863 -28
      vertex 3.83022221559489 -3.2139380484326963 -28
      vertex 3.596699001693256 -3.4732918522949863 -16
    endloop
  endfacet
  facet normal 0.7880107536067208 -0.6156614753256598 0
    outer loop
      vertex 3.83022221559489 -3.2139380484326963 -28
      vertex 4.045084971874737 -2.938926261462366 -28
      vertex 3.83022221559489 -3.2139380484326963 -16
    endloop
  endfacet
  facet normal 0.8290375725550427 -0.5591929034707452 0
    outer loop
      vertex 4.045084971874737 -2.938926261462366 -28
      vertex 4.24024048078213 -2.6495963211660243 -28
      vertex 4.045084971874737 -2.938926261462366 -16
    endloop
  endfacet
  facet normal 0.8660254037844376 -0.5000000000000019 0
    outer loop
      vertex 4.24024048078213 -2.6495963211660243 -28
      vertex 4.414737964294635 -2.347357813929454 -28
      vertex 4.24024048078213 -2.6495963211660243 -16
    endloop
  endfacet
  facet normal 0.6427876096865396 -0.7660444431189778 0
    outer loop
      vertex 3.345653031794291 -3.715724127386971 -28
      vertex 3.345653031794291 -3.715724127386971 -16
      vertex 3.3062527167013744 -3.748784917249706 -24
    endloop
  endfacet
  facet normal 0.40673664307579993 -0.913545457642601 0
    outer loop
      vertex 1.87303296707956 -4.635919272833937 -24
      vertex 2.1918557339453875 -4.493970231495835 -24
      vertex 1.87303296707956 -4.635919272833937 -16
    endloop
  endfacet
  facet normal 0.4694715627858923 -0.8829475928589262 0
    outer loop
      vertex 2.1918557339453875 -4.493970231495835 -24
      vertex 2.5 -4.330127018922193 -24
      vertex 2.1918557339453875 -4.493970231495835 -16
    endloop
  endfacet
  facet normal 0.5299192642332031 -0.8480480961564271 0
    outer loop
      vertex 2.5 -4.330127018922193 -24
      vertex 2.7959645173537346 -4.145187862775209 -24
      vertex 2.5 -4.330127018922193 -16
    endloop
  endfacet
  facet normal 0.5877852522924748 -0.8090169943749463 0
    outer loop
      vertex 2.7959645173537346 -4.145187862775209 -24
      vertex 3.0783073766282913 -3.9400537680336094 -24
      vertex 2.7959645173537346 -4.145187862775209 -16
    endloop
  endfacet
  facet normal 0.6427876096865386 -0.7660444431189786 0
    outer loop
      vertex 3.0783073766282913 -3.9400537680336094 -24
      vertex 3.3062527167013744 -3.748784917249706 -24
      vertex 3.0783073766282913 -3.9400537680336094 -16
    endloop
  endfacet
  facet normal 0.06975647374412483 -0.9975640502598243 0
    outer loop
      vertex 0.17449748351250485 -4.9969541350954785 -16
      vertex 0.17449748351250485 -4.9969541350954785 -23.900000000000002
      vertex 0.5226423163382674 -4.972609476841367 -23.900000000000002
    endloop
  endfacet
  facet normal 0.13917310096006696 -0.99026806874157 0
    outer loop
      vertex 0.5226423163382674 -4.972609476841367 -16
      vertex 0.5226423163382674 -4.972609476841367 -23.900000000000002
      vertex 0.8682408883346516 -4.92403876506104 -23.900000000000002
    endloop
  endfacet
  facet normal 0.20791169081775812 -0.9781476007338059 0
    outer loop
      vertex 0.8682408883346516 -4.92403876506104 -16
      vertex 0.8682408883346516 -4.92403876506104 -23.900000000000002
      vertex 1.2096094779983386 -4.851478631379982 -23.900000000000002
    endloop
  endfacet
  facet normal 0.2756373558170004 -0.9612616959383186 0
    outer loop
      vertex 1.2096094779983386 -4.851478631379982 -16
      vertex 1.2096094779983386 -4.851478631379982 -23.900000000000002
      vertex 1.545084971874737 -4.755282581475767 -23.900000000000002
    endloop
  endfacet
  facet normal 0.34202014332570113 -0.9396926207858965 0
    outer loop
      vertex 1.545084971874737 -4.755282581475767 -16
      vertex 1.545084971874737 -4.755282581475767 -23.900000000000002
      vertex 1.5553380258090763 -4.7515507750333414 -23.900000000000002
    endloop
  endfacet
  facet normal 0.34202014332566605 -0.9396926207859093 -5.181645305336155e-17
    outer loop
      vertex 1.87303296707956 -4.635919272833937 -24
      vertex 1.545084971874737 -4.755282581475767 -16
      vertex 1.5553380258090763 -4.7515507750333414 -23.900000000000002
    endloop
  endfacet
  facet normal 0.8987940462991676 -0.4383711467890761 0
    outer loop
      vertex 4.414737964294635 -2.347357813929454 -28
      vertex 4.567727288213004 -2.033683215379001 -28
      vertex 4.414737964294635 -2.347357813929454 -16
    endloop
  endfacet
  facet normal 0.9271838545667865 -0.37460659341591396 0
    outer loop
      vertex 4.567727288213004 -2.033683215379001 -28
      vertex 4.698463103929543 -1.7101007166283435 -28
      vertex 4.567727288213004 -2.033683215379001 -16
    endloop
  endfacet
  facet normal 0.951056516295154 -0.3090169943749461 0
    outer loop
      vertex 4.698463103929543 -1.7101007166283435 -28
      vertex 4.8063084796915945 -1.3781867790849958 -28
      vertex 4.698463103929543 -1.7101007166283435 -16
    endloop
  endfacet
  facet normal 0.9702957262759964 -0.24192189559966815 0
    outer loop
      vertex 4.8063084796915945 -1.3781867790849958 -28
      vertex 4.8907380036690284 -1.0395584540887968 -28
      vertex 4.8063084796915945 -1.3781867790849958 -16
    endloop
  endfacet
  facet normal 0.9848077530122084 -0.1736481776669296 0
    outer loop
      vertex 4.8907380036690284 -1.0395584540887968 -28
      vertex 4.951340343707852 -0.6958655048003272 -28
      vertex 4.8907380036690284 -1.0395584540887968 -16
    endloop
  endfacet
  facet normal 0.9945218953682733 -0.10452846326765337 0
    outer loop
      vertex 4.951340343707852 -0.6958655048003272 -28
      vertex 4.987820251299121 -0.3487823687206265 -28
      vertex 4.951340343707852 -0.6958655048003272 -16
    endloop
  endfacet
  facet normal 0.9993908270190957 -0.034899496702501046 0
    outer loop
      vertex 4.987820251299121 -0.3487823687206265 -28
      vertex 5 0 -28
      vertex 4.987820251299121 -0.3487823687206265 -16
    endloop
  endfacet
  facet normal 0.34202014332566716 -0.939692620785909 0
    outer loop
      vertex 1.87303296707956 -4.635919272833937 -24
      vertex 1.87303296707956 -4.635919272833937 -16
      vertex 1.545084971874737 -4.755282581475767 -16
    endloop
  endfacet
  facet normal 0.40673664307579993 -0.913545457642601 0
    outer loop
      vertex 2.1918557339453875 -4.493970231495835 -24
      vertex 2.1918557339453875 -4.493970231495835 -16
      vertex 1.87303296707956 -4.635919272833937 -16
    endloop
  endfacet
  facet normal 0.4694715627858923 -0.8829475928589262 0
    outer loop
      vertex 2.5 -4.330127018922193 -24
      vertex 2.5 -4.330127018922193 -16
      vertex 2.1918557339453875 -4.493970231495835 -16
    endloop
  endfacet
  facet normal 0 -1 0
    outer loop
      vertex -0.17449748351250485 -4.9969541350954785 -16
      vertex 0.17449748351250485 -4.9969541350954785 -23.900000000000002
      vertex 0.17449748351250485 -4.9969541350954785 -16
    endloop
  endfacet
  facet normal 0.06975647374412483 -0.9975640502598243 -2.952335567872226e-20
    outer loop
      vertex 0.17449748351250485 -4.9969541350954785 -16
      vertex 0.5226423163382674 -4.972609476841367 -23.900000000000002
      vertex 0.5226423163382674 -4.972609476841367 -16
    endloop
  endfacet
  facet normal 0.13917310096006696 -0.99026806874157 -3.8312870909462586e-20
    outer loop
      vertex 0.5226423163382674 -4.972609476841367 -16
      vertex 0.8682408883346516 -4.92403876506104 -23.900000000000002
      vertex 0.8682408883346516 -4.92403876506104 -16
    endloop
  endfacet
  facet normal 0.20791169081775812 -0.9781476007338059 -6.051529816356468e-19
    outer loop
      vertex 0.8682408883346516 -4.92403876506104 -16
      vertex 1.2096094779983386 -4.851478631379982 -23.900000000000002
      vertex 1.2096094779983386 -4.851478631379982 -16
    endloop
  endfacet
  facet normal 0.2756373558170004 -0.9612616959383186 8.390991664593515e-19
    outer loop
      vertex 1.2096094779983386 -4.851478631379982 -16
      vertex 1.545084971874737 -4.755282581475767 -23.900000000000002
      vertex 1.545084971874737 -4.755282581475767 -16
    endloop
  endfacet
  facet normal 0.5299192642332031 -0.8480480961564271 0
    outer loop
      vertex 2.7959645173537346 -4.145187862775209 -24
      vertex 2.7959645173537346 -4.145187862775209 -16
      vertex 2.5 -4.330127018922193 -16
    endloop
  endfacet
  facet normal 0.5877852522924748 -0.8090169943749463 0
    outer loop
      vertex 3.0783073766282913 -3.9400537680336094 -24
      vertex 3.0783073766282913 -3.9400537680336094 -16
      vertex 2.7959645173537346 -4.145187862775209 -16
    endloop
  endfacet
  facet normal 0.6427876096865388 -0.7660444431189786 6.806582836273991e-18
    outer loop
      vertex 3.3062527167013744 -3.748784917249706 -24
      vertex 3.345653031794291 -3.715724127386971 -16
      vertex 3.0783073766282913 -3.9400537680336094 -16
    endloop
  endfacet
  facet normal 0.6946583704589973 -0.7193398003386512 0
    outer loop
      vertex 3.596699001693256 -3.4732918522949863 -28
      vertex 3.596699001693256 -3.4732918522949863 -16
      vertex 3.345653031794291 -3.715724127386971 -16
    endloop
  endfacet
  facet normal 0.743144825477395 -0.6691306063588572 0
    outer loop
      vertex 3.83022221559489 -3.2139380484326963 -28
      vertex 3.83022221559489 -3.2139380484326963 -16
      vertex 3.596699001693256 -3.4732918522949863 -16
    endloop
  endfacet
  facet normal 0.7880107536067208 -0.6156614753256598 0
    outer loop
      vertex 4.045084971874737 -2.938926261462366 -28
      vertex 4.045084971874737 -2.938926261462366 -16
      vertex 3.83022221559489 -3.2139380484326963 -16
    endloop
  endfacet
  facet normal 0.8290375725550427 -0.5591929034707452 0
    outer loop
      vertex 4.24024048078213 -2.6495963211660243 -28
      vertex 4.24024048078213 -2.6495963211660243 -16
      vertex 4.045084971874737 -2.938926261462366 -16
    endloop
  endfacet
  facet normal 0 0 1
    outer loop
      vertex -0.17449748351250485 -4.9969541350954785 -16
      vertex 0.17449748351250485 -4.9969541350954785 -16
      vertex 0.07408331955639982 -2.4989020912719857 -16
    endloop
  endfacet
  facet normal 0 0 1
    outer loop
      vertex 0.17449748351250485 -4.9969541350954785 -16
      vertex 0.5226423163382674 -4.972609476841367 -16
      vertex 0.07408331955639982 -2.4989020912719857 -16
    endloop
  endfacet
  facet normal 0 0 1
    outer loop
      vertex 0.5226423163382674 -4.972609476841367 -16
      vertex 0.8682408883346516 -4.92403876506104 -16
      vertex 0.3691164100062029 -2.47260046830541 -16
    endloop
  endfacet
  facet normal 0 0 1
    outer loop
      vertex 0.8682408883346516 -4.92403876506104 -16
      vertex 1.2096094779983386 -4.851478631379982 -16
      vertex 0.6589679151726684 -2.411588954770897 -16
    endloop
  endfacet
  facet normal 0 0 1
    outer loop
      vertex 1.2096094779983386 -4.851478631379982 -16
      vertex 1.545084971874737 -4.755282581475767 -16
      vertex 1.2069805068268626 -2.189337355489092 -16
    endloop
  endfacet
  facet normal 0 0 1
    outer loop
      vertex 1.545084971874737 -4.755282581475767 -16
      vertex 1.87303296707956 -4.635919272833937 -16
      vertex 1.45744869778618 -2.0312171950142033 -16
    endloop
  endfacet
  facet normal 0 0 1
    outer loop
      vertex 0.5226423163382674 -4.972609476841367 -16
      vertex 0.3691164100062029 -2.47260046830541 -16
      vertex 0.07408331955639982 -2.4989020912719857 -16
    endloop
  endfacet
  facet normal 0 0 1
    outer loop
      vertex 0.8682408883346516 -4.92403876506104 -16
      vertex 0.6589679151726684 -2.411588954770897 -16
      vertex 0.3691164100062029 -2.47260046830541 -16
    endloop
  endfacet
  facet normal 0 0 1
    outer loop
      vertex 1.2096094779983386 -4.851478631379982 -16
      vertex 0.9395689552855966 -2.316724018579583 -16
      vertex 0.6589679151726684 -2.411588954770897 -16
    endloop
  endfacet
  facet normal 0 0 1
    outer loop
      vertex 1.87303296707956 -4.635919272833937 -16
      vertex 2.1918557339453875 -4.493970231495835 -16
      vertex 1.687457503795526 -1.8445831976043188 -16
    endloop
  endfacet
  facet normal 0 0 1
    outer loop
      vertex 2.1918557339453875 -4.493970231495835 -16
      vertex 2.5 -4.330127018922193 -16
      vertex 2.0735142136255047 -1.3966169145091305 -16
    endloop
  endfacet
  facet normal 0 0 1
    outer loop
      vertex 1.2096094779983386 -4.851478631379982 -16
      vertex 1.2069805068268626 -2.189337355489092 -16
      vertex 0.9395689552855966 -2.316724018579583 -16
    endloop
  endfacet
  facet normal 0 0 1
    outer loop
      vertex 1.545084971874737 -4.755282581475767 -16
      vertex 1.45744869778618 -2.0312171950142033 -16
      vertex 1.2069805068268626 -2.189337355489092 -16
    endloop
  endfacet
  facet normal 0 0 1
    outer loop
      vertex 1.87303296707956 -4.635919272833937 -16
      vertex 1.687457503795526 -1.8445831976043188 -16
      vertex 1.45744869778618 -2.0312171950142033 -16
    endloop
  endfacet
  facet normal 0 0 1
    outer loop
      vertex 2.5 -4.330127018922193 -16
      vertex 2.7959645173537346 -4.145187862775209 -16
      vertex 2.5 0 -16
    endloop
  endfacet
  facet normal 0 0 1
    outer loop
      vertex 2.1918557339453875 -4.493970231495835 -16
      vertex 1.893778105404051 -1.6320552954763032 -16
      vertex 1.687457503795526 -1.8445831976043188 -16
    endloop
  endfacet
  facet normal 0 0 1
    outer loop
      vertex 2.1918557339453875 -4.493970231495835 -16
      vertex 2.0735142136255047 -1.3966169145091305 -16
      vertex 1.893778105404051 -1.6320552954763032 -16
    endloop
  endfacet
  facet normal 0.8660254037844376 -0.5000000000000019 0
    outer loop
      vertex 4.414737964294635 -2.347357813929454 -28
      vertex 4.414737964294635 -2.347357813929454 -16
      vertex 4.24024048078213 -2.6495963211660243 -16
    endloop
  endfacet
  facet normal 0.8987940462991676 -0.4383711467890761 0
    outer loop
      vertex 4.567727288213004 -2.033683215379001 -28
      vertex 4.567727288213004 -2.033683215379001 -16
      vertex 4.414737964294635 -2.347357813929454 -16
    endloop
  endfacet
  facet normal 0.9271838545667865 -0.37460659341591396 0
    outer loop
      vertex 4.698463103929543 -1.7101007166283435 -28
      vertex 4.698463103929543 -1.7101007166283435 -16
      vertex 4.567727288213004 -2.033683215379001 -16
    endloop
  endfacet
  facet normal 0.951056516295154 -0.3090169943749461 0
    outer loop
      vertex 4.8063084796915945 -1.3781867790849958 -28
      vertex 4.8063084796915945 -1.3781867790849958 -16
      vertex 4.698463103929543 -1.7101007166283435 -16
    endloop
  endfacet
  facet normal 0.9702957262759964 -0.24192189559966815 0
    outer loop
      vertex 4.8907380036690284 -1.0395584540887968 -28
      vertex 4.8907380036690284 -1.0395584540887968 -16
      vertex 4.8063084796915945 -1.3781867790849958 -16
    endloop
  endfacet
  facet normal 0.9848077530122084 -0.1736481776669296 0
    outer loop
      vertex 4.951340343707852 -0.6958655048003272 -28
      vertex 4.951340343707852 -0.6958655048003272 -16
      vertex 4.8907380036690284 -1.0395584540887968 -16
    endloop
  endfacet
  facet normal 0.9945218953682733 -0.10452846326765337 0
    outer loop
      vertex 4.987820251299121 -0.3487823687206265 -28
      vertex 4.987820251299121 -0.3487823687206265 -16
      vertex 4.951340343707852 -0.6958655048003272 -16
    endloop
  endfacet
  facet normal 0.9993908270190957 -0.034899496702501046 1.484458829415329e-20
    outer loop
      vertex 4.987820251299121 -0.3487823687206265 -16
      vertex 5 0 -28
      vertex 5 0 -16
    endloop
  endfacet
  facet normal 0 0 1
    outer loop
      vertex 2.5 -4.330127018922193 -16
      vertex 2.224142727486868 -1.1415730934842827 -16
      vertex 2.0735142136255047 -1.3966169145091305 -16
    endloop
  endfacet
  facet normal 0 0 1
    outer loop
      vertex 2.5 -4.330127018922193 -16
      vertex 2.343549152835302 -0.8705040885859976 -16
      vertex 2.224142727486868 -1.1415730934842827 -16
    endloop
  endfacet
  facet normal 0 0 1
    outer loop
      vertex 2.5 -4.330127018922193 -16
      vertex 2.430057285201027 -0.587215114452458 -16
      vertex 2.343549152835302 -0.8705040885859976 -16
    endloop
  endfacet
  facet normal 0 0 1
    outer loop
      vertex 2.5 -4.330127018922193 -16
      vertex 2.482452740033793 -0.2956829273034139 -16
      vertex 2.430057285201027 -0.587215114452458 -16
    endloop
  endfacet
  facet normal 0 0 1
    outer loop
      vertex 2.5 -4.330127018922193 -16
      vertex 2.5 0 -16
      vertex 2.482452740033793 -0.2956829273034139 -16
    endloop
  endfacet
  facet normal 0 0 1
    outer loop
      vertex 2.7959645173537346 -4.145187862775209 -16
      vertex 3.0783073766282913 -3.9400537680336094 -16
      vertex 2.7959645173537346 4.145187862775209 -16
    endloop
  endfacet
  facet normal 0 0 1
    outer loop
      vertex 3.0783073766282913 -3.9400537680336094 -16
      vertex 3.345653031794291 -3.715724127386971 -16
      vertex 3.0783073766282913 3.9400537680336094 -16
    endloop
  endfacet
  facet normal 0 0 1
    outer loop
      vertex 3.345653031794291 -3.715724127386971 -16
      vertex 3.596699001693256 -3.4732918522949863 -16
      vertex 3.345653031794291 3.715724127386971 -16
    endloop
  endfacet
  facet normal 0 0 1
    outer loop
      vertex 3.596699001693256 -3.4732918522949863 -16
      vertex 3.83022221559489 -3.2139380484326963 -16
      vertex 3.596699001693256 3.4732918522949863 -16
    endloop
  endfacet
  facet normal 0 0 1
    outer loop
      vertex 3.83022221559489 -3.2139380484326963 -16
      vertex 4.045084971874737 -2.938926261462366 -16
      vertex 3.83022221559489 3.2139380484326963 -16
    endloop
  endfacet
  facet normal 0 0 1
    outer loop
      vertex 4.045084971874737 -2.938926261462366 -16
      vertex 4.24024048078213 -2.6495963211660243 -16
      vertex 4.045084971874737 2.938926261462366 -16
    endloop
  endfacet
  facet normal 0 0 1
    outer loop
      vertex 4.24024048078213 -2.6495963211660243 -16
      vertex 4.414737964294635 -2.347357813929454 -16
      vertex 4.24024048078213 2.6495963211660243 -16
    endloop
  endfacet
  facet normal 0 0 1
    outer loop
      vertex 4.414737964294635 -2.347357813929454 -16
      vertex 4.567727288213004 -2.033683215379001 -16
      vertex 4.414737964294635 2.347357813929454 -16
    endloop
  endfacet
  facet normal 0 0 1
    outer loop
      vertex 4.567727288213004 -2.033683215379001 -16
      vertex 4.698463103929543 -1.7101007166283435 -16
      vertex 4.567727288213004 2.033683215379001 -16
    endloop
  endfacet
  facet normal 0 0 1
    outer loop
      vertex 4.698463103929543 -1.7101007166283435 -16
      vertex 4.8063084796915945 -1.3781867790849958 -16
      vertex 4.698463103929543 1.7101007166283435 -16
    endloop
  endfacet
  facet normal 0 0 1
    outer loop
      vertex 4.8063084796915945 -1.3781867790849958 -16
      vertex 4.8907380036690284 -1.0395584540887968 -16
      vertex 4.8063084796915945 1.3781867790849958 -16
    endloop
  endfacet
  facet normal 0 0 1
    outer loop
      vertex 4.8907380036690284 -1.0395584540887968 -16
      vertex 4.951340343707852 -0.6958655048003272 -16
      vertex 4.8907380036690284 1.0395584540887968 -16
    endloop
  endfacet
  facet normal 0 0 1
    outer loop
      vertex 4.951340343707852 -0.6958655048003272 -16
      vertex 4.987820251299121 -0.3487823687206265 -16
      vertex 4.951340343707852 0.6958655048003272 -16
    endloop
  endfacet
  facet normal 0.9993908270190957 0.034899496702501046 0
    outer loop
      vertex 5 0 -28
      vertex 4.987820251299121 0.3487823687206265 -28
      vertex 5 0 -16
    endloop
  endfacet
  facet normal 0.9945218953682733 0.10452846326765337 0
    outer loop
      vertex 4.987820251299121 0.3487823687206265 -28
      vertex 4.951340343707852 0.6958655048003272 -28
      vertex 4.987820251299121 0.3487823687206265 -16
    endloop
  endfacet
  facet normal 0.9848077530122084 0.1736481776669296 0
    outer loop
      vertex 4.951340343707852 0.6958655048003272 -28
      vertex 4.8907380036690284 1.0395584540887968 -28
      vertex 4.951340343707852 0.6958655048003272 -16
    endloop
  endfacet
  facet normal 0.9702957262759964 0.24192189559966815 0
    outer loop
      vertex 4.8907380036690284 1.0395584540887968 -28
      vertex 4.8063084796915945 1.3781867790849958 -28
      vertex 4.8907380036690284 1.0395584540887968 -16
    endloop
  endfacet
  facet normal 0.9271838545667865 0.37460659341591396 0
    outer loop
      vertex 4.698463103929543 1.7101007166283435 -28
      vertex 4.567727288213004 2.033683215379001 -28
      vertex 4.698463103929543 1.7101007166283435 -16
    endloop
  endfacet
  facet normal 0.951056516295154 0.3090169943749461 0
    outer loop
      vertex 4.8063084796915945 1.3781867790849958 -28
      vertex 4.698463103929543 1.7101007166283435 -28
      vertex 4.8063084796915945 1.3781867790849958 -16
    endloop
  endfacet
  facet normal 0.8987940462991676 0.4383711467890761 0
    outer loop
      vertex 4.567727288213004 2.033683215379001 -28
      vertex 4.414737964294635 2.347357813929454 -28
      vertex 4.567727288213004 2.033683215379001 -16
    endloop
  endfacet
  facet normal 0.8660254037844376 0.5000000000000019 0
    outer loop
      vertex 4.414737964294635 2.347357813929454 -28
      vertex 4.24024048078213 2.6495963211660243 -28
      vertex 4.414737964294635 2.347357813929454 -16
    endloop
  endfacet
  facet normal 0.8290375725550427 0.5591929034707452 0
    outer loop
      vertex 4.24024048078213 2.6495963211660243 -28
      vertex 4.045084971874737 2.938926261462366 -28
      vertex 4.24024048078213 2.6495963211660243 -16
    endloop
  endfacet
  facet normal 0.7880107536067208 0.6156614753256598 0
    outer loop
      vertex 4.045084971874737 2.938926261462366 -28
      vertex 3.83022221559489 3.2139380484326963 -28
      vertex 4.045084971874737 2.938926261462366 -16
    endloop
  endfacet
  facet normal 0.743144825477395 0.6691306063588572 0
    outer loop
      vertex 3.83022221559489 3.2139380484326963 -28
      vertex 3.596699001693256 3.4732918522949863 -28
      vertex 3.83022221559489 3.2139380484326963 -16
    endloop
  endfacet
  facet normal 0.6946583704589973 0.7193398003386512 0
    outer loop
      vertex 3.596699001693256 3.4732918522949863 -28
      vertex 3.345653031794291 3.715724127386971 -28
      vertex 3.596699001693256 3.4732918522949863 -16
    endloop
  endfacet
  facet normal 0.5877852522924748 0.8090169943749462 0
    outer loop
      vertex 3.0783073766282913 3.9400537680336094 -28
      vertex 2.7959645173537346 4.145187862775209 -28
      vertex 3.0783073766282913 3.9400537680336094 -16
    endloop
  endfacet
  facet normal 0.5299192642332031 0.8480480961564272 0
    outer loop
      vertex 2.7959645173537346 4.145187862775209 -28
      vertex 2.5 4.330127018922193 -28
      vertex 2.7959645173537346 4.145187862775209 -16
    endloop
  endfacet
  facet normal 0 1 0
    outer loop
      vertex -0.17449748351250485 4.9969541350954785 -28
      vertex 0.17449748351250485 4.9969541350954785 -16
      vertex 0.17449748351250485 4.9969541350954785 -28
    endloop
  endfacet
  facet normal 0.06975647374412483 0.9975640502598243 1.9436209155158827e-20
    outer loop
      vertex 0.17449748351250485 4.9969541350954785 -28
      vertex 0.5226423163382674 4.972609476841367 -16
      vertex 0.5226423163382674 4.972609476841367 -28
    endloop
  endfacet
  facet normal 0.13917310096006696 0.9902680687415701 2.5222640015396213e-20
    outer loop
      vertex 0.5226423163382674 4.972609476841367 -28
      vertex 0.8682408883346516 4.92403876506104 -16
      vertex 0.8682408883346516 4.92403876506104 -28
    endloop
  endfacet
  facet normal 0.2756373558170004 0.9612616959383186 0
    outer loop
      vertex 1.545084971874737 4.755282581475767 -28
      vertex 1.2096094779983386 4.851478631379982 -28
      vertex 1.545084971874737 4.755282581475767 -16
    endloop
  endfacet
  facet normal 0.20791169081775812 0.9781476007338061 3.983923795768009e-19
    outer loop
      vertex 0.8682408883346516 4.92403876506104 -28
      vertex 1.2096094779983386 4.851478631379982 -16
      vertex 1.2096094779983386 4.851478631379982 -28
    endloop
  endfacet
  facet normal 0.34202014332566716 0.939692620785909 6.781991387059998e-19
    outer loop
      vertex 1.545084971874737 4.755282581475767 -28
      vertex 1.87303296707956 4.635919272833937 -16
      vertex 1.87303296707956 4.635919272833937 -28
    endloop
  endfacet
  facet normal 0.40673664307579993 0.9135454576426011 0
    outer loop
      vertex 2.1918557339453875 4.493970231495835 -28
      vertex 1.87303296707956 4.635919272833937 -28
      vertex 2.1918557339453875 4.493970231495835 -16
    endloop
  endfacet
  facet normal 0.46947156278589225 0.882947592858926 0
    outer loop
      vertex 2.5 4.330127018922193 -28
      vertex 2.1918557339453875 4.493970231495835 -28
      vertex 2.5 4.330127018922193 -16
    endloop
  endfacet
  facet normal 0.6427876096865387 0.7660444431189785 0
    outer loop
      vertex 3.345653031794291 3.715724127386971 -28
      vertex 3.0783073766282913 3.9400537680336094 -28
      vertex 3.345653031794291 3.715724127386971 -16
    endloop
  endfacet
  facet normal 0.9993908270190957 0.034899496702501046 0
    outer loop
      vertex 4.987820251299121 0.3487823687206265 -28
      vertex 4.987820251299121 0.3487823687206265 -16
      vertex 5 0 -16
    endloop
  endfacet
  facet normal 0.9945218953682733 0.10452846326765337 0
    outer loop
      vertex 4.951340343707852 0.6958655048003272 -28
      vertex 4.951340343707852 0.6958655048003272 -16
      vertex 4.987820251299121 0.3487823687206265 -16
    endloop
  endfacet
  facet normal 0.9848077530122084 0.1736481776669296 0
    outer loop
      vertex 4.8907380036690284 1.0395584540887968 -28
      vertex 4.8907380036690284 1.0395584540887968 -16
      vertex 4.951340343707852 0.6958655048003272 -16
    endloop
  endfacet
  facet normal 0.9702957262759964 0.24192189559966815 0
    outer loop
      vertex 4.8063084796915945 1.3781867790849958 -28
      vertex 4.8063084796915945 1.3781867790849958 -16
      vertex 4.8907380036690284 1.0395584540887968 -16
    endloop
  endfacet
  facet normal 0.951056516295154 0.3090169943749461 0
    outer loop
      vertex 4.698463103929543 1.7101007166283435 -28
      vertex 4.698463103929543 1.7101007166283435 -16
      vertex 4.8063084796915945 1.3781867790849958 -16
    endloop
  endfacet
  facet normal 0.9271838545667865 0.37460659341591396 0
    outer loop
      vertex 4.567727288213004 2.033683215379001 -28
      vertex 4.567727288213004 2.033683215379001 -16
      vertex 4.698463103929543 1.7101007166283435 -16
    endloop
  endfacet
  facet normal 0.8987940462991676 0.4383711467890761 0
    outer loop
      vertex 4.414737964294635 2.347357813929454 -28
      vertex 4.414737964294635 2.347357813929454 -16
      vertex 4.567727288213004 2.033683215379001 -16
    endloop
  endfacet
  facet normal 0 0 1
    outer loop
      vertex 2.7959645173537346 -4.145187862775209 -16
      vertex 2.5 4.330127018922193 -16
      vertex 2.5 0 -16
    endloop
  endfacet
  facet normal 0 0 1
    outer loop
      vertex 4.987820251299121 -0.3487823687206265 -16
      vertex 5 0 -16
      vertex 4.987820251299121 0.3487823687206265 -16
    endloop
  endfacet
  facet normal 0 0 1
    outer loop
      vertex 4.987820251299121 -0.3487823687206265 -16
      vertex 4.987820251299121 0.3487823687206265 -16
      vertex 4.951340343707852 0.6958655048003272 -16
    endloop
  endfacet
  facet normal 0 0 1
    outer loop
      vertex 4.951340343707852 -0.6958655048003272 -16
      vertex 4.951340343707852 0.6958655048003272 -16
      vertex 4.8907380036690284 1.0395584540887968 -16
    endloop
  endfacet
  facet normal 0 0 1
    outer loop
      vertex 4.8907380036690284 -1.0395584540887968 -16
      vertex 4.8907380036690284 1.0395584540887968 -16
      vertex 4.8063084796915945 1.3781867790849958 -16
    endloop
  endfacet
  facet normal 0 0 1
    outer loop
      vertex 4.8063084796915945 -1.3781867790849958 -16
      vertex 4.8063084796915945 1.3781867790849958 -16
      vertex 4.698463103929543 1.7101007166283435 -16
    endloop
  endfacet
  facet normal 0 0 1
    outer loop
      vertex 4.698463103929543 -1.7101007166283435 -16
      vertex 4.698463103929543 1.7101007166283435 -16
      vertex 4.567727288213004 2.033683215379001 -16
    endloop
  endfacet
  facet normal 0 0 1
    outer loop
      vertex 4.567727288213004 -2.033683215379001 -16
      vertex 4.567727288213004 2.033683215379001 -16
      vertex 4.414737964294635 2.347357813929454 -16
    endloop
  endfacet
  facet normal 0 0 1
    outer loop
      vertex 4.414737964294635 -2.347357813929454 -16
      vertex 4.414737964294635 2.347357813929454 -16
      vertex 4.24024048078213 2.6495963211660243 -16
    endloop
  endfacet
  facet normal 0 0 1
    outer loop
      vertex 3.596699001693256 -3.4732918522949863 -16
      vertex 3.596699001693256 3.4732918522949863 -16
      vertex 3.345653031794291 3.715724127386971 -16
    endloop
  endfacet
  facet normal 0 0 1
    outer loop
      vertex 3.83022221559489 -3.2139380484326963 -16
      vertex 3.83022221559489 3.2139380484326963 -16
      vertex 3.596699001693256 3.4732918522949863 -16
    endloop
  endfacet
  facet normal 0 0 1
    outer loop
      vertex 4.24024048078213 -2.6495963211660243 -16
      vertex 4.24024048078213 2.6495963211660243 -16
      vertex 4.045084971874737 2.938926261462366 -16
    endloop
  endfacet
  facet normal 0 0 1
    outer loop
      vertex 4.045084971874737 -2.938926261462366 -16
      vertex 4.045084971874737 2.938926261462366 -16
      vertex 3.83022221559489 3.2139380484326963 -16
    endloop
  endfacet
  facet normal 0 0 1
    outer loop
      vertex 3.0783073766282913 -3.9400537680336094 -16
      vertex 3.0783073766282913 3.9400537680336094 -16
      vertex 2.7959645173537346 4.145187862775209 -16
    endloop
  endfacet
  facet normal 0 0 1
    outer loop
      vertex 2.7959645173537346 -4.145187862775209 -16
      vertex 2.7959645173537346 4.145187862775209 -16
      vertex 2.5 4.330127018922193 -16
    endloop
  endfacet
  facet normal 0 0 1
    outer loop
      vertex 2.5 4.330127018922193 -16
      vertex 2.4824527400337923 0.2956829273034145 -16
      vertex 2.5 0 -16
    endloop
  endfacet
  facet normal 0 0 1
    outer loop
      vertex 2.5 4.330127018922193 -16
      vertex 2.430057285201027 0.5872151144524592 -16
      vertex 2.4824527400337923 0.2956829273034145 -16
    endloop
  endfacet
  facet normal 0 0 1
    outer loop
      vertex 2.1918557339453875 4.493970231495835 -16
      vertex 2.224142727486868 1.1415730934842827 -16
      vertex 2.343549152835302 0.8705040885859969 -16
    endloop
  endfacet
  facet normal 0 0 1
    outer loop
      vertex 2.5 4.330127018922193 -16
      vertex 2.343549152835302 0.8705040885859969 -16
      vertex 2.430057285201027 0.5872151144524592 -16
    endloop
  endfacet
  facet normal 0 0 1
    outer loop
      vertex 2.1918557339453875 4.493970231495835 -16
      vertex 2.0735142136255047 1.3966169145091312 -16
      vertex 2.224142727486868 1.1415730934842827 -16
    endloop
  endfacet
  facet normal 0 0 1
    outer loop
      vertex 3.345653031794291 -3.715724127386971 -16
      vertex 3.345653031794291 3.715724127386971 -16
      vertex 3.0783073766282913 3.9400537680336094 -16
    endloop
  endfacet
  facet normal 0.8660254037844376 0.5000000000000019 0
    outer loop
      vertex 4.24024048078213 2.6495963211660243 -28
      vertex 4.24024048078213 2.6495963211660243 -16
      vertex 4.414737964294635 2.347357813929454 -16
    endloop
  endfacet
  facet normal 0.7880107536067208 0.6156614753256598 0
    outer loop
      vertex 3.83022221559489 3.2139380484326963 -28
      vertex 3.83022221559489 3.2139380484326963 -16
      vertex 4.045084971874737 2.938926261462366 -16
    endloop
  endfacet
  facet normal 0.8290375725550427 0.5591929034707452 0
    outer loop
      vertex 4.045084971874737 2.938926261462366 -28
      vertex 4.045084971874737 2.938926261462366 -16
      vertex 4.24024048078213 2.6495963211660243 -16
    endloop
  endfacet
  facet normal 0.743144825477395 0.6691306063588572 0
    outer loop
      vertex 3.596699001693256 3.4732918522949863 -28
      vertex 3.596699001693256 3.4732918522949863 -16
      vertex 3.83022221559489 3.2139380484326963 -16
    endloop
  endfacet
  facet normal 0.6946583704589973 0.7193398003386512 0
    outer loop
      vertex 3.345653031794291 3.715724127386971 -28
      vertex 3.345653031794291 3.715724127386971 -16
      vertex 3.596699001693256 3.4732918522949863 -16
    endloop
  endfacet
  facet normal 0.5877852522924748 0.8090169943749462 0
    outer loop
      vertex 2.7959645173537346 4.145187862775209 -28
      vertex 2.7959645173537346 4.145187862775209 -16
      vertex 3.0783073766282913 3.9400537680336094 -16
    endloop
  endfacet
  facet normal 0.5299192642332031 0.8480480961564272 0
    outer loop
      vertex 2.5 4.330127018922193 -28
      vertex 2.5 4.330127018922193 -16
      vertex 2.7959645173537346 4.145187862775209 -16
    endloop
  endfacet
  facet normal 0.06975647374412483 0.9975640502598243 0
    outer loop
      vertex 0.17449748351250485 4.9969541350954785 -28
      vertex 0.17449748351250485 4.9969541350954785 -16
      vertex 0.5226423163382674 4.972609476841367 -16
    endloop
  endfacet
  facet normal 0.13917310096006696 0.9902680687415701 0
    outer loop
      vertex 0.5226423163382674 4.972609476841367 -28
      vertex 0.5226423163382674 4.972609476841367 -16
      vertex 0.8682408883346516 4.92403876506104 -16
    endloop
  endfacet
  facet normal 0.2756373558170004 0.9612616959383186 0
    outer loop
      vertex 1.2096094779983386 4.851478631379982 -28
      vertex 1.2096094779983386 4.851478631379982 -16
      vertex 1.545084971874737 4.755282581475767 -16
    endloop
  endfacet
  facet normal 0.20791169081775812 0.9781476007338061 0
    outer loop
      vertex 0.8682408883346516 4.92403876506104 -28
      vertex 0.8682408883346516 4.92403876506104 -16
      vertex 1.2096094779983386 4.851478631379982 -16
    endloop
  endfacet
  facet normal 0.46947156278589225 0.882947592858926 0
    outer loop
      vertex 2.1918557339453875 4.493970231495835 -28
      vertex 2.1918557339453875 4.493970231495835 -16
      vertex 2.5 4.330127018922193 -16
    endloop
  endfacet
  facet normal 0.40673664307579993 0.9135454576426011 0
    outer loop
      vertex 1.87303296707956 4.635919272833937 -28
      vertex 1.87303296707956 4.635919272833937 -16
      vertex 2.1918557339453875 4.493970231495835 -16
    endloop
  endfacet
  facet normal 0.34202014332566716 0.939692620785909 0
    outer loop
      vertex 1.545084971874737 4.755282581475767 -28
      vertex 1.545084971874737 4.755282581475767 -16
      vertex 1.87303296707956 4.635919272833937 -16
    endloop
  endfacet
  facet normal 0.6427876096865387 0.7660444431189785 0
    outer loop
      vertex 3.0783073766282913 3.9400537680336094 -28
      vertex 3.0783073766282913 3.9400537680336094 -16
      vertex 3.345653031794291 3.715724127386971 -16
    endloop
  endfacet
  facet normal 0 0 1
    outer loop
      vertex 1.2096094779983386 4.851478631379982 -16
      vertex 1.206980506826862 2.189337355489092 -16
      vertex 1.45744869778618 2.0312171950142033 -16
    endloop
  endfacet
  facet normal 0 0 1
    outer loop
      vertex 1.87303296707956 4.635919272833937 -16
      vertex 1.8937781054040503 1.6320552954763041 -16
      vertex 2.0735142136255047 1.3966169145091312 -16
    endloop
  endfacet
  facet normal 0 0 1
    outer loop
      vertex 1.87303296707956 4.635919272833937 -16
      vertex 1.6874575037955262 1.8445831976043183 -16
      vertex 1.8937781054040503 1.6320552954763041 -16
    endloop
  endfacet
  facet normal 0 0 1
    outer loop
      vertex 1.545084971874737 4.755282581475767 -16
      vertex 1.45744869778618 2.0312171950142033 -16
      vertex 1.6874575037955262 1.8445831976043183 -16
    endloop
  endfacet
  facet normal 0 0 1
    outer loop
      vertex 0.17449748351250485 4.9969541350954785 -16
      vertex 0.0740833195563992 2.4989020912719857 -16
      vertex 0.3691164100062029 2.47260046830541 -16
    endloop
  endfacet
  facet normal 0 0 1
    outer loop
      vertex 0.5226423163382674 4.972609476841367 -16
      vertex 0.3691164100062029 2.47260046830541 -16
      vertex 0.658967915172669 2.4115889547708966 -16
    endloop
  endfacet
  facet normal 0 0 1
    outer loop
      vertex 0.8682408883346516 4.92403876506104 -16
      vertex 0.9395689552855953 2.316724018579584 -16
      vertex 1.206980506826862 2.189337355489092 -16
    endloop
  endfacet
  facet normal 0 0 1
    outer loop
      vertex 0.8682408883346516 4.92403876506104 -16
      vertex 0.658967915172669 2.4115889547708966 -16
      vertex 0.9395689552855953 2.316724018579584 -16
    endloop
  endfacet
  facet normal 0 0 1
    outer loop
      vertex 2.5 4.330127018922193 -16
      vertex 2.1918557339453875 4.493970231495835 -16
      vertex 2.343549152835302 0.8705040885859969 -16
    endloop
  endfacet
  facet normal 0 0 1
    outer loop
      vertex 2.1918557339453875 4.493970231495835 -16
      vertex 1.87303296707956 4.635919272833937 -16
      vertex 2.0735142136255047 1.3966169145091312 -16
    endloop
  endfacet
  facet normal 0 0 1
    outer loop
      vertex 1.545084971874737 4.755282581475767 -16
      vertex 1.6874575037955262 1.8445831976043183 -16
      vertex 1.87303296707956 4.635919272833937 -16
    endloop
  endfacet
  facet normal 0 0 1
    outer loop
      vertex 1.545084971874737 4.755282581475767 -16
      vertex 1.2096094779983386 4.851478631379982 -16
      vertex 1.45744869778618 2.0312171950142033 -16
    endloop
  endfacet
  facet normal 0 0 1
    outer loop
      vertex 0.8682408883346516 4.92403876506104 -16
      vertex 1.206980506826862 2.189337355489092 -16
      vertex 1.2096094779983386 4.851478631379982 -16
    endloop
  endfacet
  facet normal 0 0 1
    outer loop
      vertex -0.17449748351250485 4.9969541350954785 -16
      vertex 0.0740833195563992 2.4989020912719857 -16
      vertex 0.17449748351250485 4.9969541350954785 -16
    endloop
  endfacet
  facet normal 0 0 1
    outer loop
      vertex 0.17449748351250485 4.9969541350954785 -16
      vertex 0.3691164100062029 2.47260046830541 -16
      vertex 0.5226423163382674 4.972609476841367 -16
    endloop
  endfacet
  facet normal 0 0 1
    outer loop
      vertex 0.5226423163382674 4.972609476841367 -16
      vertex 0.658967915172669 2.4115889547708966 -16
      vertex 0.8682408883346516 4.92403876506104 -16
    endloop
  endfacet
  facet normal -0.39989202431974286 -0.9165622558699753 0
    outer loop
      vertex -1.735534956470233 -9.603875471609676 -28
      vertex -1.4613640974655793 -9.723494994576818 -28
      vertex -1.735534956470233 -9.603875471609676 -24
    endloop
  endfacet
  facet normal -0.46726862827306453 -0.8841153935046085 -1.6454297682091908e-18
    outer loop
      vertex -1.735534956470233 -9.603875471609676 -28
      vertex -2 -9.464101615137753 -24
      vertex -2 -9.464101615137753 -28
    endloop
  endfacet
  facet normal -0.25881904510251486 -0.9659258262890699 -1.3654093254462144e-18
    outer loop
      vertex -0.8900837358252559 -9.899711648727294 -28
      vertex -1.1790206976436166 -9.822291223144564 -24
      vertex -1.1790206976436166 -9.822291223144564 -28
    endloop
  endfacet
  facet normal -0.1859116071629145 -0.9825664732332882 0
    outer loop
      vertex -0.8900837358252559 -9.899711648727294 -28
      vertex -0.5961690647046967 -9.955323304900514 -28
      vertex -0.8900837358252559 -9.899711648727294 -24
    endloop
  endfacet
  facet normal -0.33027906195516843 -0.9438833303083671 -1.3837445384039487e-18
    outer loop
      vertex -1.1790206976436166 -9.822291223144564 -28
      vertex -1.4613640974655793 -9.723494994576818 -24
      vertex -1.4613640974655793 -9.723494994576818 -28
    endloop
  endfacet
  facet normal -0.11196447610330812 -0.9937122098932426 0
    outer loop
      vertex -0.5961690647046967 -9.955323304900514 -28
      vertex -0.29892037434569646 -9.98881518872472 -28
      vertex -0.5961690647046967 -9.955323304900514 -24
    endloop
  endfacet
  facet normal -0.03739119427632742 -0.9993007047883985 0
    outer loop
      vertex -0.29892037434569646 -9.98881518872472 -28
      vertex 0 -10 -28
      vertex -0.29892037434569646 -9.98881518872472 -24
    endloop
  endfacet
  facet normal -0.5938201855735032 -0.8045977797666671 0
    outer loop
      vertex -2.493959207434935 -9.127325929872118 -28
      vertex -2.253280232254488 -9.30495509726398 -28
      vertex -2.493959207434935 -9.127325929872118 -24
    endloop
  endfacet
  facet normal -0.5320320765153341 -0.8467241992282858 -1.9832892981091013e-18
    outer loop
      vertex -2 -9.464101615137753 -28
      vertex -2.253280232254488 -9.30495509726398 -24
      vertex -2.253280232254488 -9.30495509726398 -28
    endloop
  endfacet
  facet normal -0.65228741127812 -0.757971723145454 -2.2774313444973834e-19
    outer loop
      vertex -2.493959207434935 -9.127325929872118 -28
      vertex -2.720690951083678 -8.932207487319305 -24
      vertex -2.720690951083678 -8.932207487319305 -28
    endloop
  endfacet
  facet normal -0.7071067811865452 -0.7071067811865498 -5.763733698052576e-19
    outer loop
      vertex -2.720690951083678 -8.932207487319305 -28
      vertex -2.9322074873193054 -8.720690951083679 -24
      vertex -2.9322074873193054 -8.720690951083679 -28
    endloop
  endfacet
  facet normal -0.804597779766669 -0.5938201855735006 -2.168208987391931e-18
    outer loop
      vertex -3.1273259298721188 -8.493959207434935 -28
      vertex -3.3049550972639796 -8.253280232254488 -24
      vertex -3.3049550972639796 -8.253280232254488 -28
    endloop
  endfacet
  facet normal -0.8467241992282843 -0.5320320765153361 1.3810242135480485e-18
    outer loop
      vertex -3.3049550972639796 -8.253280232254488 -28
      vertex -3.4641016151377544 -8 -24
      vertex -3.4641016151377544 -8 -28
    endloop
  endfacet
  facet normal -0.8841153935046094 -0.4672686282730624 2.3519919940720298e-19
    outer loop
      vertex -3.4641016151377544 -8 -28
      vertex -3.603875471609676 -7.735534956470233 -24
      vertex -3.603875471609676 -7.735534956470233 -28
    endloop
  endfacet
  facet normal -0.916562255869976 -0.39989202431974136 1.9611872457948295e-18
    outer loop
      vertex -3.603875471609676 -7.735534956470233 -28
      vertex -3.7234949945768174 -7.461364097465579 -24
      vertex -3.7234949945768174 -7.461364097465579 -28
    endloop
  endfacet
  facet normal -0.7579717231454539 -0.6522874112781201 0
    outer loop
      vertex -3.1273259298721188 -8.493959207434935 -28
      vertex -2.9322074873193054 -8.720690951083679 -28
      vertex -3.1273259298721188 -8.493959207434935 -24
    endloop
  endfacet
  facet normal -0.46726862827306453 -0.8841153935046085 0
    outer loop
      vertex -1.735534956470233 -9.603875471609676 -28
      vertex -1.735534956470233 -9.603875471609676 -24
      vertex -2 -9.464101615137753 -24
    endloop
  endfacet
  facet normal -0.5320320765153341 -0.8467241992282858 0
    outer loop
      vertex -2 -9.464101615137753 -28
      vertex -2 -9.464101615137753 -24
      vertex -2.253280232254488 -9.30495509726398 -24
    endloop
  endfacet
  facet normal -0.25881904510251486 -0.9659258262890699 0
    outer loop
      vertex -0.8900837358252559 -9.899711648727294 -28
      vertex -0.8900837358252559 -9.899711648727294 -24
      vertex -1.1790206976436166 -9.822291223144564 -24
    endloop
  endfacet
  facet normal -0.33027906195516843 -0.9438833303083671 0
    outer loop
      vertex -1.1790206976436166 -9.822291223144564 -28
      vertex -1.1790206976436166 -9.822291223144564 -24
      vertex -1.4613640974655793 -9.723494994576818 -24
    endloop
  endfacet
  facet normal -0.1859116071629145 -0.9825664732332882 0
    outer loop
      vertex -0.5961690647046967 -9.955323304900514 -28
      vertex -0.5961690647046967 -9.955323304900514 -24
      vertex -0.8900837358252559 -9.899711648727294 -24
    endloop
  endfacet
  facet normal -0.11196447610330812 -0.9937122098932426 0
    outer loop
      vertex -0.29892037434569646 -9.98881518872472 -28
      vertex -0.29892037434569646 -9.98881518872472 -24
      vertex -0.5961690647046967 -9.955323304900514 -24
    endloop
  endfacet
  facet normal -0.03739119427632742 -0.9993007047883985 7.6487562051456e-20
    outer loop
      vertex -0.29892037434569646 -9.98881518872472 -24
      vertex 0 -10 -28
      vertex 0 -10 -24
    endloop
  endfacet
  facet normal -0.39989202431974286 -0.9165622558699753 0
    outer loop
      vertex -1.4613640974655793 -9.723494994576818 -28
      vertex -1.4613640974655793 -9.723494994576818 -24
      vertex -1.735534956470233 -9.603875471609676 -24
    endloop
  endfacet
  facet normal -0.5938201855735032 -0.8045977797666671 0
    outer loop
      vertex -2.253280232254488 -9.30495509726398 -28
      vertex -2.253280232254488 -9.30495509726398 -24
      vertex -2.493959207434935 -9.127325929872118 -24
    endloop
  endfacet
  facet normal -0.65228741127812 -0.757971723145454 0
    outer loop
      vertex -2.493959207434935 -9.127325929872118 -28
      vertex -2.493959207434935 -9.127325929872118 -24
      vertex -2.720690951083678 -8.932207487319305 -24
    endloop
  endfacet
  facet normal -0.7071067811865452 -0.7071067811865498 0
    outer loop
      vertex -2.720690951083678 -8.932207487319305 -28
      vertex -2.720690951083678 -8.932207487319305 -24
      vertex -2.9322074873193054 -8.720690951083679 -24
    endloop
  endfacet
  facet normal -0.804597779766669 -0.5938201855735006 0
    outer loop
      vertex -3.1273259298721188 -8.493959207434935 -28
      vertex -3.1273259298721188 -8.493959207434935 -24
      vertex -3.3049550972639796 -8.253280232254488 -24
    endloop
  endfacet
  facet normal -0.8467241992282843 -0.5320320765153361 0
    outer loop
      vertex -3.3049550972639796 -8.253280232254488 -28
      vertex -3.3049550972639796 -8.253280232254488 -24
      vertex -3.4641016151377544 -8 -24
    endloop
  endfacet
  facet normal -0.8841153935046094 -0.4672686282730624 0
    outer loop
      vertex -3.4641016151377544 -8 -28
      vertex -3.4641016151377544 -8 -24
      vertex -3.603875471609676 -7.735534956470233 -24
    endloop
  endfacet
  facet normal -0.916562255869976 -0.39989202431974136 0
    outer loop
      vertex -3.603875471609676 -7.735534956470233 -28
      vertex -3.603875471609676 -7.735534956470233 -24
      vertex -3.7234949945768174 -7.461364097465579 -24
    endloop
  endfacet
  facet normal -0.7579717231454539 -0.6522874112781201 0
    outer loop
      vertex -2.9322074873193054 -8.720690951083679 -28
      vertex -2.9322074873193054 -8.720690951083679 -24
      vertex -3.1273259298721188 -8.493959207434935 -24
    endloop
  endfacet
  facet normal -0.9438833303083674 -0.33027906195516754 8.949861001933383e-19
    outer loop
      vertex -3.7234949945768174 -7.461364097465579 -28
      vertex -3.822291223144563 -7.179020697643617 -24
      vertex -3.822291223144563 -7.179020697643617 -28
    endloop
  endfacet
  facet normal -0.9659258262890683 -0.2588190451025206 -8.872094413572247e-19
    outer loop
      vertex -3.822291223144563 -7.179020697643617 -28
      vertex -3.8997116487272945 -6.890083735825258 -24
      vertex -3.8997116487272945 -6.890083735825258 -28
    endloop
  endfacet
  facet normal -0.9825664732332883 -0.185911607162914 8.086994081473472e-19
    outer loop
      vertex -3.8997116487272945 -6.890083735825258 -28
      vertex -3.955323304900514 -6.596169064704698 -24
      vertex -3.955323304900514 -6.596169064704698 -28
    endloop
  endfacet
  facet normal -0.9937122098932426 -0.11196447610330756 -4.66338250197779e-19
    outer loop
      vertex -3.955323304900514 -6.596169064704698 -28
      vertex -3.9888151887247205 -6.2989203743456965 -24
      vertex -3.9888151887247205 -6.2989203743456965 -28
    endloop
  endfacet
  facet normal -0.9993007047883985 -0.03739119427632593 -4.5728665084054584e-20
    outer loop
      vertex -3.9888151887247205 -6.2989203743456965 -28
      vertex -4 -6 -24
      vertex -4 -6 -28
    endloop
  endfacet
  facet normal -0.9993007047883985 0.03739119427632593 4.5728665084054584e-20
    outer loop
      vertex -4 -6 -28
      vertex -3.9888151887247205 -5.7010796256543035 -24
      vertex -3.9888151887247205 -5.7010796256543035 -28
    endloop
  endfacet
  facet normal -0.9937122098932426 0.11196447610330756 4.66338250197779e-19
    outer loop
      vertex -3.9888151887247205 -5.7010796256543035 -28
      vertex -3.955323304900514 -5.403830935295302 -24
      vertex -3.955323304900514 -5.403830935295302 -28
    endloop
  endfacet
  facet normal -0.9825664732332883 0.185911607162914 -8.086994081473472e-19
    outer loop
      vertex -3.955323304900514 -5.403830935295302 -28
      vertex -3.8997116487272945 -5.109916264174742 -24
      vertex -3.8997116487272945 -5.109916264174742 -28
    endloop
  endfacet
  facet normal -0.9438833303083674 -0.33027906195516754 0
    outer loop
      vertex -3.7234949945768174 -7.461364097465579 -28
      vertex -3.7234949945768174 -7.461364097465579 -24
      vertex -3.822291223144563 -7.179020697643617 -24
    endloop
  endfacet
  facet normal -0.9659258262890683 -0.2588190451025206 0
    outer loop
      vertex -3.822291223144563 -7.179020697643617 -28
      vertex -3.822291223144563 -7.179020697643617 -24
      vertex -3.8997116487272945 -6.890083735825258 -24
    endloop
  endfacet
  facet normal -0.9825664732332883 -0.185911607162914 0
    outer loop
      vertex -3.8997116487272945 -6.890083735825258 -28
      vertex -3.8997116487272945 -6.890083735825258 -24
      vertex -3.955323304900514 -6.596169064704698 -24
    endloop
  endfacet
  facet normal -0.9937122098932426 -0.11196447610330756 0
    outer loop
      vertex -3.955323304900514 -6.596169064704698 -28
      vertex -3.955323304900514 -6.596169064704698 -24
      vertex -3.9888151887247205 -6.2989203743456965 -24
    endloop
  endfacet
  facet normal -0.9993007047883985 -0.03739119427632593 0
    outer loop
      vertex -3.9888151887247205 -6.2989203743456965 -28
      vertex -3.9888151887247205 -6.2989203743456965 -24
      vertex -4 -6 -24
    endloop
  endfacet
  facet normal -0.9993007047883985 0.03739119427632593 0
    outer loop
      vertex -4 -6 -28
      vertex -4 -6 -24
      vertex -3.9888151887247205 -5.7010796256543035 -24
    endloop
  endfacet
  facet normal -0.9937122098932426 0.11196447610330756 0
    outer loop
      vertex -3.9888151887247205 -5.7010796256543035 -28
      vertex -3.9888151887247205 -5.7010796256543035 -24
      vertex -3.955323304900514 -5.403830935295302 -24
    endloop
  endfacet
  facet normal -0.9825664732332883 0.185911607162914 0
    outer loop
      vertex -3.955323304900514 -5.403830935295302 -28
      vertex -3.955323304900514 -5.403830935295302 -24
      vertex -3.8997116487272945 -5.109916264174742 -24
    endloop
  endfacet
  facet normal -0.9659258262890683 0.2588190451025206 0
    outer loop
      vertex -3.8997116487272945 -5.109916264174742 -28
      vertex -3.8997116487272945 -5.109916264174742 -24
      vertex -3.822291223144563 -4.820979302356383 -24
    endloop
  endfacet
  facet normal -0.9659258262890683 0.2588190451025206 8.872094413572247e-19
    outer loop
      vertex -3.8997116487272945 -5.109916264174742 -28
      vertex -3.822291223144563 -4.820979302356383 -24
      vertex -3.822291223144563 -4.820979302356383 -28
    endloop
  endfacet
  facet normal -0.9438833303083674 0.33027906195516754 -8.949861001933383e-19
    outer loop
      vertex -3.822291223144563 -4.820979302356383 -28
      vertex -3.7234949945768174 -4.538635902534421 -24
      vertex -3.7234949945768174 -4.538635902534421 -28
    endloop
  endfacet
  facet normal -0.916562255869976 0.39989202431974136 -1.9611872457948295e-18
    outer loop
      vertex -3.7234949945768174 -4.538635902534421 -28
      vertex -3.603875471609676 -4.264465043529767 -24
      vertex -3.603875471609676 -4.264465043529767 -28
    endloop
  endfacet
  facet normal -0.8841153935046094 0.4672686282730624 -2.3519919940720298e-19
    outer loop
      vertex -3.603875471609676 -4.264465043529767 -28
      vertex -3.4641016151377544 -4 -24
      vertex -3.4641016151377544 -4 -28
    endloop
  endfacet
  facet normal -0.8467241992282842 0.5320320765153365 -1.3166368229764463e-18
    outer loop
      vertex -3.4641016151377544 -4 -28
      vertex -3.306252716701374 -3.748784917249706 -24
      vertex -3.306252716701374 -3.748784917249706 -28
    endloop
  endfacet
  facet normal -0.9438833303083674 0.33027906195516754 0
    outer loop
      vertex -3.822291223144563 -4.820979302356383 -28
      vertex -3.822291223144563 -4.820979302356383 -24
      vertex -3.7234949945768174 -4.538635902534421 -24
    endloop
  endfacet
  facet normal -0.916562255869976 0.39989202431974136 0
    outer loop
      vertex -3.7234949945768174 -4.538635902534421 -28
      vertex -3.7234949945768174 -4.538635902534421 -24
      vertex -3.603875471609676 -4.264465043529767 -24
    endloop
  endfacet
  facet normal -0.8841153935046094 0.4672686282730624 0
    outer loop
      vertex -3.603875471609676 -4.264465043529767 -28
      vertex -3.603875471609676 -4.264465043529767 -24
      vertex -3.4641016151377544 -4 -24
    endloop
  endfacet
  facet normal -0.8467241992282842 0.5320320765153365 0
    outer loop
      vertex -3.4641016151377544 -4 -28
      vertex -3.4641016151377544 -4 -24
      vertex -3.306252716701374 -3.748784917249706 -24
    endloop
  endfacet
  facet normal 0 0 1
    outer loop
      vertex -1.735534956470233 -9.603875471609676 -24
      vertex -1.4613640974655793 -9.723494994576818 -24
      vertex -1.6524775486319898 -7.126640116127244 -24
    endloop
  endfacet
  facet normal 0 0 1
    outer loop
      vertex -0.8900837358252559 -9.899711648727294 -24
      vertex -1 -7.732050807568877 -24
      vertex -1.1790206976436166 -9.822291223144564 -24
    endloop
  endfacet
  facet normal 0 0 1
    outer loop
      vertex -0.5961690647046967 -9.955323304900514 -24
      vertex -0.29892037434569646 -9.98881518872472 -24
      vertex -0.44504186791262795 -7.949855824363647 -24
    endloop
  endfacet
  facet normal 0 0 1
    outer loop
      vertex -0.8900837358252559 -9.899711648727294 -24
      vertex -0.5961690647046967 -9.955323304900514 -24
      vertex -0.7306820487327896 -7.861747497288409 -24
    endloop
  endfacet
  facet normal 0 0 1
    outer loop
      vertex -0.29892037434569646 -9.98881518872472 -24
      vertex 0 -10 -24
      vertex -0.14946018717284823 -7.99440759436236 -24
    endloop
  endfacet
  facet normal 0 0 1
    outer loop
      vertex -1.1790206976436166 -9.822291223144564 -24
      vertex -1.2469796037174674 -7.563662964936059 -24
      vertex -1.4613640974655793 -9.723494994576818 -24
    endloop
  endfacet
  facet normal 0 0 1
    outer loop
      vertex -1.735534956470233 -9.603875471609676 -24
      vertex -1.9111456115722816 -6.5895103488218085 -24
      vertex -2 -9.464101615137753 -24
    endloop
  endfacet
  facet normal 0 0 1
    outer loop
      vertex -2 -9.464101615137753 -24
      vertex -1.977661652450257 -6.298084532352349 -24
      vertex -2.253280232254488 -9.30495509726398 -24
    endloop
  endfacet
  facet normal 0 0 1
    outer loop
      vertex -0.8900837358252559 -9.899711648727294 -24
      vertex -0.7306820487327896 -7.861747497288409 -24
      vertex -1 -7.732050807568877 -24
    endloop
  endfacet
  facet normal 0 0 1
    outer loop
      vertex -0.29892037434569646 -9.98881518872472 -24
      vertex -0.14946018717284823 -7.99440759436236 -24
      vertex -0.44504186791262795 -7.949855824363647 -24
    endloop
  endfacet
  facet normal 0 0 1
    outer loop
      vertex -0.5961690647046967 -9.955323304900514 -24
      vertex -0.44504186791262795 -7.949855824363647 -24
      vertex -0.7306820487327896 -7.861747497288409 -24
    endloop
  endfacet
  facet normal 0 0 1
    outer loop
      vertex -1.1790206976436166 -9.822291223144564 -24
      vertex -1 -7.732050807568877 -24
      vertex -1.2469796037174674 -7.563662964936059 -24
    endloop
  endfacet
  facet normal 0 0 1
    outer loop
      vertex -1.4613640974655793 -9.723494994576818 -24
      vertex -1.2469796037174674 -7.563662964936059 -24
      vertex -1.4661037436596527 -7.360345475541839 -24
    endloop
  endfacet
  facet normal 0 0 1
    outer loop
      vertex -1.735534956470233 -9.603875471609676 -24
      vertex -1.6524775486319898 -7.126640116127244 -24
      vertex -1.801937735804838 -6.867767478235116 -24
    endloop
  endfacet
  facet normal 0 0 1
    outer loop
      vertex -1.735534956470233 -9.603875471609676 -24
      vertex -1.801937735804838 -6.867767478235116 -24
      vertex -1.9111456115722816 -6.5895103488218085 -24
    endloop
  endfacet
  facet normal 0 0 1
    outer loop
      vertex -2.493959207434935 -9.127325929872118 -24
      vertex -2.253280232254488 -9.30495509726398 -24
      vertex -2.1918557339453875 -4.493970231495835 -24
    endloop
  endfacet
  facet normal 0 0 1
    outer loop
      vertex -1.4613640974655793 -9.723494994576818 -24
      vertex -1.4661037436596527 -7.360345475541839 -24
      vertex -1.6524775486319898 -7.126640116127244 -24
    endloop
  endfacet
  facet normal 0 0 1
    outer loop
      vertex -3.1273259298721188 -8.493959207434935 -24
      vertex -3.0783073766282913 -3.9400537680336094 -24
      vertex -3.3049550972639796 -8.253280232254488 -24
    endloop
  endfacet
  facet normal 0 0 1
    outer loop
      vertex -3.3049550972639796 -8.253280232254488 -24
      vertex -3.4641016151377544 -4 -24
      vertex -3.4641016151377544 -8 -24
    endloop
  endfacet
  facet normal 0 0 1
    outer loop
      vertex -3.4641016151377544 -8 -24
      vertex -3.603875471609676 -4.264465043529767 -24
      vertex -3.603875471609676 -7.735534956470233 -24
    endloop
  endfacet
  facet normal 0 0 1
    outer loop
      vertex -3.603875471609676 -7.735534956470233 -24
      vertex -3.7234949945768174 -4.538635902534421 -24
      vertex -3.7234949945768174 -7.461364097465579 -24
    endloop
  endfacet
  facet normal 0 0 1
    outer loop
      vertex -3.8997116487272945 -6.890083735825258 -24
      vertex -3.955323304900514 -5.403830935295302 -24
      vertex -3.955323304900514 -6.596169064704698 -24
    endloop
  endfacet
  facet normal 0 0 1
    outer loop
      vertex -3.7234949945768174 -7.461364097465579 -24
      vertex -3.822291223144563 -4.820979302356383 -24
      vertex -3.822291223144563 -7.179020697643617 -24
    endloop
  endfacet
  facet normal 0 0 1
    outer loop
      vertex -3.822291223144563 -7.179020697643617 -24
      vertex -3.8997116487272945 -5.109916264174742 -24
      vertex -3.8997116487272945 -6.890083735825258 -24
    endloop
  endfacet
  facet normal 0 0 1
    outer loop
      vertex -2.493959207434935 -9.127325929872118 -24
      vertex -2.5 -4.330127018922193 -24
      vertex -2.720690951083678 -8.932207487319305 -24
    endloop
  endfacet
  facet normal 0 0 1
    outer loop
      vertex -2.720690951083678 -8.932207487319305 -24
      vertex -2.7959645173537346 -4.145187862775209 -24
      vertex -2.9322074873193054 -8.720690951083679 -24
    endloop
  endfacet
  facet normal 0 0 1
    outer loop
      vertex -2 -9.464101615137753 -24
      vertex -1.9111456115722816 -6.5895103488218085 -24
      vertex -1.977661652450257 -6.298084532352349 -24
    endloop
  endfacet
  facet normal 0 0 1
    outer loop
      vertex -2.253280232254488 -9.30495509726398 -24
      vertex -1.977661652450257 -6.298084532352349 -24
      vertex -2 -6 -24
    endloop
  endfacet
  facet normal 0 0 1
    outer loop
      vertex -3.1273259298721188 -8.493959207434935 -24
      vertex -2.9322074873193054 -8.720690951083679 -24
      vertex -3.0783073766282913 -3.9400537680336094 -24
    endloop
  endfacet
  facet normal 0 0 1
    outer loop
      vertex -2.253280232254488 -9.30495509726398 -24
      vertex -2 -6 -24
      vertex -2.1918557339453875 -4.493970231495835 -24
    endloop
  endfacet
  facet normal 0 0 1
    outer loop
      vertex -3.955323304900514 -6.596169064704698 -24
      vertex -3.9888151887247205 -5.7010796256543035 -24
      vertex -3.9888151887247205 -6.2989203743456965 -24
    endloop
  endfacet
  facet normal 0 0 1
    outer loop
      vertex -3.9888151887247205 -6.2989203743456965 -24
      vertex -3.9888151887247205 -5.7010796256543035 -24
      vertex -4 -6 -24
    endloop
  endfacet
  facet normal 0 0 1
    outer loop
      vertex -3.955323304900514 -6.596169064704698 -24
      vertex -3.955323304900514 -5.403830935295302 -24
      vertex -3.9888151887247205 -5.7010796256543035 -24
    endloop
  endfacet
  facet normal 0 0 1
    outer loop
      vertex -3.8997116487272945 -6.890083735825258 -24
      vertex -3.8997116487272945 -5.109916264174742 -24
      vertex -3.955323304900514 -5.403830935295302 -24
    endloop
  endfacet
  facet normal 0 0 1
    outer loop
      vertex -3.822291223144563 -7.179020697643617 -24
      vertex -3.822291223144563 -4.820979302356383 -24
      vertex -3.8997116487272945 -5.109916264174742 -24
    endloop
  endfacet
  facet normal 0 0 1
    outer loop
      vertex -3.7234949945768174 -7.461364097465579 -24
      vertex -3.7234949945768174 -4.538635902534421 -24
      vertex -3.822291223144563 -4.820979302356383 -24
    endloop
  endfacet
  facet normal 0 0 1
    outer loop
      vertex -3.603875471609676 -7.735534956470233 -24
      vertex -3.603875471609676 -4.264465043529767 -24
      vertex -3.7234949945768174 -4.538635902534421 -24
    endloop
  endfacet
  facet normal 0 0 1
    outer loop
      vertex -3.4641016151377544 -8 -24
      vertex -3.4641016151377544 -4 -24
      vertex -3.603875471609676 -4.264465043529767 -24
    endloop
  endfacet
  facet normal 0 0 1
    outer loop
      vertex -3.3049550972639796 -8.253280232254488 -24
      vertex -3.0783073766282913 -3.9400537680336094 -24
      vertex -3.4641016151377544 -4 -24
    endloop
  endfacet
  facet normal 0 0 1
    outer loop
      vertex -2.493959207434935 -9.127325929872118 -24
      vertex -2.1918557339453875 -4.493970231495835 -24
      vertex -2.5 -4.330127018922193 -24
    endloop
  endfacet
  facet normal 0 0 1
    outer loop
      vertex -2.720690951083678 -8.932207487319305 -24
      vertex -2.5 -4.330127018922193 -24
      vertex -2.7959645173537346 -4.145187862775209 -24
    endloop
  endfacet
  facet normal 0 0 1
    outer loop
      vertex -2.9322074873193054 -8.720690951083679 -24
      vertex -2.7959645173537346 -4.145187862775209 -24
      vertex -3.0783073766282913 -3.9400537680336094 -24
    endloop
  endfacet
  facet normal 0 0 1
    outer loop
      vertex -2.1918557339453875 -4.493970231495835 -24
      vertex -2 -6 -24
      vertex -1.977661652450257 -5.701915467647651 -24
    endloop
  endfacet
  facet normal 0 0 1
    outer loop
      vertex -2.1918557339453875 -4.493970231495835 -24
      vertex -1.977661652450257 -5.701915467647651 -24
      vertex -1.9111456115722816 -5.4104896511781915 -24
    endloop
  endfacet
  facet normal 0 0 1
    outer loop
      vertex -1.87303296707956 -4.635919272833937 -24
      vertex -1.9111456115722816 -5.4104896511781915 -24
      vertex -1.801937735804838 -5.132232521764884 -24
    endloop
  endfacet
  facet normal 0 0 1
    outer loop
      vertex -3.4641016151377544 -4 -24
      vertex -3.0783073766282913 -3.9400537680336094 -24
      vertex -3.306252716701374 -3.748784917249706 -24
    endloop
  endfacet
  facet normal 0 0 1
    outer loop
      vertex -1.87303296707956 -4.635919272833937 -24
      vertex -2.1918557339453875 -4.493970231495835 -24
      vertex -1.9111456115722816 -5.4104896511781915 -24
    endloop
  endfacet
  facet normal 0 0 1
    outer loop
      vertex -1.87303296707956 -4.635919272833937 -24
      vertex -1.801937735804838 -5.132232521764884 -24
      vertex -1.6524775486319898 -4.873359883872756 -24
    endloop
  endfacet
  facet normal 0 0 1
    outer loop
      vertex -1.87303296707956 -4.635919272833937 -24
      vertex -1.6524775486319898 -4.873359883872756 -24
      vertex -1.555338025809077 -4.7515507750333414 -24
    endloop
  endfacet
  facet normal 0.03739119427632742 -0.9993007047883985 0
    outer loop
      vertex 0 -10 -28
      vertex 0.29892037434569646 -9.98881518872472 -28
      vertex 0 -10 -24
    endloop
  endfacet
  facet normal 0.11196447610330812 -0.9937122098932426 0
    outer loop
      vertex 0.29892037434569646 -9.98881518872472 -28
      vertex 0.5961690647046967 -9.955323304900514 -28
      vertex 0.29892037434569646 -9.98881518872472 -24
    endloop
  endfacet
  facet normal 0.1859116071629145 -0.9825664732332882 0
    outer loop
      vertex 0.5961690647046967 -9.955323304900514 -28
      vertex 0.8900837358252559 -9.899711648727294 -28
      vertex 0.5961690647046967 -9.955323304900514 -24
    endloop
  endfacet
  facet normal 0.2588190451025189 -0.9659258262890688 0
    outer loop
      vertex 0.8900837358252559 -9.899711648727294 -28
      vertex 1.1790206976436184 -9.822291223144562 -28
      vertex 0.8900837358252559 -9.899711648727294 -24
    endloop
  endfacet
  facet normal 0.33027906195516815 -0.9438833303083671 0
    outer loop
      vertex 1.1790206976436184 -9.822291223144562 -28
      vertex 1.4613640974655813 -9.723494994576816 -28
      vertex 1.1790206976436184 -9.822291223144562 -24
    endloop
  endfacet
  facet normal 0.3998920243197403 -0.9165622558699764 0
    outer loop
      vertex 1.4613640974655813 -9.723494994576816 -28
      vertex 1.735534956470233 -9.603875471609676 -28
      vertex 1.4613640974655813 -9.723494994576816 -24
    endloop
  endfacet
  facet normal 0.46726862827306453 -0.8841153935046085 0
    outer loop
      vertex 1.735534956470233 -9.603875471609676 -28
      vertex 2 -9.464101615137753 -28
      vertex 1.735534956470233 -9.603875471609676 -24
    endloop
  endfacet
  facet normal 0.5320320765153341 -0.8467241992282858 0
    outer loop
      vertex 2 -9.464101615137753 -28
      vertex 2.253280232254488 -9.30495509726398 -28
      vertex 2 -9.464101615137753 -24
    endloop
  endfacet
  facet normal 0.5938201855735015 -0.8045977797666684 0
    outer loop
      vertex 2.253280232254488 -9.30495509726398 -28
      vertex 2.4939592074349335 -9.12732592987212 -28
      vertex 2.253280232254488 -9.30495509726398 -24
    endloop
  endfacet
  facet normal 0.65228741127812 -0.757971723145454 0
    outer loop
      vertex 2.4939592074349335 -9.12732592987212 -28
      vertex 2.7206909510836765 -8.932207487319307 -28
      vertex 2.4939592074349335 -9.12732592987212 -24
    endloop
  endfacet
  facet normal 0.7071067811865476 -0.7071067811865476 0
    outer loop
      vertex 2.7206909510836765 -8.932207487319307 -28
      vertex 2.9322074873193062 -8.720690951083677 -28
      vertex 2.7206909510836765 -8.932207487319307 -24
    endloop
  endfacet
  facet normal 0.7579717231454539 -0.6522874112781201 0
    outer loop
      vertex 2.9322074873193062 -8.720690951083677 -28
      vertex 3.1273259298721197 -8.493959207434933 -28
      vertex 2.9322074873193062 -8.720690951083677 -24
    endloop
  endfacet
  facet normal 0.8045977797666684 -0.5938201855735015 0
    outer loop
      vertex 3.1273259298721197 -8.493959207434933 -28
      vertex 3.3049550972639796 -8.253280232254488 -28
      vertex 3.1273259298721197 -8.493959207434933 -24
    endloop
  endfacet
  facet normal 0.8467241992282843 -0.5320320765153361 0
    outer loop
      vertex 3.3049550972639796 -8.253280232254488 -28
      vertex 3.4641016151377544 -8 -28
      vertex 3.3049550972639796 -8.253280232254488 -24
    endloop
  endfacet
  facet normal 0.8841153935046094 -0.4672686282730624 0
    outer loop
      vertex 3.4641016151377544 -8 -28
      vertex 3.603875471609676 -7.735534956470233 -28
      vertex 3.4641016151377544 -8 -24
    endloop
  endfacet
  facet normal 0.9165622558699762 -0.3998920243197411 0
    outer loop
      vertex 3.603875471609676 -7.735534956470233 -28
      vertex 3.7234949945768165 -7.461364097465581 -28
      vertex 3.603875471609676 -7.735534956470233 -24
    endloop
  endfacet
  facet normal 0.03739119427632742 -0.9993007047883985 0
    outer loop
      vertex 0.29892037434569646 -9.98881518872472 -28
      vertex 0.29892037434569646 -9.98881518872472 -24
      vertex 0 -10 -24
    endloop
  endfacet
  facet normal 0.11196447610330812 -0.9937122098932426 0
    outer loop
      vertex 0.5961690647046967 -9.955323304900514 -28
      vertex 0.5961690647046967 -9.955323304900514 -24
      vertex 0.29892037434569646 -9.98881518872472 -24
    endloop
  endfacet
  facet normal 0.1859116071629145 -0.9825664732332882 0
    outer loop
      vertex 0.8900837358252559 -9.899711648727294 -28
      vertex 0.8900837358252559 -9.899711648727294 -24
      vertex 0.5961690647046967 -9.955323304900514 -24
    endloop
  endfacet
  facet normal 0.2588190451025189 -0.9659258262890688 0
    outer loop
      vertex 1.1790206976436184 -9.822291223144562 -28
      vertex 1.1790206976436184 -9.822291223144562 -24
      vertex 0.8900837358252559 -9.899711648727294 -24
    endloop
  endfacet
  facet normal 0.33027906195516815 -0.9438833303083671 0
    outer loop
      vertex 1.4613640974655813 -9.723494994576816 -28
      vertex 1.4613640974655813 -9.723494994576816 -24
      vertex 1.1790206976436184 -9.822291223144562 -24
    endloop
  endfacet
  facet normal 0.3998920243197403 -0.9165622558699764 0
    outer loop
      vertex 1.735534956470233 -9.603875471609676 -28
      vertex 1.735534956470233 -9.603875471609676 -24
      vertex 1.4613640974655813 -9.723494994576816 -24
    endloop
  endfacet
  facet normal 0.46726862827306453 -0.8841153935046085 0
    outer loop
      vertex 2 -9.464101615137753 -28
      vertex 2 -9.464101615137753 -24
      vertex 1.735534956470233 -9.603875471609676 -24
    endloop
  endfacet
  facet normal 0.5320320765153341 -0.8467241992282858 0
    outer loop
      vertex 2.253280232254488 -9.30495509726398 -28
      vertex 2.253280232254488 -9.30495509726398 -24
      vertex 2 -9.464101615137753 -24
    endloop
  endfacet
  facet normal 0.5938201855735015 -0.8045977797666684 0
    outer loop
      vertex 2.4939592074349335 -9.12732592987212 -28
      vertex 2.4939592074349335 -9.12732592987212 -24
      vertex 2.253280232254488 -9.30495509726398 -24
    endloop
  endfacet
  facet normal 0.65228741127812 -0.757971723145454 0
    outer loop
      vertex 2.7206909510836765 -8.932207487319307 -28
      vertex 2.7206909510836765 -8.932207487319307 -24
      vertex 2.4939592074349335 -9.12732592987212 -24
    endloop
  endfacet
  facet normal 0.7071067811865476 -0.7071067811865476 0
    outer loop
      vertex 2.9322074873193062 -8.720690951083677 -28
      vertex 2.9322074873193062 -8.720690951083677 -24
      vertex 2.7206909510836765 -8.932207487319307 -24
    endloop
  endfacet
  facet normal 0.7579717231454539 -0.6522874112781201 0
    outer loop
      vertex 3.1273259298721197 -8.493959207434933 -28
      vertex 3.1273259298721197 -8.493959207434933 -24
      vertex 2.9322074873193062 -8.720690951083677 -24
    endloop
  endfacet
  facet normal 0.8045977797666684 -0.5938201855735015 0
    outer loop
      vertex 3.3049550972639796 -8.253280232254488 -28
      vertex 3.3049550972639796 -8.253280232254488 -24
      vertex 3.1273259298721197 -8.493959207434933 -24
    endloop
  endfacet
  facet normal 0.8467241992282843 -0.5320320765153361 0
    outer loop
      vertex 3.4641016151377544 -8 -28
      vertex 3.4641016151377544 -8 -24
      vertex 3.3049550972639796 -8.253280232254488 -24
    endloop
  endfacet
  facet normal 0.8841153935046094 -0.4672686282730624 0
    outer loop
      vertex 3.603875471609676 -7.735534956470233 -28
      vertex 3.603875471609676 -7.735534956470233 -24
      vertex 3.4641016151377544 -8 -24
    endloop
  endfacet
  facet normal 0.9165622558699762 -0.3998920243197411 0
    outer loop
      vertex 3.7234949945768165 -7.461364097465581 -28
      vertex 3.7234949945768165 -7.461364097465581 -24
      vertex 3.603875471609676 -7.735534956470233 -24
    endloop
  endfacet
  facet normal 0.9438833303083674 -0.33027906195516754 0
    outer loop
      vertex 3.7234949945768165 -7.461364097465581 -28
      vertex 3.8222912231445623 -7.179020697643619 -28
      vertex 3.7234949945768165 -7.461364097465581 -24
    endloop
  endfacet
  facet normal 0.9659258262890683 -0.2588190451025211 0
    outer loop
      vertex 3.8222912231445623 -7.179020697643619 -28
      vertex 3.899711648727295 -6.890083735825256 -28
      vertex 3.8222912231445623 -7.179020697643619 -24
    endloop
  endfacet
  facet normal 0.9825664732332882 -0.18591160716291455 0
    outer loop
      vertex 3.899711648727295 -6.890083735825256 -28
      vertex 3.9553233049005145 -6.596169064704696 -28
      vertex 3.899711648727295 -6.890083735825256 -24
    endloop
  endfacet
  facet normal 0.9937122098932428 -0.11196447610330676 0
    outer loop
      vertex 3.9553233049005145 -6.596169064704696 -28
      vertex 3.9888151887247205 -6.2989203743456965 -28
      vertex 3.9553233049005145 -6.596169064704696 -24
    endloop
  endfacet
  facet normal 0.9993007047883985 -0.03739119427632593 0
    outer loop
      vertex 3.9888151887247205 -6.2989203743456965 -28
      vertex 4 -6 -28
      vertex 3.9888151887247205 -6.2989203743456965 -24
    endloop
  endfacet
  facet normal 0.9993007047883986 0.037391194276325826 0
    outer loop
      vertex 4 -6 -28
      vertex 3.9888151887247205 -5.701079625654303 -28
      vertex 4 -6 -24
    endloop
  endfacet
  facet normal 0.9937122098932426 0.1119644761033079 0
    outer loop
      vertex 3.9888151887247205 -5.701079625654303 -28
      vertex 3.955323304900514 -5.403830935295302 -28
      vertex 3.9888151887247205 -5.701079625654303 -24
    endloop
  endfacet
  facet normal 0.9659258262890683 0.25881904510252124 0
    outer loop
      vertex 3.8997116487272945 -5.109916264174743 -28
      vertex 3.8222912231445627 -4.820979302356383 -28
      vertex 3.8997116487272945 -5.109916264174743 -24
    endloop
  endfacet
  facet normal 0.9825664732332882 0.18591160716291455 0
    outer loop
      vertex 3.955323304900514 -5.403830935295302 -28
      vertex 3.8997116487272945 -5.109916264174743 -28
      vertex 3.955323304900514 -5.403830935295302 -24
    endloop
  endfacet
  facet normal 0.9438833303083674 -0.33027906195516754 0
    outer loop
      vertex 3.8222912231445623 -7.179020697643619 -28
      vertex 3.8222912231445623 -7.179020697643619 -24
      vertex 3.7234949945768165 -7.461364097465581 -24
    endloop
  endfacet
  facet normal 0.9659258262890683 -0.2588190451025211 0
    outer loop
      vertex 3.899711648727295 -6.890083735825256 -28
      vertex 3.899711648727295 -6.890083735825256 -24
      vertex 3.8222912231445623 -7.179020697643619 -24
    endloop
  endfacet
  facet normal 0.9825664732332882 -0.18591160716291455 0
    outer loop
      vertex 3.9553233049005145 -6.596169064704696 -28
      vertex 3.9553233049005145 -6.596169064704696 -24
      vertex 3.899711648727295 -6.890083735825256 -24
    endloop
  endfacet
  facet normal 0.9937122098932428 -0.11196447610330676 0
    outer loop
      vertex 3.9888151887247205 -6.2989203743456965 -28
      vertex 3.9888151887247205 -6.2989203743456965 -24
      vertex 3.9553233049005145 -6.596169064704696 -24
    endloop
  endfacet
  facet normal 0.9993007047883985 -0.03739119427632593 0
    outer loop
      vertex 4 -6 -28
      vertex 4 -6 -24
      vertex 3.9888151887247205 -6.2989203743456965 -24
    endloop
  endfacet
  facet normal 0.9993007047883986 0.037391194276325826 0
    outer loop
      vertex 3.9888151887247205 -5.701079625654303 -28
      vertex 3.9888151887247205 -5.701079625654303 -24
      vertex 4 -6 -24
    endloop
  endfacet
  facet normal 0.9937122098932426 0.1119644761033079 0
    outer loop
      vertex 3.955323304900514 -5.403830935295302 -28
      vertex 3.955323304900514 -5.403830935295302 -24
      vertex 3.9888151887247205 -5.701079625654303 -24
    endloop
  endfacet
  facet normal 0.9825664732332882 0.18591160716291455 0
    outer loop
      vertex 3.8997116487272945 -5.109916264174743 -28
      vertex 3.8997116487272945 -5.109916264174743 -24
      vertex 3.955323304900514 -5.403830935295302 -24
    endloop
  endfacet
  facet normal 0.9438833303083677 0.3302790619551666 0
    outer loop
      vertex 3.8222912231445627 -4.820979302356383 -28
      vertex 3.723494994576817 -4.53863590253442 -28
      vertex 3.8222912231445627 -4.820979302356383 -24
    endloop
  endfacet
  facet normal 0.9165622558699762 0.3998920243197411 0
    outer loop
      vertex 3.723494994576817 -4.53863590253442 -28
      vertex 3.6038754716096766 -4.264465043529768 -28
      vertex 3.723494994576817 -4.53863590253442 -24
    endloop
  endfacet
  facet normal 0.8841153935046097 0.4672686282730624 0
    outer loop
      vertex 3.6038754716096766 -4.264465043529768 -28
      vertex 3.4641016151377544 -4 -28
      vertex 3.6038754716096766 -4.264465043529768 -24
    endloop
  endfacet
  facet normal 0.846724199228285 0.5320320765153355 0
    outer loop
      vertex 3.4641016151377544 -4 -28
      vertex 3.3062527167013744 -3.748784917249706 -28
      vertex 3.4641016151377544 -4 -24
    endloop
  endfacet
  facet normal 0.9659258262890683 0.25881904510252124 0
    outer loop
      vertex 3.8222912231445627 -4.820979302356383 -28
      vertex 3.8222912231445627 -4.820979302356383 -24
      vertex 3.8997116487272945 -5.109916264174743 -24
    endloop
  endfacet
  facet normal 0.9438833303083677 0.3302790619551666 0
    outer loop
      vertex 3.723494994576817 -4.53863590253442 -28
      vertex 3.723494994576817 -4.53863590253442 -24
      vertex 3.8222912231445627 -4.820979302356383 -24
    endloop
  endfacet
  facet normal 0.9165622558699762 0.3998920243197411 0
    outer loop
      vertex 3.6038754716096766 -4.264465043529768 -28
      vertex 3.6038754716096766 -4.264465043529768 -24
      vertex 3.723494994576817 -4.53863590253442 -24
    endloop
  endfacet
  facet normal 0.8841153935046097 0.4672686282730624 0
    outer loop
      vertex 3.4641016151377544 -4 -28
      vertex 3.4641016151377544 -4 -24
      vertex 3.6038754716096766 -4.264465043529768 -24
    endloop
  endfacet
  facet normal 0.846724199228285 0.5320320765153355 0
    outer loop
      vertex 3.3062527167013744 -3.748784917249706 -28
      vertex 3.3062527167013744 -3.748784917249706 -24
      vertex 3.4641016151377544 -4 -24
    endloop
  endfacet
  facet normal 0 0 1
    outer loop
      vertex 0 -10 -24
      vertex 0.29892037434569646 -9.98881518872472 -24
      vertex 0.14946018717284823 -7.99440759436236 -24
    endloop
  endfacet
  facet normal 0 0 1
    outer loop
      vertex 0.29892037434569646 -9.98881518872472 -24
      vertex 0.5961690647046967 -9.955323304900514 -24
      vertex 0.14946018717284823 -7.99440759436236 -24
    endloop
  endfacet
  facet normal 0 0 1
    outer loop
      vertex 0.5961690647046967 -9.955323304900514 -24
      vertex 0.8900837358252559 -9.899711648727294 -24
      vertex 0.44504186791262795 -7.949855824363647 -24
    endloop
  endfacet
  facet normal 0 0 1
    outer loop
      vertex 0.8900837358252559 -9.899711648727294 -24
      vertex 1.1790206976436184 -9.822291223144562 -24
      vertex 1 -7.732050807568877 -24
    endloop
  endfacet
  facet normal 0 0 1
    outer loop
      vertex 1.1790206976436184 -9.822291223144562 -24
      vertex 1.4613640974655813 -9.723494994576816 -24
      vertex 1 -7.732050807568877 -24
    endloop
  endfacet
  facet normal 0 0 1
    outer loop
      vertex 1.4613640974655813 -9.723494994576816 -24
      vertex 1.735534956470233 -9.603875471609676 -24
      vertex 1.4661037436596531 -7.3603454755418385 -24
    endloop
  endfacet
  facet normal 0 0 1
    outer loop
      vertex 0 -10 -24
      vertex 0.14946018717284823 -7.99440759436236 -24
      vertex -0.14946018717284823 -7.99440759436236 -24
    endloop
  endfacet
  facet normal 0 0 1
    outer loop
      vertex 0.5961690647046967 -9.955323304900514 -24
      vertex 0.44504186791262795 -7.949855824363647 -24
      vertex 0.14946018717284823 -7.99440759436236 -24
    endloop
  endfacet
  facet normal 0 0 1
    outer loop
      vertex 0.8900837358252559 -9.899711648727294 -24
      vertex 0.7306820487327906 -7.861747497288408 -24
      vertex 0.44504186791262795 -7.949855824363647 -24
    endloop
  endfacet
  facet normal 0 0 1
    outer loop
      vertex 0.8900837358252559 -9.899711648727294 -24
      vertex 1 -7.732050807568877 -24
      vertex 0.7306820487327906 -7.861747497288408 -24
    endloop
  endfacet
  facet normal 0 0 1
    outer loop
      vertex 1.4613640974655813 -9.723494994576816 -24
      vertex 1.2469796037174667 -7.56366296493606 -24
      vertex 1 -7.732050807568877 -24
    endloop
  endfacet
  facet normal 0 0 1
    outer loop
      vertex 1.4613640974655813 -9.723494994576816 -24
      vertex 1.4661037436596531 -7.3603454755418385 -24
      vertex 1.2469796037174667 -7.56366296493606 -24
    endloop
  endfacet
  facet normal 0 0 1
    outer loop
      vertex 1.735534956470233 -9.603875471609676 -24
      vertex 2 -9.464101615137753 -24
      vertex 1.801937735804838 -6.867767478235116 -24
    endloop
  endfacet
  facet normal 0 0 1
    outer loop
      vertex 1.735534956470233 -9.603875471609676 -24
      vertex 1.6524775486319898 -7.126640116127244 -24
      vertex 1.4661037436596531 -7.3603454755418385 -24
    endloop
  endfacet
  facet normal 0 0 1
    outer loop
      vertex 1.735534956470233 -9.603875471609676 -24
      vertex 1.801937735804838 -6.867767478235116 -24
      vertex 1.6524775486319898 -7.126640116127244 -24
    endloop
  endfacet
  facet normal 0 0 1
    outer loop
      vertex 2 -9.464101615137753 -24
      vertex 2.253280232254488 -9.30495509726398 -24
      vertex 2.1918557339453875 -4.493970231495835 -24
    endloop
  endfacet
  facet normal 0 0 1
    outer loop
      vertex 2 -9.464101615137753 -24
      vertex 1.9111456115722811 -6.589510348821809 -24
      vertex 1.801937735804838 -6.867767478235116 -24
    endloop
  endfacet
  facet normal 0 0 1
    outer loop
      vertex 2.253280232254488 -9.30495509726398 -24
      vertex 2.4939592074349335 -9.12732592987212 -24
      vertex 2.5 -4.330127018922193 -24
    endloop
  endfacet
  facet normal 0 0 1
    outer loop
      vertex 2 -9.464101615137753 -24
      vertex 1.9776616524502573 -6.298084532352348 -24
      vertex 1.9111456115722811 -6.589510348821809 -24
    endloop
  endfacet
  facet normal 0 0 1
    outer loop
      vertex 2.4939592074349335 -9.12732592987212 -24
      vertex 2.7206909510836765 -8.932207487319307 -24
      vertex 2.5 -4.330127018922193 -24
    endloop
  endfacet
  facet normal 0 0 1
    outer loop
      vertex 2.7206909510836765 -8.932207487319307 -24
      vertex 2.9322074873193062 -8.720690951083677 -24
      vertex 2.7959645173537346 -4.145187862775209 -24
    endloop
  endfacet
  facet normal 0 0 1
    outer loop
      vertex 2.9322074873193062 -8.720690951083677 -24
      vertex 3.1273259298721197 -8.493959207434933 -24
      vertex 3.0783073766282913 -3.9400537680336094 -24
    endloop
  endfacet
  facet normal 0 0 1
    outer loop
      vertex 2 -9.464101615137753 -24
      vertex 2.1918557339453875 -4.493970231495835 -24
      vertex 1.9776616524502573 -6.298084532352348 -24
    endloop
  endfacet
  facet normal 0 0 1
    outer loop
      vertex 3.1273259298721197 -8.493959207434933 -24
      vertex 3.3049550972639796 -8.253280232254488 -24
      vertex 3.3062527167013744 -3.748784917249706 -24
    endloop
  endfacet
  facet normal 0 0 1
    outer loop
      vertex 3.3049550972639796 -8.253280232254488 -24
      vertex 3.4641016151377544 -8 -24
      vertex 3.3062527167013744 -3.748784917249706 -24
    endloop
  endfacet
  facet normal 0 0 1
    outer loop
      vertex 3.4641016151377544 -8 -24
      vertex 3.603875471609676 -7.735534956470233 -24
      vertex 3.4641016151377544 -4 -24
    endloop
  endfacet
  facet normal 0 0 1
    outer loop
      vertex 3.603875471609676 -7.735534956470233 -24
      vertex 3.7234949945768165 -7.461364097465581 -24
      vertex 3.6038754716096766 -4.264465043529768 -24
    endloop
  endfacet
  facet normal 0 0 1
    outer loop
      vertex 3.7234949945768165 -7.461364097465581 -24
      vertex 3.8222912231445623 -7.179020697643619 -24
      vertex 3.723494994576817 -4.53863590253442 -24
    endloop
  endfacet
  facet normal 0 0 1
    outer loop
      vertex 3.8222912231445623 -7.179020697643619 -24
      vertex 3.899711648727295 -6.890083735825256 -24
      vertex 3.8222912231445627 -4.820979302356383 -24
    endloop
  endfacet
  facet normal 0 0 1
    outer loop
      vertex 2.253280232254488 -9.30495509726398 -24
      vertex 2.5 -4.330127018922193 -24
      vertex 2.1918557339453875 -4.493970231495835 -24
    endloop
  endfacet
  facet normal 0 0 1
    outer loop
      vertex 2.7206909510836765 -8.932207487319307 -24
      vertex 2.7959645173537346 -4.145187862775209 -24
      vertex 2.5 -4.330127018922193 -24
    endloop
  endfacet
  facet normal 0 0 1
    outer loop
      vertex 2.1918557339453875 -4.493970231495835 -24
      vertex 2 -6 -24
      vertex 1.9776616524502573 -6.298084532352348 -24
    endloop
  endfacet
  facet normal 0 0 1
    outer loop
      vertex 2.1918557339453875 -4.493970231495835 -24
      vertex 1.977661652450257 -5.701915467647651 -24
      vertex 2 -6 -24
    endloop
  endfacet
  facet normal 0 0 1
    outer loop
      vertex 2.9322074873193062 -8.720690951083677 -24
      vertex 3.0783073766282913 -3.9400537680336094 -24
      vertex 2.7959645173537346 -4.145187862775209 -24
    endloop
  endfacet
  facet normal 0 0 1
    outer loop
      vertex 2.1918557339453875 -4.493970231495835 -24
      vertex 1.9111456115722814 -5.4104896511781915 -24
      vertex 1.977661652450257 -5.701915467647651 -24
    endloop
  endfacet
  facet normal 0 0 1
    outer loop
      vertex 1.87303296707956 -4.635919272833937 -24
      vertex 1.8019377358048383 -5.132232521764884 -24
      vertex 1.9111456115722814 -5.4104896511781915 -24
    endloop
  endfacet
  facet normal 0 0 1
    outer loop
      vertex 3.899711648727295 -6.890083735825256 -24
      vertex 3.9553233049005145 -6.596169064704696 -24
      vertex 3.8997116487272945 -5.109916264174743 -24
    endloop
  endfacet
  facet normal 0 0 1
    outer loop
      vertex 3.9553233049005145 -6.596169064704696 -24
      vertex 3.9888151887247205 -6.2989203743456965 -24
      vertex 3.955323304900514 -5.403830935295302 -24
    endloop
  endfacet
  facet normal 0 0 1
    outer loop
      vertex 3.9888151887247205 -6.2989203743456965 -24
      vertex 4 -6 -24
      vertex 3.9888151887247205 -5.701079625654303 -24
    endloop
  endfacet
  facet normal 0 0 1
    outer loop
      vertex 3.9888151887247205 -6.2989203743456965 -24
      vertex 3.9888151887247205 -5.701079625654303 -24
      vertex 3.955323304900514 -5.403830935295302 -24
    endloop
  endfacet
  facet normal 0 0 1
    outer loop
      vertex 3.9553233049005145 -6.596169064704696 -24
      vertex 3.955323304900514 -5.403830935295302 -24
      vertex 3.8997116487272945 -5.109916264174743 -24
    endloop
  endfacet
  facet normal 0 0 1
    outer loop
      vertex 3.899711648727295 -6.890083735825256 -24
      vertex 3.8997116487272945 -5.109916264174743 -24
      vertex 3.8222912231445627 -4.820979302356383 -24
    endloop
  endfacet
  facet normal 0 0 1
    outer loop
      vertex 3.8222912231445623 -7.179020697643619 -24
      vertex 3.8222912231445627 -4.820979302356383 -24
      vertex 3.723494994576817 -4.53863590253442 -24
    endloop
  endfacet
  facet normal 0 0 1
    outer loop
      vertex 3.1273259298721197 -8.493959207434933 -24
      vertex 3.3062527167013744 -3.748784917249706 -24
      vertex 3.0783073766282913 -3.9400537680336094 -24
    endloop
  endfacet
  facet normal 0 0 1
    outer loop
      vertex 3.7234949945768165 -7.461364097465581 -24
      vertex 3.723494994576817 -4.53863590253442 -24
      vertex 3.6038754716096766 -4.264465043529768 -24
    endloop
  endfacet
  facet normal 0 0 1
    outer loop
      vertex 3.603875471609676 -7.735534956470233 -24
      vertex 3.6038754716096766 -4.264465043529768 -24
      vertex 3.4641016151377544 -4 -24
    endloop
  endfacet
  facet normal 0 0 1
    outer loop
      vertex 3.4641016151377544 -8 -24
      vertex 3.4641016151377544 -4 -24
      vertex 3.3062527167013744 -3.748784917249706 -24
    endloop
  endfacet
  facet normal 0 0 1
    outer loop
      vertex 1.87303296707956 -4.635919272833937 -24
      vertex 1.6524775486319898 -4.873359883872756 -24
      vertex 1.8019377358048383 -5.132232521764884 -24
    endloop
  endfacet
  facet normal 0 0 1
    outer loop
      vertex 1.87303296707956 -4.635919272833937 -24
      vertex 1.9111456115722814 -5.4104896511781915 -24
      vertex 2.1918557339453875 -4.493970231495835 -24
    endloop
  endfacet
  facet normal 0 0 1
    outer loop
      vertex 1.87303296707956 -4.635919272833937 -24
      vertex 1.5553380258090763 -4.7515507750333414 -24
      vertex 1.6524775486319898 -4.873359883872756 -24
    endloop
  endfacet
  facet normal 0.4422886902189995 0.8968727415326891 0
    outer loop
      vertex -33.125 -5.948557158514987 -28
      vertex -32.86103772282145 -6.078728948150395 -33
      vertex -33.125 -5.948557158514987 -33
    endloop
  endfacet
  facet normal 0.555570233019605 0.8314696123025435 0
    outer loop
      vertex -33.36971321526962 -5.785045015655279 -28
      vertex -33.125 -5.948557158514987 -33
      vertex -33.36971321526962 -5.785045015655279 -33
    endloop
  endfacet
  facet normal 0.6593458151000676 0.7518398074789785 5.314390861969821e-19
    outer loop
      vertex -33.36971321526962 -5.785045015655279 -33
      vertex -33.59099025766973 -5.590990257669732 -33
      vertex -33.59099025766973 -5.590990257669732 -28
    endloop
  endfacet
  facet normal 0.19509032201612508 0.980785280403231 0
    outer loop
      vertex -32.582342851480675 -6.173333109150404 -28
      vertex -32.293683932495114 -6.230750938091074 -33
      vertex -32.582342851480675 -6.173333109150404 -33
    endloop
  endfacet
  facet normal 0.3214394653031664 0.9469301294951041 0
    outer loop
      vertex -32.86103772282145 -6.078728948150395 -28
      vertex -32.582342851480675 -6.173333109150404 -33
      vertex -32.86103772282145 -6.078728948150395 -33
    endloop
  endfacet
  facet normal 0.06540312923014259 0.9978589232386036 -2.588335853381344e-19
    outer loop
      vertex -32 -6.25 -33
      vertex -32.293683932495114 -6.230750938091074 -33
      vertex -32.293683932495114 -6.230750938091074 -28
    endloop
  endfacet
  facet normal -0.06540312923014181 0.9978589232386036 0
    outer loop
      vertex -32 -6.25 -28
      vertex -31.706316067504883 -6.230750938091074 -33
      vertex -32 -6.25 -33
    endloop
  endfacet
  facet normal -0.19509032201612972 0.9807852804032301 0
    outer loop
      vertex -31.706316067504883 -6.230750938091074 -28
      vertex -31.41765714851933 -6.173333109150404 -33
      vertex -31.706316067504883 -6.230750938091074 -33
    endloop
  endfacet
  facet normal -0.32143946530316275 0.9469301294951052 0
    outer loop
      vertex -31.41765714851933 -6.173333109150404 -28
      vertex -31.13896227717855 -6.078728948150395 -33
      vertex -31.41765714851933 -6.173333109150404 -33
    endloop
  endfacet
  facet normal 0.7518398074789769 0.6593458151000693 0
    outer loop
      vertex -33.78504501565528 -5.369713215269622 -28
      vertex -33.59099025766973 -5.590990257669732 -33
      vertex -33.78504501565528 -5.369713215269622 -33
    endloop
  endfacet
  facet normal 0.8314696123025439 0.5555702330196043 0
    outer loop
      vertex -33.94855715851499 -5.125 -28
      vertex -33.78504501565528 -5.369713215269622 -33
      vertex -33.94855715851499 -5.125 -33
    endloop
  endfacet
  facet normal -0.4422886902189995 0.8968727415326891 0
    outer loop
      vertex -31.13896227717855 -6.078728948150395 -28
      vertex -30.875 -5.948557158514987 -33
      vertex -31.13896227717855 -6.078728948150395 -33
    endloop
  endfacet
  facet normal -0.555570233019605 0.8314696123025435 0
    outer loop
      vertex -30.875 -5.948557158514987 -28
      vertex -30.63028678473038 -5.785045015655279 -33
      vertex -30.875 -5.948557158514987 -33
    endloop
  endfacet
  facet normal -0.6593458151000676 0.7518398074789785 0
    outer loop
      vertex -30.63028678473038 -5.785045015655279 -28
      vertex -30.40900974233027 -5.590990257669732 -33
      vertex -30.63028678473038 -5.785045015655279 -33
    endloop
  endfacet
  facet normal -0.7518398074789769 0.6593458151000693 0
    outer loop
      vertex -30.40900974233027 -5.590990257669732 -33
      vertex -30.40900974233027 -5.590990257669732 -28
      vertex -30.214954984344722 -5.369713215269622 -33
    endloop
  endfacet
  facet normal -0.8314696123025439 0.5555702330196043 0
    outer loop
      vertex -30.214954984344722 -5.369713215269622 -28
      vertex -30.051442841485013 -5.125 -33
      vertex -30.214954984344722 -5.369713215269622 -33
    endloop
  endfacet
  facet normal -0.896872741532688 0.4422886902190019 0
    outer loop
      vertex -30.051442841485013 -5.125 -28
      vertex -29.921271051849605 -4.861037722821452 -33
      vertex -30.051442841485013 -5.125 -33
    endloop
  endfacet
  facet normal 0.4422886902189995 0.8968727415326891 0
    outer loop
      vertex -32.86103772282145 -6.078728948150395 -28
      vertex -32.86103772282145 -6.078728948150395 -33
      vertex -33.125 -5.948557158514987 -28
    endloop
  endfacet
  facet normal 0.555570233019605 0.8314696123025435 0
    outer loop
      vertex -33.125 -5.948557158514987 -28
      vertex -33.125 -5.948557158514987 -33
      vertex -33.36971321526962 -5.785045015655279 -28
    endloop
  endfacet
  facet normal 0.6593458151000676 0.7518398074789785 0
    outer loop
      vertex -33.36971321526962 -5.785045015655279 -28
      vertex -33.36971321526962 -5.785045015655279 -33
      vertex -33.59099025766973 -5.590990257669732 -28
    endloop
  endfacet
  facet normal 0.3214394653031664 0.9469301294951041 0
    outer loop
      vertex -32.582342851480675 -6.173333109150404 -28
      vertex -32.582342851480675 -6.173333109150404 -33
      vertex -32.86103772282145 -6.078728948150395 -28
    endloop
  endfacet
  facet normal 0.19509032201612508 0.980785280403231 0
    outer loop
      vertex -32.293683932495114 -6.230750938091074 -28
      vertex -32.293683932495114 -6.230750938091074 -33
      vertex -32.582342851480675 -6.173333109150404 -28
    endloop
  endfacet
  facet normal 0.06540312923014259 0.9978589232386036 0
    outer loop
      vertex -32 -6.25 -28
      vertex -32 -6.25 -33
      vertex -32.293683932495114 -6.230750938091074 -28
    endloop
  endfacet
  facet normal -0.06540312923014181 0.9978589232386036 0
    outer loop
      vertex -31.706316067504883 -6.230750938091074 -28
      vertex -31.706316067504883 -6.230750938091074 -33
      vertex -32 -6.25 -28
    endloop
  endfacet
  facet normal -0.19509032201612972 0.9807852804032301 0
    outer loop
      vertex -31.41765714851933 -6.173333109150404 -28
      vertex -31.41765714851933 -6.173333109150404 -33
      vertex -31.706316067504883 -6.230750938091074 -28
    endloop
  endfacet
  facet normal 0.7518398074789769 0.6593458151000693 -9.937781332677347e-19
    outer loop
      vertex -33.78504501565528 -5.369713215269622 -28
      vertex -33.59099025766973 -5.590990257669732 -28
      vertex -33.59099025766973 -5.590990257669732 -33
    endloop
  endfacet
  facet normal 0.8314696123025439 0.5555702330196043 -1.3642718854952212e-18
    outer loop
      vertex -33.94855715851499 -5.125 -28
      vertex -33.78504501565528 -5.369713215269622 -28
      vertex -33.78504501565528 -5.369713215269622 -33
    endloop
  endfacet
  facet normal 0.8968727415326927 0.4422886902189922 1.9078739737765106e-18
    outer loop
      vertex -34.07872894815039 -4.861037722821452 -28
      vertex -33.94855715851499 -5.125 -28
      vertex -33.94855715851499 -5.125 -33
    endloop
  endfacet
  facet normal -0.32143946530316275 0.9469301294951052 0
    outer loop
      vertex -31.13896227717855 -6.078728948150395 -28
      vertex -31.13896227717855 -6.078728948150395 -33
      vertex -31.41765714851933 -6.173333109150404 -28
    endloop
  endfacet
  facet normal -0.4422886902189995 0.8968727415326891 0
    outer loop
      vertex -30.875 -5.948557158514987 -28
      vertex -30.875 -5.948557158514987 -33
      vertex -31.13896227717855 -6.078728948150395 -28
    endloop
  endfacet
  facet normal -0.555570233019605 0.8314696123025435 0
    outer loop
      vertex -30.63028678473038 -5.785045015655279 -28
      vertex -30.63028678473038 -5.785045015655279 -33
      vertex -30.875 -5.948557158514987 -28
    endloop
  endfacet
  facet normal -0.6593458151000676 0.7518398074789785 0
    outer loop
      vertex -30.40900974233027 -5.590990257669732 -28
      vertex -30.40900974233027 -5.590990257669732 -33
      vertex -30.63028678473038 -5.785045015655279 -28
    endloop
  endfacet
  facet normal -0.7518398074789769 0.6593458151000693 9.937781332677347e-19
    outer loop
      vertex -30.40900974233027 -5.590990257669732 -28
      vertex -30.214954984344722 -5.369713215269622 -28
      vertex -30.214954984344722 -5.369713215269622 -33
    endloop
  endfacet
  facet normal -0.8314696123025439 0.5555702330196043 1.3642718854952212e-18
    outer loop
      vertex -30.214954984344722 -5.369713215269622 -28
      vertex -30.051442841485013 -5.125 -28
      vertex -30.051442841485013 -5.125 -33
    endloop
  endfacet
  facet normal 0.8968727415326927 0.4422886902189922 0
    outer loop
      vertex -34.07872894815039 -4.861037722821452 -28
      vertex -33.94855715851499 -5.125 -33
      vertex -34.07872894815039 -4.861037722821452 -33
    endloop
  endfacet
  facet normal 0.9469301294951004 0.32143946530317713 0
    outer loop
      vertex -34.173333109150406 -4.582342851480671 -28
      vertex -34.07872894815039 -4.861037722821452 -33
      vertex -34.173333109150406 -4.582342851480671 -33
    endloop
  endfacet
  facet normal 0.9807852804032337 0.1950903220161117 0
    outer loop
      vertex -34.23075093809107 -4.293683932495116 -28
      vertex -34.173333109150406 -4.582342851480671 -33
      vertex -34.23075093809107 -4.293683932495116 -33
    endloop
  endfacet
  facet normal 0.9978589232386027 0.06540312923015401 0
    outer loop
      vertex -34.25 -4 -28
      vertex -34.23075093809107 -4.293683932495116 -33
      vertex -34.25 -4 -33
    endloop
  endfacet
  facet normal 0.9978589232386028 -0.06540312923015412 0
    outer loop
      vertex -34.23075093809107 -3.706316067504884 -28
      vertex -34.25 -4 -33
      vertex -34.23075093809107 -3.706316067504884 -33
    endloop
  endfacet
  facet normal 0.9807852804032339 -0.19509032201611146 0
    outer loop
      vertex -34.173333109150406 -3.4176571485193286 -28
      vertex -34.23075093809107 -3.706316067504884 -33
      vertex -34.173333109150406 -3.4176571485193286 -33
    endloop
  endfacet
  facet normal 0.9469301294951004 -0.32143946530317713 0
    outer loop
      vertex -34.07872894815039 -3.138962277178548 -28
      vertex -34.173333109150406 -3.4176571485193286 -33
      vertex -34.07872894815039 -3.138962277178548 -33
    endloop
  endfacet
  facet normal 0.8968727415326927 -0.4422886902189922 0
    outer loop
      vertex -33.94855715851499 -2.875 -28
      vertex -34.07872894815039 -3.138962277178548 -33
      vertex -33.94855715851499 -2.875 -33
    endloop
  endfacet
  facet normal 0.8314696123025439 -0.5555702330196043 0
    outer loop
      vertex -33.78504501565528 -2.6302867847303784 -28
      vertex -33.94855715851499 -2.875 -33
      vertex -33.78504501565528 -2.6302867847303784 -33
    endloop
  endfacet
  facet normal -0.946930129495104 0.3214394653031663 0
    outer loop
      vertex -29.921271051849605 -4.861037722821452 -28
      vertex -29.826666890849594 -4.582342851480671 -33
      vertex -29.921271051849605 -4.861037722821452 -33
    endloop
  endfacet
  facet normal -0.9807852804032314 0.19509032201612334 0
    outer loop
      vertex -29.826666890849594 -4.582342851480671 -33
      vertex -29.826666890849594 -4.582342851480671 -28
      vertex -29.769249061908926 -4.293683932495116 -33
    endloop
  endfacet
  facet normal -0.9978589232386036 0.06540312923014201 0
    outer loop
      vertex -29.769249061908926 -4.293683932495116 -28
      vertex -29.75 -4 -33
      vertex -29.769249061908926 -4.293683932495116 -33
    endloop
  endfacet
  facet normal -0.9978589232386036 -0.0654031292301421 0
    outer loop
      vertex -29.75 -4 -28
      vertex -29.769249061908926 -3.706316067504884 -33
      vertex -29.75 -4 -33
    endloop
  endfacet
  facet normal -0.9807852804032315 -0.19509032201612306 0
    outer loop
      vertex -29.769249061908926 -3.706316067504884 -28
      vertex -29.826666890849594 -3.4176571485193286 -33
      vertex -29.769249061908926 -3.706316067504884 -33
    endloop
  endfacet
  facet normal -0.946930129495104 -0.3214394653031663 0
    outer loop
      vertex -29.826666890849594 -3.4176571485193286 -28
      vertex -29.921271051849605 -3.138962277178548 -33
      vertex -29.826666890849594 -3.4176571485193286 -33
    endloop
  endfacet
  facet normal -0.896872741532688 -0.4422886902190019 0
    outer loop
      vertex -29.921271051849605 -3.138962277178548 -28
      vertex -30.051442841485013 -2.875 -33
      vertex -29.921271051849605 -3.138962277178548 -33
    endloop
  endfacet
  facet normal -0.8314696123025439 -0.5555702330196043 0
    outer loop
      vertex -30.051442841485013 -2.875 -28
      vertex -30.214954984344722 -2.6302867847303784 -33
      vertex -30.051442841485013 -2.875 -33
    endloop
  endfacet
  facet normal -0.7518398074789769 -0.6593458151000693 0
    outer loop
      vertex -30.214954984344722 -2.6302867847303784 -33
      vertex -30.214954984344722 -2.6302867847303784 -28
      vertex -30.40900974233027 -2.4090097423302677 -33
    endloop
  endfacet
  facet normal 0.9469301294951004 0.32143946530317713 -1.0818237048869677e-18
    outer loop
      vertex -34.173333109150406 -4.582342851480671 -28
      vertex -34.07872894815039 -4.861037722821452 -28
      vertex -34.07872894815039 -4.861037722821452 -33
    endloop
  endfacet
  facet normal 0.9807852804032337 0.1950903220161117 0
    outer loop
      vertex -34.173333109150406 -4.582342851480671 -28
      vertex -34.173333109150406 -4.582342851480671 -33
      vertex -34.23075093809107 -4.293683932495116 -28
    endloop
  endfacet
  facet normal 0.9978589232386027 0.06540312923015401 2.937371206559514e-19
    outer loop
      vertex -34.25 -4 -28
      vertex -34.23075093809107 -4.293683932495116 -28
      vertex -34.23075093809107 -4.293683932495116 -33
    endloop
  endfacet
  facet normal 0.9978589232386028 -0.06540312923015412 -2.0857864931228866e-19
    outer loop
      vertex -34.23075093809107 -3.706316067504884 -28
      vertex -34.25 -4 -28
      vertex -34.25 -4 -33
    endloop
  endfacet
  facet normal 0.9807852804032339 -0.19509032201611146 3.5926699898380354e-19
    outer loop
      vertex -34.173333109150406 -3.4176571485193286 -28
      vertex -34.23075093809107 -3.706316067504884 -28
      vertex -34.23075093809107 -3.706316067504884 -33
    endloop
  endfacet
  facet normal 0.9469301294951004 -0.32143946530317713 1.0818237048869677e-18
    outer loop
      vertex -34.07872894815039 -3.138962277178548 -28
      vertex -34.173333109150406 -3.4176571485193286 -28
      vertex -34.173333109150406 -3.4176571485193286 -33
    endloop
  endfacet
  facet normal 0.8968727415326927 -0.4422886902189922 -1.9078739737765106e-18
    outer loop
      vertex -33.94855715851499 -2.875 -28
      vertex -34.07872894815039 -3.138962277178548 -28
      vertex -34.07872894815039 -3.138962277178548 -33
    endloop
  endfacet
  facet normal 0.8314696123025439 -0.5555702330196043 1.3642718854952212e-18
    outer loop
      vertex -33.78504501565528 -2.6302867847303784 -28
      vertex -33.94855715851499 -2.875 -28
      vertex -33.94855715851499 -2.875 -33
    endloop
  endfacet
  facet normal 0.7518398074789769 -0.6593458151000693 9.937781332677347e-19
    outer loop
      vertex -33.59099025766973 -2.4090097423302677 -28
      vertex -33.78504501565528 -2.6302867847303784 -28
      vertex -33.78504501565528 -2.6302867847303784 -33
    endloop
  endfacet
  facet normal -0.896872741532688 0.4422886902190019 -1.2067754828735314e-18
    outer loop
      vertex -30.051442841485013 -5.125 -28
      vertex -29.921271051849605 -4.861037722821452 -28
      vertex -29.921271051849605 -4.861037722821452 -33
    endloop
  endfacet
  facet normal -0.946930129495104 0.3214394653031663 1.7755143207296175e-19
    outer loop
      vertex -29.921271051849605 -4.861037722821452 -28
      vertex -29.826666890849594 -4.582342851480671 -28
      vertex -29.826666890849594 -4.582342851480671 -33
    endloop
  endfacet
  facet normal -0.9807852804032314 0.19509032201612334 0
    outer loop
      vertex -29.769249061908926 -4.293683932495116 -28
      vertex -29.769249061908926 -4.293683932495116 -33
      vertex -29.826666890849594 -4.582342851480671 -28
    endloop
  endfacet
  facet normal -0.9978589232386036 0.06540312923014201 -2.5211724273027953e-19
    outer loop
      vertex -29.769249061908926 -4.293683932495116 -28
      vertex -29.75 -4 -28
      vertex -29.75 -4 -33
    endloop
  endfacet
  facet normal -0.9978589232386036 -0.0654031292301421 1.6695877138554451e-19
    outer loop
      vertex -29.75 -4 -28
      vertex -29.769249061908926 -3.706316067504884 -28
      vertex -29.769249061908926 -3.706316067504884 -33
    endloop
  endfacet
  facet normal -0.9807852804032315 -0.19509032201612306 6.1507156004125655e-19
    outer loop
      vertex -29.769249061908926 -3.706316067504884 -28
      vertex -29.826666890849594 -3.4176571485193286 -28
      vertex -29.826666890849594 -3.4176571485193286 -33
    endloop
  endfacet
  facet normal -0.946930129495104 -0.3214394653031663 -1.7755143207296175e-19
    outer loop
      vertex -29.826666890849594 -3.4176571485193286 -28
      vertex -29.921271051849605 -3.138962277178548 -28
      vertex -29.921271051849605 -3.138962277178548 -33
    endloop
  endfacet
  facet normal -0.896872741532688 -0.4422886902190019 1.2067754828735314e-18
    outer loop
      vertex -29.921271051849605 -3.138962277178548 -28
      vertex -30.051442841485013 -2.875 -28
      vertex -30.051442841485013 -2.875 -33
    endloop
  endfacet
  facet normal -0.8314696123025439 -0.5555702330196043 -1.3642718854952212e-18
    outer loop
      vertex -30.051442841485013 -2.875 -28
      vertex -30.214954984344722 -2.6302867847303784 -28
      vertex -30.214954984344722 -2.6302867847303784 -33
    endloop
  endfacet
  facet normal 0.7518398074789769 -0.6593458151000693 0
    outer loop
      vertex -33.59099025766973 -2.4090097423302677 -28
      vertex -33.78504501565528 -2.6302867847303784 -33
      vertex -33.59099025766973 -2.4090097423302677 -33
    endloop
  endfacet
  facet normal 0.6593458151000676 -0.7518398074789785 0
    outer loop
      vertex -33.36971321526962 -2.214954984344721 -28
      vertex -33.59099025766973 -2.4090097423302677 -33
      vertex -33.36971321526962 -2.214954984344721 -33
    endloop
  endfacet
  facet normal 0.555570233019605 -0.8314696123025435 0
    outer loop
      vertex -33.125 -2.051442841485013 -28
      vertex -33.36971321526962 -2.214954984344721 -33
      vertex -33.125 -2.051442841485013 -33
    endloop
  endfacet
  facet normal 0.4422886902189983 -0.8968727415326898 0
    outer loop
      vertex -32.86103772282145 -1.921271051849605 -28
      vertex -33.125 -2.051442841485013 -33
      vertex -32.86103772282145 -1.921271051849605 -33
    endloop
  endfacet
  facet normal 0.32143946530316775 -0.9469301294951035 0
    outer loop
      vertex -32.582342851480675 -1.8266668908495962 -28
      vertex -32.86103772282145 -1.921271051849605 -33
      vertex -32.582342851480675 -1.8266668908495962 -33
    endloop
  endfacet
  facet normal 0.19509032201612364 -0.9807852804032313 0
    outer loop
      vertex -32.293683932495114 -1.7692490619089267 -28
      vertex -32.582342851480675 -1.8266668908495962 -33
      vertex -32.293683932495114 -1.7692490619089267 -33
    endloop
  endfacet
  facet normal 0.06540312923014409 -0.9978589232386035 0
    outer loop
      vertex -32 -1.75 -28
      vertex -32.293683932495114 -1.7692490619089267 -33
      vertex -32 -1.75 -33
    endloop
  endfacet
  facet normal -0.06540312923014331 -0.9978589232386035 0
    outer loop
      vertex -31.706316067504883 -1.7692490619089267 -28
      vertex -32 -1.75 -33
      vertex -31.706316067504883 -1.7692490619089267 -33
    endloop
  endfacet
  facet normal -0.19509032201612825 -0.9807852804032304 0
    outer loop
      vertex -31.41765714851933 -1.8266668908495962 -28
      vertex -31.706316067504883 -1.7692490619089267 -33
      vertex -31.41765714851933 -1.8266668908495962 -33
    endloop
  endfacet
  facet normal -0.6593458151000676 -0.7518398074789785 0
    outer loop
      vertex -30.40900974233027 -2.4090097423302677 -28
      vertex -30.63028678473038 -2.214954984344721 -33
      vertex -30.40900974233027 -2.4090097423302677 -33
    endloop
  endfacet
  facet normal -0.555570233019605 -0.8314696123025435 0
    outer loop
      vertex -30.63028678473038 -2.214954984344721 -28
      vertex -30.875 -2.051442841485013 -33
      vertex -30.63028678473038 -2.214954984344721 -33
    endloop
  endfacet
  facet normal -0.4422886902189983 -0.8968727415326898 0
    outer loop
      vertex -30.875 -2.051442841485013 -28
      vertex -31.13896227717855 -1.921271051849605 -33
      vertex -30.875 -2.051442841485013 -33
    endloop
  endfacet
  facet normal -0.32143946530316414 -0.9469301294951049 0
    outer loop
      vertex -31.13896227717855 -1.921271051849605 -28
      vertex -31.41765714851933 -1.8266668908495962 -33
      vertex -31.13896227717855 -1.921271051849605 -33
    endloop
  endfacet
  facet normal 0.6593458151000676 -0.7518398074789785 0
    outer loop
      vertex -33.59099025766973 -2.4090097423302677 -28
      vertex -33.59099025766973 -2.4090097423302677 -33
      vertex -33.36971321526962 -2.214954984344721 -28
    endloop
  endfacet
  facet normal 0.555570233019605 -0.8314696123025435 0
    outer loop
      vertex -33.36971321526962 -2.214954984344721 -28
      vertex -33.36971321526962 -2.214954984344721 -33
      vertex -33.125 -2.051442841485013 -28
    endloop
  endfacet
  facet normal 0.4422886902189983 -0.8968727415326898 0
    outer loop
      vertex -33.125 -2.051442841485013 -28
      vertex -33.125 -2.051442841485013 -33
      vertex -32.86103772282145 -1.921271051849605 -28
    endloop
  endfacet
  facet normal 0.32143946530316775 -0.9469301294951035 0
    outer loop
      vertex -32.86103772282145 -1.921271051849605 -28
      vertex -32.86103772282145 -1.921271051849605 -33
      vertex -32.582342851480675 -1.8266668908495962 -28
    endloop
  endfacet
  facet normal 0.19509032201612364 -0.9807852804032313 0
    outer loop
      vertex -32.582342851480675 -1.8266668908495962 -28
      vertex -32.582342851480675 -1.8266668908495962 -33
      vertex -32.293683932495114 -1.7692490619089267 -28
    endloop
  endfacet
  facet normal 0.06540312923014409 -0.9978589232386035 0
    outer loop
      vertex -32.293683932495114 -1.7692490619089267 -28
      vertex -32.293683932495114 -1.7692490619089267 -33
      vertex -32 -1.75 -28
    endloop
  endfacet
  facet normal -0.06540312923014331 -0.9978589232386035 0
    outer loop
      vertex -32 -1.75 -28
      vertex -32 -1.75 -33
      vertex -31.706316067504883 -1.7692490619089267 -28
    endloop
  endfacet
  facet normal -0.32143946530316414 -0.9469301294951049 0
    outer loop
      vertex -31.41765714851933 -1.8266668908495962 -28
      vertex -31.41765714851933 -1.8266668908495962 -33
      vertex -31.13896227717855 -1.921271051849605 -28
    endloop
  endfacet
  facet normal -0.19509032201612825 -0.9807852804032304 0
    outer loop
      vertex -31.706316067504883 -1.7692490619089267 -28
      vertex -31.706316067504883 -1.7692490619089267 -33
      vertex -31.41765714851933 -1.8266668908495962 -28
    endloop
  endfacet
  facet normal -0.6593458151000676 -0.7518398074789785 0
    outer loop
      vertex -30.63028678473038 -2.214954984344721 -28
      vertex -30.63028678473038 -2.214954984344721 -33
      vertex -30.40900974233027 -2.4090097423302677 -28
    endloop
  endfacet
  facet normal -0.7518398074789769 -0.6593458151000693 -9.937781332677347e-19
    outer loop
      vertex -30.214954984344722 -2.6302867847303784 -28
      vertex -30.40900974233027 -2.4090097423302677 -28
      vertex -30.40900974233027 -2.4090097423302677 -33
    endloop
  endfacet
  facet normal -0.555570233019605 -0.8314696123025435 0
    outer loop
      vertex -30.875 -2.051442841485013 -28
      vertex -30.875 -2.051442841485013 -33
      vertex -30.63028678473038 -2.214954984344721 -28
    endloop
  endfacet
  facet normal -0.4422886902189983 -0.8968727415326898 0
    outer loop
      vertex -31.13896227717855 -1.921271051849605 -28
      vertex -31.13896227717855 -1.921271051849605 -33
      vertex -30.875 -2.051442841485013 -28
    endloop
  endfacet
  facet normal 0.19509032201612364 0.9807852804032313 0
    outer loop
      vertex -32.582342851480675 1.8266668908495962 -28
      vertex -32.293683932495114 1.7692490619089267 -33
      vertex -32.582342851480675 1.8266668908495962 -33
    endloop
  endfacet
  facet normal 0.06540312923014409 0.9978589232386035 0
    outer loop
      vertex -32.293683932495114 1.7692490619089267 -28
      vertex -32 1.75 -33
      vertex -32.293683932495114 1.7692490619089267 -33
    endloop
  endfacet
  facet normal -0.06540312923014331 0.9978589232386035 0
    outer loop
      vertex -32 1.75 -28
      vertex -31.706316067504883 1.7692490619089267 -33
      vertex -32 1.75 -33
    endloop
  endfacet
  facet normal -0.19509032201612825 0.9807852804032304 0
    outer loop
      vertex -31.706316067504883 1.7692490619089267 -28
      vertex -31.41765714851933 1.8266668908495962 -33
      vertex -31.706316067504883 1.7692490619089267 -33
    endloop
  endfacet
  facet normal -0.32143946530316414 0.9469301294951049 0
    outer loop
      vertex -31.41765714851933 1.8266668908495962 -28
      vertex -31.13896227717855 1.921271051849605 -33
      vertex -31.41765714851933 1.8266668908495962 -33
    endloop
  endfacet
  facet normal 0.4422886902189983 0.8968727415326898 0
    outer loop
      vertex -33.125 2.051442841485013 -28
      vertex -32.86103772282145 1.921271051849605 -33
      vertex -33.125 2.051442841485013 -33
    endloop
  endfacet
  facet normal 0.555570233019605 0.8314696123025435 0
    outer loop
      vertex -33.36971321526962 2.214954984344721 -28
      vertex -33.125 2.051442841485013 -33
      vertex -33.36971321526962 2.214954984344721 -33
    endloop
  endfacet
  facet normal 0.6593458151000676 0.7518398074789785 5.314390861969821e-19
    outer loop
      vertex -33.36971321526962 2.214954984344721 -33
      vertex -33.59099025766973 2.4090097423302677 -33
      vertex -33.59099025766973 2.4090097423302677 -28
    endloop
  endfacet
  facet normal 0.32143946530316775 0.9469301294951035 0
    outer loop
      vertex -32.86103772282145 1.921271051849605 -28
      vertex -32.582342851480675 1.8266668908495962 -33
      vertex -32.86103772282145 1.921271051849605 -33
    endloop
  endfacet
  facet normal -0.4422886902189983 0.8968727415326898 0
    outer loop
      vertex -31.13896227717855 1.921271051849605 -28
      vertex -30.875 2.051442841485013 -33
      vertex -31.13896227717855 1.921271051849605 -33
    endloop
  endfacet
  facet normal -0.555570233019605 0.8314696123025435 0
    outer loop
      vertex -30.875 2.051442841485013 -28
      vertex -30.63028678473038 2.214954984344721 -33
      vertex -30.875 2.051442841485013 -33
    endloop
  endfacet
  facet normal -0.6593458151000676 0.7518398074789785 0
    outer loop
      vertex -30.63028678473038 2.214954984344721 -28
      vertex -30.40900974233027 2.4090097423302677 -33
      vertex -30.63028678473038 2.214954984344721 -33
    endloop
  endfacet
  facet normal -0.7518398074789769 0.6593458151000693 0
    outer loop
      vertex -30.40900974233027 2.4090097423302677 -33
      vertex -30.40900974233027 2.4090097423302677 -28
      vertex -30.214954984344722 2.6302867847303784 -33
    endloop
  endfacet
  facet normal 0.32143946530316775 0.9469301294951035 0
    outer loop
      vertex -32.582342851480675 1.8266668908495962 -28
      vertex -32.582342851480675 1.8266668908495962 -33
      vertex -32.86103772282145 1.921271051849605 -28
    endloop
  endfacet
  facet normal 0.19509032201612364 0.9807852804032313 0
    outer loop
      vertex -32.293683932495114 1.7692490619089267 -28
      vertex -32.293683932495114 1.7692490619089267 -33
      vertex -32.582342851480675 1.8266668908495962 -28
    endloop
  endfacet
  facet normal 0.06540312923014409 0.9978589232386035 0
    outer loop
      vertex -32 1.75 -28
      vertex -32 1.75 -33
      vertex -32.293683932495114 1.7692490619089267 -28
    endloop
  endfacet
  facet normal -0.06540312923014331 0.9978589232386035 0
    outer loop
      vertex -31.706316067504883 1.7692490619089267 -28
      vertex -31.706316067504883 1.7692490619089267 -33
      vertex -32 1.75 -28
    endloop
  endfacet
  facet normal -0.19509032201612825 0.9807852804032304 0
    outer loop
      vertex -31.41765714851933 1.8266668908495962 -28
      vertex -31.41765714851933 1.8266668908495962 -33
      vertex -31.706316067504883 1.7692490619089267 -28
    endloop
  endfacet
  facet normal 0.4422886902189983 0.8968727415326898 0
    outer loop
      vertex -32.86103772282145 1.921271051849605 -28
      vertex -32.86103772282145 1.921271051849605 -33
      vertex -33.125 2.051442841485013 -28
    endloop
  endfacet
  facet normal 0.555570233019605 0.8314696123025435 0
    outer loop
      vertex -33.125 2.051442841485013 -28
      vertex -33.125 2.051442841485013 -33
      vertex -33.36971321526962 2.214954984344721 -28
    endloop
  endfacet
  facet normal 0.7518398074789769 0.6593458151000693 -9.937781332677347e-19
    outer loop
      vertex -33.78504501565528 2.6302867847303784 -28
      vertex -33.59099025766973 2.4090097423302677 -28
      vertex -33.59099025766973 2.4090097423302677 -33
    endloop
  endfacet
  facet normal 0.6593458151000676 0.7518398074789785 0
    outer loop
      vertex -33.36971321526962 2.214954984344721 -28
      vertex -33.36971321526962 2.214954984344721 -33
      vertex -33.59099025766973 2.4090097423302677 -28
    endloop
  endfacet
  facet normal -0.32143946530316414 0.9469301294951049 0
    outer loop
      vertex -31.13896227717855 1.921271051849605 -28
      vertex -31.13896227717855 1.921271051849605 -33
      vertex -31.41765714851933 1.8266668908495962 -28
    endloop
  endfacet
  facet normal -0.4422886902189983 0.8968727415326898 0
    outer loop
      vertex -30.875 2.051442841485013 -28
      vertex -30.875 2.051442841485013 -33
      vertex -31.13896227717855 1.921271051849605 -28
    endloop
  endfacet
  facet normal -0.555570233019605 0.8314696123025435 0
    outer loop
      vertex -30.63028678473038 2.214954984344721 -28
      vertex -30.63028678473038 2.214954984344721 -33
      vertex -30.875 2.051442841485013 -28
    endloop
  endfacet
  facet normal -0.6593458151000676 0.7518398074789785 0
    outer loop
      vertex -30.40900974233027 2.4090097423302677 -28
      vertex -30.40900974233027 2.4090097423302677 -33
      vertex -30.63028678473038 2.214954984344721 -28
    endloop
  endfacet
  facet normal 0.7518398074789769 0.6593458151000693 0
    outer loop
      vertex -33.78504501565528 2.6302867847303784 -28
      vertex -33.59099025766973 2.4090097423302677 -33
      vertex -33.78504501565528 2.6302867847303784 -33
    endloop
  endfacet
  facet normal 0.8314696123025439 0.5555702330196043 0
    outer loop
      vertex -33.94855715851499 2.875 -28
      vertex -33.78504501565528 2.6302867847303784 -33
      vertex -33.94855715851499 2.875 -33
    endloop
  endfacet
  facet normal 0.8968727415326927 0.4422886902189922 0
    outer loop
      vertex -34.07872894815039 3.138962277178548 -28
      vertex -33.94855715851499 2.875 -33
      vertex -34.07872894815039 3.138962277178548 -33
    endloop
  endfacet
  facet normal 0.9469301294951004 0.32143946530317713 0
    outer loop
      vertex -34.173333109150406 3.4176571485193286 -28
      vertex -34.07872894815039 3.138962277178548 -33
      vertex -34.173333109150406 3.4176571485193286 -33
    endloop
  endfacet
  facet normal 0.9807852804032339 0.19509032201611146 0
    outer loop
      vertex -34.23075093809107 3.706316067504884 -28
      vertex -34.173333109150406 3.4176571485193286 -33
      vertex -34.23075093809107 3.706316067504884 -33
    endloop
  endfacet
  facet normal 0.9978589232386028 0.06540312923015412 0
    outer loop
      vertex -34.25 4 -28
      vertex -34.23075093809107 3.706316067504884 -33
      vertex -34.25 4 -33
    endloop
  endfacet
  facet normal 0.9978589232386027 -0.06540312923015401 0
    outer loop
      vertex -34.23075093809107 4.293683932495116 -28
      vertex -34.25 4 -33
      vertex -34.23075093809107 4.293683932495116 -33
    endloop
  endfacet
  facet normal 0.9807852804032337 -0.1950903220161117 0
    outer loop
      vertex -34.173333109150406 4.582342851480671 -28
      vertex -34.23075093809107 4.293683932495116 -33
      vertex -34.173333109150406 4.582342851480671 -33
    endloop
  endfacet
  facet normal 0.9469301294951004 -0.32143946530317713 0
    outer loop
      vertex -34.07872894815039 4.861037722821452 -28
      vertex -34.173333109150406 4.582342851480671 -33
      vertex -34.07872894815039 4.861037722821452 -33
    endloop
  endfacet
  facet normal -0.8314696123025439 0.5555702330196043 0
    outer loop
      vertex -30.214954984344722 2.6302867847303784 -33
      vertex -30.214954984344722 2.6302867847303784 -28
      vertex -30.051442841485013 2.875 -33
    endloop
  endfacet
  facet normal -0.896872741532688 0.4422886902190019 0
    outer loop
      vertex -30.051442841485013 2.875 -28
      vertex -29.921271051849605 3.138962277178548 -33
      vertex -30.051442841485013 2.875 -33
    endloop
  endfacet
  facet normal -0.946930129495104 0.3214394653031663 0
    outer loop
      vertex -29.921271051849605 3.138962277178548 -28
      vertex -29.826666890849594 3.4176571485193286 -33
      vertex -29.921271051849605 3.138962277178548 -33
    endloop
  endfacet
  facet normal -0.9807852804032315 0.19509032201612306 0
    outer loop
      vertex -29.826666890849594 3.4176571485193286 -28
      vertex -29.769249061908926 3.706316067504884 -33
      vertex -29.826666890849594 3.4176571485193286 -33
    endloop
  endfacet
  facet normal -0.9978589232386036 0.0654031292301421 0
    outer loop
      vertex -29.769249061908926 3.706316067504884 -28
      vertex -29.75 4 -33
      vertex -29.769249061908926 3.706316067504884 -33
    endloop
  endfacet
  facet normal -0.9978589232386036 -0.06540312923014201 0
    outer loop
      vertex -29.75 4 -28
      vertex -29.769249061908926 4.293683932495116 -33
      vertex -29.75 4 -33
    endloop
  endfacet
  facet normal -0.9807852804032314 -0.19509032201612334 0
    outer loop
      vertex -29.769249061908926 4.293683932495116 -28
      vertex -29.826666890849594 4.582342851480671 -33
      vertex -29.769249061908926 4.293683932495116 -33
    endloop
  endfacet
  facet normal -0.946930129495104 -0.3214394653031663 0
    outer loop
      vertex -29.826666890849594 4.582342851480671 -28
      vertex -29.921271051849605 4.861037722821452 -33
      vertex -29.826666890849594 4.582342851480671 -33
    endloop
  endfacet
  facet normal -0.896872741532688 -0.4422886902190019 0
    outer loop
      vertex -29.921271051849605 4.861037722821452 -28
      vertex -30.051442841485013 5.125 -33
      vertex -29.921271051849605 4.861037722821452 -33
    endloop
  endfacet
  facet normal 0.8314696123025439 0.5555702330196043 -1.3642718854952212e-18
    outer loop
      vertex -33.94855715851499 2.875 -28
      vertex -33.78504501565528 2.6302867847303784 -28
      vertex -33.78504501565528 2.6302867847303784 -33
    endloop
  endfacet
  facet normal 0.8968727415326927 0.4422886902189922 1.9078739737765106e-18
    outer loop
      vertex -34.07872894815039 3.138962277178548 -28
      vertex -33.94855715851499 2.875 -28
      vertex -33.94855715851499 2.875 -33
    endloop
  endfacet
  facet normal 0.9469301294951004 0.32143946530317713 -1.0818237048869677e-18
    outer loop
      vertex -34.173333109150406 3.4176571485193286 -28
      vertex -34.07872894815039 3.138962277178548 -28
      vertex -34.07872894815039 3.138962277178548 -33
    endloop
  endfacet
  facet normal 0.9807852804032339 0.19509032201611146 -3.5926699898380354e-19
    outer loop
      vertex -34.23075093809107 3.706316067504884 -28
      vertex -34.173333109150406 3.4176571485193286 -28
      vertex -34.173333109150406 3.4176571485193286 -33
    endloop
  endfacet
  facet normal 0.9978589232386028 0.06540312923015412 2.0857864931228866e-19
    outer loop
      vertex -34.25 4 -28
      vertex -34.23075093809107 3.706316067504884 -28
      vertex -34.23075093809107 3.706316067504884 -33
    endloop
  endfacet
  facet normal 0.9978589232386027 -0.06540312923015401 -2.937371206559514e-19
    outer loop
      vertex -34.23075093809107 4.293683932495116 -28
      vertex -34.25 4 -28
      vertex -34.25 4 -33
    endloop
  endfacet
  facet normal 0.9807852804032337 -0.1950903220161117 0
    outer loop
      vertex -34.23075093809107 4.293683932495116 -28
      vertex -34.23075093809107 4.293683932495116 -33
      vertex -34.173333109150406 4.582342851480671 -28
    endloop
  endfacet
  facet normal 0.9469301294951004 -0.32143946530317713 1.0818237048869677e-18
    outer loop
      vertex -34.07872894815039 4.861037722821452 -28
      vertex -34.173333109150406 4.582342851480671 -28
      vertex -34.173333109150406 4.582342851480671 -33
    endloop
  endfacet
  facet normal 0.8968727415326927 -0.4422886902189922 -1.9078739737765106e-18
    outer loop
      vertex -33.94855715851499 5.125 -28
      vertex -34.07872894815039 4.861037722821452 -28
      vertex -34.07872894815039 4.861037722821452 -33
    endloop
  endfacet
  facet normal -0.7518398074789769 0.6593458151000693 9.937781332677347e-19
    outer loop
      vertex -30.40900974233027 2.4090097423302677 -28
      vertex -30.214954984344722 2.6302867847303784 -28
      vertex -30.214954984344722 2.6302867847303784 -33
    endloop
  endfacet
  facet normal -0.8314696123025439 0.5555702330196043 0
    outer loop
      vertex -30.051442841485013 2.875 -28
      vertex -30.051442841485013 2.875 -33
      vertex -30.214954984344722 2.6302867847303784 -28
    endloop
  endfacet
  facet normal -0.896872741532688 0.4422886902190019 -1.2067754828735314e-18
    outer loop
      vertex -30.051442841485013 2.875 -28
      vertex -29.921271051849605 3.138962277178548 -28
      vertex -29.921271051849605 3.138962277178548 -33
    endloop
  endfacet
  facet normal -0.946930129495104 0.3214394653031663 1.7755143207296175e-19
    outer loop
      vertex -29.921271051849605 3.138962277178548 -28
      vertex -29.826666890849594 3.4176571485193286 -28
      vertex -29.826666890849594 3.4176571485193286 -33
    endloop
  endfacet
  facet normal -0.9807852804032315 0.19509032201612306 -6.1507156004125655e-19
    outer loop
      vertex -29.826666890849594 3.4176571485193286 -28
      vertex -29.769249061908926 3.706316067504884 -28
      vertex -29.769249061908926 3.706316067504884 -33
    endloop
  endfacet
  facet normal -0.9978589232386036 0.0654031292301421 -1.6695877138554451e-19
    outer loop
      vertex -29.769249061908926 3.706316067504884 -28
      vertex -29.75 4 -28
      vertex -29.75 4 -33
    endloop
  endfacet
  facet normal -0.9978589232386036 -0.06540312923014201 2.5211724273027953e-19
    outer loop
      vertex -29.75 4 -28
      vertex -29.769249061908926 4.293683932495116 -28
      vertex -29.769249061908926 4.293683932495116 -33
    endloop
  endfacet
  facet normal -0.9807852804032314 -0.19509032201612334 -9.186215057376605e-19
    outer loop
      vertex -29.769249061908926 4.293683932495116 -28
      vertex -29.826666890849594 4.582342851480671 -28
      vertex -29.826666890849594 4.582342851480671 -33
    endloop
  endfacet
  facet normal -0.946930129495104 -0.3214394653031663 -1.7755143207296175e-19
    outer loop
      vertex -29.826666890849594 4.582342851480671 -28
      vertex -29.921271051849605 4.861037722821452 -28
      vertex -29.921271051849605 4.861037722821452 -33
    endloop
  endfacet
  facet normal 0.8968727415326927 -0.4422886902189922 0
    outer loop
      vertex -33.94855715851499 5.125 -28
      vertex -34.07872894815039 4.861037722821452 -33
      vertex -33.94855715851499 5.125 -33
    endloop
  endfacet
  facet normal 0.8314696123025439 -0.5555702330196043 0
    outer loop
      vertex -33.78504501565528 5.369713215269622 -28
      vertex -33.94855715851499 5.125 -33
      vertex -33.78504501565528 5.369713215269622 -33
    endloop
  endfacet
  facet normal 0.7518398074789769 -0.6593458151000693 0
    outer loop
      vertex -33.59099025766973 5.590990257669732 -28
      vertex -33.78504501565528 5.369713215269622 -33
      vertex -33.59099025766973 5.590990257669732 -33
    endloop
  endfacet
  facet normal 0.6593458151000676 -0.7518398074789785 0
    outer loop
      vertex -33.36971321526962 5.785045015655279 -28
      vertex -33.59099025766973 5.590990257669732 -33
      vertex -33.36971321526962 5.785045015655279 -33
    endloop
  endfacet
  facet normal 0.555570233019605 -0.8314696123025435 0
    outer loop
      vertex -33.125 5.948557158514987 -28
      vertex -33.36971321526962 5.785045015655279 -33
      vertex -33.125 5.948557158514987 -33
    endloop
  endfacet
  facet normal 0.4422886902189995 -0.8968727415326891 0
    outer loop
      vertex -32.86103772282145 6.078728948150395 -28
      vertex -33.125 5.948557158514987 -33
      vertex -32.86103772282145 6.078728948150395 -33
    endloop
  endfacet
  facet normal 0.3214394653031664 -0.9469301294951041 0
    outer loop
      vertex -32.582342851480675 6.173333109150404 -28
      vertex -32.86103772282145 6.078728948150395 -33
      vertex -32.582342851480675 6.173333109150404 -33
    endloop
  endfacet
  facet normal 0.19509032201612508 -0.980785280403231 0
    outer loop
      vertex -32.293683932495114 6.230750938091074 -28
      vertex -32.582342851480675 6.173333109150404 -33
      vertex -32.293683932495114 6.230750938091074 -33
    endloop
  endfacet
  facet normal 0.06540312923014259 -0.9978589232386036 0
    outer loop
      vertex -32 6.25 -28
      vertex -32.293683932495114 6.230750938091074 -33
      vertex -32 6.25 -33
    endloop
  endfacet
  facet normal -0.06540312923014181 -0.9978589232386036 0
    outer loop
      vertex -31.706316067504883 6.230750938091074 -33
      vertex -31.706316067504883 6.230750938091074 -28
      vertex -32 6.25 -33
    endloop
  endfacet
  facet normal -0.19509032201612972 -0.9807852804032301 0
    outer loop
      vertex -31.41765714851933 6.173333109150404 -33
      vertex -31.41765714851933 6.173333109150404 -28
      vertex -31.706316067504883 6.230750938091074 -33
    endloop
  endfacet
  facet normal -0.8314696123025439 -0.5555702330196043 0
    outer loop
      vertex -30.051442841485013 5.125 -28
      vertex -30.214954984344722 5.369713215269622 -33
      vertex -30.051442841485013 5.125 -33
    endloop
  endfacet
  facet normal -0.7518398074789769 -0.6593458151000693 0
    outer loop
      vertex -30.214954984344722 5.369713215269622 -28
      vertex -30.40900974233027 5.590990257669732 -33
      vertex -30.214954984344722 5.369713215269622 -33
    endloop
  endfacet
  facet normal -0.6593458151000676 -0.7518398074789785 0
    outer loop
      vertex -30.40900974233027 5.590990257669732 -28
      vertex -30.63028678473038 5.785045015655279 -33
      vertex -30.40900974233027 5.590990257669732 -33
    endloop
  endfacet
  facet normal -0.555570233019605 -0.8314696123025435 0
    outer loop
      vertex -30.63028678473038 5.785045015655279 -28
      vertex -30.875 5.948557158514987 -33
      vertex -30.63028678473038 5.785045015655279 -33
    endloop
  endfacet
  facet normal -0.4422886902189995 -0.8968727415326891 0
    outer loop
      vertex -30.875 5.948557158514987 -28
      vertex -31.13896227717855 6.078728948150395 -33
      vertex -30.875 5.948557158514987 -33
    endloop
  endfacet
  facet normal -0.32143946530316275 -0.9469301294951052 0
    outer loop
      vertex -31.13896227717855 6.078728948150395 -28
      vertex -31.41765714851933 6.173333109150404 -33
      vertex -31.13896227717855 6.078728948150395 -33
    endloop
  endfacet
  facet normal 0.8314696123025439 -0.5555702330196043 1.3642718854952212e-18
    outer loop
      vertex -33.78504501565528 5.369713215269622 -28
      vertex -33.94855715851499 5.125 -28
      vertex -33.94855715851499 5.125 -33
    endloop
  endfacet
  facet normal 0.7518398074789769 -0.6593458151000693 9.937781332677347e-19
    outer loop
      vertex -33.59099025766973 5.590990257669732 -28
      vertex -33.78504501565528 5.369713215269622 -28
      vertex -33.78504501565528 5.369713215269622 -33
    endloop
  endfacet
  facet normal 0.6593458151000676 -0.7518398074789785 0
    outer loop
      vertex -33.59099025766973 5.590990257669732 -28
      vertex -33.59099025766973 5.590990257669732 -33
      vertex -33.36971321526962 5.785045015655279 -28
    endloop
  endfacet
  facet normal 0.555570233019605 -0.8314696123025435 0
    outer loop
      vertex -33.36971321526962 5.785045015655279 -28
      vertex -33.36971321526962 5.785045015655279 -33
      vertex -33.125 5.948557158514987 -28
    endloop
  endfacet
  facet normal 0.4422886902189995 -0.8968727415326891 0
    outer loop
      vertex -33.125 5.948557158514987 -28
      vertex -33.125 5.948557158514987 -33
      vertex -32.86103772282145 6.078728948150395 -28
    endloop
  endfacet
  facet normal 0.3214394653031664 -0.9469301294951041 0
    outer loop
      vertex -32.86103772282145 6.078728948150395 -28
      vertex -32.86103772282145 6.078728948150395 -33
      vertex -32.582342851480675 6.173333109150404 -28
    endloop
  endfacet
  facet normal 0.19509032201612508 -0.980785280403231 0
    outer loop
      vertex -32.582342851480675 6.173333109150404 -28
      vertex -32.582342851480675 6.173333109150404 -33
      vertex -32.293683932495114 6.230750938091074 -28
    endloop
  endfacet
  facet normal 0.06540312923014259 -0.9978589232386036 0
    outer loop
      vertex -32.293683932495114 6.230750938091074 -28
      vertex -32.293683932495114 6.230750938091074 -33
      vertex -32 6.25 -28
    endloop
  endfacet
  facet normal -0.06540312923014181 -0.9978589232386036 0
    outer loop
      vertex -32 6.25 -28
      vertex -32 6.25 -33
      vertex -31.706316067504883 6.230750938091074 -28
    endloop
  endfacet
  facet normal -0.32143946530316275 -0.9469301294951052 0
    outer loop
      vertex -31.41765714851933 6.173333109150404 -33
      vertex -31.13896227717855 6.078728948150395 -28
      vertex -31.41765714851933 6.173333109150404 -28
    endloop
  endfacet
  facet normal -0.19509032201612972 -0.9807852804032301 0
    outer loop
      vertex -31.706316067504883 6.230750938091074 -33
      vertex -31.41765714851933 6.173333109150404 -28
      vertex -31.706316067504883 6.230750938091074 -28
    endloop
  endfacet
  facet normal -0.896872741532688 -0.4422886902190019 1.2067754828735314e-18
    outer loop
      vertex -29.921271051849605 4.861037722821452 -28
      vertex -30.051442841485013 5.125 -28
      vertex -30.051442841485013 5.125 -33
    endloop
  endfacet
  facet normal -0.8314696123025439 -0.5555702330196043 -1.3642718854952212e-18
    outer loop
      vertex -30.051442841485013 5.125 -28
      vertex -30.214954984344722 5.369713215269622 -28
      vertex -30.214954984344722 5.369713215269622 -33
    endloop
  endfacet
  facet normal -0.7518398074789769 -0.6593458151000693 -9.937781332677347e-19
    outer loop
      vertex -30.214954984344722 5.369713215269622 -28
      vertex -30.40900974233027 5.590990257669732 -28
      vertex -30.40900974233027 5.590990257669732 -33
    endloop
  endfacet
  facet normal -0.6593458151000676 -0.7518398074789785 0
    outer loop
      vertex -30.63028678473038 5.785045015655279 -28
      vertex -30.63028678473038 5.785045015655279 -33
      vertex -30.40900974233027 5.590990257669732 -28
    endloop
  endfacet
  facet normal -0.555570233019605 -0.8314696123025435 0
    outer loop
      vertex -30.875 5.948557158514987 -28
      vertex -30.875 5.948557158514987 -33
      vertex -30.63028678473038 5.785045015655279 -28
    endloop
  endfacet
  facet normal -0.4422886902189995 -0.8968727415326891 0
    outer loop
      vertex -31.13896227717855 6.078728948150395 -28
      vertex -31.13896227717855 6.078728948150395 -33
      vertex -30.875 5.948557158514987 -28
    endloop
  endfacet
  facet normal 0.32143946530316275 0.9469301294951052 0
    outer loop
      vertex 31.13896227717855 -6.078728948150395 -33
      vertex 31.13896227717855 -6.078728948150395 -28
      vertex 31.41765714851933 -6.173333109150404 -33
    endloop
  endfacet
  facet normal 0.4422886902189995 0.8968727415326891 0
    outer loop
      vertex 30.875 -5.948557158514987 -33
      vertex 30.875 -5.948557158514987 -28
      vertex 31.13896227717855 -6.078728948150395 -33
    endloop
  endfacet
  facet normal 0.555570233019605 0.8314696123025435 0
    outer loop
      vertex 30.63028678473038 -5.785045015655279 -33
      vertex 30.63028678473038 -5.785045015655279 -28
      vertex 30.875 -5.948557158514987 -33
    endloop
  endfacet
  facet normal 0.6593458151000676 0.7518398074789785 5.314390861969821e-19
    outer loop
      vertex 30.63028678473038 -5.785045015655279 -33
      vertex 30.40900974233027 -5.590990257669732 -33
      vertex 30.40900974233027 -5.590990257669732 -28
    endloop
  endfacet
  facet normal 0.7518398074789769 0.6593458151000693 -9.937781332677347e-19
    outer loop
      vertex 30.40900974233027 -5.590990257669732 -33
      vertex 30.214954984344722 -5.369713215269622 -33
      vertex 30.214954984344722 -5.369713215269622 -28
    endloop
  endfacet
  facet normal 0.8314696123025439 0.5555702330196043 -1.3642718854952212e-18
    outer loop
      vertex 30.214954984344722 -5.369713215269622 -33
      vertex 30.051442841485013 -5.125 -33
      vertex 30.051442841485013 -5.125 -28
    endloop
  endfacet
  facet normal 0.19509032201612972 0.9807852804032301 0
    outer loop
      vertex 31.41765714851933 -6.173333109150404 -33
      vertex 31.41765714851933 -6.173333109150404 -28
      vertex 31.706316067504883 -6.230750938091074 -33
    endloop
  endfacet
  facet normal 0.06540312923014181 0.9978589232386036 -1.669781413454289e-19
    outer loop
      vertex 32 -6.25 -33
      vertex 31.706316067504883 -6.230750938091074 -33
      vertex 31.706316067504883 -6.230750938091074 -28
    endloop
  endfacet
  facet normal -0.06540312923014259 0.9978589232386036 0
    outer loop
      vertex 32 -6.25 -33
      vertex 32 -6.25 -28
      vertex 32.293683932495114 -6.230750938091074 -33
    endloop
  endfacet
  facet normal -0.19509032201612508 0.980785280403231 0
    outer loop
      vertex 32.293683932495114 -6.230750938091074 -33
      vertex 32.293683932495114 -6.230750938091074 -28
      vertex 32.582342851480675 -6.173333109150404 -33
    endloop
  endfacet
  facet normal -0.3214394653031664 0.9469301294951041 0
    outer loop
      vertex 32.582342851480675 -6.173333109150404 -33
      vertex 32.582342851480675 -6.173333109150404 -28
      vertex 32.86103772282145 -6.078728948150395 -33
    endloop
  endfacet
  facet normal -0.4422886902189995 0.8968727415326891 0
    outer loop
      vertex 32.86103772282145 -6.078728948150395 -33
      vertex 32.86103772282145 -6.078728948150395 -28
      vertex 33.125 -5.948557158514987 -33
    endloop
  endfacet
  facet normal -0.555570233019605 0.8314696123025435 0
    outer loop
      vertex 33.125 -5.948557158514987 -33
      vertex 33.125 -5.948557158514987 -28
      vertex 33.36971321526962 -5.785045015655279 -33
    endloop
  endfacet
  facet normal -0.6593458151000676 0.7518398074789785 0
    outer loop
      vertex 33.36971321526962 -5.785045015655279 -33
      vertex 33.36971321526962 -5.785045015655279 -28
      vertex 33.59099025766973 -5.590990257669732 -33
    endloop
  endfacet
  facet normal -0.7518398074789769 0.6593458151000693 0
    outer loop
      vertex 33.59099025766973 -5.590990257669732 -33
      vertex 33.59099025766973 -5.590990257669732 -28
      vertex 33.78504501565528 -5.369713215269622 -33
    endloop
  endfacet
  facet normal -0.8314696123025439 0.5555702330196043 1.3642718854952212e-18
    outer loop
      vertex 33.94855715851499 -5.125 -33
      vertex 33.78504501565528 -5.369713215269622 -33
      vertex 33.78504501565528 -5.369713215269622 -28
    endloop
  endfacet
  facet normal -0.8968727415326927 0.4422886902189922 -1.9078739737765106e-18
    outer loop
      vertex 34.07872894815039 -4.861037722821452 -33
      vertex 33.94855715851499 -5.125 -33
      vertex 33.94855715851499 -5.125 -28
    endloop
  endfacet
  facet normal 0.4422886902189995 0.8968727415326891 0
    outer loop
      vertex 31.13896227717855 -6.078728948150395 -33
      vertex 30.875 -5.948557158514987 -28
      vertex 31.13896227717855 -6.078728948150395 -28
    endloop
  endfacet
  facet normal 0.555570233019605 0.8314696123025435 0
    outer loop
      vertex 30.875 -5.948557158514987 -33
      vertex 30.63028678473038 -5.785045015655279 -28
      vertex 30.875 -5.948557158514987 -28
    endloop
  endfacet
  facet normal 0.6593458151000676 0.7518398074789785 0
    outer loop
      vertex 30.63028678473038 -5.785045015655279 -33
      vertex 30.40900974233027 -5.590990257669732 -28
      vertex 30.63028678473038 -5.785045015655279 -28
    endloop
  endfacet
  facet normal 0.7518398074789769 0.6593458151000693 0
    outer loop
      vertex 30.40900974233027 -5.590990257669732 -33
      vertex 30.214954984344722 -5.369713215269622 -28
      vertex 30.40900974233027 -5.590990257669732 -28
    endloop
  endfacet
  facet normal 0.8314696123025439 0.5555702330196043 0
    outer loop
      vertex 30.214954984344722 -5.369713215269622 -33
      vertex 30.051442841485013 -5.125 -28
      vertex 30.214954984344722 -5.369713215269622 -28
    endloop
  endfacet
  facet normal 0.896872741532688 0.4422886902190019 0
    outer loop
      vertex 30.051442841485013 -5.125 -33
      vertex 29.921271051849605 -4.861037722821452 -28
      vertex 30.051442841485013 -5.125 -28
    endloop
  endfacet
  facet normal 0.19509032201612972 0.9807852804032301 0
    outer loop
      vertex 31.706316067504883 -6.230750938091074 -33
      vertex 31.41765714851933 -6.173333109150404 -28
      vertex 31.706316067504883 -6.230750938091074 -28
    endloop
  endfacet
  facet normal 0.32143946530316275 0.9469301294951052 0
    outer loop
      vertex 31.41765714851933 -6.173333109150404 -33
      vertex 31.13896227717855 -6.078728948150395 -28
      vertex 31.41765714851933 -6.173333109150404 -28
    endloop
  endfacet
  facet normal 0.06540312923014181 0.9978589232386036 0
    outer loop
      vertex 32 -6.25 -33
      vertex 31.706316067504883 -6.230750938091074 -28
      vertex 32 -6.25 -28
    endloop
  endfacet
  facet normal -0.06540312923014259 0.9978589232386036 0
    outer loop
      vertex 32.293683932495114 -6.230750938091074 -33
      vertex 32 -6.25 -28
      vertex 32.293683932495114 -6.230750938091074 -28
    endloop
  endfacet
  facet normal -0.19509032201612508 0.980785280403231 0
    outer loop
      vertex 32.582342851480675 -6.173333109150404 -33
      vertex 32.293683932495114 -6.230750938091074 -28
      vertex 32.582342851480675 -6.173333109150404 -28
    endloop
  endfacet
  facet normal -0.3214394653031664 0.9469301294951041 0
    outer loop
      vertex 32.86103772282145 -6.078728948150395 -33
      vertex 32.582342851480675 -6.173333109150404 -28
      vertex 32.86103772282145 -6.078728948150395 -28
    endloop
  endfacet
  facet normal -0.4422886902189995 0.8968727415326891 0
    outer loop
      vertex 33.125 -5.948557158514987 -33
      vertex 32.86103772282145 -6.078728948150395 -28
      vertex 33.125 -5.948557158514987 -28
    endloop
  endfacet
  facet normal -0.555570233019605 0.8314696123025435 0
    outer loop
      vertex 33.36971321526962 -5.785045015655279 -33
      vertex 33.125 -5.948557158514987 -28
      vertex 33.36971321526962 -5.785045015655279 -28
    endloop
  endfacet
  facet normal -0.6593458151000676 0.7518398074789785 0
    outer loop
      vertex 33.59099025766973 -5.590990257669732 -33
      vertex 33.36971321526962 -5.785045015655279 -28
      vertex 33.59099025766973 -5.590990257669732 -28
    endloop
  endfacet
  facet normal -0.7518398074789769 0.6593458151000693 0
    outer loop
      vertex 33.78504501565528 -5.369713215269622 -33
      vertex 33.59099025766973 -5.590990257669732 -28
      vertex 33.78504501565528 -5.369713215269622 -28
    endloop
  endfacet
  facet normal -0.8314696123025439 0.5555702330196043 0
    outer loop
      vertex 33.94855715851499 -5.125 -33
      vertex 33.78504501565528 -5.369713215269622 -28
      vertex 33.94855715851499 -5.125 -28
    endloop
  endfacet
  facet normal 0.896872741532688 0.4422886902190019 1.2067754828735314e-18
    outer loop
      vertex 30.051442841485013 -5.125 -33
      vertex 29.921271051849605 -4.861037722821452 -33
      vertex 29.921271051849605 -4.861037722821452 -28
    endloop
  endfacet
  facet normal 0.946930129495104 0.3214394653031663 -1.7755143207296175e-19
    outer loop
      vertex 29.921271051849605 -4.861037722821452 -33
      vertex 29.826666890849594 -4.582342851480671 -33
      vertex 29.826666890849594 -4.582342851480671 -28
    endloop
  endfacet
  facet normal 0.9807852804032314 0.19509032201612334 -9.186215057376605e-19
    outer loop
      vertex 29.826666890849594 -4.582342851480671 -33
      vertex 29.769249061908926 -4.293683932495116 -33
      vertex 29.769249061908926 -4.293683932495116 -28
    endloop
  endfacet
  facet normal 0.9978589232386036 0.06540312923014201 2.5211724273027953e-19
    outer loop
      vertex 29.769249061908926 -4.293683932495116 -33
      vertex 29.75 -4 -33
      vertex 29.75 -4 -28
    endloop
  endfacet
  facet normal 0.9978589232386036 -0.0654031292301421 -1.6695877138554451e-19
    outer loop
      vertex 29.75 -4 -33
      vertex 29.769249061908926 -3.706316067504884 -33
      vertex 29.769249061908926 -3.706316067504884 -28
    endloop
  endfacet
  facet normal 0.9807852804032315 -0.19509032201612306 -6.1507156004125655e-19
    outer loop
      vertex 29.769249061908926 -3.706316067504884 -33
      vertex 29.826666890849594 -3.4176571485193286 -33
      vertex 29.826666890849594 -3.4176571485193286 -28
    endloop
  endfacet
  facet normal 0.946930129495104 -0.3214394653031663 1.7755143207296175e-19
    outer loop
      vertex 29.826666890849594 -3.4176571485193286 -33
      vertex 29.921271051849605 -3.138962277178548 -33
      vertex 29.921271051849605 -3.138962277178548 -28
    endloop
  endfacet
  facet normal 0.896872741532688 -0.4422886902190019 -1.2067754828735314e-18
    outer loop
      vertex 29.921271051849605 -3.138962277178548 -33
      vertex 30.051442841485013 -2.875 -33
      vertex 30.051442841485013 -2.875 -28
    endloop
  endfacet
  facet normal 0.8314696123025439 -0.5555702330196043 1.3642718854952212e-18
    outer loop
      vertex 30.051442841485013 -2.875 -33
      vertex 30.214954984344722 -2.6302867847303784 -33
      vertex 30.214954984344722 -2.6302867847303784 -28
    endloop
  endfacet
  facet normal -0.9469301294951004 0.32143946530317713 1.0818237048869677e-18
    outer loop
      vertex 34.173333109150406 -4.582342851480671 -33
      vertex 34.07872894815039 -4.861037722821452 -33
      vertex 34.07872894815039 -4.861037722821452 -28
    endloop
  endfacet
  facet normal -0.9807852804032337 0.1950903220161117 0
    outer loop
      vertex 34.173333109150406 -4.582342851480671 -33
      vertex 34.173333109150406 -4.582342851480671 -28
      vertex 34.23075093809107 -4.293683932495116 -33
    endloop
  endfacet
  facet normal -0.9978589232386027 0.06540312923015401 -2.937371206559514e-19
    outer loop
      vertex 34.25 -4 -33
      vertex 34.23075093809107 -4.293683932495116 -33
      vertex 34.23075093809107 -4.293683932495116 -28
    endloop
  endfacet
  facet normal -0.9978589232386028 -0.06540312923015412 2.0857864931228866e-19
    outer loop
      vertex 34.23075093809107 -3.706316067504884 -33
      vertex 34.25 -4 -33
      vertex 34.25 -4 -28
    endloop
  endfacet
  facet normal -0.9807852804032339 -0.19509032201611146 -3.5926699898380354e-19
    outer loop
      vertex 34.173333109150406 -3.4176571485193286 -33
      vertex 34.23075093809107 -3.706316067504884 -33
      vertex 34.23075093809107 -3.706316067504884 -28
    endloop
  endfacet
  facet normal -0.9469301294951004 -0.32143946530317713 -1.0818237048869677e-18
    outer loop
      vertex 34.07872894815039 -3.138962277178548 -33
      vertex 34.173333109150406 -3.4176571485193286 -33
      vertex 34.173333109150406 -3.4176571485193286 -28
    endloop
  endfacet
  facet normal -0.8968727415326927 -0.4422886902189922 1.9078739737765106e-18
    outer loop
      vertex 33.94855715851499 -2.875 -33
      vertex 34.07872894815039 -3.138962277178548 -33
      vertex 34.07872894815039 -3.138962277178548 -28
    endloop
  endfacet
  facet normal -0.8314696123025439 -0.5555702330196043 -1.3642718854952212e-18
    outer loop
      vertex 33.78504501565528 -2.6302867847303784 -33
      vertex 33.94855715851499 -2.875 -33
      vertex 33.94855715851499 -2.875 -28
    endloop
  endfacet
  facet normal -0.7518398074789769 -0.6593458151000693 0
    outer loop
      vertex 33.78504501565528 -2.6302867847303784 -33
      vertex 33.78504501565528 -2.6302867847303784 -28
      vertex 33.59099025766973 -2.4090097423302677 -33
    endloop
  endfacet
  facet normal 0.946930129495104 0.3214394653031663 0
    outer loop
      vertex 29.921271051849605 -4.861037722821452 -33
      vertex 29.826666890849594 -4.582342851480671 -28
      vertex 29.921271051849605 -4.861037722821452 -28
    endloop
  endfacet
  facet normal 0.9807852804032314 0.19509032201612334 0
    outer loop
      vertex 29.826666890849594 -4.582342851480671 -28
      vertex 29.826666890849594 -4.582342851480671 -33
      vertex 29.769249061908926 -4.293683932495116 -28
    endloop
  endfacet
  facet normal 0.9978589232386036 0.06540312923014201 0
    outer loop
      vertex 29.769249061908926 -4.293683932495116 -33
      vertex 29.75 -4 -28
      vertex 29.769249061908926 -4.293683932495116 -28
    endloop
  endfacet
  facet normal 0.9978589232386036 -0.0654031292301421 0
    outer loop
      vertex 29.75 -4 -33
      vertex 29.769249061908926 -3.706316067504884 -28
      vertex 29.75 -4 -28
    endloop
  endfacet
  facet normal 0.9807852804032315 -0.19509032201612306 0
    outer loop
      vertex 29.769249061908926 -3.706316067504884 -33
      vertex 29.826666890849594 -3.4176571485193286 -28
      vertex 29.769249061908926 -3.706316067504884 -28
    endloop
  endfacet
  facet normal 0.946930129495104 -0.3214394653031663 0
    outer loop
      vertex 29.826666890849594 -3.4176571485193286 -33
      vertex 29.921271051849605 -3.138962277178548 -28
      vertex 29.826666890849594 -3.4176571485193286 -28
    endloop
  endfacet
  facet normal 0.896872741532688 -0.4422886902190019 0
    outer loop
      vertex 29.921271051849605 -3.138962277178548 -33
      vertex 30.051442841485013 -2.875 -28
      vertex 29.921271051849605 -3.138962277178548 -28
    endloop
  endfacet
  facet normal 0.8314696123025439 -0.5555702330196043 0
    outer loop
      vertex 30.051442841485013 -2.875 -33
      vertex 30.214954984344722 -2.6302867847303784 -28
      vertex 30.051442841485013 -2.875 -28
    endloop
  endfacet
  facet normal 0.7518398074789769 -0.6593458151000693 0
    outer loop
      vertex 30.214954984344722 -2.6302867847303784 -33
      vertex 30.40900974233027 -2.4090097423302677 -28
      vertex 30.214954984344722 -2.6302867847303784 -28
    endloop
  endfacet
  facet normal -0.8968727415326927 0.4422886902189922 0
    outer loop
      vertex 34.07872894815039 -4.861037722821452 -33
      vertex 33.94855715851499 -5.125 -28
      vertex 34.07872894815039 -4.861037722821452 -28
    endloop
  endfacet
  facet normal -0.9469301294951004 0.32143946530317713 0
    outer loop
      vertex 34.173333109150406 -4.582342851480671 -33
      vertex 34.07872894815039 -4.861037722821452 -28
      vertex 34.173333109150406 -4.582342851480671 -28
    endloop
  endfacet
  facet normal -0.9807852804032337 0.1950903220161117 0
    outer loop
      vertex 34.23075093809107 -4.293683932495116 -28
      vertex 34.23075093809107 -4.293683932495116 -33
      vertex 34.173333109150406 -4.582342851480671 -28
    endloop
  endfacet
  facet normal -0.9978589232386027 0.06540312923015401 0
    outer loop
      vertex 34.25 -4 -33
      vertex 34.23075093809107 -4.293683932495116 -28
      vertex 34.25 -4 -28
    endloop
  endfacet
  facet normal -0.9978589232386028 -0.06540312923015412 0
    outer loop
      vertex 34.23075093809107 -3.706316067504884 -33
      vertex 34.25 -4 -28
      vertex 34.23075093809107 -3.706316067504884 -28
    endloop
  endfacet
  facet normal -0.9807852804032339 -0.19509032201611146 0
    outer loop
      vertex 34.173333109150406 -3.4176571485193286 -33
      vertex 34.23075093809107 -3.706316067504884 -28
      vertex 34.173333109150406 -3.4176571485193286 -28
    endloop
  endfacet
  facet normal -0.9469301294951004 -0.32143946530317713 0
    outer loop
      vertex 34.07872894815039 -3.138962277178548 -33
      vertex 34.173333109150406 -3.4176571485193286 -28
      vertex 34.07872894815039 -3.138962277178548 -28
    endloop
  endfacet
  facet normal -0.8968727415326927 -0.4422886902189922 0
    outer loop
      vertex 33.94855715851499 -2.875 -33
      vertex 34.07872894815039 -3.138962277178548 -28
      vertex 33.94855715851499 -2.875 -28
    endloop
  endfacet
  facet normal -0.8314696123025439 -0.5555702330196043 0
    outer loop
      vertex 33.78504501565528 -2.6302867847303784 -33
      vertex 33.94855715851499 -2.875 -28
      vertex 33.78504501565528 -2.6302867847303784 -28
    endloop
  endfacet
  facet normal 0.7518398074789769 -0.6593458151000693 9.937781332677347e-19
    outer loop
      vertex 30.214954984344722 -2.6302867847303784 -33
      vertex 30.40900974233027 -2.4090097423302677 -33
      vertex 30.40900974233027 -2.4090097423302677 -28
    endloop
  endfacet
  facet normal 0.6593458151000676 -0.7518398074789785 0
    outer loop
      vertex 30.63028678473038 -2.214954984344721 -33
      vertex 30.63028678473038 -2.214954984344721 -28
      vertex 30.40900974233027 -2.4090097423302677 -33
    endloop
  endfacet
  facet normal 0.555570233019605 -0.8314696123025435 0
    outer loop
      vertex 30.875 -2.051442841485013 -33
      vertex 30.875 -2.051442841485013 -28
      vertex 30.63028678473038 -2.214954984344721 -33
    endloop
  endfacet
  facet normal 0.4422886902189983 -0.8968727415326898 0
    outer loop
      vertex 31.13896227717855 -1.921271051849605 -33
      vertex 31.13896227717855 -1.921271051849605 -28
      vertex 30.875 -2.051442841485013 -33
    endloop
  endfacet
  facet normal -0.32143946530316775 -0.9469301294951035 0
    outer loop
      vertex 32.86103772282145 -1.921271051849605 -33
      vertex 32.86103772282145 -1.921271051849605 -28
      vertex 32.582342851480675 -1.8266668908495962 -33
    endloop
  endfacet
  facet normal -0.6593458151000676 -0.7518398074789785 0
    outer loop
      vertex 33.59099025766973 -2.4090097423302677 -33
      vertex 33.59099025766973 -2.4090097423302677 -28
      vertex 33.36971321526962 -2.214954984344721 -33
    endloop
  endfacet
  facet normal -0.555570233019605 -0.8314696123025435 0
    outer loop
      vertex 33.36971321526962 -2.214954984344721 -33
      vertex 33.36971321526962 -2.214954984344721 -28
      vertex 33.125 -2.051442841485013 -33
    endloop
  endfacet
  facet normal -0.4422886902189983 -0.8968727415326898 0
    outer loop
      vertex 33.125 -2.051442841485013 -33
      vertex 33.125 -2.051442841485013 -28
      vertex 32.86103772282145 -1.921271051849605 -33
    endloop
  endfacet
  facet normal 0.32143946530316414 -0.9469301294951049 0
    outer loop
      vertex 31.41765714851933 -1.8266668908495962 -33
      vertex 31.41765714851933 -1.8266668908495962 -28
      vertex 31.13896227717855 -1.921271051849605 -33
    endloop
  endfacet
  facet normal 0.19509032201612825 -0.9807852804032304 0
    outer loop
      vertex 31.706316067504883 -1.7692490619089267 -33
      vertex 31.706316067504883 -1.7692490619089267 -28
      vertex 31.41765714851933 -1.8266668908495962 -33
    endloop
  endfacet
  facet normal 0.06540312923014331 -0.9978589232386035 0
    outer loop
      vertex 32 -1.75 -33
      vertex 32 -1.75 -28
      vertex 31.706316067504883 -1.7692490619089267 -33
    endloop
  endfacet
  facet normal -0.06540312923014409 -0.9978589232386035 0
    outer loop
      vertex 32.293683932495114 -1.7692490619089267 -33
      vertex 32.293683932495114 -1.7692490619089267 -28
      vertex 32 -1.75 -33
    endloop
  endfacet
  facet normal -0.19509032201612364 -0.9807852804032313 0
    outer loop
      vertex 32.582342851480675 -1.8266668908495962 -33
      vertex 32.582342851480675 -1.8266668908495962 -28
      vertex 32.293683932495114 -1.7692490619089267 -33
    endloop
  endfacet
  facet normal 0.6593458151000676 -0.7518398074789785 0
    outer loop
      vertex 30.40900974233027 -2.4090097423302677 -33
      vertex 30.63028678473038 -2.214954984344721 -28
      vertex 30.40900974233027 -2.4090097423302677 -28
    endloop
  endfacet
  facet normal 0.555570233019605 -0.8314696123025435 0
    outer loop
      vertex 30.63028678473038 -2.214954984344721 -33
      vertex 30.875 -2.051442841485013 -28
      vertex 30.63028678473038 -2.214954984344721 -28
    endloop
  endfacet
  facet normal 0.4422886902189983 -0.8968727415326898 0
    outer loop
      vertex 30.875 -2.051442841485013 -33
      vertex 31.13896227717855 -1.921271051849605 -28
      vertex 30.875 -2.051442841485013 -28
    endloop
  endfacet
  facet normal 0.32143946530316414 -0.9469301294951049 0
    outer loop
      vertex 31.13896227717855 -1.921271051849605 -33
      vertex 31.41765714851933 -1.8266668908495962 -28
      vertex 31.13896227717855 -1.921271051849605 -28
    endloop
  endfacet
  facet normal -0.6593458151000676 -0.7518398074789785 0
    outer loop
      vertex 33.36971321526962 -2.214954984344721 -33
      vertex 33.59099025766973 -2.4090097423302677 -28
      vertex 33.36971321526962 -2.214954984344721 -28
    endloop
  endfacet
  facet normal -0.7518398074789769 -0.6593458151000693 0
    outer loop
      vertex 33.59099025766973 -2.4090097423302677 -33
      vertex 33.78504501565528 -2.6302867847303784 -28
      vertex 33.59099025766973 -2.4090097423302677 -28
    endloop
  endfacet
  facet normal -0.555570233019605 -0.8314696123025435 0
    outer loop
      vertex 33.125 -2.051442841485013 -33
      vertex 33.36971321526962 -2.214954984344721 -28
      vertex 33.125 -2.051442841485013 -28
    endloop
  endfacet
  facet normal -0.4422886902189983 -0.8968727415326898 0
    outer loop
      vertex 32.86103772282145 -1.921271051849605 -33
      vertex 33.125 -2.051442841485013 -28
      vertex 32.86103772282145 -1.921271051849605 -28
    endloop
  endfacet
  facet normal 0.19509032201612825 -0.9807852804032304 0
    outer loop
      vertex 31.41765714851933 -1.8266668908495962 -33
      vertex 31.706316067504883 -1.7692490619089267 -28
      vertex 31.41765714851933 -1.8266668908495962 -28
    endloop
  endfacet
  facet normal 0.06540312923014331 -0.9978589232386035 0
    outer loop
      vertex 31.706316067504883 -1.7692490619089267 -33
      vertex 32 -1.75 -28
      vertex 31.706316067504883 -1.7692490619089267 -28
    endloop
  endfacet
  facet normal -0.06540312923014409 -0.9978589232386035 0
    outer loop
      vertex 32 -1.75 -33
      vertex 32.293683932495114 -1.7692490619089267 -28
      vertex 32 -1.75 -28
    endloop
  endfacet
  facet normal -0.19509032201612364 -0.9807852804032313 0
    outer loop
      vertex 32.293683932495114 -1.7692490619089267 -33
      vertex 32.582342851480675 -1.8266668908495962 -28
      vertex 32.293683932495114 -1.7692490619089267 -28
    endloop
  endfacet
  facet normal -0.32143946530316775 -0.9469301294951035 0
    outer loop
      vertex 32.582342851480675 -1.8266668908495962 -33
      vertex 32.86103772282145 -1.921271051849605 -28
      vertex 32.582342851480675 -1.8266668908495962 -28
    endloop
  endfacet
  facet normal 0.32143946530316414 0.9469301294951049 0
    outer loop
      vertex 31.13896227717855 1.921271051849605 -33
      vertex 31.13896227717855 1.921271051849605 -28
      vertex 31.41765714851933 1.8266668908495962 -33
    endloop
  endfacet
  facet normal 0.4422886902189983 0.8968727415326898 0
    outer loop
      vertex 30.875 2.051442841485013 -33
      vertex 30.875 2.051442841485013 -28
      vertex 31.13896227717855 1.921271051849605 -33
    endloop
  endfacet
  facet normal 0.555570233019605 0.8314696123025435 0
    outer loop
      vertex 30.63028678473038 2.214954984344721 -33
      vertex 30.63028678473038 2.214954984344721 -28
      vertex 30.875 2.051442841485013 -33
    endloop
  endfacet
  facet normal 0.6593458151000676 0.7518398074789785 5.314390861969821e-19
    outer loop
      vertex 30.63028678473038 2.214954984344721 -33
      vertex 30.40900974233027 2.4090097423302677 -33
      vertex 30.40900974233027 2.4090097423302677 -28
    endloop
  endfacet
  facet normal 0.19509032201612825 0.9807852804032304 0
    outer loop
      vertex 31.41765714851933 1.8266668908495962 -33
      vertex 31.41765714851933 1.8266668908495962 -28
      vertex 31.706316067504883 1.7692490619089267 -33
    endloop
  endfacet
  facet normal 0.06540312923014331 0.9978589232386035 0
    outer loop
      vertex 31.706316067504883 1.7692490619089267 -33
      vertex 31.706316067504883 1.7692490619089267 -28
      vertex 32 1.75 -33
    endloop
  endfacet
  facet normal -0.06540312923014409 0.9978589232386035 0
    outer loop
      vertex 32 1.75 -33
      vertex 32 1.75 -28
      vertex 32.293683932495114 1.7692490619089267 -33
    endloop
  endfacet
  facet normal -0.19509032201612364 0.9807852804032313 0
    outer loop
      vertex 32.293683932495114 1.7692490619089267 -33
      vertex 32.293683932495114 1.7692490619089267 -28
      vertex 32.582342851480675 1.8266668908495962 -33
    endloop
  endfacet
  facet normal -0.32143946530316775 0.9469301294951035 0
    outer loop
      vertex 32.582342851480675 1.8266668908495962 -33
      vertex 32.582342851480675 1.8266668908495962 -28
      vertex 32.86103772282145 1.921271051849605 -33
    endloop
  endfacet
  facet normal -0.4422886902189983 0.8968727415326898 0
    outer loop
      vertex 32.86103772282145 1.921271051849605 -33
      vertex 32.86103772282145 1.921271051849605 -28
      vertex 33.125 2.051442841485013 -33
    endloop
  endfacet
  facet normal -0.555570233019605 0.8314696123025435 0
    outer loop
      vertex 33.125 2.051442841485013 -33
      vertex 33.125 2.051442841485013 -28
      vertex 33.36971321526962 2.214954984344721 -33
    endloop
  endfacet
  facet normal -0.6593458151000676 0.7518398074789785 0
    outer loop
      vertex 33.36971321526962 2.214954984344721 -33
      vertex 33.36971321526962 2.214954984344721 -28
      vertex 33.59099025766973 2.4090097423302677 -33
    endloop
  endfacet
  facet normal -0.7518398074789769 0.6593458151000693 0
    outer loop
      vertex 33.59099025766973 2.4090097423302677 -33
      vertex 33.59099025766973 2.4090097423302677 -28
      vertex 33.78504501565528 2.6302867847303784 -33
    endloop
  endfacet
  facet normal 0.4422886902189983 0.8968727415326898 0
    outer loop
      vertex 31.13896227717855 1.921271051849605 -33
      vertex 30.875 2.051442841485013 -28
      vertex 31.13896227717855 1.921271051849605 -28
    endloop
  endfacet
  facet normal 0.555570233019605 0.8314696123025435 0
    outer loop
      vertex 30.875 2.051442841485013 -33
      vertex 30.63028678473038 2.214954984344721 -28
      vertex 30.875 2.051442841485013 -28
    endloop
  endfacet
  facet normal 0.7518398074789769 0.6593458151000693 0
    outer loop
      vertex 30.40900974233027 2.4090097423302677 -33
      vertex 30.214954984344722 2.6302867847303784 -28
      vertex 30.40900974233027 2.4090097423302677 -28
    endloop
  endfacet
  facet normal 0.6593458151000676 0.7518398074789785 0
    outer loop
      vertex 30.63028678473038 2.214954984344721 -33
      vertex 30.40900974233027 2.4090097423302677 -28
      vertex 30.63028678473038 2.214954984344721 -28
    endloop
  endfacet
  facet normal 0.19509032201612825 0.9807852804032304 0
    outer loop
      vertex 31.706316067504883 1.7692490619089267 -33
      vertex 31.41765714851933 1.8266668908495962 -28
      vertex 31.706316067504883 1.7692490619089267 -28
    endloop
  endfacet
  facet normal 0.32143946530316414 0.9469301294951049 0
    outer loop
      vertex 31.41765714851933 1.8266668908495962 -33
      vertex 31.13896227717855 1.921271051849605 -28
      vertex 31.41765714851933 1.8266668908495962 -28
    endloop
  endfacet
  facet normal 0.06540312923014331 0.9978589232386035 0
    outer loop
      vertex 32 1.75 -33
      vertex 31.706316067504883 1.7692490619089267 -28
      vertex 32 1.75 -28
    endloop
  endfacet
  facet normal -0.06540312923014409 0.9978589232386035 0
    outer loop
      vertex 32.293683932495114 1.7692490619089267 -33
      vertex 32 1.75 -28
      vertex 32.293683932495114 1.7692490619089267 -28
    endloop
  endfacet
  facet normal -0.19509032201612364 0.9807852804032313 0
    outer loop
      vertex 32.582342851480675 1.8266668908495962 -33
      vertex 32.293683932495114 1.7692490619089267 -28
      vertex 32.582342851480675 1.8266668908495962 -28
    endloop
  endfacet
  facet normal -0.32143946530316775 0.9469301294951035 0
    outer loop
      vertex 32.86103772282145 1.921271051849605 -33
      vertex 32.582342851480675 1.8266668908495962 -28
      vertex 32.86103772282145 1.921271051849605 -28
    endloop
  endfacet
  facet normal -0.4422886902189983 0.8968727415326898 0
    outer loop
      vertex 33.125 2.051442841485013 -33
      vertex 32.86103772282145 1.921271051849605 -28
      vertex 33.125 2.051442841485013 -28
    endloop
  endfacet
  facet normal -0.555570233019605 0.8314696123025435 0
    outer loop
      vertex 33.36971321526962 2.214954984344721 -33
      vertex 33.125 2.051442841485013 -28
      vertex 33.36971321526962 2.214954984344721 -28
    endloop
  endfacet
  facet normal -0.6593458151000676 0.7518398074789785 0
    outer loop
      vertex 33.59099025766973 2.4090097423302677 -33
      vertex 33.36971321526962 2.214954984344721 -28
      vertex 33.59099025766973 2.4090097423302677 -28
    endloop
  endfacet
  facet normal 0.7518398074789769 0.6593458151000693 -9.937781332677347e-19
    outer loop
      vertex 30.40900974233027 2.4090097423302677 -33
      vertex 30.214954984344722 2.6302867847303784 -33
      vertex 30.214954984344722 2.6302867847303784 -28
    endloop
  endfacet
  facet normal 0.8314696123025439 0.5555702330196043 -1.3642718854952212e-18
    outer loop
      vertex 30.214954984344722 2.6302867847303784 -33
      vertex 30.051442841485013 2.875 -33
      vertex 30.051442841485013 2.875 -28
    endloop
  endfacet
  facet normal 0.896872741532688 0.4422886902190019 1.2067754828735314e-18
    outer loop
      vertex 30.051442841485013 2.875 -33
      vertex 29.921271051849605 3.138962277178548 -33
      vertex 29.921271051849605 3.138962277178548 -28
    endloop
  endfacet
  facet normal 0.946930129495104 0.3214394653031663 -1.7755143207296175e-19
    outer loop
      vertex 29.921271051849605 3.138962277178548 -33
      vertex 29.826666890849594 3.4176571485193286 -33
      vertex 29.826666890849594 3.4176571485193286 -28
    endloop
  endfacet
  facet normal 0.9807852804032315 0.19509032201612306 6.1507156004125655e-19
    outer loop
      vertex 29.826666890849594 3.4176571485193286 -33
      vertex 29.769249061908926 3.706316067504884 -33
      vertex 29.769249061908926 3.706316067504884 -28
    endloop
  endfacet
  facet normal 0.9978589232386036 0.0654031292301421 1.6695877138554451e-19
    outer loop
      vertex 29.769249061908926 3.706316067504884 -33
      vertex 29.75 4 -33
      vertex 29.75 4 -28
    endloop
  endfacet
  facet normal 0.9978589232386036 -0.06540312923014201 -2.5211724273027953e-19
    outer loop
      vertex 29.75 4 -33
      vertex 29.769249061908926 4.293683932495116 -33
      vertex 29.769249061908926 4.293683932495116 -28
    endloop
  endfacet
  facet normal 0.9807852804032314 -0.19509032201612334 9.186215057376605e-19
    outer loop
      vertex 29.769249061908926 4.293683932495116 -33
      vertex 29.826666890849594 4.582342851480671 -33
      vertex 29.826666890849594 4.582342851480671 -28
    endloop
  endfacet
  facet normal 0.946930129495104 -0.3214394653031663 1.7755143207296175e-19
    outer loop
      vertex 29.826666890849594 4.582342851480671 -33
      vertex 29.921271051849605 4.861037722821452 -33
      vertex 29.921271051849605 4.861037722821452 -28
    endloop
  endfacet
  facet normal -0.8314696123025439 0.5555702330196043 0
    outer loop
      vertex 33.78504501565528 2.6302867847303784 -33
      vertex 33.78504501565528 2.6302867847303784 -28
      vertex 33.94855715851499 2.875 -33
    endloop
  endfacet
  facet normal -0.8968727415326927 0.4422886902189922 -1.9078739737765106e-18
    outer loop
      vertex 34.07872894815039 3.138962277178548 -33
      vertex 33.94855715851499 2.875 -33
      vertex 33.94855715851499 2.875 -28
    endloop
  endfacet
  facet normal -0.9469301294951004 0.32143946530317713 1.0818237048869677e-18
    outer loop
      vertex 34.173333109150406 3.4176571485193286 -33
      vertex 34.07872894815039 3.138962277178548 -33
      vertex 34.07872894815039 3.138962277178548 -28
    endloop
  endfacet
  facet normal -0.9807852804032339 0.19509032201611146 3.5926699898380354e-19
    outer loop
      vertex 34.23075093809107 3.706316067504884 -33
      vertex 34.173333109150406 3.4176571485193286 -33
      vertex 34.173333109150406 3.4176571485193286 -28
    endloop
  endfacet
  facet normal -0.9978589232386028 0.06540312923015412 -2.0857864931228866e-19
    outer loop
      vertex 34.25 4 -33
      vertex 34.23075093809107 3.706316067504884 -33
      vertex 34.23075093809107 3.706316067504884 -28
    endloop
  endfacet
  facet normal -0.9978589232386027 -0.06540312923015401 2.937371206559514e-19
    outer loop
      vertex 34.23075093809107 4.293683932495116 -33
      vertex 34.25 4 -33
      vertex 34.25 4 -28
    endloop
  endfacet
  facet normal -0.9807852804032337 -0.1950903220161117 4.646892422969347e-19
    outer loop
      vertex 34.173333109150406 4.582342851480671 -33
      vertex 34.23075093809107 4.293683932495116 -33
      vertex 34.23075093809107 4.293683932495116 -28
    endloop
  endfacet
  facet normal -0.9469301294951004 -0.32143946530317713 -1.0818237048869677e-18
    outer loop
      vertex 34.07872894815039 4.861037722821452 -33
      vertex 34.173333109150406 4.582342851480671 -33
      vertex 34.173333109150406 4.582342851480671 -28
    endloop
  endfacet
  facet normal -0.8968727415326927 -0.4422886902189922 1.9078739737765106e-18
    outer loop
      vertex 33.94855715851499 5.125 -33
      vertex 34.07872894815039 4.861037722821452 -33
      vertex 34.07872894815039 4.861037722821452 -28
    endloop
  endfacet
  facet normal 0.8314696123025439 0.5555702330196043 0
    outer loop
      vertex 30.214954984344722 2.6302867847303784 -33
      vertex 30.051442841485013 2.875 -28
      vertex 30.214954984344722 2.6302867847303784 -28
    endloop
  endfacet
  facet normal 0.896872741532688 0.4422886902190019 0
    outer loop
      vertex 30.051442841485013 2.875 -33
      vertex 29.921271051849605 3.138962277178548 -28
      vertex 30.051442841485013 2.875 -28
    endloop
  endfacet
  facet normal 0.946930129495104 0.3214394653031663 0
    outer loop
      vertex 29.921271051849605 3.138962277178548 -33
      vertex 29.826666890849594 3.4176571485193286 -28
      vertex 29.921271051849605 3.138962277178548 -28
    endloop
  endfacet
  facet normal 0.9807852804032315 0.19509032201612306 0
    outer loop
      vertex 29.826666890849594 3.4176571485193286 -33
      vertex 29.769249061908926 3.706316067504884 -28
      vertex 29.826666890849594 3.4176571485193286 -28
    endloop
  endfacet
  facet normal 0.9978589232386036 0.0654031292301421 0
    outer loop
      vertex 29.769249061908926 3.706316067504884 -33
      vertex 29.75 4 -28
      vertex 29.769249061908926 3.706316067504884 -28
    endloop
  endfacet
  facet normal 0.9978589232386036 -0.06540312923014201 0
    outer loop
      vertex 29.75 4 -33
      vertex 29.769249061908926 4.293683932495116 -28
      vertex 29.75 4 -28
    endloop
  endfacet
  facet normal 0.9807852804032314 -0.19509032201612334 0
    outer loop
      vertex 29.769249061908926 4.293683932495116 -28
      vertex 29.769249061908926 4.293683932495116 -33
      vertex 29.826666890849594 4.582342851480671 -28
    endloop
  endfacet
  facet normal 0.946930129495104 -0.3214394653031663 0
    outer loop
      vertex 29.826666890849594 4.582342851480671 -33
      vertex 29.921271051849605 4.861037722821452 -28
      vertex 29.826666890849594 4.582342851480671 -28
    endloop
  endfacet
  facet normal 0.896872741532688 -0.4422886902190019 0
    outer loop
      vertex 29.921271051849605 4.861037722821452 -33
      vertex 30.051442841485013 5.125 -28
      vertex 29.921271051849605 4.861037722821452 -28
    endloop
  endfacet
  facet normal -0.7518398074789769 0.6593458151000693 0
    outer loop
      vertex 33.78504501565528 2.6302867847303784 -33
      vertex 33.59099025766973 2.4090097423302677 -28
      vertex 33.78504501565528 2.6302867847303784 -28
    endloop
  endfacet
  facet normal -0.8314696123025439 0.5555702330196043 0
    outer loop
      vertex 33.94855715851499 2.875 -28
      vertex 33.94855715851499 2.875 -33
      vertex 33.78504501565528 2.6302867847303784 -28
    endloop
  endfacet
  facet normal -0.8968727415326927 0.4422886902189922 0
    outer loop
      vertex 34.07872894815039 3.138962277178548 -33
      vertex 33.94855715851499 2.875 -28
      vertex 34.07872894815039 3.138962277178548 -28
    endloop
  endfacet
  facet normal -0.9469301294951004 0.32143946530317713 0
    outer loop
      vertex 34.173333109150406 3.4176571485193286 -33
      vertex 34.07872894815039 3.138962277178548 -28
      vertex 34.173333109150406 3.4176571485193286 -28
    endloop
  endfacet
  facet normal -0.9807852804032339 0.19509032201611146 0
    outer loop
      vertex 34.23075093809107 3.706316067504884 -33
      vertex 34.173333109150406 3.4176571485193286 -28
      vertex 34.23075093809107 3.706316067504884 -28
    endloop
  endfacet
  facet normal -0.9978589232386028 0.06540312923015412 0
    outer loop
      vertex 34.25 4 -33
      vertex 34.23075093809107 3.706316067504884 -28
      vertex 34.25 4 -28
    endloop
  endfacet
  facet normal -0.9978589232386027 -0.06540312923015401 0
    outer loop
      vertex 34.23075093809107 4.293683932495116 -33
      vertex 34.25 4 -28
      vertex 34.23075093809107 4.293683932495116 -28
    endloop
  endfacet
  facet normal -0.9807852804032337 -0.1950903220161117 0
    outer loop
      vertex 34.173333109150406 4.582342851480671 -33
      vertex 34.23075093809107 4.293683932495116 -28
      vertex 34.173333109150406 4.582342851480671 -28
    endloop
  endfacet
  facet normal -0.9469301294951004 -0.32143946530317713 0
    outer loop
      vertex 34.07872894815039 4.861037722821452 -33
      vertex 34.173333109150406 4.582342851480671 -28
      vertex 34.07872894815039 4.861037722821452 -28
    endloop
  endfacet
  facet normal 0.896872741532688 -0.4422886902190019 -1.2067754828735314e-18
    outer loop
      vertex 29.921271051849605 4.861037722821452 -33
      vertex 30.051442841485013 5.125 -33
      vertex 30.051442841485013 5.125 -28
    endloop
  endfacet
  facet normal 0.8314696123025439 -0.5555702330196043 1.3642718854952212e-18
    outer loop
      vertex 30.051442841485013 5.125 -33
      vertex 30.214954984344722 5.369713215269622 -33
      vertex 30.214954984344722 5.369713215269622 -28
    endloop
  endfacet
  facet normal 0.7518398074789769 -0.6593458151000693 9.937781332677347e-19
    outer loop
      vertex 30.214954984344722 5.369713215269622 -33
      vertex 30.40900974233027 5.590990257669732 -33
      vertex 30.40900974233027 5.590990257669732 -28
    endloop
  endfacet
  facet normal 0.6593458151000676 -0.7518398074789785 0
    outer loop
      vertex 30.63028678473038 5.785045015655279 -33
      vertex 30.63028678473038 5.785045015655279 -28
      vertex 30.40900974233027 5.590990257669732 -33
    endloop
  endfacet
  facet normal 0.555570233019605 -0.8314696123025435 0
    outer loop
      vertex 30.875 5.948557158514987 -33
      vertex 30.875 5.948557158514987 -28
      vertex 30.63028678473038 5.785045015655279 -33
    endloop
  endfacet
  facet normal 0.4422886902189995 -0.8968727415326891 0
    outer loop
      vertex 31.13896227717855 6.078728948150395 -33
      vertex 31.13896227717855 6.078728948150395 -28
      vertex 30.875 5.948557158514987 -33
    endloop
  endfacet
  facet normal -0.8314696123025439 -0.5555702330196043 -1.3642718854952212e-18
    outer loop
      vertex 33.78504501565528 5.369713215269622 -33
      vertex 33.94855715851499 5.125 -33
      vertex 33.94855715851499 5.125 -28
    endloop
  endfacet
  facet normal -0.7518398074789769 -0.6593458151000693 -9.937781332677347e-19
    outer loop
      vertex 33.59099025766973 5.590990257669732 -33
      vertex 33.78504501565528 5.369713215269622 -33
      vertex 33.78504501565528 5.369713215269622 -28
    endloop
  endfacet
  facet normal 0.32143946530316275 -0.9469301294951052 0
    outer loop
      vertex 31.41765714851933 6.173333109150404 -33
      vertex 31.41765714851933 6.173333109150404 -28
      vertex 31.13896227717855 6.078728948150395 -33
    endloop
  endfacet
  facet normal 0.19509032201612972 -0.9807852804032301 0
    outer loop
      vertex 31.706316067504883 6.230750938091074 -33
      vertex 31.706316067504883 6.230750938091074 -28
      vertex 31.41765714851933 6.173333109150404 -33
    endloop
  endfacet
  facet normal 0.06540312923014181 -0.9978589232386036 0
    outer loop
      vertex 32 6.25 -33
      vertex 32 6.25 -28
      vertex 31.706316067504883 6.230750938091074 -33
    endloop
  endfacet
  facet normal -0.06540312923014259 -0.9978589232386036 0
    outer loop
      vertex 32.293683932495114 6.230750938091074 -33
      vertex 32.293683932495114 6.230750938091074 -28
      vertex 32 6.25 -33
    endloop
  endfacet
  facet normal -0.3214394653031664 -0.9469301294951041 0
    outer loop
      vertex 32.86103772282145 6.078728948150395 -33
      vertex 32.86103772282145 6.078728948150395 -28
      vertex 32.582342851480675 6.173333109150404 -33
    endloop
  endfacet
  facet normal -0.19509032201612508 -0.980785280403231 0
    outer loop
      vertex 32.582342851480675 6.173333109150404 -33
      vertex 32.582342851480675 6.173333109150404 -28
      vertex 32.293683932495114 6.230750938091074 -33
    endloop
  endfacet
  facet normal -0.6593458151000676 -0.7518398074789785 0
    outer loop
      vertex 33.59099025766973 5.590990257669732 -33
      vertex 33.59099025766973 5.590990257669732 -28
      vertex 33.36971321526962 5.785045015655279 -33
    endloop
  endfacet
  facet normal -0.555570233019605 -0.8314696123025435 0
    outer loop
      vertex 33.36971321526962 5.785045015655279 -33
      vertex 33.36971321526962 5.785045015655279 -28
      vertex 33.125 5.948557158514987 -33
    endloop
  endfacet
  facet normal -0.4422886902189995 -0.8968727415326891 0
    outer loop
      vertex 33.125 5.948557158514987 -33
      vertex 33.125 5.948557158514987 -28
      vertex 32.86103772282145 6.078728948150395 -33
    endloop
  endfacet
  facet normal 0.8314696123025439 -0.5555702330196043 1.3642718854952212e-18
    outer loop
      vertex 30.214954984344722 5.369713215269622 -28
      vertex 30.051442841485013 5.125 -28
      vertex 30.051442841485013 5.125 -33
    endloop
  endfacet
  facet normal 0.7518398074789769 -0.6593458151000693 9.937781332677347e-19
    outer loop
      vertex 30.40900974233027 5.590990257669732 -28
      vertex 30.214954984344722 5.369713215269622 -28
      vertex 30.214954984344722 5.369713215269622 -33
    endloop
  endfacet
  facet normal 0.6593458151000676 -0.7518398074789785 0
    outer loop
      vertex 30.40900974233027 5.590990257669732 -33
      vertex 30.63028678473038 5.785045015655279 -28
      vertex 30.40900974233027 5.590990257669732 -28
    endloop
  endfacet
  facet normal 0.555570233019605 -0.8314696123025435 0
    outer loop
      vertex 30.63028678473038 5.785045015655279 -33
      vertex 30.875 5.948557158514987 -28
      vertex 30.63028678473038 5.785045015655279 -28
    endloop
  endfacet
  facet normal 0.4422886902189995 -0.8968727415326891 0
    outer loop
      vertex 30.875 5.948557158514987 -33
      vertex 31.13896227717855 6.078728948150395 -28
      vertex 30.875 5.948557158514987 -28
    endloop
  endfacet
  facet normal 0.32143946530316275 -0.9469301294951052 0
    outer loop
      vertex 31.13896227717855 6.078728948150395 -33
      vertex 31.41765714851933 6.173333109150404 -28
      vertex 31.13896227717855 6.078728948150395 -28
    endloop
  endfacet
  facet normal -0.8968727415326927 -0.4422886902189922 0
    outer loop
      vertex 33.94855715851499 5.125 -33
      vertex 34.07872894815039 4.861037722821452 -28
      vertex 33.94855715851499 5.125 -28
    endloop
  endfacet
  facet normal -0.8314696123025439 -0.5555702330196043 0
    outer loop
      vertex 33.78504501565528 5.369713215269622 -33
      vertex 33.94855715851499 5.125 -28
      vertex 33.78504501565528 5.369713215269622 -28
    endloop
  endfacet
  facet normal -0.7518398074789769 -0.6593458151000693 0
    outer loop
      vertex 33.59099025766973 5.590990257669732 -33
      vertex 33.78504501565528 5.369713215269622 -28
      vertex 33.59099025766973 5.590990257669732 -28
    endloop
  endfacet
  facet normal 0.19509032201612972 -0.9807852804032301 0
    outer loop
      vertex 31.41765714851933 6.173333109150404 -33
      vertex 31.706316067504883 6.230750938091074 -28
      vertex 31.41765714851933 6.173333109150404 -28
    endloop
  endfacet
  facet normal 0.06540312923014181 -0.9978589232386036 0
    outer loop
      vertex 31.706316067504883 6.230750938091074 -33
      vertex 32 6.25 -28
      vertex 31.706316067504883 6.230750938091074 -28
    endloop
  endfacet
  facet normal -0.06540312923014259 -0.9978589232386036 0
    outer loop
      vertex 32 6.25 -33
      vertex 32.293683932495114 6.230750938091074 -28
      vertex 32 6.25 -28
    endloop
  endfacet
  facet normal -0.19509032201612508 -0.980785280403231 0
    outer loop
      vertex 32.293683932495114 6.230750938091074 -33
      vertex 32.582342851480675 6.173333109150404 -28
      vertex 32.293683932495114 6.230750938091074 -28
    endloop
  endfacet
  facet normal -0.3214394653031664 -0.9469301294951041 0
    outer loop
      vertex 32.582342851480675 6.173333109150404 -33
      vertex 32.86103772282145 6.078728948150395 -28
      vertex 32.582342851480675 6.173333109150404 -28
    endloop
  endfacet
  facet normal -0.6593458151000676 -0.7518398074789785 0
    outer loop
      vertex 33.36971321526962 5.785045015655279 -33
      vertex 33.59099025766973 5.590990257669732 -28
      vertex 33.36971321526962 5.785045015655279 -28
    endloop
  endfacet
  facet normal -0.555570233019605 -0.8314696123025435 0
    outer loop
      vertex 33.125 5.948557158514987 -33
      vertex 33.36971321526962 5.785045015655279 -28
      vertex 33.125 5.948557158514987 -28
    endloop
  endfacet
  facet normal -0.4422886902189995 -0.8968727415326891 0
    outer loop
      vertex 32.86103772282145 6.078728948150395 -33
      vertex 33.125 5.948557158514987 -28
      vertex 32.86103772282145 6.078728948150395 -28
    endloop
  endfacet
  facet normal 0 0 1
    outer loop
      vertex -1.334558444911977 -2.1139900087545653 -26
      vertex -1.334558444911977 2.1139900087545653 -26
      vertex -1.5752196089542772 -1.9413096567951063 -26
    endloop
  endfacet
  facet normal 0 0 1
    outer loop
      vertex -1.0751630056913006 -2.256994574914359 -26
      vertex -1.0751630056913013 2.256994574914359 -26
      vertex -1.334558444911977 -2.1139900087545653 -26
    endloop
  endfacet
  facet normal 0 0 1
    outer loop
      vertex -1.0751630056913006 -2.256994574914359 -26
      vertex -0.8006746346570942 -2.3683158846354786 -26
      vertex -0.8006746346570942 2.3683158846354786 -26
    endloop
  endfacet
  facet normal 0 0 1
    outer loop
      vertex -0.5149465468527468 -2.44639123074876 -26
      vertex -0.5149465468527461 2.44639123074876 -26
      vertex -0.8006746346570942 -2.3683158846354786 -26
    endloop
  endfacet
  facet normal 0 0 1
    outer loop
      vertex -0.5149465468527468 -2.44639123074876 -26
      vertex -0.2219897383073359 -2.4901246065380427 -26
      vertex -0.22198973830733715 2.4901246065380422 -26
    endloop
  endfacet
  facet normal 0 0 1
    outer loop
      vertex -0.2219897383073359 -2.4901246065380427 -26
      vertex 0.07408331955639982 -2.4989020912719857 -26
      vertex 0.0740833195563992 2.4989020912719857 -26
    endloop
  endfacet
  facet normal 0 0 1
    outer loop
      vertex -1.5752196089542772 -1.9413096567951063 -26
      vertex -1.5752196089542772 1.9413096567951063 -26
      vertex -1.7937681426108278 -1.7413775726574923 -26
    endloop
  endfacet
  facet normal 0 0 1
    outer loop
      vertex -1.7937681426108278 -1.7413775726574923 -26
      vertex -1.7937681426108278 1.7413775726574923 -26
      vertex -1.9871361035333828 -1.5170003645464836 -26
    endloop
  endfacet
  facet normal 0 0 1
    outer loop
      vertex -2.152609029418389 -1.271327796623051 -26
      vertex -1.9871361035333828 -1.5170003645464836 -26
      vertex -1.9871361035333828 1.5170003645464836 -26
    endloop
  endfacet
  facet normal 0 0 1
    outer loop
      vertex -2.152609029418389 -1.271327796623051 -26
      vertex -2.152609029418389 1.271327796623051 -26
      vertex -2.2878640431075463 -1.007808573219931 -26
    endloop
  endfacet
  facet normal 0 0 1
    outer loop
      vertex -2.391002460691306 -0.7301419265924393 -26
      vertex -2.391002460691306 0.7301419265924393 -26
      vertex -2.460576444868992 -0.4422256878064328 -26
    endloop
  endfacet
  facet normal 0 0 1
    outer loop
      vertex -2.460576444868992 -0.4422256878064328 -26
      vertex -2.460576444868992 0.4422256878064328 -26
      vertex -2.4956093294108035 -0.1481015697342854 -26
    endloop
  endfacet
  facet normal 0 0 1
    outer loop
      vertex -2.2878640431075463 -1.007808573219931 -26
      vertex -2.2878640431075463 1.007808573219931 -26
      vertex -2.391002460691306 -0.7301419265924393 -26
    endloop
  endfacet
  facet normal 0.3758275821142389 0.9266896074318333 0
    outer loop
      vertex -1.0751630056913006 -2.256994574914359 -26
      vertex -1.0751630056913006 -2.256994574914359 -16
      vertex -0.8006746346570942 -2.3683158846354786 -26
    endloop
  endfacet
  facet normal 0.147646564002482 0.9890401873221638 0
    outer loop
      vertex -0.5149465468527468 -2.44639123074876 -26
      vertex -0.5149465468527468 -2.44639123074876 -16
      vertex -0.2219897383073359 -2.4901246065380427 -26
    endloop
  endfacet
  facet normal 0.26358716606906735 0.9646355819083589 -2.298941368038572e-19
    outer loop
      vertex -0.5149465468527468 -2.44639123074876 -26
      vertex -0.8006746346570942 -2.3683158846354786 -26
      vertex -0.8006746346570942 -2.3683158846354786 -16
    endloop
  endfacet
  facet normal 0.029633327822557974 0.9995608365087945 0
    outer loop
      vertex -0.2219897383073359 -2.4901246065380427 -26
      vertex -0.2219897383073359 -2.4901246065380427 -16
      vertex 0.07408331955639982 -2.4989020912719857 -26
    endloop
  endfacet
  facet normal 0.4827922027307438 0.8757349421956375 -6.190356261843151e-19
    outer loop
      vertex -1.0751630056913006 -2.256994574914359 -26
      vertex -1.334558444911977 -2.1139900087545653 -26
      vertex -1.334558444911977 -2.1139900087545653 -16
    endloop
  endfacet
  facet normal 0.5829794791144733 0.8124868780056804 3.986134511993483e-19
    outer loop
      vertex -1.334558444911977 -2.1139900087545653 -26
      vertex -1.5752196089542772 -1.9413096567951063 -26
      vertex -1.5752196089542772 -1.9413096567951063 -16
    endloop
  endfacet
  facet normal 0.6749830015182106 0.7378332790417272 -6.424786760829316e-19
    outer loop
      vertex -1.5752196089542772 -1.9413096567951063 -26
      vertex -1.7937681426108278 -1.7413775726574923 -26
      vertex -1.7937681426108278 -1.7413775726574923 -16
    endloop
  endfacet
  facet normal 0.75751124216162 0.6528221181905216 -6.829980802240224e-19
    outer loop
      vertex -1.7937681426108278 -1.7413775726574923 -26
      vertex -1.9871361035333828 -1.5170003645464836 -26
      vertex -1.9871361035333828 -1.5170003645464836 -16
    endloop
  endfacet
  facet normal 0.8294056854502011 0.5586467658036534 0
    outer loop
      vertex -2.152609029418389 -1.271327796623051 -26
      vertex -2.152609029418389 -1.271327796623051 -16
      vertex -1.9871361035333828 -1.5170003645464836 -26
    endloop
  endfacet
  facet normal 0.8896570909947471 0.4566292373937135 7.792012611517987e-19
    outer loop
      vertex -2.152609029418389 -1.271327796623051 -26
      vertex -2.2878640431075463 -1.007808573219931 -26
      vertex -2.2878640431075463 -1.007808573219931 -16
    endloop
  endfacet
  facet normal 0.9374196611341216 0.348201635434397 3.158532165556731e-19
    outer loop
      vertex -2.2878640431075463 -1.007808573219931 -26
      vertex -2.391002460691306 -0.7301419265924393 -26
      vertex -2.391002460691306 -0.7301419265924393 -16
    endloop
  endfacet
  facet normal 0.9720229140804104 0.23488604578098465 -3.9721934417906675e-19
    outer loop
      vertex -2.391002460691306 -0.7301419265924393 -26
      vertex -2.460576444868992 -0.4422256878064328 -26
      vertex -2.460576444868992 -0.4422256878064328 -16
    endloop
  endfacet
  facet normal 0.9929810960135169 0.11827317092136559 2.403939892385302e-19
    outer loop
      vertex -2.460576444868992 -0.4422256878064328 -26
      vertex -2.4956093294108035 -0.1481015697342854 -26
      vertex -2.4956093294108035 -0.1481015697342854 -16
    endloop
  endfacet
  facet normal 0.3758275821142389 0.9266896074318333 0
    outer loop
      vertex -0.8006746346570942 -2.3683158846354786 -26
      vertex -1.0751630056913006 -2.256994574914359 -16
      vertex -0.8006746346570942 -2.3683158846354786 -16
    endloop
  endfacet
  facet normal 0.4827922027307438 0.8757349421956375 0
    outer loop
      vertex -1.0751630056913006 -2.256994574914359 -26
      vertex -1.334558444911977 -2.1139900087545653 -16
      vertex -1.0751630056913006 -2.256994574914359 -16
    endloop
  endfacet
  facet normal 0.26358716606906735 0.9646355819083589 0
    outer loop
      vertex -0.5149465468527468 -2.44639123074876 -26
      vertex -0.8006746346570942 -2.3683158846354786 -16
      vertex -0.5149465468527468 -2.44639123074876 -16
    endloop
  endfacet
  facet normal 0.147646564002482 0.9890401873221638 0
    outer loop
      vertex -0.2219897383073359 -2.4901246065380427 -26
      vertex -0.5149465468527468 -2.44639123074876 -16
      vertex -0.2219897383073359 -2.4901246065380427 -16
    endloop
  endfacet
  facet normal 0.029633327822557974 0.9995608365087945 0
    outer loop
      vertex 0.07408331955639982 -2.4989020912719857 -26
      vertex -0.2219897383073359 -2.4901246065380427 -16
      vertex 0.07408331955639982 -2.4989020912719857 -16
    endloop
  endfacet
  facet normal 0.5829794791144733 0.8124868780056804 0
    outer loop
      vertex -1.334558444911977 -2.1139900087545653 -26
      vertex -1.5752196089542772 -1.9413096567951063 -16
      vertex -1.334558444911977 -2.1139900087545653 -16
    endloop
  endfacet
  facet normal 0.6749830015182106 0.7378332790417272 0
    outer loop
      vertex -1.5752196089542772 -1.9413096567951063 -26
      vertex -1.7937681426108278 -1.7413775726574923 -16
      vertex -1.5752196089542772 -1.9413096567951063 -16
    endloop
  endfacet
  facet normal 0.75751124216162 0.6528221181905216 0
    outer loop
      vertex -1.7937681426108278 -1.7413775726574923 -26
      vertex -1.9871361035333828 -1.5170003645464836 -16
      vertex -1.7937681426108278 -1.7413775726574923 -16
    endloop
  endfacet
  facet normal 0.8294056854502011 0.5586467658036534 0
    outer loop
      vertex -1.9871361035333828 -1.5170003645464836 -26
      vertex -2.152609029418389 -1.271327796623051 -16
      vertex -1.9871361035333828 -1.5170003645464836 -16
    endloop
  endfacet
  facet normal 0.8896570909947471 0.4566292373937135 0
    outer loop
      vertex -2.152609029418389 -1.271327796623051 -26
      vertex -2.2878640431075463 -1.007808573219931 -16
      vertex -2.152609029418389 -1.271327796623051 -16
    endloop
  endfacet
  facet normal 0.9720229140804104 0.23488604578098465 0
    outer loop
      vertex -2.391002460691306 -0.7301419265924393 -26
      vertex -2.460576444868992 -0.4422256878064328 -16
      vertex -2.391002460691306 -0.7301419265924393 -16
    endloop
  endfacet
  facet normal 0.9374196611341216 0.348201635434397 0
    outer loop
      vertex -2.2878640431075463 -1.007808573219931 -26
      vertex -2.391002460691306 -0.7301419265924393 -16
      vertex -2.2878640431075463 -1.007808573219931 -16
    endloop
  endfacet
  facet normal 0.9929810960135169 0.11827317092136559 0
    outer loop
      vertex -2.460576444868992 -0.4422256878064328 -26
      vertex -2.4956093294108035 -0.1481015697342854 -16
      vertex -2.460576444868992 -0.4422256878064328 -16
    endloop
  endfacet
  facet normal 1 0 0
    outer loop
      vertex -2.4956093294108035 -0.1481015697342854 -26
      vertex -2.4956093294108035 0.1481015697342854 -16
      vertex -2.4956093294108035 -0.1481015697342854 -16
    endloop
  endfacet
  facet normal 0 0 1
    outer loop
      vertex -2.4956093294108035 -0.1481015697342854 -26
      vertex -2.460576444868992 0.4422256878064328 -26
      vertex -2.4956093294108035 0.1481015697342854 -26
    endloop
  endfacet
  facet normal 0 0 1
    outer loop
      vertex -2.460576444868992 -0.4422256878064328 -26
      vertex -2.391002460691306 0.7301419265924393 -26
      vertex -2.460576444868992 0.4422256878064328 -26
    endloop
  endfacet
  facet normal 0 0 1
    outer loop
      vertex -2.391002460691306 -0.7301419265924393 -26
      vertex -2.2878640431075463 1.007808573219931 -26
      vertex -2.391002460691306 0.7301419265924393 -26
    endloop
  endfacet
  facet normal 0 0 1
    outer loop
      vertex -2.2878640431075463 -1.007808573219931 -26
      vertex -2.152609029418389 1.271327796623051 -26
      vertex -2.2878640431075463 1.007808573219931 -26
    endloop
  endfacet
  facet normal 0 0 1
    outer loop
      vertex -2.152609029418389 -1.271327796623051 -26
      vertex -1.9871361035333828 1.5170003645464836 -26
      vertex -2.152609029418389 1.271327796623051 -26
    endloop
  endfacet
  facet normal 0 0 1
    outer loop
      vertex -1.9871361035333828 -1.5170003645464836 -26
      vertex -1.7937681426108278 1.7413775726574923 -26
      vertex -1.9871361035333828 1.5170003645464836 -26
    endloop
  endfacet
  facet normal 0 0 1
    outer loop
      vertex -1.7937681426108278 -1.7413775726574923 -26
      vertex -1.5752196089542772 1.9413096567951063 -26
      vertex -1.7937681426108278 1.7413775726574923 -26
    endloop
  endfacet
  facet normal 0 0 1
    outer loop
      vertex -1.5752196089542772 -1.9413096567951063 -26
      vertex -1.334558444911977 2.1139900087545653 -26
      vertex -1.5752196089542772 1.9413096567951063 -26
    endloop
  endfacet
  facet normal 0 0 1
    outer loop
      vertex -1.334558444911977 -2.1139900087545653 -26
      vertex -1.0751630056913013 2.256994574914359 -26
      vertex -1.334558444911977 2.1139900087545653 -26
    endloop
  endfacet
  facet normal 0 0 1
    outer loop
      vertex -1.0751630056913006 -2.256994574914359 -26
      vertex -0.8006746346570942 2.3683158846354786 -26
      vertex -1.0751630056913013 2.256994574914359 -26
    endloop
  endfacet
  facet normal 0 0 1
    outer loop
      vertex -0.8006746346570942 -2.3683158846354786 -26
      vertex -0.5149465468527461 2.44639123074876 -26
      vertex -0.8006746346570942 2.3683158846354786 -26
    endloop
  endfacet
  facet normal 0 0 1
    outer loop
      vertex -0.5149465468527468 -2.44639123074876 -26
      vertex -0.22198973830733715 2.4901246065380422 -26
      vertex -0.5149465468527461 2.44639123074876 -26
    endloop
  endfacet
  facet normal 0 0 1
    outer loop
      vertex -0.2219897383073359 -2.4901246065380427 -26
      vertex 0.0740833195563992 2.4989020912719857 -26
      vertex -0.22198973830733715 2.4901246065380422 -26
    endloop
  endfacet
  facet normal 1 0 0
    outer loop
      vertex -2.4956093294108035 -0.1481015697342854 -26
      vertex -2.4956093294108035 0.1481015697342854 -26
      vertex -2.4956093294108035 0.1481015697342854 -16
    endloop
  endfacet
  facet normal 0.9929810960135169 -0.11827317092136559 -2.403939892385302e-19
    outer loop
      vertex -2.4956093294108035 0.1481015697342854 -26
      vertex -2.460576444868992 0.4422256878064328 -26
      vertex -2.460576444868992 0.4422256878064328 -16
    endloop
  endfacet
  facet normal 0.9720229140804104 -0.23488604578098465 3.9721934417906675e-19
    outer loop
      vertex -2.460576444868992 0.4422256878064328 -26
      vertex -2.391002460691306 0.7301419265924393 -26
      vertex -2.391002460691306 0.7301419265924393 -16
    endloop
  endfacet
  facet normal 0.9374196611341216 -0.348201635434397 -3.158532165556731e-19
    outer loop
      vertex -2.391002460691306 0.7301419265924393 -26
      vertex -2.2878640431075463 1.007808573219931 -26
      vertex -2.2878640431075463 1.007808573219931 -16
    endloop
  endfacet
  facet normal 0.8896570909947471 -0.4566292373937135 -7.792012611517987e-19
    outer loop
      vertex -2.2878640431075463 1.007808573219931 -26
      vertex -2.152609029418389 1.271327796623051 -26
      vertex -2.152609029418389 1.271327796623051 -16
    endloop
  endfacet
  facet normal 0.8294056854502011 -0.5586467658036534 -5.555869957025379e-19
    outer loop
      vertex -2.152609029418389 1.271327796623051 -26
      vertex -1.9871361035333828 1.5170003645464836 -26
      vertex -1.9871361035333828 1.5170003645464836 -16
    endloop
  endfacet
  facet normal 0.75751124216162 -0.6528221181905216 6.829980802240224e-19
    outer loop
      vertex -1.9871361035333828 1.5170003645464836 -26
      vertex -1.7937681426108278 1.7413775726574923 -26
      vertex -1.7937681426108278 1.7413775726574923 -16
    endloop
  endfacet
  facet normal 0.6749830015182106 -0.7378332790417272 6.424786760829316e-19
    outer loop
      vertex -1.7937681426108278 1.7413775726574923 -26
      vertex -1.5752196089542772 1.9413096567951063 -26
      vertex -1.5752196089542772 1.9413096567951063 -16
    endloop
  endfacet
  facet normal 0.5829794791144733 -0.8124868780056804 -3.986134511993483e-19
    outer loop
      vertex -1.5752196089542772 1.9413096567951063 -26
      vertex -1.334558444911977 2.1139900087545653 -26
      vertex -1.334558444911977 2.1139900087545653 -16
    endloop
  endfacet
  facet normal 0.4827922027307447 -0.8757349421956369 -1.0874136857828756e-18
    outer loop
      vertex -1.334558444911977 2.1139900087545653 -26
      vertex -1.0751630056913013 2.256994574914359 -26
      vertex -1.0751630056913013 2.256994574914359 -16
    endloop
  endfacet
  facet normal 0.37582758211423806 -0.9266896074318336 4.106945355602596e-19
    outer loop
      vertex -1.0751630056913013 2.256994574914359 -26
      vertex -0.8006746346570942 2.3683158846354786 -26
      vertex -0.8006746346570942 2.3683158846354786 -16
    endloop
  endfacet
  facet normal 0.2635871660690668 -0.964635581908359 2.187274310634296e-19
    outer loop
      vertex -0.8006746346570942 2.3683158846354786 -26
      vertex -0.5149465468527461 2.44639123074876 -26
      vertex -0.5149465468527461 2.44639123074876 -16
    endloop
  endfacet
  facet normal 0.14764656400248147 -0.9890401873221639 8.431549008496765e-20
    outer loop
      vertex -0.5149465468527461 2.44639123074876 -26
      vertex -0.22198973830733715 2.4901246065380422 -26
      vertex -0.22198973830733715 2.4901246065380422 -16
    endloop
  endfacet
  facet normal 0.029633327822559414 -0.9995608365087945 1.8191301812705146e-20
    outer loop
      vertex -0.22198973830733715 2.4901246065380422 -26
      vertex 0.0740833195563992 2.4989020912719857 -26
      vertex 0.0740833195563992 2.4989020912719857 -16
    endloop
  endfacet
  facet normal 0.9929810960135169 -0.11827317092136559 0
    outer loop
      vertex -2.4956093294108035 0.1481015697342854 -26
      vertex -2.460576444868992 0.4422256878064328 -16
      vertex -2.4956093294108035 0.1481015697342854 -16
    endloop
  endfacet
  facet normal 0.9720229140804104 -0.23488604578098465 0
    outer loop
      vertex -2.460576444868992 0.4422256878064328 -26
      vertex -2.391002460691306 0.7301419265924393 -16
      vertex -2.460576444868992 0.4422256878064328 -16
    endloop
  endfacet
  facet normal 0.9374196611341216 -0.348201635434397 0
    outer loop
      vertex -2.391002460691306 0.7301419265924393 -26
      vertex -2.2878640431075463 1.007808573219931 -16
      vertex -2.391002460691306 0.7301419265924393 -16
    endloop
  endfacet
  facet normal 0.8896570909947471 -0.4566292373937135 0
    outer loop
      vertex -2.2878640431075463 1.007808573219931 -26
      vertex -2.152609029418389 1.271327796623051 -16
      vertex -2.2878640431075463 1.007808573219931 -16
    endloop
  endfacet
  facet normal 0.8294056854502011 -0.5586467658036534 0
    outer loop
      vertex -2.152609029418389 1.271327796623051 -26
      vertex -1.9871361035333828 1.5170003645464836 -16
      vertex -2.152609029418389 1.271327796623051 -16
    endloop
  endfacet
  facet normal 0.75751124216162 -0.6528221181905216 0
    outer loop
      vertex -1.9871361035333828 1.5170003645464836 -26
      vertex -1.7937681426108278 1.7413775726574923 -16
      vertex -1.9871361035333828 1.5170003645464836 -16
    endloop
  endfacet
  facet normal 0.6749830015182106 -0.7378332790417272 0
    outer loop
      vertex -1.7937681426108278 1.7413775726574923 -26
      vertex -1.5752196089542772 1.9413096567951063 -16
      vertex -1.7937681426108278 1.7413775726574923 -16
    endloop
  endfacet
  facet normal 0.5829794791144733 -0.8124868780056804 0
    outer loop
      vertex -1.5752196089542772 1.9413096567951063 -26
      vertex -1.334558444911977 2.1139900087545653 -16
      vertex -1.5752196089542772 1.9413096567951063 -16
    endloop
  endfacet
  facet normal 0.4827922027307447 -0.8757349421956369 0
    outer loop
      vertex -1.334558444911977 2.1139900087545653 -26
      vertex -1.0751630056913013 2.256994574914359 -16
      vertex -1.334558444911977 2.1139900087545653 -16
    endloop
  endfacet
  facet normal 0.37582758211423806 -0.9266896074318336 0
    outer loop
      vertex -1.0751630056913013 2.256994574914359 -26
      vertex -0.8006746346570942 2.3683158846354786 -16
      vertex -1.0751630056913013 2.256994574914359 -16
    endloop
  endfacet
  facet normal 0.2635871660690668 -0.964635581908359 0
    outer loop
      vertex -0.8006746346570942 2.3683158846354786 -26
      vertex -0.5149465468527461 2.44639123074876 -16
      vertex -0.8006746346570942 2.3683158846354786 -16
    endloop
  endfacet
  facet normal 0.14764656400248147 -0.9890401873221639 0
    outer loop
      vertex -0.5149465468527461 2.44639123074876 -26
      vertex -0.22198973830733715 2.4901246065380422 -16
      vertex -0.5149465468527461 2.44639123074876 -16
    endloop
  endfacet
  facet normal 0.029633327822559414 -0.9995608365087945 0
    outer loop
      vertex -0.22198973830733715 2.4901246065380422 -26
      vertex 0.0740833195563992 2.4989020912719857 -16
      vertex -0.22198973830733715 2.4901246065380422 -16
    endloop
  endfacet
  facet normal 0 0 1
    outer loop
      vertex 0.07408331955639982 -2.4989020912719857 -26
      vertex 0.3691164100062029 -2.47260046830541 -26
      vertex 0.3691164100062029 2.47260046830541 -26
    endloop
  endfacet
  facet normal 0 0 1
    outer loop
      vertex 0.3691164100062029 -2.47260046830541 -26
      vertex 0.6589679151726684 -2.411588954770897 -26
      vertex 0.658967915172669 2.4115889547708966 -26
    endloop
  endfacet
  facet normal 0 0 1
    outer loop
      vertex 0.6589679151726684 -2.411588954770897 -26
      vertex 0.9395689552855966 -2.316724018579583 -26
      vertex 0.9395689552855953 2.316724018579584 -26
    endloop
  endfacet
  facet normal 0 0 1
    outer loop
      vertex 0.9395689552855966 -2.316724018579583 -26
      vertex 1.2069805068268626 -2.189337355489092 -26
      vertex 1.206980506826862 2.189337355489092 -26
    endloop
  endfacet
  facet normal 0 0 1
    outer loop
      vertex 1.2069805068268626 -2.189337355489092 -26
      vertex 1.45744869778618 -2.0312171950142033 -26
      vertex 1.45744869778618 2.0312171950142033 -26
    endloop
  endfacet
  facet normal 0 0 1
    outer loop
      vertex 1.45744869778618 -2.0312171950142033 -26
      vertex 1.687457503795526 -1.8445831976043188 -26
      vertex 1.6874575037955262 1.8445831976043183 -26
    endloop
  endfacet
  facet normal 0 0 1
    outer loop
      vertex 1.687457503795526 -1.8445831976043188 -26
      vertex 1.893778105404051 -1.6320552954763032 -26
      vertex 1.8937781054040503 1.6320552954763041 -26
    endloop
  endfacet
  facet normal 0 0 1
    outer loop
      vertex 1.893778105404051 -1.6320552954763032 -26
      vertex 2.0735142136255047 -1.3966169145091305 -26
      vertex 2.0735142136255047 1.3966169145091312 -26
    endloop
  endfacet
  facet normal 0 0 1
    outer loop
      vertex 2.0735142136255047 -1.3966169145091305 -26
      vertex 2.224142727486868 -1.1415730934842827 -26
      vertex 2.224142727486868 1.1415730934842827 -26
    endloop
  endfacet
  facet normal 0 0 1
    outer loop
      vertex 2.224142727486868 -1.1415730934842827 -26
      vertex 2.343549152835302 -0.8705040885859976 -26
      vertex 2.343549152835302 0.8705040885859969 -26
    endloop
  endfacet
  facet normal 0 0 1
    outer loop
      vertex 2.343549152835302 -0.8705040885859976 -26
      vertex 2.430057285201027 -0.587215114452458 -26
      vertex 2.430057285201027 0.5872151144524592 -26
    endloop
  endfacet
  facet normal 0 0 1
    outer loop
      vertex 2.430057285201027 -0.587215114452458 -26
      vertex 2.482452740033793 -0.2956829273034139 -26
      vertex 2.4824527400337923 0.2956829273034145 -26
    endloop
  endfacet
  facet normal -0.08879589532293453 0.996049842615217 0
    outer loop
      vertex 0.07408331955639982 -2.4989020912719857 -26
      vertex 0.07408331955639982 -2.4989020912719857 -16
      vertex 0.3691164100062029 -2.47260046830541 -26
    endloop
  endfacet
  facet normal -0.20597861874109735 0.9785564922995043 0
    outer loop
      vertex 0.3691164100062029 -2.47260046830541 -26
      vertex 0.3691164100062029 -2.47260046830541 -16
      vertex 0.6589679151726684 -2.411588954770897 -26
    endloop
  endfacet
  facet normal -0.32026985386283874 0.9473263538541911 0
    outer loop
      vertex 0.6589679151726684 -2.411588954770897 -26
      vertex 0.6589679151726684 -2.411588954770897 -16
      vertex 0.9395689552855966 -2.316724018579583 -26
    endloop
  endfacet
  facet normal -0.43006520227651973 0.902797829965744 0
    outer loop
      vertex 0.9395689552855966 -2.316724018579583 -26
      vertex 0.9395689552855966 -2.316724018579583 -16
      vertex 1.2069805068268626 -2.189337355489092 -26
    endloop
  endfacet
  facet normal -0.5338233779647915 0.8455960035018256 0
    outer loop
      vertex 1.2069805068268626 -2.189337355489092 -26
      vertex 1.2069805068268626 -2.189337355489092 -16
      vertex 1.45744869778618 -2.0312171950142033 -26
    endloop
  endfacet
  facet normal -0.6300878435817104 0.776523862718043 0
    outer loop
      vertex 1.45744869778618 -2.0312171950142033 -26
      vertex 1.45744869778618 -2.0312171950142033 -16
      vertex 1.687457503795526 -1.8445831976043188 -26
    endloop
  endfacet
  facet normal -0.7175072570443314 0.6965510290629967 0
    outer loop
      vertex 1.687457503795526 -1.8445831976043188 -26
      vertex 1.687457503795526 -1.8445831976043188 -16
      vertex 1.893778105404051 -1.6320552954763032 -26
    endloop
  endfacet
  facet normal -0.794854441413354 0.6068001458185924 0
    outer loop
      vertex 1.893778105404051 -1.6320552954763032 -26
      vertex 1.893778105404051 -1.6320552954763032 -16
      vertex 2.0735142136255047 -1.3966169145091305 -26
    endloop
  endfacet
  facet normal -0.8610436117673552 0.5085311186492208 0
    outer loop
      vertex 2.0735142136255047 -1.3966169145091305 -26
      vertex 2.0735142136255047 -1.3966169145091305 -16
      vertex 2.224142727486868 -1.1415730934842827 -26
    endloop
  endfacet
  facet normal -0.9151456172430182 0.4031234292879727 0
    outer loop
      vertex 2.224142727486868 -1.1415730934842827 -26
      vertex 2.224142727486868 -1.1415730934842827 -16
      vertex 2.343549152835302 -0.8705040885859976 -26
    endloop
  endfacet
  facet normal -0.9564009842765229 0.2920567706369745 0
    outer loop
      vertex 2.343549152835302 -0.8705040885859976 -26
      vertex 2.343549152835302 -0.8705040885859976 -16
      vertex 2.430057285201027 -0.587215114452458 -26
    endloop
  endfacet
  facet normal -0.9842305779475965 0.17689027512257466 0
    outer loop
      vertex 2.430057285201027 -0.587215114452458 -26
      vertex 2.430057285201027 -0.587215114452458 -16
      vertex 2.482452740033793 -0.2956829273034139 -26
    endloop
  endfacet
  facet normal -0.9982437317643215 0.05924062789371311 0
    outer loop
      vertex 2.482452740033793 -0.2956829273034139 -26
      vertex 2.482452740033793 -0.2956829273034139 -16
      vertex 2.5 0 -26
    endloop
  endfacet
  facet normal -0.08879589532293453 0.996049842615217 0
    outer loop
      vertex 0.3691164100062029 -2.47260046830541 -26
      vertex 0.07408331955639982 -2.4989020912719857 -16
      vertex 0.3691164100062029 -2.47260046830541 -16
    endloop
  endfacet
  facet normal -0.20597861874109735 0.9785564922995043 0
    outer loop
      vertex 0.6589679151726684 -2.411588954770897 -26
      vertex 0.3691164100062029 -2.47260046830541 -16
      vertex 0.6589679151726684 -2.411588954770897 -16
    endloop
  endfacet
  facet normal -0.32026985386283874 0.9473263538541911 0
    outer loop
      vertex 0.9395689552855966 -2.316724018579583 -26
      vertex 0.6589679151726684 -2.411588954770897 -16
      vertex 0.9395689552855966 -2.316724018579583 -16
    endloop
  endfacet
  facet normal -0.43006520227651973 0.902797829965744 0
    outer loop
      vertex 1.2069805068268626 -2.189337355489092 -26
      vertex 0.9395689552855966 -2.316724018579583 -16
      vertex 1.2069805068268626 -2.189337355489092 -16
    endloop
  endfacet
  facet normal -0.5338233779647915 0.8455960035018256 0
    outer loop
      vertex 1.45744869778618 -2.0312171950142033 -26
      vertex 1.2069805068268626 -2.189337355489092 -16
      vertex 1.45744869778618 -2.0312171950142033 -16
    endloop
  endfacet
  facet normal -0.6300878435817104 0.776523862718043 0
    outer loop
      vertex 1.687457503795526 -1.8445831976043188 -26
      vertex 1.45744869778618 -2.0312171950142033 -16
      vertex 1.687457503795526 -1.8445831976043188 -16
    endloop
  endfacet
  facet normal -0.7175072570443314 0.6965510290629967 0
    outer loop
      vertex 1.893778105404051 -1.6320552954763032 -26
      vertex 1.687457503795526 -1.8445831976043188 -16
      vertex 1.893778105404051 -1.6320552954763032 -16
    endloop
  endfacet
  facet normal -0.794854441413354 0.6068001458185924 0
    outer loop
      vertex 2.0735142136255047 -1.3966169145091305 -26
      vertex 1.893778105404051 -1.6320552954763032 -16
      vertex 2.0735142136255047 -1.3966169145091305 -16
    endloop
  endfacet
  facet normal -0.8610436117673552 0.5085311186492208 0
    outer loop
      vertex 2.224142727486868 -1.1415730934842827 -26
      vertex 2.0735142136255047 -1.3966169145091305 -16
      vertex 2.224142727486868 -1.1415730934842827 -16
    endloop
  endfacet
  facet normal -0.9151456172430182 0.4031234292879727 0
    outer loop
      vertex 2.343549152835302 -0.8705040885859976 -26
      vertex 2.224142727486868 -1.1415730934842827 -16
      vertex 2.343549152835302 -0.8705040885859976 -16
    endloop
  endfacet
  facet normal -0.9564009842765229 0.2920567706369745 0
    outer loop
      vertex 2.430057285201027 -0.587215114452458 -26
      vertex 2.343549152835302 -0.8705040885859976 -16
      vertex 2.430057285201027 -0.587215114452458 -16
    endloop
  endfacet
  facet normal -0.9842305779475965 0.17689027512257466 0
    outer loop
      vertex 2.482452740033793 -0.2956829273034139 -26
      vertex 2.430057285201027 -0.587215114452458 -16
      vertex 2.482452740033793 -0.2956829273034139 -16
    endloop
  endfacet
  facet normal -0.9982437317643215 0.05924062789371311 0
    outer loop
      vertex 2.5 0 -26
      vertex 2.482452740033793 -0.2956829273034139 -16
      vertex 2.5 0 -16
    endloop
  endfacet
  facet normal 0 0 1
    outer loop
      vertex 1.45744869778618 -2.0312171950142033 -26
      vertex 1.6874575037955262 1.8445831976043183 -26
      vertex 1.45744869778618 2.0312171950142033 -26
    endloop
  endfacet
  facet normal 0 0 1
    outer loop
      vertex 2.224142727486868 -1.1415730934842827 -26
      vertex 2.343549152835302 0.8705040885859969 -26
      vertex 2.224142727486868 1.1415730934842827 -26
    endloop
  endfacet
  facet normal 0 0 1
    outer loop
      vertex 2.482452740033793 -0.2956829273034139 -26
      vertex 2.5 0 -26
      vertex 2.4824527400337923 0.2956829273034145 -26
    endloop
  endfacet
  facet normal 0 0 1
    outer loop
      vertex 2.430057285201027 -0.587215114452458 -26
      vertex 2.4824527400337923 0.2956829273034145 -26
      vertex 2.430057285201027 0.5872151144524592 -26
    endloop
  endfacet
  facet normal 0 0 1
    outer loop
      vertex 2.343549152835302 -0.8705040885859976 -26
      vertex 2.430057285201027 0.5872151144524592 -26
      vertex 2.343549152835302 0.8705040885859969 -26
    endloop
  endfacet
  facet normal 0 0 1
    outer loop
      vertex 2.0735142136255047 -1.3966169145091305 -26
      vertex 2.224142727486868 1.1415730934842827 -26
      vertex 2.0735142136255047 1.3966169145091312 -26
    endloop
  endfacet
  facet normal 0 0 1
    outer loop
      vertex 1.893778105404051 -1.6320552954763032 -26
      vertex 2.0735142136255047 1.3966169145091312 -26
      vertex 1.8937781054040503 1.6320552954763041 -26
    endloop
  endfacet
  facet normal 0 0 1
    outer loop
      vertex 1.687457503795526 -1.8445831976043188 -26
      vertex 1.8937781054040503 1.6320552954763041 -26
      vertex 1.6874575037955262 1.8445831976043183 -26
    endloop
  endfacet
  facet normal 0 0 1
    outer loop
      vertex 0.6589679151726684 -2.411588954770897 -26
      vertex 0.9395689552855953 2.316724018579584 -26
      vertex 0.658967915172669 2.4115889547708966 -26
    endloop
  endfacet
  facet normal 0 0 1
    outer loop
      vertex 0.07408331955639982 -2.4989020912719857 -26
      vertex 0.3691164100062029 2.47260046830541 -26
      vertex 0.0740833195563992 2.4989020912719857 -26
    endloop
  endfacet
  facet normal 0 0 1
    outer loop
      vertex 0.3691164100062029 -2.47260046830541 -26
      vertex 0.658967915172669 2.4115889547708966 -26
      vertex 0.3691164100062029 2.47260046830541 -26
    endloop
  endfacet
  facet normal 0 0 1
    outer loop
      vertex 0.9395689552855966 -2.316724018579583 -26
      vertex 1.206980506826862 2.189337355489092 -26
      vertex 0.9395689552855953 2.316724018579584 -26
    endloop
  endfacet
  facet normal 0 0 1
    outer loop
      vertex 1.2069805068268626 -2.189337355489092 -26
      vertex 1.45744869778618 2.0312171950142033 -26
      vertex 1.206980506826862 2.189337355489092 -26
    endloop
  endfacet
  facet normal -0.9982437317643215 -0.05924062789371448 0
    outer loop
      vertex 2.5 0 -26
      vertex 2.5 0 -16
      vertex 2.4824527400337923 0.2956829273034145 -26
    endloop
  endfacet
  facet normal -0.9842305779475968 -0.17689027512257283 0
    outer loop
      vertex 2.4824527400337923 0.2956829273034145 -26
      vertex 2.4824527400337923 0.2956829273034145 -16
      vertex 2.430057285201027 0.5872151144524592 -26
    endloop
  endfacet
  facet normal -0.9564009842765223 -0.29205677063697627 0
    outer loop
      vertex 2.430057285201027 0.5872151144524592 -26
      vertex 2.430057285201027 0.5872151144524592 -16
      vertex 2.343549152835302 0.8705040885859969 -26
    endloop
  endfacet
  facet normal -0.9151456172430186 -0.4031234292879718 0
    outer loop
      vertex 2.343549152835302 0.8705040885859969 -26
      vertex 2.343549152835302 0.8705040885859969 -16
      vertex 2.224142727486868 1.1415730934842827 -26
    endloop
  endfacet
  facet normal -0.8610436117673558 -0.5085311186492198 -9.457502022233673e-19
    outer loop
      vertex 2.0735142136255047 1.3966169145091312 -26
      vertex 2.224142727486868 1.1415730934842827 -26
      vertex 2.224142727486868 1.1415730934842827 -16
    endloop
  endfacet
  facet normal -0.7948544414133532 -0.6068001458185934 0
    outer loop
      vertex 2.0735142136255047 1.3966169145091312 -26
      vertex 2.0735142136255047 1.3966169145091312 -16
      vertex 1.8937781054040503 1.6320552954763041 -26
    endloop
  endfacet
  facet normal -0.7175072570443306 -0.6965510290629974 0
    outer loop
      vertex 1.8937781054040503 1.6320552954763041 -26
      vertex 1.8937781054040503 1.6320552954763041 -16
      vertex 1.6874575037955262 1.8445831976043183 -26
    endloop
  endfacet
  facet normal -0.5338233779647904 -0.8455960035018262 0
    outer loop
      vertex 1.45744869778618 2.0312171950142033 -26
      vertex 1.45744869778618 2.0312171950142033 -16
      vertex 1.206980506826862 2.189337355489092 -26
    endloop
  endfacet
  facet normal -0.08879589532293435 -0.996049842615217 -2.946860759184838e-20
    outer loop
      vertex 0.0740833195563992 2.4989020912719857 -26
      vertex 0.3691164100062029 2.47260046830541 -26
      vertex 0.3691164100062029 2.47260046830541 -16
    endloop
  endfacet
  facet normal -0.2059786187410984 -0.9785564922995039 0
    outer loop
      vertex 0.658967915172669 2.4115889547708966 -26
      vertex 0.658967915172669 2.4115889547708966 -16
      vertex 0.3691164100062029 2.47260046830541 -26
    endloop
  endfacet
  facet normal -0.43006520227652123 -0.9027978299657431 0
    outer loop
      vertex 1.206980506826862 2.189337355489092 -26
      vertex 1.206980506826862 2.189337355489092 -16
      vertex 0.9395689552855953 2.316724018579584 -26
    endloop
  endfacet
  facet normal -0.32026985386283663 -0.9473263538541917 0
    outer loop
      vertex 0.9395689552855953 2.316724018579584 -26
      vertex 0.9395689552855953 2.316724018579584 -16
      vertex 0.658967915172669 2.4115889547708966 -26
    endloop
  endfacet
  facet normal -0.630087843581711 -0.7765238627180425 0
    outer loop
      vertex 1.6874575037955262 1.8445831976043183 -26
      vertex 1.6874575037955262 1.8445831976043183 -16
      vertex 1.45744869778618 2.0312171950142033 -26
    endloop
  endfacet
  facet normal -0.9982437317643215 -0.05924062789371448 0
    outer loop
      vertex 2.4824527400337923 0.2956829273034145 -26
      vertex 2.5 0 -16
      vertex 2.4824527400337923 0.2956829273034145 -16
    endloop
  endfacet
  facet normal -0.9842305779475968 -0.17689027512257283 0
    outer loop
      vertex 2.430057285201027 0.5872151144524592 -26
      vertex 2.4824527400337923 0.2956829273034145 -16
      vertex 2.430057285201027 0.5872151144524592 -16
    endloop
  endfacet
  facet normal -0.9564009842765223 -0.29205677063697627 0
    outer loop
      vertex 2.343549152835302 0.8705040885859969 -26
      vertex 2.430057285201027 0.5872151144524592 -16
      vertex 2.343549152835302 0.8705040885859969 -16
    endloop
  endfacet
  facet normal -0.9151456172430186 -0.4031234292879718 0
    outer loop
      vertex 2.224142727486868 1.1415730934842827 -26
      vertex 2.343549152835302 0.8705040885859969 -16
      vertex 2.224142727486868 1.1415730934842827 -16
    endloop
  endfacet
  facet normal -0.8610436117673558 -0.5085311186492198 0
    outer loop
      vertex 2.0735142136255047 1.3966169145091312 -26
      vertex 2.224142727486868 1.1415730934842827 -16
      vertex 2.0735142136255047 1.3966169145091312 -16
    endloop
  endfacet
  facet normal -0.7948544414133532 -0.6068001458185934 0
    outer loop
      vertex 1.8937781054040503 1.6320552954763041 -26
      vertex 2.0735142136255047 1.3966169145091312 -16
      vertex 1.8937781054040503 1.6320552954763041 -16
    endloop
  endfacet
  facet normal -0.7175072570443306 -0.6965510290629974 0
    outer loop
      vertex 1.6874575037955262 1.8445831976043183 -26
      vertex 1.8937781054040503 1.6320552954763041 -16
      vertex 1.6874575037955262 1.8445831976043183 -16
    endloop
  endfacet
  facet normal -0.630087843581711 -0.7765238627180425 0
    outer loop
      vertex 1.45744869778618 2.0312171950142033 -26
      vertex 1.6874575037955262 1.8445831976043183 -16
      vertex 1.45744869778618 2.0312171950142033 -16
    endloop
  endfacet
  facet normal -0.5338233779647904 -0.8455960035018262 0
    outer loop
      vertex 1.206980506826862 2.189337355489092 -26
      vertex 1.45744869778618 2.0312171950142033 -16
      vertex 1.206980506826862 2.189337355489092 -16
    endloop
  endfacet
  facet normal -0.08879589532293435 -0.996049842615217 0
    outer loop
      vertex 0.0740833195563992 2.4989020912719857 -26
      vertex 0.3691164100062029 2.47260046830541 -16
      vertex 0.0740833195563992 2.4989020912719857 -16
    endloop
  endfacet
  facet normal -0.32026985386283663 -0.9473263538541917 0
    outer loop
      vertex 0.658967915172669 2.4115889547708966 -26
      vertex 0.9395689552855953 2.316724018579584 -16
      vertex 0.658967915172669 2.4115889547708966 -16
    endloop
  endfacet
  facet normal -0.2059786187410984 -0.9785564922995039 0
    outer loop
      vertex 0.3691164100062029 2.47260046830541 -26
      vertex 0.658967915172669 2.4115889547708966 -16
      vertex 0.3691164100062029 2.47260046830541 -16
    endloop
  endfacet
  facet normal -0.43006520227652123 -0.9027978299657431 0
    outer loop
      vertex 0.9395689552855953 2.316724018579584 -26
      vertex 1.206980506826862 2.189337355489092 -16
      vertex 0.9395689552855953 2.316724018579584 -16
    endloop
  endfacet
  facet normal 0 1 0
    outer loop
      vertex -0.14946018717284823 -7.99440759436236 -24
      vertex 0.14946018717284823 -7.99440759436236 -33
      vertex -0.14946018717284823 -7.99440759436236 -33
    endloop
  endfacet
  facet normal 0.2947551744109018 0.9555728057861415 0
    outer loop
      vertex -0.7306820487327896 -7.861747497288409 -24
      vertex -0.44504186791262795 -7.949855824363647 -33
      vertex -0.7306820487327896 -7.861747497288409 -33
    endloop
  endfacet
  facet normal 0.14904226617617453 0.9888308262251286 0
    outer loop
      vertex -0.44504186791262795 -7.949855824363647 -24
      vertex -0.14946018717284823 -7.99440759436236 -33
      vertex -0.44504186791262795 -7.949855824363647 -33
    endloop
  endfacet
  facet normal 0.43388373911756023 0.900968867902418 0
    outer loop
      vertex -1 -7.732050807568877 -24
      vertex -0.7306820487327896 -7.861747497288409 -33
      vertex -1 -7.732050807568877 -33
    endloop
  endfacet
  facet normal 0.5633200580636217 0.826238774315995 0
    outer loop
      vertex -1.2469796037174674 -7.563662964936059 -24
      vertex -1 -7.732050807568877 -33
      vertex -1.2469796037174674 -7.563662964936059 -33
    endloop
  endfacet
  facet normal 0.7818314824680308 0.6234898018587325 0
    outer loop
      vertex -1.6524775486319898 -7.126640116127244 -24
      vertex -1.4661037436596527 -7.360345475541839 -33
      vertex -1.6524775486319898 -7.126640116127244 -33
    endloop
  endfacet
  facet normal 0.8660254037844389 0.49999999999999944 0
    outer loop
      vertex -1.801937735804838 -6.867767478235116 -24
      vertex -1.6524775486319898 -7.126640116127244 -33
      vertex -1.801937735804838 -6.867767478235116 -33
    endloop
  endfacet
  facet normal 0.6801727377709176 0.7330518718298279 -5.844505744976765e-19
    outer loop
      vertex -1.2469796037174674 -7.563662964936059 -33
      vertex -1.4661037436596527 -7.360345475541839 -33
      vertex -1.4661037436596527 -7.360345475541839 -24
    endloop
  endfacet
  facet normal 0.9308737486442038 0.3653410243663961 0
    outer loop
      vertex -1.9111456115722816 -6.5895103488218085 -24
      vertex -1.801937735804838 -6.867767478235116 -33
      vertex -1.9111456115722816 -6.5895103488218085 -33
    endloop
  endfacet
  facet normal 0.9749279121818237 0.222520933956314 0
    outer loop
      vertex -1.977661652450257 -6.298084532352349 -24
      vertex -1.9111456115722816 -6.5895103488218085 -33
      vertex -1.977661652450257 -6.298084532352349 -33
    endloop
  endfacet
  facet normal 0.9972037971811802 0.07473009358642435 0
    outer loop
      vertex -2 -6 -24
      vertex -1.977661652450257 -6.298084532352349 -33
      vertex -2 -6 -33
    endloop
  endfacet
  facet normal 0.9972037971811802 -0.07473009358642435 0
    outer loop
      vertex -1.977661652450257 -5.701915467647651 -24
      vertex -2 -6 -33
      vertex -1.977661652450257 -5.701915467647651 -33
    endloop
  endfacet
  facet normal 0.9749279121818237 -0.222520933956314 0
    outer loop
      vertex -1.9111456115722816 -5.4104896511781915 -24
      vertex -1.977661652450257 -5.701915467647651 -33
      vertex -1.9111456115722816 -5.4104896511781915 -33
    endloop
  endfacet
  facet normal 0.9308737486442038 -0.3653410243663961 0
    outer loop
      vertex -1.801937735804838 -5.132232521764884 -24
      vertex -1.9111456115722816 -5.4104896511781915 -33
      vertex -1.801937735804838 -5.132232521764884 -33
    endloop
  endfacet
  facet normal 0.43388373911756023 0.900968867902418 0
    outer loop
      vertex -0.7306820487327896 -7.861747497288409 -24
      vertex -0.7306820487327896 -7.861747497288409 -33
      vertex -1 -7.732050807568877 -24
    endloop
  endfacet
  facet normal 0.14904226617617453 0.9888308262251286 0
    outer loop
      vertex -0.14946018717284823 -7.99440759436236 -24
      vertex -0.14946018717284823 -7.99440759436236 -33
      vertex -0.44504186791262795 -7.949855824363647 -24
    endloop
  endfacet
  facet normal 0.2947551744109018 0.9555728057861415 0
    outer loop
      vertex -0.44504186791262795 -7.949855824363647 -24
      vertex -0.44504186791262795 -7.949855824363647 -33
      vertex -0.7306820487327896 -7.861747497288409 -24
    endloop
  endfacet
  facet normal 0.5633200580636217 0.826238774315995 0
    outer loop
      vertex -1 -7.732050807568877 -24
      vertex -1 -7.732050807568877 -33
      vertex -1.2469796037174674 -7.563662964936059 -24
    endloop
  endfacet
  facet normal 0.8660254037844389 0.49999999999999944 9.645571505265297e-19
    outer loop
      vertex -1.801937735804838 -6.867767478235116 -24
      vertex -1.6524775486319898 -7.126640116127244 -24
      vertex -1.6524775486319898 -7.126640116127244 -33
    endloop
  endfacet
  facet normal 0.6801727377709176 0.7330518718298279 0
    outer loop
      vertex -1.2469796037174674 -7.563662964936059 -24
      vertex -1.2469796037174674 -7.563662964936059 -33
      vertex -1.4661037436596527 -7.360345475541839 -24
    endloop
  endfacet
  facet normal 0.7818314824680308 0.6234898018587325 -8.037489275073859e-19
    outer loop
      vertex -1.6524775486319898 -7.126640116127244 -24
      vertex -1.4661037436596527 -7.360345475541839 -24
      vertex -1.4661037436596527 -7.360345475541839 -33
    endloop
  endfacet
  facet normal 0.9308737486442038 0.3653410243663961 -3.3368755386716723e-19
    outer loop
      vertex -1.9111456115722816 -6.5895103488218085 -24
      vertex -1.801937735804838 -6.867767478235116 -24
      vertex -1.801937735804838 -6.867767478235116 -33
    endloop
  endfacet
  facet normal 0.9749279121818237 0.222520933956314 1.3723718806397024e-19
    outer loop
      vertex -1.977661652450257 -6.298084532352349 -24
      vertex -1.9111456115722816 -6.5895103488218085 -24
      vertex -1.9111456115722816 -6.5895103488218085 -33
    endloop
  endfacet
  facet normal 0.9972037971811802 0.07473009358642435 -6.873259441666796e-20
    outer loop
      vertex -2 -6 -24
      vertex -1.977661652450257 -6.298084532352349 -24
      vertex -1.977661652450257 -6.298084532352349 -33
    endloop
  endfacet
  facet normal 0.9972037971811802 -0.07473009358642435 6.873259441666796e-20
    outer loop
      vertex -1.977661652450257 -5.701915467647651 -24
      vertex -2 -6 -24
      vertex -2 -6 -33
    endloop
  endfacet
  facet normal 0.9749279121818237 -0.222520933956314 -1.3723718806397024e-19
    outer loop
      vertex -1.9111456115722816 -5.4104896511781915 -24
      vertex -1.977661652450257 -5.701915467647651 -24
      vertex -1.977661652450257 -5.701915467647651 -33
    endloop
  endfacet
  facet normal 0.9308737486442038 -0.3653410243663961 3.3368755386716723e-19
    outer loop
      vertex -1.801937735804838 -5.132232521764884 -24
      vertex -1.9111456115722816 -5.4104896511781915 -24
      vertex -1.9111456115722816 -5.4104896511781915 -33
    endloop
  endfacet
  facet normal 0.8660254037844389 -0.49999999999999944 -9.645571505265297e-19
    outer loop
      vertex -1.6524775486319898 -4.873359883872756 -24
      vertex -1.801937735804838 -5.132232521764884 -24
      vertex -1.801937735804838 -5.132232521764884 -33
    endloop
  endfacet
  facet normal 0.8660254037844389 -0.49999999999999944 0
    outer loop
      vertex -1.6524775486319898 -4.873359883872756 -24
      vertex -1.801937735804838 -5.132232521764884 -33
      vertex -1.6524775486319898 -4.873359883872756 -33
    endloop
  endfacet
  facet normal 0.7818314824680307 -0.6234898018587324 0
    outer loop
      vertex -1.4661037436596527 -4.639654524458161 -23.900000000000002
      vertex -1.6524775486319898 -4.873359883872756 -33
      vertex -1.4661037436596527 -4.639654524458161 -33
    endloop
  endfacet
  facet normal 0.6801727377709177 -0.733051871829828 0
    outer loop
      vertex -1.2469796037174674 -4.436337035063941 -23.900000000000002
      vertex -1.4661037436596527 -4.639654524458161 -33
      vertex -1.2469796037174674 -4.436337035063941 -33
    endloop
  endfacet
  facet normal 0.5633200580636218 -0.8262387743159951 0
    outer loop
      vertex -1 -4.267949192431123 -23.900000000000002
      vertex -1.2469796037174674 -4.436337035063941 -33
      vertex -1 -4.267949192431123 -33
    endloop
  endfacet
  facet normal 0.4338837391175609 -0.9009688679024179 0
    outer loop
      vertex -0.7306820487327901 -4.138252502711591 -23.900000000000002
      vertex -1 -4.267949192431123 -33
      vertex -0.7306820487327901 -4.138252502711591 -33
    endloop
  endfacet
  facet normal 0.2947551744109024 -0.9555728057861412 0
    outer loop
      vertex -0.44504186791262895 -4.050144175636353 -23.900000000000002
      vertex -0.7306820487327901 -4.138252502711591 -33
      vertex -0.44504186791262895 -4.050144175636353 -33
    endloop
  endfacet
  facet normal 0.14904226617617428 -0.9888308262251285 0
    outer loop
      vertex -0.1494601871728487 -4.00559240563764 -23.900000000000002
      vertex -0.44504186791262895 -4.050144175636353 -33
      vertex -0.1494601871728487 -4.00559240563764 -33
    endloop
  endfacet
  facet normal 0.7818314824680321 -0.6234898018587305 5.751233993871566e-19
    outer loop
      vertex -1.555338025809077 -4.7515507750333414 -24
      vertex -1.6524775486319898 -4.873359883872756 -24
      vertex -1.6524775486319898 -4.873359883872756 -33
    endloop
  endfacet
  facet normal 0.781831482468029 -0.6234898018587345 8.746185619266906e-17
    outer loop
      vertex -1.4661037436596527 -4.639654524458161 -23.900000000000002
      vertex -1.555338025809077 -4.7515507750333414 -24
      vertex -1.6524775486319898 -4.873359883872756 -33
    endloop
  endfacet
  facet normal 0.6801727377709177 -0.733051871829828 0
    outer loop
      vertex -1.4661037436596527 -4.639654524458161 -23.900000000000002
      vertex -1.4661037436596527 -4.639654524458161 -33
      vertex -1.2469796037174674 -4.436337035063941 -23.900000000000002
    endloop
  endfacet
  facet normal 0.5633200580636218 -0.8262387743159951 0
    outer loop
      vertex -1.2469796037174674 -4.436337035063941 -23.900000000000002
      vertex -1.2469796037174674 -4.436337035063941 -33
      vertex -1 -4.267949192431123 -23.900000000000002
    endloop
  endfacet
  facet normal 0.4338837391175609 -0.9009688679024179 0
    outer loop
      vertex -1 -4.267949192431123 -23.900000000000002
      vertex -1 -4.267949192431123 -33
      vertex -0.7306820487327901 -4.138252502711591 -23.900000000000002
    endloop
  endfacet
  facet normal 0.2947551744109024 -0.9555728057861412 0
    outer loop
      vertex -0.7306820487327901 -4.138252502711591 -23.900000000000002
      vertex -0.7306820487327901 -4.138252502711591 -33
      vertex -0.44504186791262895 -4.050144175636353 -23.900000000000002
    endloop
  endfacet
  facet normal 0.14904226617617428 -0.9888308262251285 0
    outer loop
      vertex -0.44504186791262895 -4.050144175636353 -23.900000000000002
      vertex -0.44504186791262895 -4.050144175636353 -33
      vertex -0.1494601871728487 -4.00559240563764 -23.900000000000002
    endloop
  endfacet
  facet normal 0 -1 0
    outer loop
      vertex -0.1494601871728487 -4.00559240563764 -23.900000000000002
      vertex -0.1494601871728487 -4.00559240563764 -33
      vertex 0.1494601871728487 -4.00559240563764 -23.900000000000002
    endloop
  endfacet
  facet normal 0.7818314824680291 -0.6234898018587344 -3.6472552816834175e-17
    outer loop
      vertex -1.4661037436596527 -4.639654524458161 -23.900000000000002
      vertex -1.555338025809077 -4.7515507750333414 -23.900000000000002
      vertex -1.555338025809077 -4.7515507750333414 -24
    endloop
  endfacet
  facet normal 0 0 -1
    outer loop
      vertex -1.4661037436596527 -4.639654524458161 -23.900000000000002
      vertex -1.2096094779983386 -4.851478631379982 -23.900000000000002
      vertex -1.545084971874737 -4.755282581475767 -23.900000000000002
    endloop
  endfacet
  facet normal 0 0 -1
    outer loop
      vertex -1.4661037436596527 -4.639654524458161 -23.900000000000002
      vertex -1.545084971874737 -4.755282581475767 -23.900000000000002
      vertex -1.555338025809077 -4.7515507750333414 -23.900000000000002
    endloop
  endfacet
  facet normal 0 0 -1
    outer loop
      vertex -1.2469796037174674 -4.436337035063941 -23.900000000000002
      vertex -0.8682408883346516 -4.92403876506104 -23.900000000000002
      vertex -1.2096094779983386 -4.851478631379982 -23.900000000000002
    endloop
  endfacet
  facet normal 0 0 -1
    outer loop
      vertex -1 -4.267949192431123 -23.900000000000002
      vertex -0.5226423163382674 -4.972609476841367 -23.900000000000002
      vertex -0.8682408883346516 -4.92403876506104 -23.900000000000002
    endloop
  endfacet
  facet normal 0 0 -1
    outer loop
      vertex -1.4661037436596527 -4.639654524458161 -23.900000000000002
      vertex -1.2469796037174674 -4.436337035063941 -23.900000000000002
      vertex -1.2096094779983386 -4.851478631379982 -23.900000000000002
    endloop
  endfacet
  facet normal 0 0 -1
    outer loop
      vertex -1.2469796037174674 -4.436337035063941 -23.900000000000002
      vertex -1 -4.267949192431123 -23.900000000000002
      vertex -0.8682408883346516 -4.92403876506104 -23.900000000000002
    endloop
  endfacet
  facet normal 0 0 -1
    outer loop
      vertex -0.44504186791262895 -4.050144175636353 -23.900000000000002
      vertex -0.17449748351250485 -4.9969541350954785 -23.900000000000002
      vertex -0.5226423163382674 -4.972609476841367 -23.900000000000002
    endloop
  endfacet
  facet normal 0 0 -1
    outer loop
      vertex -0.1494601871728487 -4.00559240563764 -23.900000000000002
      vertex 0.17449748351250485 -4.9969541350954785 -23.900000000000002
      vertex -0.17449748351250485 -4.9969541350954785 -23.900000000000002
    endloop
  endfacet
  facet normal 0 0 -1
    outer loop
      vertex -1 -4.267949192431123 -23.900000000000002
      vertex -0.7306820487327901 -4.138252502711591 -23.900000000000002
      vertex -0.5226423163382674 -4.972609476841367 -23.900000000000002
    endloop
  endfacet
  facet normal 0 0 -1
    outer loop
      vertex -0.7306820487327901 -4.138252502711591 -23.900000000000002
      vertex -0.44504186791262895 -4.050144175636353 -23.900000000000002
      vertex -0.5226423163382674 -4.972609476841367 -23.900000000000002
    endloop
  endfacet
  facet normal 0 0 -1
    outer loop
      vertex -0.44504186791262895 -4.050144175636353 -23.900000000000002
      vertex -0.1494601871728487 -4.00559240563764 -23.900000000000002
      vertex -0.17449748351250485 -4.9969541350954785 -23.900000000000002
    endloop
  endfacet
  facet normal -0.14904226617617453 0.9888308262251286 0
    outer loop
      vertex 0.14946018717284823 -7.99440759436236 -33
      vertex 0.14946018717284823 -7.99440759436236 -24
      vertex 0.44504186791262795 -7.949855824363647 -33
    endloop
  endfacet
  facet normal -0.29475517441090365 0.9555728057861409 0
    outer loop
      vertex 0.44504186791262795 -7.949855824363647 -33
      vertex 0.44504186791262795 -7.949855824363647 -24
      vertex 0.7306820487327906 -7.861747497288408 -33
    endloop
  endfacet
  facet normal -0.4338837391175591 0.9009688679024187 0
    outer loop
      vertex 0.7306820487327906 -7.861747497288408 -33
      vertex 0.7306820487327906 -7.861747497288408 -24
      vertex 1 -7.732050807568877 -33
    endloop
  endfacet
  facet normal -0.5633200580636208 0.8262387743159958 0
    outer loop
      vertex 1 -7.732050807568877 -33
      vertex 1 -7.732050807568877 -24
      vertex 1.2469796037174667 -7.56366296493606 -33
    endloop
  endfacet
  facet normal -0.680172737770919 0.7330518718298268 0
    outer loop
      vertex 1.2469796037174667 -7.56366296493606 -33
      vertex 1.2469796037174667 -7.56366296493606 -24
      vertex 1.4661037436596531 -7.3603454755418385 -33
    endloop
  endfacet
  facet normal -0.7818314824680304 0.623489801858733 0
    outer loop
      vertex 1.4661037436596531 -7.3603454755418385 -33
      vertex 1.4661037436596531 -7.3603454755418385 -24
      vertex 1.6524775486319898 -7.126640116127244 -33
    endloop
  endfacet
  facet normal -0.8660254037844389 0.49999999999999944 -9.645571505265297e-19
    outer loop
      vertex 1.801937735804838 -6.867767478235116 -33
      vertex 1.6524775486319898 -7.126640116127244 -33
      vertex 1.6524775486319898 -7.126640116127244 -24
    endloop
  endfacet
  facet normal -0.9308737486442038 0.3653410243663958 -4.0672117185673406e-19
    outer loop
      vertex 1.9111456115722811 -6.589510348821809 -33
      vertex 1.801937735804838 -6.867767478235116 -33
      vertex 1.801937735804838 -6.867767478235116 -24
    endloop
  endfacet
  facet normal -0.9749279121818235 0.22252093395631484 -1.2438006054394362e-19
    outer loop
      vertex 1.9776616524502573 -6.298084532352348 -33
      vertex 1.9111456115722811 -6.589510348821809 -33
      vertex 1.9111456115722811 -6.589510348821809 -24
    endloop
  endfacet
  facet normal -0.9972037971811802 0.07473009358642384 9.37513532359984e-21
    outer loop
      vertex 2 -6 -33
      vertex 1.9776616524502573 -6.298084532352348 -33
      vertex 1.9776616524502573 -6.298084532352348 -24
    endloop
  endfacet
  facet normal -0.9972037971811802 -0.07473009358642435 -6.873259441666796e-20
    outer loop
      vertex 1.977661652450257 -5.701915467647651 -33
      vertex 2 -6 -33
      vertex 2 -6 -24
    endloop
  endfacet
  facet normal -0.9749279121818235 -0.2225209339563147 5.869897375891074e-19
    outer loop
      vertex 1.9111456115722814 -5.4104896511781915 -33
      vertex 1.977661652450257 -5.701915467647651 -33
      vertex 1.977661652450257 -5.701915467647651 -24
    endloop
  endfacet
  facet normal -0.9308737486442044 -0.3653410243663948 4.618960796267839e-19
    outer loop
      vertex 1.8019377358048383 -5.132232521764884 -33
      vertex 1.9111456115722814 -5.4104896511781915 -33
      vertex 1.9111456115722814 -5.4104896511781915 -24
    endloop
  endfacet
  facet normal -0.8660254037844387 -0.5 2.3224716488691305e-19
    outer loop
      vertex 1.6524775486319898 -4.873359883872756 -33
      vertex 1.8019377358048383 -5.132232521764884 -33
      vertex 1.8019377358048383 -5.132232521764884 -24
    endloop
  endfacet
  facet normal 0 1 0
    outer loop
      vertex -0.14946018717284823 -7.99440759436236 -24
      vertex 0.14946018717284823 -7.99440759436236 -24
      vertex 0.14946018717284823 -7.99440759436236 -33
    endloop
  endfacet
  facet normal -0.14904226617617453 0.9888308262251286 0
    outer loop
      vertex 0.44504186791262795 -7.949855824363647 -33
      vertex 0.14946018717284823 -7.99440759436236 -24
      vertex 0.44504186791262795 -7.949855824363647 -24
    endloop
  endfacet
  facet normal -0.29475517441090365 0.9555728057861409 0
    outer loop
      vertex 0.7306820487327906 -7.861747497288408 -33
      vertex 0.44504186791262795 -7.949855824363647 -24
      vertex 0.7306820487327906 -7.861747497288408 -24
    endloop
  endfacet
  facet normal -0.4338837391175591 0.9009688679024187 0
    outer loop
      vertex 1 -7.732050807568877 -33
      vertex 0.7306820487327906 -7.861747497288408 -24
      vertex 1 -7.732050807568877 -24
    endloop
  endfacet
  facet normal -0.5633200580636208 0.8262387743159958 0
    outer loop
      vertex 1.2469796037174667 -7.56366296493606 -33
      vertex 1 -7.732050807568877 -24
      vertex 1.2469796037174667 -7.56366296493606 -24
    endloop
  endfacet
  facet normal -0.680172737770919 0.7330518718298268 0
    outer loop
      vertex 1.4661037436596531 -7.3603454755418385 -33
      vertex 1.2469796037174667 -7.56366296493606 -24
      vertex 1.4661037436596531 -7.3603454755418385 -24
    endloop
  endfacet
  facet normal -0.7818314824680304 0.623489801858733 1.2860930156056786e-18
    outer loop
      vertex 1.4661037436596531 -7.3603454755418385 -24
      vertex 1.6524775486319898 -7.126640116127244 -24
      vertex 1.6524775486319898 -7.126640116127244 -33
    endloop
  endfacet
  facet normal -0.8660254037844389 0.49999999999999944 0
    outer loop
      vertex 1.801937735804838 -6.867767478235116 -33
      vertex 1.6524775486319898 -7.126640116127244 -24
      vertex 1.801937735804838 -6.867767478235116 -24
    endloop
  endfacet
  facet normal -0.9308737486442038 0.3653410243663958 -4.0672117185673406e-19
    outer loop
      vertex 1.801937735804838 -6.867767478235116 -24
      vertex 1.9111456115722811 -6.589510348821809 -24
      vertex 1.9111456115722811 -6.589510348821809 -33
    endloop
  endfacet
  facet normal -0.9749279121818235 0.22252093395631484 -1.2438006054394362e-19
    outer loop
      vertex 1.9111456115722811 -6.589510348821809 -24
      vertex 1.9776616524502573 -6.298084532352348 -24
      vertex 1.9776616524502573 -6.298084532352348 -33
    endloop
  endfacet
  facet normal -0.9972037971811802 0.07473009358642384 0
    outer loop
      vertex 2 -6 -33
      vertex 1.9776616524502573 -6.298084532352348 -24
      vertex 2 -6 -24
    endloop
  endfacet
  facet normal -0.9972037971811802 -0.07473009358642435 0
    outer loop
      vertex 1.977661652450257 -5.701915467647651 -33
      vertex 2 -6 -24
      vertex 1.977661652450257 -5.701915467647651 -24
    endloop
  endfacet
  facet normal -0.9749279121818235 -0.2225209339563147 0
    outer loop
      vertex 1.9111456115722814 -5.4104896511781915 -33
      vertex 1.977661652450257 -5.701915467647651 -24
      vertex 1.9111456115722814 -5.4104896511781915 -24
    endloop
  endfacet
  facet normal -0.9308737486442044 -0.3653410243663948 4.618960796267839e-19
    outer loop
      vertex 1.9111456115722814 -5.4104896511781915 -24
      vertex 1.8019377358048383 -5.132232521764884 -24
      vertex 1.8019377358048383 -5.132232521764884 -33
    endloop
  endfacet
  facet normal -0.6801727377709201 -0.7330518718298257 0
    outer loop
      vertex 1.4661037436596527 -4.6396545244581615 -23.900000000000002
      vertex 1.246979603717467 -4.43633703506394 -33
      vertex 1.4661037436596527 -4.6396545244581615 -33
    endloop
  endfacet
  facet normal -0.5633200580636204 -0.8262387743159959 0
    outer loop
      vertex 1.246979603717467 -4.43633703506394 -23.900000000000002
      vertex 1 -4.267949192431123 -33
      vertex 1.246979603717467 -4.43633703506394 -33
    endloop
  endfacet
  facet normal -0.7818314824680296 -0.6234898018587339 -1.1755544151479626e-18
    outer loop
      vertex 1.4661037436596527 -4.6396545244581615 -33
      vertex 1.6524775486319898 -4.873359883872756 -33
      vertex 1.6524775486319898 -4.873359883872756 -24
    endloop
  endfacet
  facet normal -0.2947551744109024 -0.9555728057861412 0
    outer loop
      vertex 0.7306820487327901 -4.138252502711591 -23.900000000000002
      vertex 0.44504186791262895 -4.050144175636353 -33
      vertex 0.7306820487327901 -4.138252502711591 -33
    endloop
  endfacet
  facet normal -0.4338837391175609 -0.9009688679024179 0
    outer loop
      vertex 1 -4.267949192431123 -23.900000000000002
      vertex 0.7306820487327901 -4.138252502711591 -33
      vertex 1 -4.267949192431123 -33
    endloop
  endfacet
  facet normal 0 -1 0
    outer loop
      vertex 0.1494601871728487 -4.00559240563764 -23.900000000000002
      vertex -0.1494601871728487 -4.00559240563764 -33
      vertex 0.1494601871728487 -4.00559240563764 -33
    endloop
  endfacet
  facet normal -0.14904226617617428 -0.9888308262251285 0
    outer loop
      vertex 0.44504186791262895 -4.050144175636353 -23.900000000000002
      vertex 0.1494601871728487 -4.00559240563764 -33
      vertex 0.44504186791262895 -4.050144175636353 -33
    endloop
  endfacet
  facet normal -0.7818314824680301 -0.6234898018587332 2.9300384288829884e-17
    outer loop
      vertex 1.5553380258090763 -4.7515507750333414 -24
      vertex 1.4661037436596527 -4.6396545244581615 -33
      vertex 1.6524775486319898 -4.873359883872756 -24
    endloop
  endfacet
  facet normal -0.7818314824680289 -0.6234898018587345 0
    outer loop
      vertex 1.4661037436596527 -4.6396545244581615 -23.900000000000002
      vertex 1.4661037436596527 -4.6396545244581615 -33
      vertex 1.5553380258090763 -4.7515507750333414 -24
    endloop
  endfacet
  facet normal -0.6801727377709201 -0.7330518718298257 -8.537780921141383e-19
    outer loop
      vertex 1.4661037436596527 -4.6396545244581615 -23.900000000000002
      vertex 1.246979603717467 -4.43633703506394 -23.900000000000002
      vertex 1.246979603717467 -4.43633703506394 -33
    endloop
  endfacet
  facet normal -0.8660254037844387 -0.5 0
    outer loop
      vertex 1.6524775486319898 -4.873359883872756 -33
      vertex 1.8019377358048383 -5.132232521764884 -24
      vertex 1.6524775486319898 -4.873359883872756 -24
    endloop
  endfacet
  facet normal -0.2947551744109024 -0.9555728057861412 0
    outer loop
      vertex 0.44504186791262895 -4.050144175636353 -23.900000000000002
      vertex 0.44504186791262895 -4.050144175636353 -33
      vertex 0.7306820487327901 -4.138252502711591 -23.900000000000002
    endloop
  endfacet
  facet normal -0.5633200580636204 -0.8262387743159959 -5.82266710352416e-19
    outer loop
      vertex 1.246979603717467 -4.43633703506394 -23.900000000000002
      vertex 1 -4.267949192431123 -23.900000000000002
      vertex 1 -4.267949192431123 -33
    endloop
  endfacet
  facet normal -0.4338837391175609 -0.9009688679024179 -5.221820717791311e-19
    outer loop
      vertex 1 -4.267949192431123 -23.900000000000002
      vertex 0.7306820487327901 -4.138252502711591 -23.900000000000002
      vertex 0.7306820487327901 -4.138252502711591 -33
    endloop
  endfacet
  facet normal -0.14904226617617428 -0.9888308262251285 0
    outer loop
      vertex 0.1494601871728487 -4.00559240563764 -23.900000000000002
      vertex 0.1494601871728487 -4.00559240563764 -33
      vertex 0.44504186791262895 -4.050144175636353 -23.900000000000002
    endloop
  endfacet
  facet normal -0.7818314824680289 -0.6234898018587347 -5.209014085802447e-18
    outer loop
      vertex 1.4661037436596527 -4.6396545244581615 -23.900000000000002
      vertex 1.5553380258090763 -4.7515507750333414 -24
      vertex 1.5553380258090763 -4.7515507750333414 -23.900000000000002
    endloop
  endfacet
  facet normal 0 0 -1
    outer loop
      vertex 1.4661037436596527 -4.6396545244581615 -23.900000000000002
      vertex 1.5553380258090763 -4.7515507750333414 -23.900000000000002
      vertex 1.545084971874737 -4.755282581475767 -23.900000000000002
    endloop
  endfacet
  facet normal 0 0 -1
    outer loop
      vertex 0.1494601871728487 -4.00559240563764 -23.900000000000002
      vertex 0.5226423163382674 -4.972609476841367 -23.900000000000002
      vertex 0.17449748351250485 -4.9969541350954785 -23.900000000000002
    endloop
  endfacet
  facet normal 0 0 -1
    outer loop
      vertex 0.7306820487327901 -4.138252502711591 -23.900000000000002
      vertex 0.8682408883346516 -4.92403876506104 -23.900000000000002
      vertex 0.5226423163382674 -4.972609476841367 -23.900000000000002
    endloop
  endfacet
  facet normal 0 0 -1
    outer loop
      vertex 0.44504186791262895 -4.050144175636353 -23.900000000000002
      vertex 0.7306820487327901 -4.138252502711591 -23.900000000000002
      vertex 0.5226423163382674 -4.972609476841367 -23.900000000000002
    endloop
  endfacet
  facet normal 0 0 -1
    outer loop
      vertex 1 -4.267949192431123 -23.900000000000002
      vertex 1.2096094779983386 -4.851478631379982 -23.900000000000002
      vertex 0.8682408883346516 -4.92403876506104 -23.900000000000002
    endloop
  endfacet
  facet normal 0 0 -1
    outer loop
      vertex 1.246979603717467 -4.43633703506394 -23.900000000000002
      vertex 1.545084971874737 -4.755282581475767 -23.900000000000002
      vertex 1.2096094779983386 -4.851478631379982 -23.900000000000002
    endloop
  endfacet
  facet normal 0 0 -1
    outer loop
      vertex 1.4661037436596527 -4.6396545244581615 -23.900000000000002
      vertex 1.545084971874737 -4.755282581475767 -23.900000000000002
      vertex 1.246979603717467 -4.43633703506394 -23.900000000000002
    endloop
  endfacet
  facet normal 0 0 -1
    outer loop
      vertex 1.246979603717467 -4.43633703506394 -23.900000000000002
      vertex 1.2096094779983386 -4.851478631379982 -23.900000000000002
      vertex 1 -4.267949192431123 -23.900000000000002
    endloop
  endfacet
  facet normal 0 0 -1
    outer loop
      vertex 1 -4.267949192431123 -23.900000000000002
      vertex 0.8682408883346516 -4.92403876506104 -23.900000000000002
      vertex 0.7306820487327901 -4.138252502711591 -23.900000000000002
    endloop
  endfacet
  facet normal 0 0 -1
    outer loop
      vertex -0.1494601871728487 -4.00559240563764 -23.900000000000002
      vertex 0.1494601871728487 -4.00559240563764 -23.900000000000002
      vertex 0.17449748351250485 -4.9969541350954785 -23.900000000000002
    endloop
  endfacet
  facet normal 0 0 -1
    outer loop
      vertex 0.1494601871728487 -4.00559240563764 -23.900000000000002
      vertex 0.44504186791262895 -4.050144175636353 -23.900000000000002
      vertex 0.5226423163382674 -4.972609476841367 -23.900000000000002
    endloop
  endfacet
endsolid OpenSCAD_Model
