solid OpenSCAD_Model
  facet normal 0 0.9063077870366494 0.4226182617407008
    outer loop
      vertex 7.5 -1.5974774553360442 8.918565756346363
      vertex -12 -1.4722431864335457 8.65
      vertex -12 -1.5974774553360442 8.918565756346363
    endloop
  endfacet
  facet normal 0 0.9961946980917455 0.08715574274765854
    outer loop
      vertex 7.5 -1.7 9.5
      vertex -12 -1.6741731801207536 9.204798097966219
      vertex -12 -1.7 9.5
    endloop
  endfacet
  facet normal 0 0.9659258262890686 0.2588190451025197
    outer loop
      vertex 7.5 -1.6741731801207536 9.204798097966219
      vertex -12 -1.5974774553360442 8.918565756346363
      vertex -12 -1.6741731801207536 9.204798097966219
    endloop
  endfacet
  facet normal 0 0.9961946980917455 -0.08715574274765854
    outer loop
      vertex 7.5 -1.6741731801207536 9.795201902033781
      vertex -12 -1.7 9.5
      vertex -12 -1.6741731801207536 9.795201902033781
    endloop
  endfacet
  facet normal 0 0.9659258262890686 -0.2588190451025197
    outer loop
      vertex 7.5 -1.5974774553360442 10.081434243653637
      vertex -12 -1.6741731801207536 9.795201902033781
      vertex -12 -1.5974774553360442 10.081434243653637
    endloop
  endfacet
  facet normal 0 0.9063077870366494 -0.4226182617407008
    outer loop
      vertex 7.5 -1.4722431864335457 10.35
      vertex -12 -1.5974774553360442 10.081434243653637
      vertex -12 -1.4722431864335457 10.35
    endloop
  endfacet
  facet normal 0 0.5735764363510446 0.8191520442889929
    outer loop
      vertex 7.5 -1.0927389364671167 8.197724446697737
      vertex -12 -0.85 8.027756813566455
      vertex -12 -1.0927389364671167 8.197724446697737
    endloop
  endfacet
  facet normal 0 0.42261826174070133 0.9063077870366492
    outer loop
      vertex 7.5 -0.85 8.027756813566455
      vertex -12 -0.5814342436536368 7.902522544663956
      vertex -12 -0.85 8.027756813566455
    endloop
  endfacet
  facet normal 0 0.258819045102521 0.9659258262890682
    outer loop
      vertex 7.5 -0.5814342436536368 7.902522544663956
      vertex -12 -0.29520190203378155 7.825826819879246
      vertex -12 -0.5814342436536368 7.902522544663956
    endloop
  endfacet
  facet normal 0 0.08715574274765928 0.9961946980917455
    outer loop
      vertex 7.5 -0.29520190203378155 7.825826819879246
      vertex -12 0 7.8
      vertex -12 -0.29520190203378155 7.825826819879246
    endloop
  endfacet
  facet normal 0 0.819152044288991 0.573576436351047
    outer loop
      vertex 7.5 -1.4722431864335457 8.65
      vertex -12 -1.3022755533022625 8.407261063532884
      vertex -12 -1.4722431864335457 8.65
    endloop
  endfacet
  facet normal 0 0.7071067811865487 0.7071067811865464
    outer loop
      vertex 7.5 -1.3022755533022625 8.407261063532884
      vertex -12 -1.0927389364671167 8.197724446697737
      vertex -12 -1.3022755533022625 8.407261063532884
    endloop
  endfacet
  facet normal 0 0.819152044288991 -0.573576436351047
    outer loop
      vertex 7.5 -1.3022755533022625 10.592738936467116
      vertex -12 -1.4722431864335457 10.35
      vertex -12 -1.3022755533022625 10.592738936467116
    endloop
  endfacet
  facet normal 0 0.7071067811865487 -0.7071067811865464
    outer loop
      vertex 7.5 -1.0927389364671167 10.802275553302263
      vertex -12 -1.3022755533022625 10.592738936467116
      vertex -12 -1.0927389364671167 10.802275553302263
    endloop
  endfacet
  facet normal 0 0.5735764363510446 -0.8191520442889929
    outer loop
      vertex 7.5 -0.85 10.972243186433545
      vertex -12 -1.0927389364671167 10.802275553302263
      vertex -12 -0.85 10.972243186433545
    endloop
  endfacet
  facet normal 0 0.42261826174070394 -0.9063077870366478
    outer loop
      vertex 7.5 -0.85 10.972243186433545
      vertex -12 -0.85 10.972243186433545
      vertex -12 -0.790475321215444 11
    endloop
  endfacet
  facet normal 0 -0.08715574274765928 0.9961946980917455
    outer loop
      vertex 7.5 0 7.8
      vertex -12 0.29520190203378155 7.825826819879246
      vertex -12 0 7.8
    endloop
  endfacet
  facet normal 0 -0.258819045102521 0.9659258262890682
    outer loop
      vertex 7.5 0.29520190203378155 7.825826819879246
      vertex -12 0.5814342436536368 7.902522544663956
      vertex -12 0.29520190203378155 7.825826819879246
    endloop
  endfacet
  facet normal 0 -0.42261826174070133 0.9063077870366492
    outer loop
      vertex 7.5 0.5814342436536368 7.902522544663956
      vertex -12 0.85 8.027756813566455
      vertex -12 0.5814342436536368 7.902522544663956
    endloop
  endfacet
  facet normal 0 -0.5735764363510446 0.8191520442889929
    outer loop
      vertex 7.5 0.85 8.027756813566455
      vertex -12 1.0927389364671167 8.197724446697737
      vertex -12 0.85 8.027756813566455
    endloop
  endfacet
  facet normal 0 -0.7071067811865487 0.7071067811865464
    outer loop
      vertex 7.5 1.0927389364671167 8.197724446697737
      vertex -12 1.3022755533022625 8.407261063532884
      vertex -12 1.0927389364671167 8.197724446697737
    endloop
  endfacet
  facet normal 0 -0.819152044288991 0.573576436351047
    outer loop
      vertex 7.5 1.3022755533022625 8.407261063532884
      vertex -12 1.4722431864335457 8.65
      vertex -12 1.3022755533022625 8.407261063532884
    endloop
  endfacet
  facet normal 3.367344795907112e-17 -0.4226182617406922 -0.9063077870366533
    outer loop
      vertex -12 0.85 10.972243186433545
      vertex 7.5 0.7904753212154435 11
      vertex -12 0.790475321215442 11
    endloop
  endfacet
  facet normal 0 -0.5735764363510446 -0.8191520442889929
    outer loop
      vertex 7.5 1.0927389364671167 10.802275553302263
      vertex -12 0.85 10.972243186433545
      vertex -12 1.0927389364671167 10.802275553302263
    endloop
  endfacet
  facet normal 0 -0.7071067811865487 -0.7071067811865464
    outer loop
      vertex 7.5 1.3022755533022625 10.592738936467116
      vertex -12 1.0927389364671167 10.802275553302263
      vertex -12 1.3022755533022625 10.592738936467116
    endloop
  endfacet
  facet normal 0 -0.819152044288991 -0.573576436351047
    outer loop
      vertex 7.5 1.4722431864335457 10.35
      vertex -12 1.3022755533022625 10.592738936467116
      vertex -12 1.4722431864335457 10.35
    endloop
  endfacet
  facet normal 0 -0.9063077870366494 0.4226182617407008
    outer loop
      vertex 7.5 1.4722431864335457 8.65
      vertex -12 1.5974774553360442 8.918565756346363
      vertex -12 1.4722431864335457 8.65
    endloop
  endfacet
  facet normal 0 -0.9659258262890686 0.2588190451025197
    outer loop
      vertex 7.5 1.5974774553360442 8.918565756346363
      vertex -12 1.6741731801207536 9.204798097966219
      vertex -12 1.5974774553360442 8.918565756346363
    endloop
  endfacet
  facet normal 0 -0.9961946980917455 0.08715574274765854
    outer loop
      vertex 7.5 1.6741731801207536 9.204798097966219
      vertex -12 1.7 9.5
      vertex -12 1.6741731801207536 9.204798097966219
    endloop
  endfacet
  facet normal 0 -0.9961946980917455 -0.08715574274765854
    outer loop
      vertex 7.5 1.7 9.5
      vertex -12 1.6741731801207536 9.795201902033781
      vertex -12 1.7 9.5
    endloop
  endfacet
  facet normal 0 -0.9659258262890686 -0.2588190451025197
    outer loop
      vertex 7.5 1.6741731801207536 9.795201902033781
      vertex -12 1.5974774553360442 10.081434243653637
      vertex -12 1.6741731801207536 9.795201902033781
    endloop
  endfacet
  facet normal 0 -0.9063077870366494 -0.4226182617407008
    outer loop
      vertex 7.5 1.5974774553360442 10.081434243653637
      vertex -12 1.4722431864335457 10.35
      vertex -12 1.5974774553360442 10.081434243653637
    endloop
  endfacet
  facet normal 2.344542809089438e-19 0.9063077870366494 0.4226182617407008
    outer loop
      vertex 7.5 -1.5974774553360442 8.918565756346363
      vertex 7.5 -1.4722431864335457 8.65
      vertex -12 -1.4722431864335457 8.65
    endloop
  endfacet
  facet normal 0 0.9961946980917455 -0.08715574274765854
    outer loop
      vertex 7.5 -1.7 9.5
      vertex -12 -1.7 9.5
      vertex 7.5 -1.6741731801207536 9.795201902033781
    endloop
  endfacet
  facet normal 0 0.9659258262890686 0.2588190451025197
    outer loop
      vertex 7.5 -1.5974774553360442 8.918565756346363
      vertex -12 -1.5974774553360442 8.918565756346363
      vertex 7.5 -1.6741731801207536 9.204798097966219
    endloop
  endfacet
  facet normal 0 0.9961946980917455 0.08715574274765854
    outer loop
      vertex 7.5 -1.6741731801207536 9.204798097966219
      vertex -12 -1.6741731801207536 9.204798097966219
      vertex 7.5 -1.7 9.5
    endloop
  endfacet
  facet normal 0 0.9659258262890686 -0.2588190451025197
    outer loop
      vertex 7.5 -1.6741731801207536 9.795201902033781
      vertex -12 -1.6741731801207536 9.795201902033781
      vertex 7.5 -1.5974774553360442 10.081434243653637
    endloop
  endfacet
  facet normal 0 0.9063077870366494 -0.4226182617407008
    outer loop
      vertex 7.5 -1.5974774553360442 10.081434243653637
      vertex -12 -1.5974774553360442 10.081434243653637
      vertex 7.5 -1.4722431864335457 10.35
    endloop
  endfacet
  facet normal -5.580416878349755e-19 0.5735764363510446 0.8191520442889929
    outer loop
      vertex 7.5 -1.0927389364671167 8.197724446697737
      vertex 7.5 -0.85 8.027756813566455
      vertex -12 -0.85 8.027756813566455
    endloop
  endfacet
  facet normal 0 0.42261826174070133 0.9063077870366492
    outer loop
      vertex 7.5 -0.5814342436536368 7.902522544663956
      vertex -12 -0.5814342436536368 7.902522544663956
      vertex 7.5 -0.85 8.027756813566455
    endloop
  endfacet
  facet normal -2.1929955842466674e-19 0.258819045102521 0.9659258262890682
    outer loop
      vertex 7.5 -0.5814342436536368 7.902522544663956
      vertex 7.5 -0.29520190203378155 7.825826819879246
      vertex -12 -0.29520190203378155 7.825826819879246
    endloop
  endfacet
  facet normal 2.590247265723693e-20 0.08715574274765928 0.9961946980917455
    outer loop
      vertex 7.5 -0.29520190203378155 7.825826819879246
      vertex 7.5 0 7.8
      vertex -12 0 7.8
    endloop
  endfacet
  facet normal -4.525339338509106e-19 0.819152044288991 0.573576436351047
    outer loop
      vertex 7.5 -1.4722431864335457 8.65
      vertex 7.5 -1.3022755533022625 8.407261063532884
      vertex -12 -1.3022755533022625 8.407261063532884
    endloop
  endfacet
  facet normal 4.027369784936069e-19 0.7071067811865487 0.7071067811865464
    outer loop
      vertex 7.5 -1.3022755533022625 8.407261063532884
      vertex 7.5 -1.0927389364671167 8.197724446697737
      vertex -12 -1.0927389364671167 8.197724446697737
    endloop
  endfacet
  facet normal 0 0.819152044288991 -0.573576436351047
    outer loop
      vertex 7.5 -1.4722431864335457 10.35
      vertex -12 -1.4722431864335457 10.35
      vertex 7.5 -1.3022755533022625 10.592738936467116
    endloop
  endfacet
  facet normal 0 0.7071067811865487 -0.7071067811865464
    outer loop
      vertex 7.5 -1.3022755533022625 10.592738936467116
      vertex -12 -1.3022755533022625 10.592738936467116
      vertex 7.5 -1.0927389364671167 10.802275553302263
    endloop
  endfacet
  facet normal 0 0.5735764363510446 -0.8191520442889929
    outer loop
      vertex 7.5 -1.0927389364671167 10.802275553302263
      vertex -12 -1.0927389364671167 10.802275553302263
      vertex 7.5 -0.85 10.972243186433545
    endloop
  endfacet
  facet normal -9.605252318369172e-18 0.4226182617407013 -0.9063077870366492
    outer loop
      vertex 7.5 -0.85 10.972243186433545
      vertex -12 -0.790475321215444 11
      vertex 7.5 -0.7904753212154435 11
    endloop
  endfacet
  facet normal -2.590247265723693e-20 -0.08715574274765928 0.9961946980917455
    outer loop
      vertex 7.5 0 7.8
      vertex 7.5 0.29520190203378155 7.825826819879246
      vertex -12 0.29520190203378155 7.825826819879246
    endloop
  endfacet
  facet normal 2.1929955842466674e-19 -0.258819045102521 0.9659258262890682
    outer loop
      vertex 7.5 0.29520190203378155 7.825826819879246
      vertex 7.5 0.5814342436536368 7.902522544663956
      vertex -12 0.5814342436536368 7.902522544663956
    endloop
  endfacet
  facet normal -4.5534974769896465e-19 -0.42261826174070133 0.9063077870366492
    outer loop
      vertex 7.5 0.5814342436536368 7.902522544663956
      vertex 7.5 0.85 8.027756813566455
      vertex -12 0.85 8.027756813566455
    endloop
  endfacet
  facet normal 5.580416878349755e-19 -0.5735764363510446 0.8191520442889929
    outer loop
      vertex 7.5 0.85 8.027756813566455
      vertex 7.5 1.0927389364671167 8.197724446697737
      vertex -12 1.0927389364671167 8.197724446697737
    endloop
  endfacet
  facet normal -4.027369784936069e-19 -0.7071067811865487 0.7071067811865464
    outer loop
      vertex 7.5 1.0927389364671167 8.197724446697737
      vertex 7.5 1.3022755533022625 8.407261063532884
      vertex -12 1.3022755533022625 8.407261063532884
    endloop
  endfacet
  facet normal 4.525339338509106e-19 -0.819152044288991 0.573576436351047
    outer loop
      vertex 7.5 1.3022755533022625 8.407261063532884
      vertex 7.5 1.4722431864335457 8.65
      vertex -12 1.4722431864335457 8.65
    endloop
  endfacet
  facet normal 0 -0.4226182617407013 -0.9063077870366492
    outer loop
      vertex 7.5 0.85 10.972243186433545
      vertex 7.5 0.7904753212154435 11
      vertex -12 0.85 10.972243186433545
    endloop
  endfacet
  facet normal 0 -0.5735764363510446 -0.8191520442889929
    outer loop
      vertex 7.5 0.85 10.972243186433545
      vertex -12 0.85 10.972243186433545
      vertex 7.5 1.0927389364671167 10.802275553302263
    endloop
  endfacet
  facet normal 0 -0.7071067811865487 -0.7071067811865464
    outer loop
      vertex 7.5 1.0927389364671167 10.802275553302263
      vertex -12 1.0927389364671167 10.802275553302263
      vertex 7.5 1.3022755533022625 10.592738936467116
    endloop
  endfacet
  facet normal 0 -0.819152044288991 -0.573576436351047
    outer loop
      vertex 7.5 1.3022755533022625 10.592738936467116
      vertex -12 1.3022755533022625 10.592738936467116
      vertex 7.5 1.4722431864335457 10.35
    endloop
  endfacet
  facet normal -2.344542809089438e-19 -0.9063077870366494 0.4226182617407008
    outer loop
      vertex 7.5 1.4722431864335457 8.65
      vertex 7.5 1.5974774553360442 8.918565756346363
      vertex -12 1.5974774553360442 8.918565756346363
    endloop
  endfacet
  facet normal -5.474481805203745e-22 -0.9659258262890686 0.2588190451025197
    outer loop
      vertex 7.5 1.5974774553360442 8.918565756346363
      vertex 7.5 1.6741731801207536 9.204798097966219
      vertex -12 1.6741731801207536 9.204798097966219
    endloop
  endfacet
  facet normal -5.961622063394323e-20 -0.9961946980917455 0.08715574274765854
    outer loop
      vertex 7.5 1.6741731801207536 9.204798097966219
      vertex 7.5 1.7 9.5
      vertex -12 1.7 9.5
    endloop
  endfacet
  facet normal 5.961622063394323e-20 -0.9961946980917455 -0.08715574274765854
    outer loop
      vertex 7.5 1.7 9.5
      vertex 7.5 1.6741731801207536 9.795201902033781
      vertex -12 1.6741731801207536 9.795201902033781
    endloop
  endfacet
  facet normal 0 -0.9063077870366494 -0.4226182617407008
    outer loop
      vertex 7.5 1.4722431864335457 10.35
      vertex -12 1.4722431864335457 10.35
      vertex 7.5 1.5974774553360442 10.081434243653637
    endloop
  endfacet
  facet normal 5.474481805203745e-22 -0.9659258262890686 -0.2588190451025197
    outer loop
      vertex 7.5 1.6741731801207536 9.795201902033781
      vertex 7.5 1.5974774553360442 10.081434243653637
      vertex -12 1.5974774553360442 10.081434243653637
    endloop
  endfacet
  facet normal 0 0.9063077870366494 0.4226182617407008
    outer loop
      vertex 7.5 -1.5974774553360442 -10.081434243653637
      vertex -12 -1.4722431864335457 -10.35
      vertex -12 -1.5974774553360442 -10.081434243653637
    endloop
  endfacet
  facet normal 0 0.9659258262890686 0.2588190451025197
    outer loop
      vertex 7.5 -1.6741731801207536 -9.795201902033781
      vertex -12 -1.5974774553360442 -10.081434243653637
      vertex -12 -1.6741731801207536 -9.795201902033781
    endloop
  endfacet
  facet normal 0 0.9961946980917455 0.08715574274765854
    outer loop
      vertex 7.5 -1.7 -9.5
      vertex -12 -1.6741731801207536 -9.795201902033781
      vertex -12 -1.7 -9.5
    endloop
  endfacet
  facet normal 0 0.9961946980917455 -0.08715574274765854
    outer loop
      vertex 7.5 -1.6741731801207536 -9.204798097966219
      vertex -12 -1.7 -9.5
      vertex -12 -1.6741731801207536 -9.204798097966219
    endloop
  endfacet
  facet normal 0 0.9659258262890686 -0.2588190451025197
    outer loop
      vertex 7.5 -1.5974774553360442 -8.918565756346363
      vertex -12 -1.6741731801207536 -9.204798097966219
      vertex -12 -1.5974774553360442 -8.918565756346363
    endloop
  endfacet
  facet normal 0 0.9063077870366494 -0.4226182617407008
    outer loop
      vertex 7.5 -1.4722431864335457 -8.65
      vertex -12 -1.5974774553360442 -8.918565756346363
      vertex -12 -1.4722431864335457 -8.65
    endloop
  endfacet
  facet normal 0 0.819152044288991 0.573576436351047
    outer loop
      vertex 7.5 -1.4722431864335457 -10.35
      vertex -12 -1.3022755533022625 -10.592738936467116
      vertex -12 -1.4722431864335457 -10.35
    endloop
  endfacet
  facet normal 0 0.7071067811865487 0.7071067811865464
    outer loop
      vertex 7.5 -1.3022755533022625 -10.592738936467116
      vertex -12 -1.0927389364671167 -10.802275553302263
      vertex -12 -1.3022755533022625 -10.592738936467116
    endloop
  endfacet
  facet normal 0 0.5735764363510446 0.8191520442889929
    outer loop
      vertex 7.5 -1.0927389364671167 -10.802275553302263
      vertex -12 -0.85 -10.972243186433545
      vertex -12 -1.0927389364671167 -10.802275553302263
    endloop
  endfacet
  facet normal 3.367344795907112e-17 0.4226182617406922 0.9063077870366533
    outer loop
      vertex -12 -0.85 -10.972243186433545
      vertex 7.5 -0.7904753212154435 -11
      vertex -12 -0.790475321215442 -11
    endloop
  endfacet
  facet normal 0 0.819152044288991 -0.573576436351047
    outer loop
      vertex 7.5 -1.3022755533022625 -8.407261063532884
      vertex -12 -1.4722431864335457 -8.65
      vertex -12 -1.3022755533022625 -8.407261063532884
    endloop
  endfacet
  facet normal 0 0.7071067811865487 -0.7071067811865464
    outer loop
      vertex 7.5 -1.0927389364671167 -8.197724446697737
      vertex -12 -1.3022755533022625 -8.407261063532884
      vertex -12 -1.0927389364671167 -8.197724446697737
    endloop
  endfacet
  facet normal 0 0.5735764363510446 -0.8191520442889929
    outer loop
      vertex 7.5 -0.85 -8.027756813566455
      vertex -12 -1.0927389364671167 -8.197724446697737
      vertex -12 -0.85 -8.027756813566455
    endloop
  endfacet
  facet normal 0 0.42261826174070133 -0.9063077870366492
    outer loop
      vertex 7.5 -0.5814342436536368 -7.902522544663956
      vertex -12 -0.85 -8.027756813566455
      vertex -12 -0.5814342436536368 -7.902522544663956
    endloop
  endfacet
  facet normal 0 0.258819045102521 -0.9659258262890682
    outer loop
      vertex 7.5 -0.29520190203378155 -7.825826819879246
      vertex -12 -0.5814342436536368 -7.902522544663956
      vertex -12 -0.29520190203378155 -7.825826819879246
    endloop
  endfacet
  facet normal 0 0.08715574274765928 -0.9961946980917455
    outer loop
      vertex 7.5 0 -7.8
      vertex -12 -0.29520190203378155 -7.825826819879246
      vertex -12 0 -7.8
    endloop
  endfacet
  facet normal 0 -0.42261826174070394 0.9063077870366478
    outer loop
      vertex 7.5 0.85 -10.972243186433545
      vertex -12 0.85 -10.972243186433545
      vertex -12 0.790475321215444 -11
    endloop
  endfacet
  facet normal 0 -0.5735764363510446 0.8191520442889929
    outer loop
      vertex 7.5 0.85 -10.972243186433545
      vertex -12 1.0927389364671167 -10.802275553302263
      vertex -12 0.85 -10.972243186433545
    endloop
  endfacet
  facet normal 0 -0.7071067811865487 0.7071067811865464
    outer loop
      vertex 7.5 1.0927389364671167 -10.802275553302263
      vertex -12 1.3022755533022625 -10.592738936467116
      vertex -12 1.0927389364671167 -10.802275553302263
    endloop
  endfacet
  facet normal 0 -0.819152044288991 0.573576436351047
    outer loop
      vertex 7.5 1.3022755533022625 -10.592738936467116
      vertex -12 1.4722431864335457 -10.35
      vertex -12 1.3022755533022625 -10.592738936467116
    endloop
  endfacet
  facet normal 0 -0.7071067811865487 -0.7071067811865464
    outer loop
      vertex 7.5 1.3022755533022625 -8.407261063532884
      vertex -12 1.0927389364671167 -8.197724446697737
      vertex -12 1.3022755533022625 -8.407261063532884
    endloop
  endfacet
  facet normal 0 -0.819152044288991 -0.573576436351047
    outer loop
      vertex 7.5 1.4722431864335457 -8.65
      vertex -12 1.3022755533022625 -8.407261063532884
      vertex -12 1.4722431864335457 -8.65
    endloop
  endfacet
  facet normal 0 -0.08715574274765928 -0.9961946980917455
    outer loop
      vertex 7.5 0.29520190203378155 -7.825826819879246
      vertex -12 0 -7.8
      vertex -12 0.29520190203378155 -7.825826819879246
    endloop
  endfacet
  facet normal 0 -0.258819045102521 -0.9659258262890682
    outer loop
      vertex 7.5 0.5814342436536368 -7.902522544663956
      vertex -12 0.29520190203378155 -7.825826819879246
      vertex -12 0.5814342436536368 -7.902522544663956
    endloop
  endfacet
  facet normal 0 -0.42261826174070133 -0.9063077870366492
    outer loop
      vertex 7.5 0.85 -8.027756813566455
      vertex -12 0.5814342436536368 -7.902522544663956
      vertex -12 0.85 -8.027756813566455
    endloop
  endfacet
  facet normal 0 -0.5735764363510446 -0.8191520442889929
    outer loop
      vertex 7.5 1.0927389364671167 -8.197724446697737
      vertex -12 0.85 -8.027756813566455
      vertex -12 1.0927389364671167 -8.197724446697737
    endloop
  endfacet
  facet normal 0 -0.9063077870366494 0.4226182617407008
    outer loop
      vertex 7.5 1.4722431864335457 -10.35
      vertex -12 1.5974774553360442 -10.081434243653637
      vertex -12 1.4722431864335457 -10.35
    endloop
  endfacet
  facet normal 0 -0.9659258262890686 0.2588190451025197
    outer loop
      vertex 7.5 1.5974774553360442 -10.081434243653637
      vertex -12 1.6741731801207536 -9.795201902033781
      vertex -12 1.5974774553360442 -10.081434243653637
    endloop
  endfacet
  facet normal 0 -0.9961946980917455 0.08715574274765854
    outer loop
      vertex 7.5 1.6741731801207536 -9.795201902033781
      vertex -12 1.7 -9.5
      vertex -12 1.6741731801207536 -9.795201902033781
    endloop
  endfacet
  facet normal 0 -0.9659258262890686 -0.2588190451025197
    outer loop
      vertex 7.5 1.6741731801207536 -9.204798097966219
      vertex -12 1.5974774553360442 -8.918565756346363
      vertex -12 1.6741731801207536 -9.204798097966219
    endloop
  endfacet
  facet normal 0 -0.9961946980917455 -0.08715574274765854
    outer loop
      vertex 7.5 1.7 -9.5
      vertex -12 1.6741731801207536 -9.204798097966219
      vertex -12 1.7 -9.5
    endloop
  endfacet
  facet normal 0 -0.9063077870366494 -0.4226182617407008
    outer loop
      vertex 7.5 1.5974774553360442 -8.918565756346363
      vertex -12 1.4722431864335457 -8.65
      vertex -12 1.5974774553360442 -8.918565756346363
    endloop
  endfacet
  facet normal 0 0.9659258262890686 0.2588190451025197
    outer loop
      vertex 7.5 -1.5974774553360442 -10.081434243653637
      vertex -12 -1.5974774553360442 -10.081434243653637
      vertex 7.5 -1.6741731801207536 -9.795201902033781
    endloop
  endfacet
  facet normal 2.344542809089438e-19 0.9063077870366494 0.4226182617407008
    outer loop
      vertex 7.5 -1.5974774553360442 -10.081434243653637
      vertex 7.5 -1.4722431864335457 -10.35
      vertex -12 -1.4722431864335457 -10.35
    endloop
  endfacet
  facet normal 0 0.9961946980917455 0.08715574274765854
    outer loop
      vertex 7.5 -1.6741731801207536 -9.795201902033781
      vertex -12 -1.6741731801207536 -9.795201902033781
      vertex 7.5 -1.7 -9.5
    endloop
  endfacet
  facet normal 0 0.9961946980917455 -0.08715574274765854
    outer loop
      vertex 7.5 -1.7 -9.5
      vertex -12 -1.7 -9.5
      vertex 7.5 -1.6741731801207536 -9.204798097966219
    endloop
  endfacet
  facet normal 0 0.9659258262890686 -0.2588190451025197
    outer loop
      vertex 7.5 -1.6741731801207536 -9.204798097966219
      vertex -12 -1.6741731801207536 -9.204798097966219
      vertex 7.5 -1.5974774553360442 -8.918565756346363
    endloop
  endfacet
  facet normal 0 0.9063077870366494 -0.4226182617407008
    outer loop
      vertex 7.5 -1.5974774553360442 -8.918565756346363
      vertex -12 -1.5974774553360442 -8.918565756346363
      vertex 7.5 -1.4722431864335457 -8.65
    endloop
  endfacet
  facet normal -4.525339338509106e-19 0.819152044288991 0.573576436351047
    outer loop
      vertex 7.5 -1.4722431864335457 -10.35
      vertex 7.5 -1.3022755533022625 -10.592738936467116
      vertex -12 -1.3022755533022625 -10.592738936467116
    endloop
  endfacet
  facet normal 4.027369784936069e-19 0.7071067811865487 0.7071067811865464
    outer loop
      vertex 7.5 -1.3022755533022625 -10.592738936467116
      vertex 7.5 -1.0927389364671167 -10.802275553302263
      vertex -12 -1.0927389364671167 -10.802275553302263
    endloop
  endfacet
  facet normal -5.580416878349755e-19 0.5735764363510446 0.8191520442889929
    outer loop
      vertex 7.5 -1.0927389364671167 -10.802275553302263
      vertex 7.5 -0.85 -10.972243186433545
      vertex -12 -0.85 -10.972243186433545
    endloop
  endfacet
  facet normal 0 0.4226182617407013 0.9063077870366492
    outer loop
      vertex 7.5 -0.85 -10.972243186433545
      vertex 7.5 -0.7904753212154435 -11
      vertex -12 -0.85 -10.972243186433545
    endloop
  endfacet
  facet normal 0 0.819152044288991 -0.573576436351047
    outer loop
      vertex 7.5 -1.4722431864335457 -8.65
      vertex -12 -1.4722431864335457 -8.65
      vertex 7.5 -1.3022755533022625 -8.407261063532884
    endloop
  endfacet
  facet normal 0 0.7071067811865487 -0.7071067811865464
    outer loop
      vertex 7.5 -1.3022755533022625 -8.407261063532884
      vertex -12 -1.3022755533022625 -8.407261063532884
      vertex 7.5 -1.0927389364671167 -8.197724446697737
    endloop
  endfacet
  facet normal 0 0.5735764363510446 -0.8191520442889929
    outer loop
      vertex 7.5 -1.0927389364671167 -8.197724446697737
      vertex -12 -1.0927389364671167 -8.197724446697737
      vertex 7.5 -0.85 -8.027756813566455
    endloop
  endfacet
  facet normal 0 0.42261826174070133 -0.9063077870366492
    outer loop
      vertex 7.5 -0.85 -8.027756813566455
      vertex -12 -0.85 -8.027756813566455
      vertex 7.5 -0.5814342436536368 -7.902522544663956
    endloop
  endfacet
  facet normal 0 0.258819045102521 -0.9659258262890682
    outer loop
      vertex 7.5 -0.5814342436536368 -7.902522544663956
      vertex -12 -0.5814342436536368 -7.902522544663956
      vertex 7.5 -0.29520190203378155 -7.825826819879246
    endloop
  endfacet
  facet normal 0 0.08715574274765928 -0.9961946980917455
    outer loop
      vertex 7.5 -0.29520190203378155 -7.825826819879246
      vertex -12 -0.29520190203378155 -7.825826819879246
      vertex 7.5 0 -7.8
    endloop
  endfacet
  facet normal -9.605252318369172e-18 -0.4226182617407013 0.9063077870366492
    outer loop
      vertex 7.5 0.85 -10.972243186433545
      vertex -12 0.790475321215444 -11
      vertex 7.5 0.7904753212154435 -11
    endloop
  endfacet
  facet normal 5.580416878349755e-19 -0.5735764363510446 0.8191520442889929
    outer loop
      vertex 7.5 0.85 -10.972243186433545
      vertex 7.5 1.0927389364671167 -10.802275553302263
      vertex -12 1.0927389364671167 -10.802275553302263
    endloop
  endfacet
  facet normal -4.027369784936069e-19 -0.7071067811865487 0.7071067811865464
    outer loop
      vertex 7.5 1.0927389364671167 -10.802275553302263
      vertex 7.5 1.3022755533022625 -10.592738936467116
      vertex -12 1.3022755533022625 -10.592738936467116
    endloop
  endfacet
  facet normal 4.525339338509106e-19 -0.819152044288991 0.573576436351047
    outer loop
      vertex 7.5 1.3022755533022625 -10.592738936467116
      vertex 7.5 1.4722431864335457 -10.35
      vertex -12 1.4722431864335457 -10.35
    endloop
  endfacet
  facet normal 0 -0.7071067811865487 -0.7071067811865464
    outer loop
      vertex 7.5 1.0927389364671167 -8.197724446697737
      vertex -12 1.0927389364671167 -8.197724446697737
      vertex 7.5 1.3022755533022625 -8.407261063532884
    endloop
  endfacet
  facet normal 0 -0.819152044288991 -0.573576436351047
    outer loop
      vertex 7.5 1.3022755533022625 -8.407261063532884
      vertex -12 1.3022755533022625 -8.407261063532884
      vertex 7.5 1.4722431864335457 -8.65
    endloop
  endfacet
  facet normal 0 -0.08715574274765928 -0.9961946980917455
    outer loop
      vertex 7.5 0 -7.8
      vertex -12 0 -7.8
      vertex 7.5 0.29520190203378155 -7.825826819879246
    endloop
  endfacet
  facet normal 0 -0.258819045102521 -0.9659258262890682
    outer loop
      vertex 7.5 0.29520190203378155 -7.825826819879246
      vertex -12 0.29520190203378155 -7.825826819879246
      vertex 7.5 0.5814342436536368 -7.902522544663956
    endloop
  endfacet
  facet normal 4.5534974769896465e-19 -0.42261826174070133 -0.9063077870366492
    outer loop
      vertex 7.5 0.85 -8.027756813566455
      vertex 7.5 0.5814342436536368 -7.902522544663956
      vertex -12 0.5814342436536368 -7.902522544663956
    endloop
  endfacet
  facet normal 0 -0.5735764363510446 -0.8191520442889929
    outer loop
      vertex 7.5 0.85 -8.027756813566455
      vertex -12 0.85 -8.027756813566455
      vertex 7.5 1.0927389364671167 -8.197724446697737
    endloop
  endfacet
  facet normal -2.344542809089438e-19 -0.9063077870366494 0.4226182617407008
    outer loop
      vertex 7.5 1.4722431864335457 -10.35
      vertex 7.5 1.5974774553360442 -10.081434243653637
      vertex -12 1.5974774553360442 -10.081434243653637
    endloop
  endfacet
  facet normal -5.474481805203745e-22 -0.9659258262890686 0.2588190451025197
    outer loop
      vertex 7.5 1.5974774553360442 -10.081434243653637
      vertex 7.5 1.6741731801207536 -9.795201902033781
      vertex -12 1.6741731801207536 -9.795201902033781
    endloop
  endfacet
  facet normal 5.961622063394323e-20 -0.9961946980917455 -0.08715574274765854
    outer loop
      vertex 7.5 1.7 -9.5
      vertex 7.5 1.6741731801207536 -9.204798097966219
      vertex -12 1.6741731801207536 -9.204798097966219
    endloop
  endfacet
  facet normal 5.474481805203745e-22 -0.9659258262890686 -0.2588190451025197
    outer loop
      vertex 7.5 1.6741731801207536 -9.204798097966219
      vertex 7.5 1.5974774553360442 -8.918565756346363
      vertex -12 1.5974774553360442 -8.918565756346363
    endloop
  endfacet
  facet normal -5.961622063394323e-20 -0.9961946980917455 0.08715574274765854
    outer loop
      vertex 7.5 1.6741731801207536 -9.795201902033781
      vertex 7.5 1.7 -9.5
      vertex -12 1.7 -9.5
    endloop
  endfacet
  facet normal 0 -0.9063077870366494 -0.4226182617407008
    outer loop
      vertex 7.5 1.4722431864335457 -8.65
      vertex -12 1.4722431864335457 -8.65
      vertex 7.5 1.5974774553360442 -8.918565756346363
    endloop
  endfacet
  facet normal 0.8819212643483552 0 0.47139673682599753
    outer loop
      vertex -1.2472044184538178 -4.928941607803772 -0.8333553495294033
      vertex -1.38581929876693 -6 -0.5740251485476346
      vertex -1.2472044184538178 -6 -0.8333553495294033
    endloop
  endfacet
  facet normal 0.7730104533627375 1.7819026122447736e-17 0.6343932841636448
    outer loop
      vertex -1.2185745966497203 -4.92403876506104 -0.8682408883346516
      vertex -1.2472044184538178 -6 -0.8333553495294033
      vertex -1.0606601717798214 -6 -1.0606601717798214
    endloop
  endfacet
  facet normal 0.9569403357322088 4.728773114299362e-17 0.2902846772544627
    outer loop
      vertex -1.4014061105119942 -4.972609476841367 -0.5226423163382674
      vertex -1.4711779206048456 -6 -0.2926354830241924
      vertex -1.38581929876693 -6 -0.5740251485476346
    endloop
  endfacet
  facet normal 0.9951847266721968 -4.745608257922142e-17 0.09801714032956069
    outer loop
      vertex -1.4828134979665597 -4.9969541350954785 -0.17449748351250485
      vertex -1.5 -6 0
      vertex -1.4711779206048456 -6 -0.2926354830241924
    endloop
  endfacet
  facet normal 0.7730104533627378 0 0.6343932841636445
    outer loop
      vertex -1.2472044184538178 -4.928941607803772 -0.8333553495294033
      vertex -1.2472044184538178 -6 -0.8333553495294033
      vertex -1.2185745966497203 -4.92403876506104 -0.8682408883346516
    endloop
  endfacet
  facet normal 0.7730104533627374 0 0.6343932841636448
    outer loop
      vertex -1.0606601717798214 -4.883138783772925 -1.0606601717798214
      vertex -1.2185745966497203 -4.92403876506104 -0.8682408883346516
      vertex -1.0606601717798214 -6 -1.0606601717798214
    endloop
  endfacet
  facet normal 0.8819212643483552 -6.603964357498802e-18 0.4713967368259975
    outer loop
      vertex -1.2472044184538178 -4.928941607803772 -0.8333553495294033
      vertex -1.38581929876693 -4.965388090713289 -0.5740251485476346
      vertex -1.38581929876693 -6 -0.5740251485476346
    endloop
  endfacet
  facet normal 0.9569403357322085 0 0.29028467725446355
    outer loop
      vertex -1.38581929876693 -4.965388090713289 -0.5740251485476346
      vertex -1.4014061105119942 -4.972609476841367 -0.5226423163382674
      vertex -1.38581929876693 -6 -0.5740251485476346
    endloop
  endfacet
  facet normal 0.9569403357322088 1.5078248783116949e-18 0.29028467725446255
    outer loop
      vertex -1.4014061105119942 -4.972609476841367 -0.5226423163382674
      vertex -1.4711779206048456 -4.988693121420242 -0.2926354830241924
      vertex -1.4711779206048456 -6 -0.2926354830241924
    endloop
  endfacet
  facet normal 0.9951847266721968 4.311599460929845e-19 0.09801714032956095
    outer loop
      vertex -1.4828134979665597 -4.9969541350954785 -0.17449748351250485
      vertex -1.5 -4.9969541350954785 0
      vertex -1.5 -6 0
    endloop
  endfacet
  facet normal 0.9951847266721969 0 0.0980171403295603
    outer loop
      vertex -1.4711779206048456 -4.988693121420242 -0.2926354830241924
      vertex -1.4828134979665597 -4.9969541350954785 -0.17449748351250485
      vertex -1.4711779206048456 -6 -0.2926354830241924
    endloop
  endfacet
  facet normal 0.29028467725446266 0 0.9569403357322087
    outer loop
      vertex -0.2926354830241924 -4.776475087402448 -1.4711779206048456
      vertex -0.5740251485476346 -6 -1.38581929876693
      vertex -0.2926354830241924 -6 -1.4711779206048456
    endloop
  endfacet
  facet normal 0.09801714032956069 0 0.9951847266721968
    outer loop
      vertex 0 -4.768210489127914 -1.5
      vertex -0.2926354830241924 -6 -1.4711779206048456
      vertex 0 -6 -1.5
    endloop
  endfacet
  facet normal 0.6343932841636448 3.488507920649557e-17 0.7730104533627375
    outer loop
      vertex -0.8791649170186748 -4.851478631379982 -1.2096094779983386
      vertex -1.0606601717798214 -6 -1.0606601717798214
      vertex -0.8333553495294033 -6 -1.2472044184538178
    endloop
  endfacet
  facet normal 0.4713967368259974 0 0.881921264348355
    outer loop
      vertex -0.5740251485476346 -4.800951278349202 -1.38581929876693
      vertex -0.8333553495294033 -6 -1.2472044184538178
      vertex -0.5740251485476346 -6 -1.38581929876693
    endloop
  endfacet
  facet normal 0.2902846772544627 0 0.9569403357322088
    outer loop
      vertex -0.5740251485476346 -4.800951278349202 -1.38581929876693
      vertex -0.5740251485476346 -6 -1.38581929876693
      vertex -0.2926354830241924 -4.776475087402448 -1.4711779206048456
    endloop
  endfacet
  facet normal 0.0980171403295607 0 0.9951847266721969
    outer loop
      vertex -0.2926354830241924 -4.776475087402448 -1.4711779206048456
      vertex -0.2926354830241924 -6 -1.4711779206048456
      vertex 0 -4.768210489127914 -1.5
    endloop
  endfacet
  facet normal -0.09801714032956069 0 0.9951847266721968
    outer loop
      vertex 0 -4.768210489127914 -1.5
      vertex 0 -6 -1.5
      vertex 0.2926354830241924 -4.776475087402448 -1.4711779206048456
    endloop
  endfacet
  facet normal 0.6343932841636449 -1.4911132311136205e-18 0.7730104533627374
    outer loop
      vertex -0.8791649170186748 -4.851478631379982 -1.2096094779983386
      vertex -1.0606601717798214 -4.883138783772925 -1.0606601717798214
      vertex -1.0606601717798214 -6 -1.0606601717798214
    endloop
  endfacet
  facet normal 0.6343932841636444 -6.01511069380539e-19 0.773010453362738
    outer loop
      vertex -0.8791649170186748 -4.851478631379982 -1.2096094779983386
      vertex -0.8333553495294033 -6 -1.2472044184538178
      vertex -0.8333553495294033 -4.840698455676496 -1.2472044184538178
    endloop
  endfacet
  facet normal 0.47139673682599753 0 0.8819212643483552
    outer loop
      vertex -0.8333553495294033 -4.840698455676496 -1.2472044184538178
      vertex -0.8333553495294033 -6 -1.2472044184538178
      vertex -0.5740251485476346 -4.800951278349202 -1.38581929876693
    endloop
  endfacet
  facet normal -0.0980171403295607 0 0.9951847266721969
    outer loop
      vertex 0.2926354830241924 -4.776475087402448 -1.4711779206048456
      vertex 0 -6 -1.5
      vertex 0.2926354830241924 -6 -1.4711779206048456
    endloop
  endfacet
  facet normal -0.2902846772544627 0 0.9569403357322088
    outer loop
      vertex 0.5740251485476346 -4.800951278349202 -1.38581929876693
      vertex 0.2926354830241924 -6 -1.4711779206048456
      vertex 0.5740251485476346 -6 -1.38581929876693
    endloop
  endfacet
  facet normal -0.47139673682599753 0 0.8819212643483552
    outer loop
      vertex 0.8333553495294033 -4.840698455676496 -1.2472044184538178
      vertex 0.5740251485476346 -6 -1.38581929876693
      vertex 0.8333553495294033 -6 -1.2472044184538178
    endloop
  endfacet
  facet normal -0.6343932841636448 0 0.7730104533627375
    outer loop
      vertex 1.0606601717798214 -4.883138783772925 -1.0606601717798214
      vertex 0.8333553495294033 -6 -1.2472044184538178
      vertex 1.0606601717798214 -6 -1.0606601717798214
    endloop
  endfacet
  facet normal -0.7730104533627374 0 0.6343932841636448
    outer loop
      vertex 1.2472044184538178 -4.928941607803772 -0.8333553495294033
      vertex 1.0606601717798214 -6 -1.0606601717798214
      vertex 1.2472044184538178 -6 -0.8333553495294033
    endloop
  endfacet
  facet normal -0.8819212643483552 0 0.4713967368259975
    outer loop
      vertex 1.38581929876693 -4.965388090713289 -0.5740251485476346
      vertex 1.2472044184538178 -6 -0.8333553495294033
      vertex 1.38581929876693 -6 -0.5740251485476346
    endloop
  endfacet
  facet normal -0.7730104533627374 0 0.6343932841636448
    outer loop
      vertex 1.0606601717798214 -4.883138783772925 -1.0606601717798214
      vertex 1.0606601717798214 -6 -1.0606601717798214
      vertex 1.2185745966497203 -4.92403876506104 -0.8682408883346516
    endloop
  endfacet
  facet normal -0.7730104533627378 1.0419031702019908e-16 0.6343932841636445
    outer loop
      vertex 1.2185745966497203 -4.92403876506104 -0.8682408883346516
      vertex 1.0606601717798214 -6 -1.0606601717798214
      vertex 1.2472044184538178 -4.928941607803772 -0.8333553495294033
    endloop
  endfacet
  facet normal -0.8819212643483552 0 0.47139673682599753
    outer loop
      vertex 1.2472044184538178 -4.928941607803772 -0.8333553495294033
      vertex 1.2472044184538178 -6 -0.8333553495294033
      vertex 1.38581929876693 -4.965388090713289 -0.5740251485476346
    endloop
  endfacet
  facet normal -0.9569403357322085 0 0.29028467725446355
    outer loop
      vertex 1.38581929876693 -4.965388090713289 -0.5740251485476346
      vertex 1.38581929876693 -6 -0.5740251485476346
      vertex 1.4014061105119942 -4.972609476841367 -0.5226423163382674
    endloop
  endfacet
  facet normal -0.29028467725446266 0 0.9569403357322087
    outer loop
      vertex 0.2926354830241924 -4.776475087402448 -1.4711779206048456
      vertex 0.2926354830241924 -6 -1.4711779206048456
      vertex 0.5740251485476346 -4.800951278349202 -1.38581929876693
    endloop
  endfacet
  facet normal -0.4713967368259974 0 0.881921264348355
    outer loop
      vertex 0.5740251485476346 -4.800951278349202 -1.38581929876693
      vertex 0.5740251485476346 -6 -1.38581929876693
      vertex 0.8333553495294033 -4.840698455676496 -1.2472044184538178
    endloop
  endfacet
  facet normal -0.6343932841636453 0 0.7730104533627372
    outer loop
      vertex 0.8333553495294033 -4.840698455676496 -1.2472044184538178
      vertex 0.8333553495294033 -6 -1.2472044184538178
      vertex 0.8791649170186747 -4.851478631379982 -1.2096094779983386
    endloop
  endfacet
  facet normal -0.6343932841636447 -3.2845045817926595e-17 0.7730104533627377
    outer loop
      vertex 0.8791649170186747 -4.851478631379982 -1.2096094779983386
      vertex 0.8333553495294033 -6 -1.2472044184538178
      vertex 1.0606601717798214 -4.883138783772925 -1.0606601717798214
    endloop
  endfacet
  facet normal -0.9569403357322087 0 0.2902846772544628
    outer loop
      vertex 1.4711779206048456 -4.988693121420242 -0.2926354830241924
      vertex 1.38581929876693 -6 -0.5740251485476346
      vertex 1.4711779206048456 -6 -0.2926354830241924
    endloop
  endfacet
  facet normal -0.9951847266721968 0 0.0980171403295607
    outer loop
      vertex 1.5 -4.9969541350954785 0
      vertex 1.4711779206048456 -6 -0.2926354830241924
      vertex 1.5 -6 0
    endloop
  endfacet
  facet normal -0.9569403357322088 5.697906693924885e-17 0.29028467725446255
    outer loop
      vertex 1.4014061105119942 -4.972609476841367 -0.5226423163382674
      vertex 1.38581929876693 -6 -0.5740251485476346
      vertex 1.4711779206048456 -4.988693121420242 -0.2926354830241924
    endloop
  endfacet
  facet normal -0.9951847266721969 0 0.0980171403295603
    outer loop
      vertex 1.4711779206048456 -4.988693121420242 -0.2926354830241924
      vertex 1.4711779206048456 -6 -0.2926354830241924
      vertex 1.4828134979665597 -4.9969541350954785 -0.17449748351250485
    endloop
  endfacet
  facet normal -0.9951847266721968 -7.820085182576341e-17 0.09801714032956095
    outer loop
      vertex 1.4828134979665597 -4.9969541350954785 -0.17449748351250485
      vertex 1.4711779206048456 -6 -0.2926354830241924
      vertex 1.5 -4.9969541350954785 0
    endloop
  endfacet
  facet normal 0.9951847266721968 0 -0.0980171403295607
    outer loop
      vertex -1.5 -4.9969541350954785 0
      vertex -1.4711779206048456 -6 0.2926354830241924
      vertex -1.5 -6 0
    endloop
  endfacet
  facet normal 0.9569403357322087 0 -0.2902846772544628
    outer loop
      vertex -1.4711779206048456 -4.988693121420242 0.2926354830241924
      vertex -1.38581929876693 -6 0.5740251485476346
      vertex -1.4711779206048456 -6 0.2926354830241924
    endloop
  endfacet
  facet normal 0.8819212643483552 0 -0.4713967368259975
    outer loop
      vertex -1.38581929876693 -4.965388090713289 0.5740251485476346
      vertex -1.2472044184538178 -6 0.8333553495294033
      vertex -1.38581929876693 -6 0.5740251485476346
    endloop
  endfacet
  facet normal 0.7730104533627374 0 -0.6343932841636448
    outer loop
      vertex -1.2472044184538178 -4.928941607803772 0.8333553495294033
      vertex -1.0606601717798214 -6 1.0606601717798214
      vertex -1.2472044184538178 -6 0.8333553495294033
    endloop
  endfacet
  facet normal 0.9951847266721968 -7.755004659640108e-17 -0.09801714032956095
    outer loop
      vertex -1.5 -4.9969541350954785 0
      vertex -1.4828134979665597 -4.9969541350954785 0.17449748351250485
      vertex -1.4711779206048456 -6 0.2926354830241924
    endloop
  endfacet
  facet normal 0.9951847266721969 -1.316493493841213e-20 -0.0980171403295603
    outer loop
      vertex -1.4828134979665597 -4.9969541350954785 0.17449748351250485
      vertex -1.4711779206048456 -4.988693121420242 0.2926354830241924
      vertex -1.4711779206048456 -6 0.2926354830241924
    endloop
  endfacet
  facet normal 0.9569403357322088 6.317140006414178e-17 -0.29028467725446255
    outer loop
      vertex -1.4711779206048456 -4.988693121420242 0.2926354830241924
      vertex -1.4014061105119942 -4.972609476841367 0.5226423163382674
      vertex -1.38581929876693 -6 0.5740251485476346
    endloop
  endfacet
  facet normal 0.9569403357322085 2.9864338389595265e-19 -0.29028467725446355
    outer loop
      vertex -1.4014061105119942 -4.972609476841367 0.5226423163382674
      vertex -1.38581929876693 -4.965388090713289 0.5740251485476346
      vertex -1.38581929876693 -6 0.5740251485476346
    endloop
  endfacet
  facet normal 0.8819212643483552 6.379241526470794e-18 -0.47139673682599753
    outer loop
      vertex -1.38581929876693 -4.965388090713289 0.5740251485476346
      vertex -1.2472044184538178 -4.928941607803772 0.8333553495294033
      vertex -1.2472044184538178 -6 0.8333553495294033
    endloop
  endfacet
  facet normal 0.7730104533627378 1.184017912381322e-16 -0.6343932841636445
    outer loop
      vertex -1.2472044184538178 -4.928941607803772 0.8333553495294033
      vertex -1.2185745966497203 -4.92403876506104 0.8682408883346516
      vertex -1.0606601717798214 -6 1.0606601717798214
    endloop
  endfacet
  facet normal 0.7730104533627374 -4.722195808394342e-18 -0.6343932841636448
    outer loop
      vertex -1.2185745966497203 -4.92403876506104 0.8682408883346516
      vertex -1.0606601717798214 -4.883138783772925 1.0606601717798214
      vertex -1.0606601717798214 -6 1.0606601717798214
    endloop
  endfacet
  facet normal 0.6343932841636448 0 -0.7730104533627375
    outer loop
      vertex -1.0606601717798214 -4.883138783772925 1.0606601717798214
      vertex -0.8333553495294033 -6 1.2472044184538178
      vertex -1.0606601717798214 -6 1.0606601717798214
    endloop
  endfacet
  facet normal 0.47139673682599753 0 -0.8819212643483552
    outer loop
      vertex -0.8333553495294033 -4.840698455676496 1.2472044184538178
      vertex -0.5740251485476346 -6 1.38581929876693
      vertex -0.8333553495294033 -6 1.2472044184538178
    endloop
  endfacet
  facet normal 0.2902846772544627 0 -0.9569403357322088
    outer loop
      vertex -0.5740251485476346 -4.800951278349202 1.38581929876693
      vertex -0.2926354830241924 -6 1.4711779206048456
      vertex -0.5740251485476346 -6 1.38581929876693
    endloop
  endfacet
  facet normal 0.0980171403295607 0 -0.9951847266721969
    outer loop
      vertex -0.2926354830241924 -4.776475087402448 1.4711779206048456
      vertex 0 -6 1.5
      vertex -0.2926354830241924 -6 1.4711779206048456
    endloop
  endfacet
  facet normal -0.09801714032956069 0 -0.9951847266721968
    outer loop
      vertex 0 -4.768210489127914 1.5
      vertex 0.2926354830241924 -6 1.4711779206048456
      vertex 0 -6 1.5
    endloop
  endfacet
  facet normal 0.6343932841636447 -2.544547222290521e-17 -0.7730104533627375
    outer loop
      vertex -1.0606601717798214 -4.883138783772925 1.0606601717798214
      vertex -0.8791649170186747 -4.851478631379982 1.2096094779983386
      vertex -0.8333553495294033 -6 1.2472044184538178
    endloop
  endfacet
  facet normal 0.6343932841636453 -1.8316565978232825e-19 -0.7730104533627372
    outer loop
      vertex -0.8791649170186747 -4.851478631379982 1.2096094779983386
      vertex -0.8333553495294033 -4.840698455676496 1.2472044184538178
      vertex -0.8333553495294033 -6 1.2472044184538178
    endloop
  endfacet
  facet normal 0.4713967368259974 5.698300702382199e-18 -0.881921264348355
    outer loop
      vertex -0.8333553495294033 -4.840698455676496 1.2472044184538178
      vertex -0.5740251485476346 -4.800951278349202 1.38581929876693
      vertex -0.5740251485476346 -6 1.38581929876693
    endloop
  endfacet
  facet normal 0.29028467725446266 9.96307436563501e-19 -0.9569403357322087
    outer loop
      vertex -0.5740251485476346 -4.800951278349202 1.38581929876693
      vertex -0.2926354830241924 -4.776475087402448 1.4711779206048456
      vertex -0.2926354830241924 -6 1.4711779206048456
    endloop
  endfacet
  facet normal 0.09801714032956069 -8.856765134325977e-19 -0.9951847266721968
    outer loop
      vertex -0.2926354830241924 -4.776475087402448 1.4711779206048456
      vertex 0 -4.768210489127914 1.5
      vertex 0 -6 1.5
    endloop
  endfacet
  facet normal -0.4713967368259974 0 -0.881921264348355
    outer loop
      vertex 0.5740251485476346 -4.800951278349202 1.38581929876693
      vertex 0.8333553495294033 -6 1.2472044184538178
      vertex 0.5740251485476346 -6 1.38581929876693
    endloop
  endfacet
  facet normal -0.7730104533627375 1.7819026122447736e-17 -0.6343932841636448
    outer loop
      vertex 1.2185745966497203 -4.92403876506104 0.8682408883346516
      vertex 1.2472044184538178 -6 0.8333553495294033
      vertex 1.0606601717798214 -6 1.0606601717798214
    endloop
  endfacet
  facet normal -0.8819212643483552 0 -0.47139673682599753
    outer loop
      vertex 1.2472044184538178 -4.928941607803772 0.8333553495294033
      vertex 1.38581929876693 -6 0.5740251485476346
      vertex 1.2472044184538178 -6 0.8333553495294033
    endloop
  endfacet
  facet normal -0.9569403357322085 -2.9864338389595265e-19 -0.29028467725446355
    outer loop
      vertex 1.4014061105119942 -4.972609476841367 0.5226423163382674
      vertex 1.38581929876693 -6 0.5740251485476346
      vertex 1.38581929876693 -4.965388090713289 0.5740251485476346
    endloop
  endfacet
  facet normal -0.8819212643483552 0 -0.4713967368259975
    outer loop
      vertex 1.38581929876693 -4.965388090713289 0.5740251485476346
      vertex 1.38581929876693 -6 0.5740251485476346
      vertex 1.2472044184538178 -4.928941607803772 0.8333553495294033
    endloop
  endfacet
  facet normal -0.6343932841636448 3.488507920649557e-17 -0.7730104533627375
    outer loop
      vertex 0.8791649170186748 -4.851478631379982 1.2096094779983386
      vertex 1.0606601717798214 -6 1.0606601717798214
      vertex 0.8333553495294033 -6 1.2472044184538178
    endloop
  endfacet
  facet normal -0.7730104533627378 -8.11714146780057e-19 -0.6343932841636445
    outer loop
      vertex 1.2185745966497203 -4.92403876506104 0.8682408883346516
      vertex 1.2472044184538178 -4.928941607803772 0.8333553495294033
      vertex 1.2472044184538178 -6 0.8333553495294033
    endloop
  endfacet
  facet normal -0.7730104533627374 4.722195808394342e-18 -0.6343932841636448
    outer loop
      vertex 1.2185745966497203 -4.92403876506104 0.8682408883346516
      vertex 1.0606601717798214 -6 1.0606601717798214
      vertex 1.0606601717798214 -4.883138783772925 1.0606601717798214
    endloop
  endfacet
  facet normal -0.29028467725446266 0 -0.9569403357322087
    outer loop
      vertex 0.2926354830241924 -4.776475087402448 1.4711779206048456
      vertex 0.5740251485476346 -6 1.38581929876693
      vertex 0.2926354830241924 -6 1.4711779206048456
    endloop
  endfacet
  facet normal -0.47139673682599753 -5.893669516985132e-18 -0.8819212643483552
    outer loop
      vertex 0.5740251485476346 -4.800951278349202 1.38581929876693
      vertex 0.8333553495294033 -4.840698455676496 1.2472044184538178
      vertex 0.8333553495294033 -6 1.2472044184538178
    endloop
  endfacet
  facet normal -0.6343932841636444 0 -0.773010453362738
    outer loop
      vertex 0.8333553495294033 -4.840698455676496 1.2472044184538178
      vertex 0.8791649170186748 -4.851478631379982 1.2096094779983386
      vertex 0.8333553495294033 -6 1.2472044184538178
    endloop
  endfacet
  facet normal -0.6343932841636449 0 -0.7730104533627374
    outer loop
      vertex 1.0606601717798214 -4.883138783772925 1.0606601717798214
      vertex 1.0606601717798214 -6 1.0606601717798214
      vertex 0.8791649170186748 -4.851478631379982 1.2096094779983386
    endloop
  endfacet
  facet normal -0.0980171403295607 8.916590320632735e-19 -0.9951847266721969
    outer loop
      vertex 0 -4.768210489127914 1.5
      vertex 0.2926354830241924 -4.776475087402448 1.4711779206048456
      vertex 0.2926354830241924 -6 1.4711779206048456
    endloop
  endfacet
  facet normal -0.2902846772544627 -1.0166450680697716e-18 -0.9569403357322088
    outer loop
      vertex 0.2926354830241924 -4.776475087402448 1.4711779206048456
      vertex 0.5740251485476346 -4.800951278349202 1.38581929876693
      vertex 0.5740251485476346 -6 1.38581929876693
    endloop
  endfacet
  facet normal -0.9951847266721968 -4.745608257922142e-17 -0.09801714032956069
    outer loop
      vertex 1.4828134979665597 -4.9969541350954785 0.17449748351250485
      vertex 1.5 -6 0
      vertex 1.4711779206048456 -6 0.2926354830241924
    endloop
  endfacet
  facet normal -0.9569403357322088 4.728773114299362e-17 -0.2902846772544627
    outer loop
      vertex 1.4014061105119942 -4.972609476841367 0.5226423163382674
      vertex 1.4711779206048456 -6 0.2926354830241924
      vertex 1.38581929876693 -6 0.5740251485476346
    endloop
  endfacet
  facet normal -0.9951847266721968 0 -0.09801714032956095
    outer loop
      vertex 1.5 -4.9969541350954785 0
      vertex 1.5 -6 0
      vertex 1.4828134979665597 -4.9969541350954785 0.17449748351250485
    endloop
  endfacet
  facet normal -0.9951847266721969 1.316493493841213e-20 -0.0980171403295603
    outer loop
      vertex 1.4828134979665597 -4.9969541350954785 0.17449748351250485
      vertex 1.4711779206048456 -6 0.2926354830241924
      vertex 1.4711779206048456 -4.988693121420242 0.2926354830241924
    endloop
  endfacet
  facet normal -0.9569403357322088 0 -0.29028467725446255
    outer loop
      vertex 1.4711779206048456 -4.988693121420242 0.2926354830241924
      vertex 1.4711779206048456 -6 0.2926354830241924
      vertex 1.4014061105119942 -4.972609476841367 0.5226423163382674
    endloop
  endfacet
  facet normal 0.8819212643483552 0 0.47139673682599753
    outer loop
      vertex -1.2472044184538178 4.928941607803772 -0.8333553495294033
      vertex -1.2472044184538178 6 -0.8333553495294033
      vertex -1.38581929876693 4.965388090713289 -0.5740251485476346
    endloop
  endfacet
  facet normal 0.7730104533627374 0 0.6343932841636448
    outer loop
      vertex -1.0606601717798214 4.883138783772925 -1.0606601717798214
      vertex -1.0606601717798214 6 -1.0606601717798214
      vertex -1.2185745966497203 4.92403876506104 -0.8682408883346516
    endloop
  endfacet
  facet normal 0.7730104533627378 -1.184017912381322e-16 0.6343932841636445
    outer loop
      vertex -1.2472044184538178 4.928941607803772 -0.8333553495294033
      vertex -1.2185745966497203 4.92403876506104 -0.8682408883346516
      vertex -1.0606601717798214 6 -1.0606601717798214
    endloop
  endfacet
  facet normal 0.9569403357322085 0 0.29028467725446355
    outer loop
      vertex -1.38581929876693 4.965388090713289 -0.5740251485476346
      vertex -1.38581929876693 6 -0.5740251485476346
      vertex -1.4014061105119942 4.972609476841367 -0.5226423163382674
    endloop
  endfacet
  facet normal 0.9569403357322088 -5.697906693924885e-17 0.29028467725446255
    outer loop
      vertex -1.4014061105119942 4.972609476841367 -0.5226423163382674
      vertex -1.38581929876693 6 -0.5740251485476346
      vertex -1.4711779206048456 4.988693121420242 -0.2926354830241924
    endloop
  endfacet
  facet normal 0.9951847266721969 0 0.0980171403295603
    outer loop
      vertex -1.4711779206048456 4.988693121420242 -0.2926354830241924
      vertex -1.4711779206048456 6 -0.2926354830241924
      vertex -1.4828134979665597 4.9969541350954785 -0.17449748351250485
    endloop
  endfacet
  facet normal 0.9951847266721968 7.820085182576341e-17 0.09801714032956095
    outer loop
      vertex -1.4828134979665597 4.9969541350954785 -0.17449748351250485
      vertex -1.4711779206048456 6 -0.2926354830241924
      vertex -1.5 4.9969541350954785 0
    endloop
  endfacet
  facet normal 0.7730104533627374 0 0.6343932841636448
    outer loop
      vertex -1.2472044184538178 4.928941607803772 -0.8333553495294033
      vertex -1.0606601717798214 6 -1.0606601717798214
      vertex -1.2472044184538178 6 -0.8333553495294033
    endloop
  endfacet
  facet normal 0.8819212643483552 0 0.4713967368259975
    outer loop
      vertex -1.38581929876693 4.965388090713289 -0.5740251485476346
      vertex -1.2472044184538178 6 -0.8333553495294033
      vertex -1.38581929876693 6 -0.5740251485476346
    endloop
  endfacet
  facet normal 0.9569403357322087 0 0.2902846772544628
    outer loop
      vertex -1.4711779206048456 4.988693121420242 -0.2926354830241924
      vertex -1.38581929876693 6 -0.5740251485476346
      vertex -1.4711779206048456 6 -0.2926354830241924
    endloop
  endfacet
  facet normal 0.9951847266721968 0 0.0980171403295607
    outer loop
      vertex -1.5 4.9969541350954785 0
      vertex -1.4711779206048456 6 -0.2926354830241924
      vertex -1.5 6 0
    endloop
  endfacet
  facet normal 0.29028467725446266 -9.96307436563501e-19 0.9569403357322087
    outer loop
      vertex -0.5740251485476346 4.800951278349202 -1.38581929876693
      vertex -0.2926354830241924 4.776475087402448 -1.4711779206048456
      vertex -0.2926354830241924 6 -1.4711779206048456
    endloop
  endfacet
  facet normal 0.09801714032956069 8.856765134325977e-19 0.9951847266721968
    outer loop
      vertex -0.2926354830241924 4.776475087402448 -1.4711779206048456
      vertex 0 4.768210489127914 -1.5
      vertex 0 6 -1.5
    endloop
  endfacet
  facet normal 0.6343932841636447 3.2845045817926595e-17 0.7730104533627377
    outer loop
      vertex -0.8791649170186747 4.851478631379982 -1.2096094779983386
      vertex -0.8333553495294033 6 -1.2472044184538178
      vertex -1.0606601717798214 4.883138783772925 -1.0606601717798214
    endloop
  endfacet
  facet normal 0.6343932841636453 1.8316565978232825e-19 0.7730104533627372
    outer loop
      vertex -0.8791649170186747 4.851478631379982 -1.2096094779983386
      vertex -0.8333553495294033 4.840698455676496 -1.2472044184538178
      vertex -0.8333553495294033 6 -1.2472044184538178
    endloop
  endfacet
  facet normal 0.4713967368259974 -5.698300702382199e-18 0.881921264348355
    outer loop
      vertex -0.8333553495294033 4.840698455676496 -1.2472044184538178
      vertex -0.5740251485476346 4.800951278349202 -1.38581929876693
      vertex -0.5740251485476346 6 -1.38581929876693
    endloop
  endfacet
  facet normal 0.2902846772544627 0 0.9569403357322088
    outer loop
      vertex -0.5740251485476346 4.800951278349202 -1.38581929876693
      vertex -0.2926354830241924 6 -1.4711779206048456
      vertex -0.5740251485476346 6 -1.38581929876693
    endloop
  endfacet
  facet normal 0.0980171403295607 0 0.9951847266721969
    outer loop
      vertex -0.2926354830241924 4.776475087402448 -1.4711779206048456
      vertex 0 6 -1.5
      vertex -0.2926354830241924 6 -1.4711779206048456
    endloop
  endfacet
  facet normal -0.09801714032956069 0 0.9951847266721968
    outer loop
      vertex 0 4.768210489127914 -1.5
      vertex 0.2926354830241924 6 -1.4711779206048456
      vertex 0 6 -1.5
    endloop
  endfacet
  facet normal 0.47139673682599753 0 0.8819212643483552
    outer loop
      vertex -0.8333553495294033 4.840698455676496 -1.2472044184538178
      vertex -0.5740251485476346 6 -1.38581929876693
      vertex -0.8333553495294033 6 -1.2472044184538178
    endloop
  endfacet
  facet normal 0.6343932841636448 0 0.7730104533627375
    outer loop
      vertex -1.0606601717798214 4.883138783772925 -1.0606601717798214
      vertex -0.8333553495294033 6 -1.2472044184538178
      vertex -1.0606601717798214 6 -1.0606601717798214
    endloop
  endfacet
  facet normal -0.0980171403295607 -8.916590320632735e-19 0.9951847266721969
    outer loop
      vertex 0 4.768210489127914 -1.5
      vertex 0.2926354830241924 4.776475087402448 -1.4711779206048456
      vertex 0.2926354830241924 6 -1.4711779206048456
    endloop
  endfacet
  facet normal -0.2902846772544627 1.0166450680697716e-18 0.9569403357322088
    outer loop
      vertex 0.2926354830241924 4.776475087402448 -1.4711779206048456
      vertex 0.5740251485476346 4.800951278349202 -1.38581929876693
      vertex 0.5740251485476346 6 -1.38581929876693
    endloop
  endfacet
  facet normal -0.47139673682599753 5.893669516985132e-18 0.8819212643483552
    outer loop
      vertex 0.5740251485476346 4.800951278349202 -1.38581929876693
      vertex 0.8333553495294033 4.840698455676496 -1.2472044184538178
      vertex 0.8333553495294033 6 -1.2472044184538178
    endloop
  endfacet
  facet normal -0.6343932841636444 0 0.773010453362738
    outer loop
      vertex 0.8333553495294033 4.840698455676496 -1.2472044184538178
      vertex 0.8791649170186748 4.851478631379982 -1.2096094779983386
      vertex 0.8333553495294033 6 -1.2472044184538178
    endloop
  endfacet
  facet normal -0.6343932841636449 1.4911132311136205e-18 0.7730104533627374
    outer loop
      vertex 0.8791649170186748 4.851478631379982 -1.2096094779983386
      vertex 1.0606601717798214 4.883138783772925 -1.0606601717798214
      vertex 1.0606601717798214 6 -1.0606601717798214
    endloop
  endfacet
  facet normal -0.29028467725446266 0 0.9569403357322087
    outer loop
      vertex 0.2926354830241924 4.776475087402448 -1.4711779206048456
      vertex 0.5740251485476346 6 -1.38581929876693
      vertex 0.2926354830241924 6 -1.4711779206048456
    endloop
  endfacet
  facet normal -0.4713967368259974 0 0.881921264348355
    outer loop
      vertex 0.5740251485476346 4.800951278349202 -1.38581929876693
      vertex 0.8333553495294033 6 -1.2472044184538178
      vertex 0.5740251485476346 6 -1.38581929876693
    endloop
  endfacet
  facet normal -0.6343932841636448 -3.488507920649557e-17 0.7730104533627375
    outer loop
      vertex 0.8791649170186748 4.851478631379982 -1.2096094779983386
      vertex 1.0606601717798214 6 -1.0606601717798214
      vertex 0.8333553495294033 6 -1.2472044184538178
    endloop
  endfacet
  facet normal -0.7730104533627374 0 0.6343932841636448
    outer loop
      vertex 1.0606601717798214 4.883138783772925 -1.0606601717798214
      vertex 1.2185745966497203 4.92403876506104 -0.8682408883346516
      vertex 1.0606601717798214 6 -1.0606601717798214
    endloop
  endfacet
  facet normal -0.7730104533627378 8.11714146780057e-19 0.6343932841636445
    outer loop
      vertex 1.2185745966497203 4.92403876506104 -0.8682408883346516
      vertex 1.2472044184538178 4.928941607803772 -0.8333553495294033
      vertex 1.2472044184538178 6 -0.8333553495294033
    endloop
  endfacet
  facet normal -0.8819212643483552 6.603964357498802e-18 0.4713967368259975
    outer loop
      vertex 1.2472044184538178 4.928941607803772 -0.8333553495294033
      vertex 1.38581929876693 4.965388090713289 -0.5740251485476346
      vertex 1.38581929876693 6 -0.5740251485476346
    endloop
  endfacet
  facet normal -0.9569403357322085 0 0.29028467725446355
    outer loop
      vertex 1.38581929876693 4.965388090713289 -0.5740251485476346
      vertex 1.4014061105119942 4.972609476841367 -0.5226423163382674
      vertex 1.38581929876693 6 -0.5740251485476346
    endloop
  endfacet
  facet normal -0.7730104533627375 -1.7819026122447736e-17 0.6343932841636448
    outer loop
      vertex 1.2185745966497203 4.92403876506104 -0.8682408883346516
      vertex 1.2472044184538178 6 -0.8333553495294033
      vertex 1.0606601717798214 6 -1.0606601717798214
    endloop
  endfacet
  facet normal -0.8819212643483552 0 0.47139673682599753
    outer loop
      vertex 1.2472044184538178 4.928941607803772 -0.8333553495294033
      vertex 1.38581929876693 6 -0.5740251485476346
      vertex 1.2472044184538178 6 -0.8333553495294033
    endloop
  endfacet
  facet normal -0.9569403357322088 -1.5078248783116949e-18 0.29028467725446255
    outer loop
      vertex 1.4014061105119942 4.972609476841367 -0.5226423163382674
      vertex 1.4711779206048456 4.988693121420242 -0.2926354830241924
      vertex 1.4711779206048456 6 -0.2926354830241924
    endloop
  endfacet
  facet normal -0.9951847266721969 0 0.0980171403295603
    outer loop
      vertex 1.4711779206048456 4.988693121420242 -0.2926354830241924
      vertex 1.4828134979665597 4.9969541350954785 -0.17449748351250485
      vertex 1.4711779206048456 6 -0.2926354830241924
    endloop
  endfacet
  facet normal -0.9951847266721968 -4.311599460929845e-19 0.09801714032956095
    outer loop
      vertex 1.4828134979665597 4.9969541350954785 -0.17449748351250485
      vertex 1.5 4.9969541350954785 0
      vertex 1.5 6 0
    endloop
  endfacet
  facet normal -0.9569403357322088 -4.728773114299362e-17 0.2902846772544627
    outer loop
      vertex 1.4014061105119942 4.972609476841367 -0.5226423163382674
      vertex 1.4711779206048456 6 -0.2926354830241924
      vertex 1.38581929876693 6 -0.5740251485476346
    endloop
  endfacet
  facet normal -0.9951847266721968 4.745608257922142e-17 0.09801714032956069
    outer loop
      vertex 1.4828134979665597 4.9969541350954785 -0.17449748351250485
      vertex 1.5 6 0
      vertex 1.4711779206048456 6 -0.2926354830241924
    endloop
  endfacet
  facet normal 0.9951847266721968 0 -0.09801714032956095
    outer loop
      vertex -1.5 4.9969541350954785 0
      vertex -1.5 6 0
      vertex -1.4828134979665597 4.9969541350954785 0.17449748351250485
    endloop
  endfacet
  facet normal 0.9951847266721969 -1.316493493841213e-20 -0.0980171403295603
    outer loop
      vertex -1.4828134979665597 4.9969541350954785 0.17449748351250485
      vertex -1.4711779206048456 6 0.2926354830241924
      vertex -1.4711779206048456 4.988693121420242 0.2926354830241924
    endloop
  endfacet
  facet normal 0.9569403357322088 0 -0.29028467725446255
    outer loop
      vertex -1.4711779206048456 4.988693121420242 0.2926354830241924
      vertex -1.4711779206048456 6 0.2926354830241924
      vertex -1.4014061105119942 4.972609476841367 0.5226423163382674
    endloop
  endfacet
  facet normal 0.9569403357322085 2.9864338389595265e-19 -0.29028467725446355
    outer loop
      vertex -1.4014061105119942 4.972609476841367 0.5226423163382674
      vertex -1.38581929876693 6 0.5740251485476346
      vertex -1.38581929876693 4.965388090713289 0.5740251485476346
    endloop
  endfacet
  facet normal 0.8819212643483552 0 -0.4713967368259975
    outer loop
      vertex -1.38581929876693 4.965388090713289 0.5740251485476346
      vertex -1.38581929876693 6 0.5740251485476346
      vertex -1.2472044184538178 4.928941607803772 0.8333553495294033
    endloop
  endfacet
  facet normal 0.7730104533627378 0 -0.6343932841636445
    outer loop
      vertex -1.2472044184538178 4.928941607803772 0.8333553495294033
      vertex -1.2472044184538178 6 0.8333553495294033
      vertex -1.2185745966497203 4.92403876506104 0.8682408883346516
    endloop
  endfacet
  facet normal 0.7730104533627374 -4.722195808394342e-18 -0.6343932841636448
    outer loop
      vertex -1.2185745966497203 4.92403876506104 0.8682408883346516
      vertex -1.0606601717798214 6 1.0606601717798214
      vertex -1.0606601717798214 4.883138783772925 1.0606601717798214
    endloop
  endfacet
  facet normal 0.9951847266721968 4.745608257922142e-17 -0.09801714032956069
    outer loop
      vertex -1.4828134979665597 4.9969541350954785 0.17449748351250485
      vertex -1.5 6 0
      vertex -1.4711779206048456 6 0.2926354830241924
    endloop
  endfacet
  facet normal 0.9569403357322088 -4.728773114299362e-17 -0.2902846772544627
    outer loop
      vertex -1.4014061105119942 4.972609476841367 0.5226423163382674
      vertex -1.4711779206048456 6 0.2926354830241924
      vertex -1.38581929876693 6 0.5740251485476346
    endloop
  endfacet
  facet normal 0.8819212643483552 0 -0.47139673682599753
    outer loop
      vertex -1.2472044184538178 4.928941607803772 0.8333553495294033
      vertex -1.38581929876693 6 0.5740251485476346
      vertex -1.2472044184538178 6 0.8333553495294033
    endloop
  endfacet
  facet normal 0.7730104533627375 -1.7819026122447736e-17 -0.6343932841636448
    outer loop
      vertex -1.2185745966497203 4.92403876506104 0.8682408883346516
      vertex -1.2472044184538178 6 0.8333553495294033
      vertex -1.0606601717798214 6 1.0606601717798214
    endloop
  endfacet
  facet normal 0.6343932841636449 0 -0.7730104533627374
    outer loop
      vertex -1.0606601717798214 4.883138783772925 1.0606601717798214
      vertex -1.0606601717798214 6 1.0606601717798214
      vertex -0.8791649170186748 4.851478631379982 1.2096094779983386
    endloop
  endfacet
  facet normal 0.6343932841636444 6.01511069380539e-19 -0.773010453362738
    outer loop
      vertex -0.8791649170186748 4.851478631379982 1.2096094779983386
      vertex -0.8333553495294033 6 1.2472044184538178
      vertex -0.8333553495294033 4.840698455676496 1.2472044184538178
    endloop
  endfacet
  facet normal 0.47139673682599753 0 -0.8819212643483552
    outer loop
      vertex -0.8333553495294033 4.840698455676496 1.2472044184538178
      vertex -0.8333553495294033 6 1.2472044184538178
      vertex -0.5740251485476346 4.800951278349202 1.38581929876693
    endloop
  endfacet
  facet normal 0.2902846772544627 0 -0.9569403357322088
    outer loop
      vertex -0.5740251485476346 4.800951278349202 1.38581929876693
      vertex -0.5740251485476346 6 1.38581929876693
      vertex -0.2926354830241924 4.776475087402448 1.4711779206048456
    endloop
  endfacet
  facet normal 0.0980171403295607 0 -0.9951847266721969
    outer loop
      vertex -0.2926354830241924 4.776475087402448 1.4711779206048456
      vertex -0.2926354830241924 6 1.4711779206048456
      vertex 0 4.768210489127914 1.5
    endloop
  endfacet
  facet normal -0.09801714032956069 0 -0.9951847266721968
    outer loop
      vertex 0 4.768210489127914 1.5
      vertex 0 6 1.5
      vertex 0.2926354830241924 4.776475087402448 1.4711779206048456
    endloop
  endfacet
  facet normal 0.6343932841636448 -3.488507920649557e-17 -0.7730104533627375
    outer loop
      vertex -0.8791649170186748 4.851478631379982 1.2096094779983386
      vertex -1.0606601717798214 6 1.0606601717798214
      vertex -0.8333553495294033 6 1.2472044184538178
    endloop
  endfacet
  facet normal 0.4713967368259974 0 -0.881921264348355
    outer loop
      vertex -0.5740251485476346 4.800951278349202 1.38581929876693
      vertex -0.8333553495294033 6 1.2472044184538178
      vertex -0.5740251485476346 6 1.38581929876693
    endloop
  endfacet
  facet normal 0.29028467725446266 0 -0.9569403357322087
    outer loop
      vertex -0.2926354830241924 4.776475087402448 1.4711779206048456
      vertex -0.5740251485476346 6 1.38581929876693
      vertex -0.2926354830241924 6 1.4711779206048456
    endloop
  endfacet
  facet normal 0.09801714032956069 0 -0.9951847266721968
    outer loop
      vertex 0 4.768210489127914 1.5
      vertex -0.2926354830241924 6 1.4711779206048456
      vertex 0 6 1.5
    endloop
  endfacet
  facet normal -0.4713967368259974 0 -0.881921264348355
    outer loop
      vertex 0.5740251485476346 4.800951278349202 1.38581929876693
      vertex 0.5740251485476346 6 1.38581929876693
      vertex 0.8333553495294033 4.840698455676496 1.2472044184538178
    endloop
  endfacet
  facet normal -0.6343932841636447 2.544547222290521e-17 -0.7730104533627375
    outer loop
      vertex 1.0606601717798214 4.883138783772925 1.0606601717798214
      vertex 0.8791649170186747 4.851478631379982 1.2096094779983386
      vertex 0.8333553495294033 6 1.2472044184538178
    endloop
  endfacet
  facet normal -0.6343932841636453 0 -0.7730104533627372
    outer loop
      vertex 0.8333553495294033 4.840698455676496 1.2472044184538178
      vertex 0.8333553495294033 6 1.2472044184538178
      vertex 0.8791649170186747 4.851478631379982 1.2096094779983386
    endloop
  endfacet
  facet normal -0.29028467725446266 0 -0.9569403357322087
    outer loop
      vertex 0.2926354830241924 4.776475087402448 1.4711779206048456
      vertex 0.2926354830241924 6 1.4711779206048456
      vertex 0.5740251485476346 4.800951278349202 1.38581929876693
    endloop
  endfacet
  facet normal -0.47139673682599753 0 -0.8819212643483552
    outer loop
      vertex 0.8333553495294033 4.840698455676496 1.2472044184538178
      vertex 0.5740251485476346 6 1.38581929876693
      vertex 0.8333553495294033 6 1.2472044184538178
    endloop
  endfacet
  facet normal -0.9569403357322085 -2.9864338389595265e-19 -0.29028467725446355
    outer loop
      vertex 1.4014061105119942 4.972609476841367 0.5226423163382674
      vertex 1.38581929876693 4.965388090713289 0.5740251485476346
      vertex 1.38581929876693 6 0.5740251485476346
    endloop
  endfacet
  facet normal -0.7730104533627378 -1.0419031702019908e-16 -0.6343932841636445
    outer loop
      vertex 1.2185745966497203 4.92403876506104 0.8682408883346516
      vertex 1.0606601717798214 6 1.0606601717798214
      vertex 1.2472044184538178 4.928941607803772 0.8333553495294033
    endloop
  endfacet
  facet normal -0.7730104533627374 4.722195808394342e-18 -0.6343932841636448
    outer loop
      vertex 1.2185745966497203 4.92403876506104 0.8682408883346516
      vertex 1.0606601717798214 4.883138783772925 1.0606601717798214
      vertex 1.0606601717798214 6 1.0606601717798214
    endloop
  endfacet
  facet normal -0.8819212643483552 -6.379241526470794e-18 -0.47139673682599753
    outer loop
      vertex 1.38581929876693 4.965388090713289 0.5740251485476346
      vertex 1.2472044184538178 4.928941607803772 0.8333553495294033
      vertex 1.2472044184538178 6 0.8333553495294033
    endloop
  endfacet
  facet normal -0.8819212643483552 0 -0.4713967368259975
    outer loop
      vertex 1.38581929876693 4.965388090713289 0.5740251485476346
      vertex 1.2472044184538178 6 0.8333553495294033
      vertex 1.38581929876693 6 0.5740251485476346
    endloop
  endfacet
  facet normal -0.6343932841636448 0 -0.7730104533627375
    outer loop
      vertex 1.0606601717798214 4.883138783772925 1.0606601717798214
      vertex 0.8333553495294033 6 1.2472044184538178
      vertex 1.0606601717798214 6 1.0606601717798214
    endloop
  endfacet
  facet normal -0.7730104533627374 0 -0.6343932841636448
    outer loop
      vertex 1.2472044184538178 4.928941607803772 0.8333553495294033
      vertex 1.0606601717798214 6 1.0606601717798214
      vertex 1.2472044184538178 6 0.8333553495294033
    endloop
  endfacet
  facet normal -0.0980171403295607 0 -0.9951847266721969
    outer loop
      vertex 0.2926354830241924 4.776475087402448 1.4711779206048456
      vertex 0 6 1.5
      vertex 0.2926354830241924 6 1.4711779206048456
    endloop
  endfacet
  facet normal -0.2902846772544627 0 -0.9569403357322088
    outer loop
      vertex 0.5740251485476346 4.800951278349202 1.38581929876693
      vertex 0.2926354830241924 6 1.4711779206048456
      vertex 0.5740251485476346 6 1.38581929876693
    endloop
  endfacet
  facet normal -0.9951847266721968 7.755004659640108e-17 -0.09801714032956095
    outer loop
      vertex 1.5 4.9969541350954785 0
      vertex 1.4828134979665597 4.9969541350954785 0.17449748351250485
      vertex 1.4711779206048456 6 0.2926354830241924
    endloop
  endfacet
  facet normal -0.9951847266721969 1.316493493841213e-20 -0.0980171403295603
    outer loop
      vertex 1.4828134979665597 4.9969541350954785 0.17449748351250485
      vertex 1.4711779206048456 4.988693121420242 0.2926354830241924
      vertex 1.4711779206048456 6 0.2926354830241924
    endloop
  endfacet
  facet normal -0.9569403357322088 -6.317140006414178e-17 -0.29028467725446255
    outer loop
      vertex 1.4711779206048456 4.988693121420242 0.2926354830241924
      vertex 1.4014061105119942 4.972609476841367 0.5226423163382674
      vertex 1.38581929876693 6 0.5740251485476346
    endloop
  endfacet
  facet normal -0.9951847266721968 0 -0.0980171403295607
    outer loop
      vertex 1.5 4.9969541350954785 0
      vertex 1.4711779206048456 6 0.2926354830241924
      vertex 1.5 6 0
    endloop
  endfacet
  facet normal -0.9569403357322087 0 -0.2902846772544628
    outer loop
      vertex 1.4711779206048456 4.988693121420242 0.2926354830241924
      vertex 1.38581929876693 6 0.5740251485476346
      vertex 1.4711779206048456 6 0.2926354830241924
    endloop
  endfacet
  facet normal -1 0 0
    outer loop
      vertex -12 -6 -11
      vertex -12 -4.145187862775209 -2.7959645173537346
      vertex -12 -3.9400537680336094 -3.0783073766282913
    endloop
  endfacet
  facet normal -1 0 0
    outer loop
      vertex -12 -6 -11
      vertex -12 -3.9400537680336094 -3.0783073766282913
      vertex -12 -3.715724127386971 -3.345653031794291
    endloop
  endfacet
  facet normal -1 0 0
    outer loop
      vertex -12 -6 -11
      vertex -12 -1.5974774553360442 -10.081434243653637
      vertex -12 -1.4722431864335457 -10.35
    endloop
  endfacet
  facet normal -1 0 0
    outer loop
      vertex -12 -6 -11
      vertex -12 -1.7 -9.5
      vertex -12 -1.6741731801207536 -9.795201902033781
    endloop
  endfacet
  facet normal -1 0 0
    outer loop
      vertex -12 -6 -11
      vertex -12 -1.6741731801207536 -9.795201902033781
      vertex -12 -1.5974774553360442 -10.081434243653637
    endloop
  endfacet
  facet normal -1 0 0
    outer loop
      vertex -12 -6 -11
      vertex -12 -1.6741731801207536 -9.204798097966219
      vertex -12 -1.7 -9.5
    endloop
  endfacet
  facet normal -1 0 0
    outer loop
      vertex -12 -6 -11
      vertex -12 -1.3781867790849958 -4.8063084796915945
      vertex -12 -1.6741731801207536 -9.204798097966219
    endloop
  endfacet
  facet normal -1 0 0
    outer loop
      vertex -12 -6 -11
      vertex -12 -3.715724127386971 -3.345653031794291
      vertex -12 -3.4732918522949863 -3.596699001693256
    endloop
  endfacet
  facet normal -1 0 0
    outer loop
      vertex -12 -6 -11
      vertex -12 -3.4732918522949863 -3.596699001693256
      vertex -12 -3.2139380484326963 -3.83022221559489
    endloop
  endfacet
  facet normal -1 0 0
    outer loop
      vertex -12 -6 -11
      vertex -12 -3.2139380484326963 -3.83022221559489
      vertex -12 -2.938926261462366 -4.045084971874737
    endloop
  endfacet
  facet normal -1 0 0
    outer loop
      vertex -12 -6 -11
      vertex -12 -2.938926261462366 -4.045084971874737
      vertex -12 -2.6495963211660243 -4.24024048078213
    endloop
  endfacet
  facet normal -1 0 0
    outer loop
      vertex -12 -6 -11
      vertex -12 -2.6495963211660243 -4.24024048078213
      vertex -12 -2.347357813929454 -4.414737964294635
    endloop
  endfacet
  facet normal -1 0 0
    outer loop
      vertex -12 -6 -11
      vertex -12 -2.347357813929454 -4.414737964294635
      vertex -12 -2.033683215379001 -4.567727288213004
    endloop
  endfacet
  facet normal -1 0 0
    outer loop
      vertex -12 -6 -11
      vertex -12 -2.033683215379001 -4.567727288213004
      vertex -12 -1.7101007166283435 -4.698463103929543
    endloop
  endfacet
  facet normal -1 0 0
    outer loop
      vertex -12 -6 -11
      vertex -12 -1.7101007166283435 -4.698463103929543
      vertex -12 -1.3781867790849958 -4.8063084796915945
    endloop
  endfacet
  facet normal -1 0 0
    outer loop
      vertex -12 -6 -11
      vertex -12 -4.92403876506104 -0.8682408883346516
      vertex -12 -4.851478631379982 -1.2096094779983386
    endloop
  endfacet
  facet normal -1 0 0
    outer loop
      vertex -12 -6 -11
      vertex -12 -4.972609476841367 -0.5226423163382674
      vertex -12 -4.92403876506104 -0.8682408883346516
    endloop
  endfacet
  facet normal -1 0 0
    outer loop
      vertex -12 -6 -11
      vertex -12 -4.493970231495835 -2.1918557339453875
      vertex -12 -4.330127018922193 -2.5
    endloop
  endfacet
  facet normal -1 0 0
    outer loop
      vertex -12 -6 -11
      vertex -12 -4.635919272833937 -1.87303296707956
      vertex -12 -4.493970231495835 -2.1918557339453875
    endloop
  endfacet
  facet normal -1 0 0
    outer loop
      vertex -12 -6 -11
      vertex -12 -4.851478631379982 -1.2096094779983386
      vertex -12 -4.755282581475767 -1.545084971874737
    endloop
  endfacet
  facet normal -1 0 0
    outer loop
      vertex -12 -6 -11
      vertex -12 -4.755282581475767 -1.545084971874737
      vertex -12 -4.635919272833937 -1.87303296707956
    endloop
  endfacet
  facet normal -1 0 0
    outer loop
      vertex -12 -6 -11
      vertex -12 -4.330127018922193 -2.5
      vertex -12 -4.145187862775209 -2.7959645173537346
    endloop
  endfacet
  facet normal -1 0 0
    outer loop
      vertex -12 -6 -11
      vertex -12 -6 11
      vertex -12 -4.972609476841367 -0.5226423163382674
    endloop
  endfacet
  facet normal 0 -1 0
    outer loop
      vertex -12 -6 -11
      vertex -1.38581929876693 -6 -0.5740251485476346
      vertex -12 -6 11
    endloop
  endfacet
  facet normal -1 0 0
    outer loop
      vertex -12 -6 -11
      vertex -12 -1.4722431864335457 -10.35
      vertex -12 -1.3022755533022625 -10.592738936467116
    endloop
  endfacet
  facet normal -1 0 0
    outer loop
      vertex -12 -6 -11
      vertex -12 -1.3022755533022625 -10.592738936467116
      vertex -12 -1.0927389364671167 -10.802275553302263
    endloop
  endfacet
  facet normal -1 0 0
    outer loop
      vertex -12 -6 -11
      vertex -12 -1.0927389364671167 -10.802275553302263
      vertex -12 -0.85 -10.972243186433545
    endloop
  endfacet
  facet normal -1 0 0
    outer loop
      vertex -12 -6 -11
      vertex -12 -0.85 -10.972243186433545
      vertex -12 -0.790475321215442 -11
    endloop
  endfacet
  facet normal -1 0 0
    outer loop
      vertex -12 -1.5974774553360442 -8.918565756346363
      vertex -12 -1.6741731801207536 -9.204798097966219
      vertex -12 -1.3781867790849958 -4.8063084796915945
    endloop
  endfacet
  facet normal -1 0 0
    outer loop
      vertex -12 -1.4722431864335457 -8.65
      vertex -12 -1.5974774553360442 -8.918565756346363
      vertex -12 -1.3781867790849958 -4.8063084796915945
    endloop
  endfacet
  facet normal -1 0 0
    outer loop
      vertex -12 -1.3022755533022625 -8.407261063532884
      vertex -12 -1.4722431864335457 -8.65
      vertex -12 -1.3781867790849958 -4.8063084796915945
    endloop
  endfacet
  facet normal -1 0 0
    outer loop
      vertex -12 -1.0927389364671167 -8.197724446697737
      vertex -12 -1.3022755533022625 -8.407261063532884
      vertex -12 -1.3781867790849958 -4.8063084796915945
    endloop
  endfacet
  facet normal -1 0 0
    outer loop
      vertex -12 -0.85 -8.027756813566455
      vertex -12 -1.0927389364671167 -8.197724446697737
      vertex -12 -1.0395584540887968 -4.8907380036690284
    endloop
  endfacet
  facet normal -1 0 0
    outer loop
      vertex -12 -1.3781867790849958 -4.8063084796915945
      vertex -12 -1.0395584540887968 -4.8907380036690284
      vertex -12 -1.0927389364671167 -8.197724446697737
    endloop
  endfacet
  facet normal -1 0 0
    outer loop
      vertex -12 -1.0395584540887968 -4.8907380036690284
      vertex -12 -0.6958655048003272 -4.951340343707852
      vertex -12 -0.85 -8.027756813566455
    endloop
  endfacet
  facet normal -1 0 0
    outer loop
      vertex -12 -0.5814342436536368 -7.902522544663956
      vertex -12 -0.85 -8.027756813566455
      vertex -12 -0.6958655048003272 -4.951340343707852
    endloop
  endfacet
  facet normal -1 0 0
    outer loop
      vertex -12 -0.29520190203378155 -7.825826819879246
      vertex -12 -0.5814342436536368 -7.902522544663956
      vertex -12 -0.3487823687206265 -4.987820251299121
    endloop
  endfacet
  facet normal -1 0 0
    outer loop
      vertex -12 0 -5
      vertex -12 0 -7.8
      vertex -12 -0.29520190203378155 -7.825826819879246
    endloop
  endfacet
  facet normal -1 0 0
    outer loop
      vertex -12 -0.5814342436536368 -7.902522544663956
      vertex -12 -0.6958655048003272 -4.951340343707852
      vertex -12 -0.3487823687206265 -4.987820251299121
    endloop
  endfacet
  facet normal -1 0 0
    outer loop
      vertex -12 -0.29520190203378155 -7.825826819879246
      vertex -12 -0.3487823687206265 -4.987820251299121
      vertex -12 0 -5
    endloop
  endfacet
  facet normal 0 -1 0
    outer loop
      vertex -12 -6 -11
      vertex -1.2472044184538178 -6 -0.8333553495294033
      vertex -1.38581929876693 -6 -0.5740251485476346
    endloop
  endfacet
  facet normal 0 -1 0
    outer loop
      vertex -12 -6 -11
      vertex -1.0606601717798214 -6 -1.0606601717798214
      vertex -1.2472044184538178 -6 -0.8333553495294033
    endloop
  endfacet
  facet normal 0 -1 0
    outer loop
      vertex -12 -6 -11
      vertex -0.8333553495294033 -6 -1.2472044184538178
      vertex -1.0606601717798214 -6 -1.0606601717798214
    endloop
  endfacet
  facet normal 0 0 -1
    outer loop
      vertex -12 -6 -11
      vertex -12 -0.790475321215442 -11
      vertex 7.5 -0.7904753212154435 -11
    endloop
  endfacet
  facet normal -1 0 0
    outer loop
      vertex -12 -6 11
      vertex -12 -4.9969541350954785 -0.17449748351250485
      vertex -12 -4.972609476841367 -0.5226423163382674
    endloop
  endfacet
  facet normal -1 0 0
    outer loop
      vertex -12 -6 11
      vertex -12 -4.9969541350954785 0.17449748351250485
      vertex -12 -4.9969541350954785 -0.17449748351250485
    endloop
  endfacet
  facet normal -1 0 0
    outer loop
      vertex -12 -6 11
      vertex -12 -4.972609476841367 0.5226423163382674
      vertex -12 -4.9969541350954785 0.17449748351250485
    endloop
  endfacet
  facet normal -1 0 0
    outer loop
      vertex -12 -6 11
      vertex -12 -4.92403876506104 0.8682408883346516
      vertex -12 -4.972609476841367 0.5226423163382674
    endloop
  endfacet
  facet normal -1 0 0
    outer loop
      vertex -12 -6 11
      vertex -12 -4.851478631379982 1.2096094779983386
      vertex -12 -4.92403876506104 0.8682408883346516
    endloop
  endfacet
  facet normal -1 0 0
    outer loop
      vertex -12 -6 11
      vertex -12 -4.755282581475767 1.545084971874737
      vertex -12 -4.851478631379982 1.2096094779983386
    endloop
  endfacet
  facet normal -1 0 0
    outer loop
      vertex -12 -6 11
      vertex -12 -4.635919272833937 1.87303296707956
      vertex -12 -4.755282581475767 1.545084971874737
    endloop
  endfacet
  facet normal -1 0 0
    outer loop
      vertex -12 -6 11
      vertex -12 -4.493970231495835 2.1918557339453875
      vertex -12 -4.635919272833937 1.87303296707956
    endloop
  endfacet
  facet normal -1 0 0
    outer loop
      vertex -12 -6 11
      vertex -12 -4.330127018922193 2.5
      vertex -12 -4.493970231495835 2.1918557339453875
    endloop
  endfacet
  facet normal -1 0 0
    outer loop
      vertex -12 -6 11
      vertex -12 -4.145187862775209 2.7959645173537346
      vertex -12 -4.330127018922193 2.5
    endloop
  endfacet
  facet normal -1 0 0
    outer loop
      vertex -12 -6 11
      vertex -12 -3.9400537680336094 3.0783073766282913
      vertex -12 -4.145187862775209 2.7959645173537346
    endloop
  endfacet
  facet normal -1 0 0
    outer loop
      vertex -12 -6 11
      vertex -12 -3.715724127386971 3.345653031794291
      vertex -12 -3.9400537680336094 3.0783073766282913
    endloop
  endfacet
  facet normal -1 0 0
    outer loop
      vertex -12 -6 11
      vertex -12 -3.4732918522949863 3.596699001693256
      vertex -12 -3.715724127386971 3.345653031794291
    endloop
  endfacet
  facet normal -1 0 0
    outer loop
      vertex -12 -6 11
      vertex -12 -3.2139380484326963 3.83022221559489
      vertex -12 -3.4732918522949863 3.596699001693256
    endloop
  endfacet
  facet normal -1 0 0
    outer loop
      vertex -12 -6 11
      vertex -12 -2.938926261462366 4.045084971874737
      vertex -12 -3.2139380484326963 3.83022221559489
    endloop
  endfacet
  facet normal -1 0 0
    outer loop
      vertex -12 -6 11
      vertex -12 -1.5974774553360442 8.918565756346363
      vertex -12 -2.938926261462366 4.045084971874737
    endloop
  endfacet
  facet normal -1 0 0
    outer loop
      vertex -12 -6 11
      vertex -12 -1.7 9.5
      vertex -12 -1.6741731801207536 9.204798097966219
    endloop
  endfacet
  facet normal -1 0 0
    outer loop
      vertex -12 -6 11
      vertex -12 -1.6741731801207536 9.204798097966219
      vertex -12 -1.5974774553360442 8.918565756346363
    endloop
  endfacet
  facet normal -1 0 0
    outer loop
      vertex -12 -6 11
      vertex -12 -1.6741731801207536 9.795201902033781
      vertex -12 -1.7 9.5
    endloop
  endfacet
  facet normal -1 0 0
    outer loop
      vertex -12 -6 11
      vertex -12 -1.5974774553360442 10.081434243653637
      vertex -12 -1.6741731801207536 9.795201902033781
    endloop
  endfacet
  facet normal -1 0 0
    outer loop
      vertex -12 -6 11
      vertex -12 -1.4722431864335457 10.35
      vertex -12 -1.5974774553360442 10.081434243653637
    endloop
  endfacet
  facet normal -1 0 0
    outer loop
      vertex -12 -2.6495963211660243 4.24024048078213
      vertex -12 -2.938926261462366 4.045084971874737
      vertex -12 -1.4722431864335457 8.65
    endloop
  endfacet
  facet normal -1 0 0
    outer loop
      vertex -12 -2.347357813929454 4.414737964294635
      vertex -12 -2.6495963211660243 4.24024048078213
      vertex -12 -1.3022755533022625 8.407261063532884
    endloop
  endfacet
  facet normal -1 0 0
    outer loop
      vertex -12 -2.033683215379001 4.567727288213004
      vertex -12 -2.347357813929454 4.414737964294635
      vertex -12 -1.3022755533022625 8.407261063532884
    endloop
  endfacet
  facet normal -1 0 0
    outer loop
      vertex -12 -1.7101007166283435 4.698463103929543
      vertex -12 -2.033683215379001 4.567727288213004
      vertex -12 -1.0927389364671167 8.197724446697737
    endloop
  endfacet
  facet normal -1 0 0
    outer loop
      vertex -12 -2.938926261462366 4.045084971874737
      vertex -12 -1.5974774553360442 8.918565756346363
      vertex -12 -1.4722431864335457 8.65
    endloop
  endfacet
  facet normal -1 0 0
    outer loop
      vertex -12 -2.6495963211660243 4.24024048078213
      vertex -12 -1.4722431864335457 8.65
      vertex -12 -1.3022755533022625 8.407261063532884
    endloop
  endfacet
  facet normal -1 0 0
    outer loop
      vertex -12 -6 11
      vertex -12 -1.3022755533022625 10.592738936467116
      vertex -12 -1.4722431864335457 10.35
    endloop
  endfacet
  facet normal -1 0 0
    outer loop
      vertex -12 -6 11
      vertex -12 -1.0927389364671167 10.802275553302263
      vertex -12 -1.3022755533022625 10.592738936467116
    endloop
  endfacet
  facet normal -1 0 0
    outer loop
      vertex -12 -6 11
      vertex -12 -0.85 10.972243186433545
      vertex -12 -1.0927389364671167 10.802275553302263
    endloop
  endfacet
  facet normal -1 0 0
    outer loop
      vertex -12 -6 11
      vertex -12 -0.790475321215444 11
      vertex -12 -0.85 10.972243186433545
    endloop
  endfacet
  facet normal -1 0 0
    outer loop
      vertex -12 -1.3781867790849958 4.8063084796915945
      vertex -12 -1.7101007166283435 4.698463103929543
      vertex -12 -0.85 8.027756813566455
    endloop
  endfacet
  facet normal -1 0 0
    outer loop
      vertex -12 -1.0395584540887968 4.8907380036690284
      vertex -12 -1.3781867790849958 4.8063084796915945
      vertex -12 -0.5814342436536368 7.902522544663956
    endloop
  endfacet
  facet normal -1 0 0
    outer loop
      vertex -12 -2.033683215379001 4.567727288213004
      vertex -12 -1.3022755533022625 8.407261063532884
      vertex -12 -1.0927389364671167 8.197724446697737
    endloop
  endfacet
  facet normal -1 0 0
    outer loop
      vertex -12 -1.7101007166283435 4.698463103929543
      vertex -12 -1.0927389364671167 8.197724446697737
      vertex -12 -0.85 8.027756813566455
    endloop
  endfacet
  facet normal -1 0 0
    outer loop
      vertex -12 -1.3781867790849958 4.8063084796915945
      vertex -12 -0.85 8.027756813566455
      vertex -12 -0.5814342436536368 7.902522544663956
    endloop
  endfacet
  facet normal -1 0 0
    outer loop
      vertex -12 -0.6958655048003272 4.951340343707852
      vertex -12 -1.0395584540887968 4.8907380036690284
      vertex -12 -0.29520190203378155 7.825826819879246
    endloop
  endfacet
  facet normal -1 0 0
    outer loop
      vertex -12 -0.3487823687206265 4.987820251299121
      vertex -12 -0.6958655048003272 4.951340343707852
      vertex -12 -0.29520190203378155 7.825826819879246
    endloop
  endfacet
  facet normal -1 0 0
    outer loop
      vertex -12 -0.5814342436536368 7.902522544663956
      vertex -12 -0.29520190203378155 7.825826819879246
      vertex -12 -1.0395584540887968 4.8907380036690284
    endloop
  endfacet
  facet normal -1 0 0
    outer loop
      vertex -12 0 7.8
      vertex -12 0 5
      vertex -12 -0.3487823687206265 4.987820251299121
    endloop
  endfacet
  facet normal -1 0 0
    outer loop
      vertex -12 -0.3487823687206265 4.987820251299121
      vertex -12 -0.29520190203378155 7.825826819879246
      vertex -12 0 7.8
    endloop
  endfacet
  facet normal 0 -1 0
    outer loop
      vertex -12 -6 11
      vertex -1.38581929876693 -6 -0.5740251485476346
      vertex -1.4711779206048456 -6 -0.2926354830241924
    endloop
  endfacet
  facet normal 0 -1 0
    outer loop
      vertex -12 -6 11
      vertex -1.4711779206048456 -6 -0.2926354830241924
      vertex -1.5 -6 0
    endloop
  endfacet
  facet normal 0 -1 0
    outer loop
      vertex -12 -6 11
      vertex -1.5 -6 0
      vertex -1.4711779206048456 -6 0.2926354830241924
    endloop
  endfacet
  facet normal 0 -1 0
    outer loop
      vertex -12 -6 11
      vertex -1.4711779206048456 -6 0.2926354830241924
      vertex -1.38581929876693 -6 0.5740251485476346
    endloop
  endfacet
  facet normal 0 -1 0
    outer loop
      vertex -12 -6 11
      vertex -1.38581929876693 -6 0.5740251485476346
      vertex -1.2472044184538178 -6 0.8333553495294033
    endloop
  endfacet
  facet normal 0 -1 0
    outer loop
      vertex -12 -6 11
      vertex -1.2472044184538178 -6 0.8333553495294033
      vertex -1.0606601717798214 -6 1.0606601717798214
    endloop
  endfacet
  facet normal 0 -1 0
    outer loop
      vertex -12 -6 11
      vertex -1.0606601717798214 -6 1.0606601717798214
      vertex -0.8333553495294033 -6 1.2472044184538178
    endloop
  endfacet
  facet normal 0 -1 0
    outer loop
      vertex -12 -6 11
      vertex -0.8333553495294033 -6 1.2472044184538178
      vertex -0.5740251485476346 -6 1.38581929876693
    endloop
  endfacet
  facet normal 0 -1 0
    outer loop
      vertex -12 -6 11
      vertex -0.5740251485476346 -6 1.38581929876693
      vertex -0.2926354830241924 -6 1.4711779206048456
    endloop
  endfacet
  facet normal 0 -1 0
    outer loop
      vertex -12 -6 11
      vertex -0.2926354830241924 -6 1.4711779206048456
      vertex 0 -6 1.5
    endloop
  endfacet
  facet normal 0 -1 0
    outer loop
      vertex -12 -6 11
      vertex 0 -6 1.5
      vertex 0.2926354830241924 -6 1.4711779206048456
    endloop
  endfacet
  facet normal 0 -1 0
    outer loop
      vertex -12 -6 11
      vertex 0.2926354830241924 -6 1.4711779206048456
      vertex 0.5740251485476346 -6 1.38581929876693
    endloop
  endfacet
  facet normal 0 0 1
    outer loop
      vertex -12 -6 11
      vertex 7.5 -6 11
      vertex -12 -0.790475321215444 11
    endloop
  endfacet
  facet normal -1 0 0
    outer loop
      vertex -12 0.29520190203378155 -7.825826819879246
      vertex -12 0 -7.8
      vertex -12 0.3487823687206265 -4.987820251299121
    endloop
  endfacet
  facet normal -1 0 0
    outer loop
      vertex -12 0 -5
      vertex -12 0.3487823687206265 -4.987820251299121
      vertex -12 0 -7.8
    endloop
  endfacet
  facet normal -1 0 0
    outer loop
      vertex -12 0.5814342436536368 -7.902522544663956
      vertex -12 0.29520190203378155 -7.825826819879246
      vertex -12 1.0395584540887968 -4.8907380036690284
    endloop
  endfacet
  facet normal -1 0 0
    outer loop
      vertex -12 0.29520190203378155 -7.825826819879246
      vertex -12 0.3487823687206265 -4.987820251299121
      vertex -12 0.6958655048003272 -4.951340343707852
    endloop
  endfacet
  facet normal -1 0 0
    outer loop
      vertex -12 0.6958655048003272 -4.951340343707852
      vertex -12 1.0395584540887968 -4.8907380036690284
      vertex -12 0.29520190203378155 -7.825826819879246
    endloop
  endfacet
  facet normal -1 0 0
    outer loop
      vertex -12 0.85 -8.027756813566455
      vertex -12 0.5814342436536368 -7.902522544663956
      vertex -12 1.3781867790849958 -4.8063084796915945
    endloop
  endfacet
  facet normal -1 0 0
    outer loop
      vertex -12 1.0927389364671167 -8.197724446697737
      vertex -12 0.85 -8.027756813566455
      vertex -12 1.7101007166283435 -4.698463103929543
    endloop
  endfacet
  facet normal -1 0 0
    outer loop
      vertex -12 1.3022755533022625 -8.407261063532884
      vertex -12 1.0927389364671167 -8.197724446697737
      vertex -12 2.033683215379001 -4.567727288213004
    endloop
  endfacet
  facet normal -1 0 0
    outer loop
      vertex -12 1.0395584540887968 -4.8907380036690284
      vertex -12 1.3781867790849958 -4.8063084796915945
      vertex -12 0.5814342436536368 -7.902522544663956
    endloop
  endfacet
  facet normal -1 0 0
    outer loop
      vertex -12 1.3781867790849958 -4.8063084796915945
      vertex -12 1.7101007166283435 -4.698463103929543
      vertex -12 0.85 -8.027756813566455
    endloop
  endfacet
  facet normal -1 0 0
    outer loop
      vertex -12 6 -11
      vertex -12 0.790475321215444 -11
      vertex -12 0.85 -10.972243186433545
    endloop
  endfacet
  facet normal -1 0 0
    outer loop
      vertex -12 6 -11
      vertex -12 0.85 -10.972243186433545
      vertex -12 1.0927389364671167 -10.802275553302263
    endloop
  endfacet
  facet normal -1 0 0
    outer loop
      vertex -12 6 -11
      vertex -12 1.0927389364671167 -10.802275553302263
      vertex -12 1.3022755533022625 -10.592738936467116
    endloop
  endfacet
  facet normal -1 0 0
    outer loop
      vertex -12 6 -11
      vertex -12 1.3022755533022625 -10.592738936467116
      vertex -12 1.4722431864335457 -10.35
    endloop
  endfacet
  facet normal -1 0 0
    outer loop
      vertex -12 1.4722431864335457 -8.65
      vertex -12 1.3022755533022625 -8.407261063532884
      vertex -12 2.6495963211660243 -4.24024048078213
    endloop
  endfacet
  facet normal -1 0 0
    outer loop
      vertex -12 1.5974774553360442 -8.918565756346363
      vertex -12 1.4722431864335457 -8.65
      vertex -12 2.938926261462366 -4.045084971874737
    endloop
  endfacet
  facet normal -1 0 0
    outer loop
      vertex -12 1.0927389364671167 -8.197724446697737
      vertex -12 1.7101007166283435 -4.698463103929543
      vertex -12 2.033683215379001 -4.567727288213004
    endloop
  endfacet
  facet normal -1 0 0
    outer loop
      vertex -12 1.3022755533022625 -8.407261063532884
      vertex -12 2.033683215379001 -4.567727288213004
      vertex -12 2.347357813929454 -4.414737964294635
    endloop
  endfacet
  facet normal -1 0 0
    outer loop
      vertex -12 2.347357813929454 -4.414737964294635
      vertex -12 2.6495963211660243 -4.24024048078213
      vertex -12 1.3022755533022625 -8.407261063532884
    endloop
  endfacet
  facet normal -1 0 0
    outer loop
      vertex -12 1.4722431864335457 -8.65
      vertex -12 2.6495963211660243 -4.24024048078213
      vertex -12 2.938926261462366 -4.045084971874737
    endloop
  endfacet
  facet normal -1 0 0
    outer loop
      vertex -12 6 -11
      vertex -12 1.4722431864335457 -10.35
      vertex -12 1.5974774553360442 -10.081434243653637
    endloop
  endfacet
  facet normal -1 0 0
    outer loop
      vertex -12 6 -11
      vertex -12 1.5974774553360442 -10.081434243653637
      vertex -12 1.6741731801207536 -9.795201902033781
    endloop
  endfacet
  facet normal -1 0 0
    outer loop
      vertex -12 6 -11
      vertex -12 1.6741731801207536 -9.795201902033781
      vertex -12 1.7 -9.5
    endloop
  endfacet
  facet normal -1 0 0
    outer loop
      vertex -12 6 -11
      vertex -12 1.6741731801207536 -9.204798097966219
      vertex -12 1.5974774553360442 -8.918565756346363
    endloop
  endfacet
  facet normal -1 0 0
    outer loop
      vertex -12 6 -11
      vertex -12 1.7 -9.5
      vertex -12 1.6741731801207536 -9.204798097966219
    endloop
  endfacet
  facet normal -1 0 0
    outer loop
      vertex -12 6 -11
      vertex -12 1.5974774553360442 -8.918565756346363
      vertex -12 2.938926261462366 -4.045084971874737
    endloop
  endfacet
  facet normal -1 0 0
    outer loop
      vertex -12 6 -11
      vertex -12 2.938926261462366 -4.045084971874737
      vertex -12 3.2139380484326963 -3.83022221559489
    endloop
  endfacet
  facet normal -1 0 0
    outer loop
      vertex -12 6 -11
      vertex -12 3.2139380484326963 -3.83022221559489
      vertex -12 3.4732918522949863 -3.596699001693256
    endloop
  endfacet
  facet normal -1 0 0
    outer loop
      vertex -12 6 -11
      vertex -12 3.4732918522949863 -3.596699001693256
      vertex -12 3.715724127386971 -3.345653031794291
    endloop
  endfacet
  facet normal -1 0 0
    outer loop
      vertex -12 6 -11
      vertex -12 3.715724127386971 -3.345653031794291
      vertex -12 3.9400537680336094 -3.0783073766282913
    endloop
  endfacet
  facet normal -1 0 0
    outer loop
      vertex -12 6 -11
      vertex -12 3.9400537680336094 -3.0783073766282913
      vertex -12 4.145187862775209 -2.7959645173537346
    endloop
  endfacet
  facet normal -1 0 0
    outer loop
      vertex -12 6 -11
      vertex -12 4.145187862775209 -2.7959645173537346
      vertex -12 4.330127018922193 -2.5
    endloop
  endfacet
  facet normal -1 0 0
    outer loop
      vertex -12 6 -11
      vertex -12 4.330127018922193 -2.5
      vertex -12 4.493970231495835 -2.1918557339453875
    endloop
  endfacet
  facet normal -1 0 0
    outer loop
      vertex -12 6 -11
      vertex -12 4.493970231495835 -2.1918557339453875
      vertex -12 4.635919272833937 -1.87303296707956
    endloop
  endfacet
  facet normal -1 0 0
    outer loop
      vertex -12 6 -11
      vertex -12 4.635919272833937 -1.87303296707956
      vertex -12 4.755282581475767 -1.545084971874737
    endloop
  endfacet
  facet normal -1 0 0
    outer loop
      vertex -12 6 -11
      vertex -12 4.755282581475767 -1.545084971874737
      vertex -12 4.851478631379982 -1.2096094779983386
    endloop
  endfacet
  facet normal -1 0 0
    outer loop
      vertex -12 6 -11
      vertex -12 4.851478631379982 -1.2096094779983386
      vertex -12 4.92403876506104 -0.8682408883346516
    endloop
  endfacet
  facet normal -1 0 0
    outer loop
      vertex -12 6 -11
      vertex -12 4.92403876506104 -0.8682408883346516
      vertex -12 4.972609476841367 -0.5226423163382674
    endloop
  endfacet
  facet normal -1 0 0
    outer loop
      vertex -12 6 -11
      vertex -12 4.972609476841367 -0.5226423163382674
      vertex -12 4.9969541350954785 -0.17449748351250485
    endloop
  endfacet
  facet normal -1 0 0
    outer loop
      vertex -12 6 -11
      vertex -12 4.9969541350954785 -0.17449748351250485
      vertex -12 4.9969541350954785 0.17449748351250485
    endloop
  endfacet
  facet normal -1 0 0
    outer loop
      vertex -12 6 -11
      vertex -12 4.9969541350954785 0.17449748351250485
      vertex -12 4.972609476841367 0.5226423163382674
    endloop
  endfacet
  facet normal 0 0 -1
    outer loop
      vertex -12 6 -11
      vertex 7.5 6 -11
      vertex -12 0.790475321215444 -11
    endloop
  endfacet
  facet normal 0 1 0
    outer loop
      vertex -12 6 -11
      vertex -1.38581929876693 6 -0.5740251485476346
      vertex -1.2472044184538178 6 -0.8333553495294033
    endloop
  endfacet
  facet normal 0 1 0
    outer loop
      vertex -12 6 -11
      vertex -1.2472044184538178 6 -0.8333553495294033
      vertex -1.0606601717798214 6 -1.0606601717798214
    endloop
  endfacet
  facet normal 0 1 0
    outer loop
      vertex -12 6 -11
      vertex -1.4711779206048456 6 -0.2926354830241924
      vertex -1.38581929876693 6 -0.5740251485476346
    endloop
  endfacet
  facet normal 0 1 0
    outer loop
      vertex -12 6 -11
      vertex -1.5 6 0
      vertex -1.4711779206048456 6 -0.2926354830241924
    endloop
  endfacet
  facet normal 0 1 0
    outer loop
      vertex -12 6 -11
      vertex -1.4711779206048456 6 0.2926354830241924
      vertex -1.5 6 0
    endloop
  endfacet
  facet normal 0 1 0
    outer loop
      vertex -12 6 -11
      vertex -1.38581929876693 6 0.5740251485476346
      vertex -1.4711779206048456 6 0.2926354830241924
    endloop
  endfacet
  facet normal 0 1 0
    outer loop
      vertex -12 6 -11
      vertex -0.8333553495294033 6 -1.2472044184538178
      vertex -0.5740251485476346 6 -1.38581929876693
    endloop
  endfacet
  facet normal 0 1 0
    outer loop
      vertex -12 6 -11
      vertex -1.0606601717798214 6 -1.0606601717798214
      vertex -0.8333553495294033 6 -1.2472044184538178
    endloop
  endfacet
  facet normal 0 1 0
    outer loop
      vertex -12 6 -11
      vertex -0.5740251485476346 6 -1.38581929876693
      vertex -0.2926354830241924 6 -1.4711779206048456
    endloop
  endfacet
  facet normal 0 1 0
    outer loop
      vertex -12 6 -11
      vertex -0.2926354830241924 6 -1.4711779206048456
      vertex 0 6 -1.5
    endloop
  endfacet
  facet normal 0 1 0
    outer loop
      vertex -12 6 -11
      vertex 0 6 -1.5
      vertex 0.2926354830241924 6 -1.4711779206048456
    endloop
  endfacet
  facet normal 0 1 0
    outer loop
      vertex -12 6 -11
      vertex 0.2926354830241924 6 -1.4711779206048456
      vertex 0.5740251485476346 6 -1.38581929876693
    endloop
  endfacet
  facet normal -1 0 0
    outer loop
      vertex -12 0.3487823687206265 4.987820251299121
      vertex -12 0 5
      vertex -12 0.29520190203378155 7.825826819879246
    endloop
  endfacet
  facet normal -1 0 0
    outer loop
      vertex -12 0.6958655048003272 4.951340343707852
      vertex -12 0.3487823687206265 4.987820251299121
      vertex -12 0.5814342436536368 7.902522544663956
    endloop
  endfacet
  facet normal -1 0 0
    outer loop
      vertex -12 0 7.8
      vertex -12 0.29520190203378155 7.825826819879246
      vertex -12 0 5
    endloop
  endfacet
  facet normal -1 0 0
    outer loop
      vertex -12 0.3487823687206265 4.987820251299121
      vertex -12 0.29520190203378155 7.825826819879246
      vertex -12 0.5814342436536368 7.902522544663956
    endloop
  endfacet
  facet normal -1 0 0
    outer loop
      vertex -12 0.6958655048003272 4.951340343707852
      vertex -12 0.5814342436536368 7.902522544663956
      vertex -12 0.85 8.027756813566455
    endloop
  endfacet
  facet normal -1 0 0
    outer loop
      vertex -12 1.0395584540887968 4.8907380036690284
      vertex -12 0.6958655048003272 4.951340343707852
      vertex -12 0.85 8.027756813566455
    endloop
  endfacet
  facet normal -1 0 0
    outer loop
      vertex -12 1.3781867790849958 4.8063084796915945
      vertex -12 1.0395584540887968 4.8907380036690284
      vertex -12 1.0927389364671167 8.197724446697737
    endloop
  endfacet
  facet normal -1 0 0
    outer loop
      vertex -12 1.0395584540887968 4.8907380036690284
      vertex -12 0.85 8.027756813566455
      vertex -12 1.0927389364671167 8.197724446697737
    endloop
  endfacet
  facet normal -1 0 0
    outer loop
      vertex -12 1.3781867790849958 4.8063084796915945
      vertex -12 1.0927389364671167 8.197724446697737
      vertex -12 1.3022755533022625 8.407261063532884
    endloop
  endfacet
  facet normal -1 0 0
    outer loop
      vertex -12 1.3022755533022625 8.407261063532884
      vertex -12 1.4722431864335457 8.65
      vertex -12 1.3781867790849958 4.8063084796915945
    endloop
  endfacet
  facet normal -1 0 0
    outer loop
      vertex -12 1.4722431864335457 8.65
      vertex -12 1.5974774553360442 8.918565756346363
      vertex -12 1.3781867790849958 4.8063084796915945
    endloop
  endfacet
  facet normal -1 0 0
    outer loop
      vertex -12 1.5974774553360442 8.918565756346363
      vertex -12 1.6741731801207536 9.204798097966219
      vertex -12 1.3781867790849958 4.8063084796915945
    endloop
  endfacet
  facet normal -1 0 0
    outer loop
      vertex -12 6 11
      vertex -12 0.85 10.972243186433545
      vertex -12 0.790475321215442 11
    endloop
  endfacet
  facet normal -1 0 0
    outer loop
      vertex -12 6 11
      vertex -12 1.0927389364671167 10.802275553302263
      vertex -12 0.85 10.972243186433545
    endloop
  endfacet
  facet normal -1 0 0
    outer loop
      vertex -12 6 11
      vertex -12 1.3022755533022625 10.592738936467116
      vertex -12 1.0927389364671167 10.802275553302263
    endloop
  endfacet
  facet normal -1 0 0
    outer loop
      vertex -12 6 11
      vertex -12 1.4722431864335457 10.35
      vertex -12 1.3022755533022625 10.592738936467116
    endloop
  endfacet
  facet normal -1 0 0
    outer loop
      vertex -12 6 -11
      vertex -12 4.972609476841367 0.5226423163382674
      vertex -12 6 11
    endloop
  endfacet
  facet normal -1 0 0
    outer loop
      vertex -12 6 11
      vertex -12 4.330127018922193 2.5
      vertex -12 4.145187862775209 2.7959645173537346
    endloop
  endfacet
  facet normal -1 0 0
    outer loop
      vertex -12 6 11
      vertex -12 4.755282581475767 1.545084971874737
      vertex -12 4.635919272833937 1.87303296707956
    endloop
  endfacet
  facet normal -1 0 0
    outer loop
      vertex -12 6 11
      vertex -12 4.851478631379982 1.2096094779983386
      vertex -12 4.755282581475767 1.545084971874737
    endloop
  endfacet
  facet normal -1 0 0
    outer loop
      vertex -12 6 11
      vertex -12 4.635919272833937 1.87303296707956
      vertex -12 4.493970231495835 2.1918557339453875
    endloop
  endfacet
  facet normal -1 0 0
    outer loop
      vertex -12 6 11
      vertex -12 4.493970231495835 2.1918557339453875
      vertex -12 4.330127018922193 2.5
    endloop
  endfacet
  facet normal -1 0 0
    outer loop
      vertex -12 6 11
      vertex -12 4.972609476841367 0.5226423163382674
      vertex -12 4.92403876506104 0.8682408883346516
    endloop
  endfacet
  facet normal -1 0 0
    outer loop
      vertex -12 6 11
      vertex -12 4.92403876506104 0.8682408883346516
      vertex -12 4.851478631379982 1.2096094779983386
    endloop
  endfacet
  facet normal 0 1 0
    outer loop
      vertex -12 6 -11
      vertex -12 6 11
      vertex -1.38581929876693 6 0.5740251485476346
    endloop
  endfacet
  facet normal -1 0 0
    outer loop
      vertex -12 6 11
      vertex -12 1.7101007166283435 4.698463103929543
      vertex -12 1.3781867790849958 4.8063084796915945
    endloop
  endfacet
  facet normal -1 0 0
    outer loop
      vertex -12 6 11
      vertex -12 2.033683215379001 4.567727288213004
      vertex -12 1.7101007166283435 4.698463103929543
    endloop
  endfacet
  facet normal -1 0 0
    outer loop
      vertex -12 6 11
      vertex -12 2.347357813929454 4.414737964294635
      vertex -12 2.033683215379001 4.567727288213004
    endloop
  endfacet
  facet normal -1 0 0
    outer loop
      vertex -12 6 11
      vertex -12 2.6495963211660243 4.24024048078213
      vertex -12 2.347357813929454 4.414737964294635
    endloop
  endfacet
  facet normal -1 0 0
    outer loop
      vertex -12 6 11
      vertex -12 2.938926261462366 4.045084971874737
      vertex -12 2.6495963211660243 4.24024048078213
    endloop
  endfacet
  facet normal -1 0 0
    outer loop
      vertex -12 6 11
      vertex -12 3.2139380484326963 3.83022221559489
      vertex -12 2.938926261462366 4.045084971874737
    endloop
  endfacet
  facet normal -1 0 0
    outer loop
      vertex -12 6 11
      vertex -12 3.4732918522949863 3.596699001693256
      vertex -12 3.2139380484326963 3.83022221559489
    endloop
  endfacet
  facet normal -1 0 0
    outer loop
      vertex -12 6 11
      vertex -12 3.715724127386971 3.345653031794291
      vertex -12 3.4732918522949863 3.596699001693256
    endloop
  endfacet
  facet normal -1 0 0
    outer loop
      vertex -12 6 11
      vertex -12 1.3781867790849958 4.8063084796915945
      vertex -12 1.6741731801207536 9.204798097966219
    endloop
  endfacet
  facet normal -1 0 0
    outer loop
      vertex -12 6 11
      vertex -12 1.6741731801207536 9.204798097966219
      vertex -12 1.7 9.5
    endloop
  endfacet
  facet normal -1 0 0
    outer loop
      vertex -12 6 11
      vertex -12 1.6741731801207536 9.795201902033781
      vertex -12 1.5974774553360442 10.081434243653637
    endloop
  endfacet
  facet normal -1 0 0
    outer loop
      vertex -12 6 11
      vertex -12 1.7 9.5
      vertex -12 1.6741731801207536 9.795201902033781
    endloop
  endfacet
  facet normal -1 0 0
    outer loop
      vertex -12 6 11
      vertex -12 1.5974774553360442 10.081434243653637
      vertex -12 1.4722431864335457 10.35
    endloop
  endfacet
  facet normal -1 0 0
    outer loop
      vertex -12 6 11
      vertex -12 3.9400537680336094 3.0783073766282913
      vertex -12 3.715724127386971 3.345653031794291
    endloop
  endfacet
  facet normal -1 0 0
    outer loop
      vertex -12 6 11
      vertex -12 4.145187862775209 2.7959645173537346
      vertex -12 3.9400537680336094 3.0783073766282913
    endloop
  endfacet
  facet normal 0 0 1
    outer loop
      vertex -12 6 11
      vertex -12 0.790475321215442 11
      vertex 7.5 0.7904753212154435 11
    endloop
  endfacet
  facet normal 0 1 0
    outer loop
      vertex -12 6 11
      vertex -1.2472044184538178 6 0.8333553495294033
      vertex -1.38581929876693 6 0.5740251485476346
    endloop
  endfacet
  facet normal 0 1 0
    outer loop
      vertex -12 6 11
      vertex -1.0606601717798214 6 1.0606601717798214
      vertex -1.2472044184538178 6 0.8333553495294033
    endloop
  endfacet
  facet normal 0 1 0
    outer loop
      vertex -12 6 11
      vertex -0.8333553495294033 6 1.2472044184538178
      vertex -1.0606601717798214 6 1.0606601717798214
    endloop
  endfacet
  facet normal 0 -1 0
    outer loop
      vertex -12 -6 -11
      vertex 7.5 -6 -11
      vertex -0.8333553495294033 -6 -1.2472044184538178
    endloop
  endfacet
  facet normal 0 0 -1
    outer loop
      vertex -12 -6 -11
      vertex 7.5 -0.7904753212154435 -11
      vertex 7.5 -6 -11
    endloop
  endfacet
  facet normal 0 -1 0
    outer loop
      vertex 7.5 -6 -11
      vertex -0.5740251485476346 -6 -1.38581929876693
      vertex -0.8333553495294033 -6 -1.2472044184538178
    endloop
  endfacet
  facet normal 0 -1 0
    outer loop
      vertex 7.5 -6 -11
      vertex -0.2926354830241924 -6 -1.4711779206048456
      vertex -0.5740251485476346 -6 -1.38581929876693
    endloop
  endfacet
  facet normal 0 -1 0
    outer loop
      vertex 7.5 -6 -11
      vertex 0 -6 -1.5
      vertex -0.2926354830241924 -6 -1.4711779206048456
    endloop
  endfacet
  facet normal 0 -1 0
    outer loop
      vertex 7.5 -6 -11
      vertex 0.2926354830241924 -6 -1.4711779206048456
      vertex 0 -6 -1.5
    endloop
  endfacet
  facet normal 0 -1 0
    outer loop
      vertex 7.5 -6 -11
      vertex 0.5740251485476346 -6 -1.38581929876693
      vertex 0.2926354830241924 -6 -1.4711779206048456
    endloop
  endfacet
  facet normal 0 -1 0
    outer loop
      vertex 7.5 -6 -11
      vertex 0.8333553495294033 -6 -1.2472044184538178
      vertex 0.5740251485476346 -6 -1.38581929876693
    endloop
  endfacet
  facet normal 0 -1 0
    outer loop
      vertex 7.5 -6 -11
      vertex 1.0606601717798214 -6 -1.0606601717798214
      vertex 0.8333553495294033 -6 -1.2472044184538178
    endloop
  endfacet
  facet normal 0 -1 0
    outer loop
      vertex 7.5 -6 -11
      vertex 1.2472044184538178 -6 -0.8333553495294033
      vertex 1.0606601717798214 -6 -1.0606601717798214
    endloop
  endfacet
  facet normal 0 -1 0
    outer loop
      vertex 7.5 -6 -11
      vertex 1.38581929876693 -6 -0.5740251485476346
      vertex 1.2472044184538178 -6 -0.8333553495294033
    endloop
  endfacet
  facet normal 0 -1 0
    outer loop
      vertex 7.5 -6 -11
      vertex 1.4711779206048456 -6 -0.2926354830241924
      vertex 1.38581929876693 -6 -0.5740251485476346
    endloop
  endfacet
  facet normal 0 -1 0
    outer loop
      vertex 7.5 -6 -11
      vertex 1.5 -6 0
      vertex 1.4711779206048456 -6 -0.2926354830241924
    endloop
  endfacet
  facet normal 0 -1 0
    outer loop
      vertex 7.5 -6 -11
      vertex 1.4711779206048456 -6 0.2926354830241924
      vertex 1.5 -6 0
    endloop
  endfacet
  facet normal 0 -1 0
    outer loop
      vertex 7.5 -6 -11
      vertex 1.38581929876693 -6 0.5740251485476346
      vertex 1.4711779206048456 -6 0.2926354830241924
    endloop
  endfacet
  facet normal 0 -1 0
    outer loop
      vertex -12 -6 11
      vertex 0.5740251485476346 -6 1.38581929876693
      vertex 7.5 -6 11
    endloop
  endfacet
  facet normal 0 0 1
    outer loop
      vertex -12 -0.790475321215444 11
      vertex 7.5 -6 11
      vertex 7.5 -0.7904753212154435 11
    endloop
  endfacet
  facet normal 0 -1 0
    outer loop
      vertex 7.5 -6 11
      vertex 0.8333553495294033 -6 1.2472044184538178
      vertex 1.0606601717798214 -6 1.0606601717798214
    endloop
  endfacet
  facet normal 0 -1 0
    outer loop
      vertex 7.5 -6 11
      vertex 0.5740251485476346 -6 1.38581929876693
      vertex 0.8333553495294033 -6 1.2472044184538178
    endloop
  endfacet
  facet normal 0 -1 0
    outer loop
      vertex 7.5 -6 11
      vertex 1.2472044184538178 -6 0.8333553495294033
      vertex 1.38581929876693 -6 0.5740251485476346
    endloop
  endfacet
  facet normal 0 -1 0
    outer loop
      vertex 7.5 -6 11
      vertex 1.0606601717798214 -6 1.0606601717798214
      vertex 1.2472044184538178 -6 0.8333553495294033
    endloop
  endfacet
  facet normal 0 -1 0
    outer loop
      vertex 7.5 -6 11
      vertex 1.38581929876693 -6 0.5740251485476346
      vertex 7.5 -6 -11
    endloop
  endfacet
  facet normal 0 0 -1
    outer loop
      vertex -12 0.790475321215444 -11
      vertex 7.5 6 -11
      vertex 7.5 0.7904753212154435 -11
    endloop
  endfacet
  facet normal 0 1 0
    outer loop
      vertex -12 6 -11
      vertex 0.5740251485476346 6 -1.38581929876693
      vertex 7.5 6 -11
    endloop
  endfacet
  facet normal 0 1 0
    outer loop
      vertex 7.5 6 -11
      vertex 0.5740251485476346 6 -1.38581929876693
      vertex 0.8333553495294033 6 -1.2472044184538178
    endloop
  endfacet
  facet normal 0 1 0
    outer loop
      vertex 7.5 6 -11
      vertex 0.8333553495294033 6 -1.2472044184538178
      vertex 1.0606601717798214 6 -1.0606601717798214
    endloop
  endfacet
  facet normal 0 1 0
    outer loop
      vertex 7.5 6 -11
      vertex 1.0606601717798214 6 -1.0606601717798214
      vertex 1.2472044184538178 6 -0.8333553495294033
    endloop
  endfacet
  facet normal 0 1 0
    outer loop
      vertex 7.5 6 -11
      vertex 1.2472044184538178 6 -0.8333553495294033
      vertex 1.38581929876693 6 -0.5740251485476346
    endloop
  endfacet
  facet normal 0 1 0
    outer loop
      vertex 7.5 6 -11
      vertex 1.38581929876693 6 -0.5740251485476346
      vertex 7.5 6 11
    endloop
  endfacet
  facet normal 0 1 0
    outer loop
      vertex 7.5 6 11
      vertex -0.5740251485476346 6 1.38581929876693
      vertex -0.8333553495294033 6 1.2472044184538178
    endloop
  endfacet
  facet normal 0 1 0
    outer loop
      vertex 7.5 6 11
      vertex -0.2926354830241924 6 1.4711779206048456
      vertex -0.5740251485476346 6 1.38581929876693
    endloop
  endfacet
  facet normal 0 1 0
    outer loop
      vertex 7.5 6 11
      vertex 0 6 1.5
      vertex -0.2926354830241924 6 1.4711779206048456
    endloop
  endfacet
  facet normal 0 1 0
    outer loop
      vertex 7.5 6 11
      vertex 0.2926354830241924 6 1.4711779206048456
      vertex 0 6 1.5
    endloop
  endfacet
  facet normal 0 1 0
    outer loop
      vertex -12 6 11
      vertex 7.5 6 11
      vertex -0.8333553495294033 6 1.2472044184538178
    endloop
  endfacet
  facet normal 0 0 1
    outer loop
      vertex -12 6 11
      vertex 7.5 0.7904753212154435 11
      vertex 7.5 6 11
    endloop
  endfacet
  facet normal 0 1 0
    outer loop
      vertex 7.5 6 11
      vertex 1.38581929876693 6 -0.5740251485476346
      vertex 1.4711779206048456 6 -0.2926354830241924
    endloop
  endfacet
  facet normal 0 1 0
    outer loop
      vertex 7.5 6 11
      vertex 1.4711779206048456 6 -0.2926354830241924
      vertex 1.5 6 0
    endloop
  endfacet
  facet normal 0 1 0
    outer loop
      vertex 7.5 6 11
      vertex 1.5 6 0
      vertex 1.4711779206048456 6 0.2926354830241924
    endloop
  endfacet
  facet normal 0 1 0
    outer loop
      vertex 7.5 6 11
      vertex 1.4711779206048456 6 0.2926354830241924
      vertex 1.38581929876693 6 0.5740251485476346
    endloop
  endfacet
  facet normal 0 1 0
    outer loop
      vertex 7.5 6 11
      vertex 0.5740251485476346 6 1.38581929876693
      vertex 0.2926354830241924 6 1.4711779206048456
    endloop
  endfacet
  facet normal 0 1 0
    outer loop
      vertex 7.5 6 11
      vertex 1.0606601717798214 6 1.0606601717798214
      vertex 0.8333553495294033 6 1.2472044184538178
    endloop
  endfacet
  facet normal 0 1 0
    outer loop
      vertex 7.5 6 11
      vertex 0.8333553495294033 6 1.2472044184538178
      vertex 0.5740251485476346 6 1.38581929876693
    endloop
  endfacet
  facet normal 0 1 0
    outer loop
      vertex 7.5 6 11
      vertex 1.38581929876693 6 0.5740251485476346
      vertex 1.2472044184538178 6 0.8333553495294033
    endloop
  endfacet
  facet normal 0 1 0
    outer loop
      vertex 7.5 6 11
      vertex 1.2472044184538178 6 0.8333553495294033
      vertex 1.0606601717798214 6 1.0606601717798214
    endloop
  endfacet
  facet normal 0 0.9781476007338059 0.20791169081775812
    outer loop
      vertex -1.2185745966497203 -4.92403876506104 -0.8682408883346516
      vertex -12 -4.851478631379982 -1.2096094779983386
      vertex -12 -4.92403876506104 -0.8682408883346516
    endloop
  endfacet
  facet normal 0 0.9902680687415701 0.13917310096006694
    outer loop
      vertex -1.4014061105119942 -4.972609476841367 -0.5226423163382674
      vertex -12 -4.92403876506104 -0.8682408883346516
      vertex -12 -4.972609476841367 -0.5226423163382674
    endloop
  endfacet
  facet normal 0 0.9975640502598243 0.06975647374412483
    outer loop
      vertex -1.4828134979665597 -4.9969541350954785 -0.17449748351250485
      vertex -12 -4.972609476841367 -0.5226423163382674
      vertex -12 -4.9969541350954785 -0.17449748351250485
    endloop
  endfacet
  facet normal 0 0.9612616959383186 0.27563735581700044
    outer loop
      vertex -0.8791649170186748 -4.851478631379982 -1.2096094779983386
      vertex -12 -4.755282581475767 -1.545084971874737
      vertex -12 -4.851478631379982 -1.2096094779983386
    endloop
  endfacet
  facet normal 0 0.939692620785909 0.34202014332566716
    outer loop
      vertex 7.5 -4.755282581475767 -1.545084971874737
      vertex -12 -4.635919272833937 -1.87303296707956
      vertex -12 -4.755282581475767 -1.545084971874737
    endloop
  endfacet
  facet normal 0 0.9135454576426011 0.4067366430757999
    outer loop
      vertex 7.5 -4.635919272833937 -1.87303296707956
      vertex -12 -4.493970231495835 -2.1918557339453875
      vertex -12 -4.635919272833937 -1.87303296707956
    endloop
  endfacet
  facet normal 1.6732805454178645e-17 0.9781476007338061 0.20791169081775762
    outer loop
      vertex -1.0606601717798214 -4.883138783772925 -1.0606601717798214
      vertex -12 -4.851478631379982 -1.2096094779983386
      vertex -1.2185745966497203 -4.92403876506104 -0.8682408883346516
    endloop
  endfacet
  facet normal -3.4077960568468675e-17 0.9902680687415699 0.1391731009600683
    outer loop
      vertex -1.2472044184538178 -4.928941607803772 -0.8333553495294033
      vertex -12 -4.92403876506104 -0.8682408883346516
      vertex -1.38581929876693 -4.965388090713289 -0.5740251485476346
    endloop
  endfacet
  facet normal -2.684164513110801e-20 0.9902680687415714 0.13917310096005803
    outer loop
      vertex -1.2472044184538178 -4.928941607803772 -0.8333553495294033
      vertex -1.2185745966497203 -4.92403876506104 -0.8682408883346516
      vertex -12 -4.92403876506104 -0.8682408883346516
    endloop
  endfacet
  facet normal 0 1 0
    outer loop
      vertex -1.4828134979665597 -4.9969541350954785 -0.17449748351250485
      vertex -12 -4.9969541350954785 -0.17449748351250485
      vertex -1.5 -4.9969541350954785 0
    endloop
  endfacet
  facet normal 0 0.9975640502598242 0.06975647374412533
    outer loop
      vertex -1.4014061105119942 -4.972609476841367 -0.5226423163382674
      vertex -12 -4.972609476841367 -0.5226423163382674
      vertex -1.4711779206048456 -4.988693121420242 -0.2926354830241924
    endloop
  endfacet
  facet normal 2.642908970194143e-17 0.9902680687415703 0.13917310096006616
    outer loop
      vertex -1.38581929876693 -4.965388090713289 -0.5740251485476346
      vertex -12 -4.92403876506104 -0.8682408883346516
      vertex -1.4014061105119942 -4.972609476841367 -0.5226423163382674
    endloop
  endfacet
  facet normal 3.231064044650205e-17 0.9975640502598242 0.06975647374412385
    outer loop
      vertex -1.4711779206048456 -4.988693121420242 -0.2926354830241924
      vertex -12 -4.972609476841367 -0.5226423163382674
      vertex -1.4828134979665597 -4.9969541350954785 -0.17449748351250485
    endloop
  endfacet
  facet normal 0 0.8090169943749461 0.5877852522924748
    outer loop
      vertex 7.5 -4.145187862775209 -2.7959645173537346
      vertex -12 -3.9400537680336094 -3.0783073766282913
      vertex -12 -4.145187862775209 -2.7959645173537346
    endloop
  endfacet
  facet normal 0 0.7660444431189786 0.6427876096865388
    outer loop
      vertex 7.5 -3.9400537680336094 -3.0783073766282913
      vertex -12 -3.715724127386971 -3.345653031794291
      vertex -12 -3.9400537680336094 -3.0783073766282913
    endloop
  endfacet
  facet normal 0 0.6691306063588573 0.743144825477395
    outer loop
      vertex 7.5 -3.4732918522949863 -3.596699001693256
      vertex -12 -3.2139380484326963 -3.83022221559489
      vertex -12 -3.4732918522949863 -3.596699001693256
    endloop
  endfacet
  facet normal 0 0.7193398003386512 0.694658370458997
    outer loop
      vertex 7.5 -3.715724127386971 -3.345653031794291
      vertex -12 -3.4732918522949863 -3.596699001693256
      vertex -12 -3.715724127386971 -3.345653031794291
    endloop
  endfacet
  facet normal 0 0.6156614753256598 0.7880107536067209
    outer loop
      vertex 7.5 -3.2139380484326963 -3.83022221559489
      vertex -12 -2.938926261462366 -4.045084971874737
      vertex -12 -3.2139380484326963 -3.83022221559489
    endloop
  endfacet
  facet normal 0 0.8829475928589261 0.46947156278589225
    outer loop
      vertex 7.5 -4.493970231495835 -2.1918557339453875
      vertex -12 -4.330127018922193 -2.5
      vertex -12 -4.493970231495835 -2.1918557339453875
    endloop
  endfacet
  facet normal 0 0.8480480961564271 0.5299192642332031
    outer loop
      vertex 7.5 -4.330127018922193 -2.5
      vertex -12 -4.145187862775209 -2.7959645173537346
      vertex -12 -4.330127018922193 -2.5
    endloop
  endfacet
  facet normal 1.5064030000774945e-17 0.9612616959383188 0.2756373558169994
    outer loop
      vertex -0.8333553495294033 -4.840698455676496 -1.2472044184538178
      vertex -0.5740251485476346 -4.800951278349202 -1.38581929876693
      vertex -12 -4.755282581475767 -1.545084971874737
    endloop
  endfacet
  facet normal -1.8889282710491367e-18 0.9612616959383186 0.27563735581700055
    outer loop
      vertex -0.5740251485476346 -4.800951278349202 -1.38581929876693
      vertex -0.2926354830241924 -4.776475087402448 -1.4711779206048456
      vertex -12 -4.755282581475767 -1.545084971874737
    endloop
  endfacet
  facet normal 3.0353862363181645e-17 0.9612616959383198 0.2756373558169958
    outer loop
      vertex -0.2926354830241924 -4.776475087402448 -1.4711779206048456
      vertex 0 -4.768210489127914 -1.5
      vertex -12 -4.755282581475767 -1.545084971874737
    endloop
  endfacet
  facet normal -1.1349180885289423e-16 0.9612616959383176 0.27563735581700394
    outer loop
      vertex -0.8791649170186748 -4.851478631379982 -1.2096094779983386
      vertex -0.8333553495294033 -4.840698455676496 -1.2472044184538178
      vertex -12 -4.755282581475767 -1.545084971874737
    endloop
  endfacet
  facet normal 0 0.9781476007338057 0.2079116908177588
    outer loop
      vertex -0.8791649170186748 -4.851478631379982 -1.2096094779983386
      vertex -12 -4.851478631379982 -1.2096094779983386
      vertex -1.0606601717798214 -4.883138783772925 -1.0606601717798214
    endloop
  endfacet
  facet normal 0 0.5000000000000019 0.8660254037844376
    outer loop
      vertex 7.5 -2.6495963211660243 -4.24024048078213
      vertex -12 -2.347357813929454 -4.414737964294635
      vertex -12 -2.6495963211660243 -4.24024048078213
    endloop
  endfacet
  facet normal 0 0.5591929034707452 0.8290375725550428
    outer loop
      vertex 7.5 -2.938926261462366 -4.045084971874737
      vertex -12 -2.6495963211660243 -4.24024048078213
      vertex -12 -2.938926261462366 -4.045084971874737
    endloop
  endfacet
  facet normal 0 0.4383711467890761 0.8987940462991677
    outer loop
      vertex 7.5 -2.347357813929454 -4.414737964294635
      vertex -12 -2.033683215379001 -4.567727288213004
      vertex -12 -2.347357813929454 -4.414737964294635
    endloop
  endfacet
  facet normal 0 0.37460659341591396 0.9271838545667865
    outer loop
      vertex 7.5 -2.033683215379001 -4.567727288213004
      vertex -12 -1.7101007166283435 -4.698463103929543
      vertex -12 -2.033683215379001 -4.567727288213004
    endloop
  endfacet
  facet normal 0 0.3090169943749461 0.9510565162951541
    outer loop
      vertex 7.5 -1.7101007166283435 -4.698463103929543
      vertex -12 -1.3781867790849958 -4.8063084796915945
      vertex -12 -1.7101007166283435 -4.698463103929543
    endloop
  endfacet
  facet normal 0 0.24192189559966815 0.9702957262759964
    outer loop
      vertex 7.5 -1.3781867790849958 -4.8063084796915945
      vertex -12 -1.0395584540887968 -4.8907380036690284
      vertex -12 -1.3781867790849958 -4.8063084796915945
    endloop
  endfacet
  facet normal 0 0.1736481776669296 0.9848077530122081
    outer loop
      vertex 7.5 -1.0395584540887968 -4.8907380036690284
      vertex -12 -0.6958655048003272 -4.951340343707852
      vertex -12 -1.0395584540887968 -4.8907380036690284
    endloop
  endfacet
  facet normal 0 0.10452846326765337 0.9945218953682733
    outer loop
      vertex 7.5 -0.6958655048003272 -4.951340343707852
      vertex -12 -0.3487823687206265 -4.987820251299121
      vertex -12 -0.6958655048003272 -4.951340343707852
    endloop
  endfacet
  facet normal 0 0.03489949670250105 0.9993908270190958
    outer loop
      vertex 7.5 -0.3487823687206265 -4.987820251299121
      vertex -12 0 -5
      vertex -12 -0.3487823687206265 -4.987820251299121
    endloop
  endfacet
  facet normal 0 1 0
    outer loop
      vertex -1.5 -4.9969541350954785 0
      vertex -12 -4.9969541350954785 -0.17449748351250485
      vertex -12 -4.9969541350954785 0.17449748351250485
    endloop
  endfacet
  facet normal 1.100331104638822e-17 0.9975640502598243 -0.06975647374412483
    outer loop
      vertex -1.4711779206048456 -4.988693121420242 0.2926354830241924
      vertex -12 -4.9969541350954785 0.17449748351250485
      vertex -12 -4.972609476841367 0.5226423163382674
    endloop
  endfacet
  facet normal -2.9628543722672685e-17 0.9902680687415701 -0.13917310096006694
    outer loop
      vertex -1.2472044184538178 -4.928941607803772 0.8333553495294033
      vertex -12 -4.972609476841367 0.5226423163382674
      vertex -12 -4.92403876506104 0.8682408883346516
    endloop
  endfacet
  facet normal 9.58656587498227e-18 0.978147600733806 -0.20791169081775815
    outer loop
      vertex -1.0606601717798214 -4.883138783772925 1.0606601717798214
      vertex -12 -4.92403876506104 0.8682408883346516
      vertex -12 -4.851478631379982 1.2096094779983386
    endloop
  endfacet
  facet normal 1.1787452652969715e-17 0.9612616959383186 -0.2756373558170004
    outer loop
      vertex 0 -4.768210489127914 1.5
      vertex -12 -4.851478631379982 1.2096094779983386
      vertex -12 -4.755282581475767 1.545084971874737
    endloop
  endfacet
  facet normal 0 1 0
    outer loop
      vertex -1.5 -4.9969541350954785 0
      vertex -12 -4.9969541350954785 0.17449748351250485
      vertex -1.4828134979665597 -4.9969541350954785 0.17449748351250485
    endloop
  endfacet
  facet normal 0 0.9975640502598243 -0.06975647374412386
    outer loop
      vertex -1.4828134979665597 -4.9969541350954785 0.17449748351250485
      vertex -12 -4.9969541350954785 0.17449748351250485
      vertex -1.4711779206048456 -4.988693121420242 0.2926354830241924
    endloop
  endfacet
  facet normal 7.133058427138886e-20 0.9975640502598242 -0.06975647374412533
    outer loop
      vertex -1.4711779206048456 -4.988693121420242 0.2926354830241924
      vertex -12 -4.972609476841367 0.5226423163382674
      vertex -1.4014061105119942 -4.972609476841367 0.5226423163382674
    endloop
  endfacet
  facet normal 0 0.9902680687415703 -0.13917310096006616
    outer loop
      vertex -1.4014061105119942 -4.972609476841367 0.5226423163382674
      vertex -12 -4.972609476841367 0.5226423163382674
      vertex -1.38581929876693 -4.965388090713289 0.5740251485476346
    endloop
  endfacet
  facet normal 1.0666990129135124e-17 0.9902680687415698 -0.1391731009600683
    outer loop
      vertex -1.38581929876693 -4.965388090713289 0.5740251485476346
      vertex -12 -4.972609476841367 0.5226423163382674
      vertex -1.2472044184538178 -4.928941607803772 0.8333553495294033
    endloop
  endfacet
  facet normal 2.684164513110801e-20 0.9902680687415714 -0.139173100960058
    outer loop
      vertex -1.2472044184538178 -4.928941607803772 0.8333553495294033
      vertex -12 -4.92403876506104 0.8682408883346516
      vertex -1.2185745966497203 -4.92403876506104 0.8682408883346516
    endloop
  endfacet
  facet normal 0 0.9781476007338059 -0.20791169081775757
    outer loop
      vertex -1.2185745966497203 -4.92403876506104 0.8682408883346516
      vertex -12 -4.92403876506104 0.8682408883346516
      vertex -1.0606601717798214 -4.883138783772925 1.0606601717798214
    endloop
  endfacet
  facet normal 0 0.939692620785909 -0.34202014332566716
    outer loop
      vertex 7.5 -4.635919272833937 1.87303296707956
      vertex -12 -4.755282581475767 1.545084971874737
      vertex -12 -4.635919272833937 1.87303296707956
    endloop
  endfacet
  facet normal 0 0.9135454576426011 -0.4067366430757999
    outer loop
      vertex 7.5 -4.493970231495835 2.1918557339453875
      vertex -12 -4.635919272833937 1.87303296707956
      vertex -12 -4.493970231495835 2.1918557339453875
    endloop
  endfacet
  facet normal 0 0.8829475928589261 -0.46947156278589225
    outer loop
      vertex 7.5 -4.330127018922193 2.5
      vertex -12 -4.493970231495835 2.1918557339453875
      vertex -12 -4.330127018922193 2.5
    endloop
  endfacet
  facet normal 0 0.8480480961564271 -0.5299192642332031
    outer loop
      vertex 7.5 -4.145187862775209 2.7959645173537346
      vertex -12 -4.330127018922193 2.5
      vertex -12 -4.145187862775209 2.7959645173537346
    endloop
  endfacet
  facet normal 0 0.8090169943749461 -0.5877852522924748
    outer loop
      vertex 7.5 -3.9400537680336094 3.0783073766282913
      vertex -12 -4.145187862775209 2.7959645173537346
      vertex -12 -3.9400537680336094 3.0783073766282913
    endloop
  endfacet
  facet normal 0 0.7660444431189786 -0.6427876096865388
    outer loop
      vertex 7.5 -3.715724127386971 3.345653031794291
      vertex -12 -3.9400537680336094 3.0783073766282913
      vertex -12 -3.715724127386971 3.345653031794291
    endloop
  endfacet
  facet normal 0 0.7193398003386512 -0.694658370458997
    outer loop
      vertex 7.5 -3.4732918522949863 3.596699001693256
      vertex -12 -3.715724127386971 3.345653031794291
      vertex -12 -3.4732918522949863 3.596699001693256
    endloop
  endfacet
  facet normal 0 0.6691306063588573 -0.743144825477395
    outer loop
      vertex 7.5 -3.2139380484326963 3.83022221559489
      vertex -12 -3.4732918522949863 3.596699001693256
      vertex -12 -3.2139380484326963 3.83022221559489
    endloop
  endfacet
  facet normal 0 0.6156614753256598 -0.7880107536067209
    outer loop
      vertex 7.5 -2.938926261462366 4.045084971874737
      vertex -12 -3.2139380484326963 3.83022221559489
      vertex -12 -2.938926261462366 4.045084971874737
    endloop
  endfacet
  facet normal 1.2271570546228103e-19 0.9781476007338057 -0.2079116908177588
    outer loop
      vertex -1.0606601717798214 -4.883138783772925 1.0606601717798214
      vertex -12 -4.851478631379982 1.2096094779983386
      vertex -0.8791649170186747 -4.851478631379982 1.2096094779983386
    endloop
  endfacet
  facet normal 0 0.9612616959383176 -0.275637355817004
    outer loop
      vertex -0.8791649170186747 -4.851478631379982 1.2096094779983386
      vertex -12 -4.851478631379982 1.2096094779983386
      vertex -0.8333553495294033 -4.840698455676496 1.2472044184538178
    endloop
  endfacet
  facet normal -1.695433682797429e-17 0.9612616959383189 -0.2756373558169994
    outer loop
      vertex -0.8333553495294033 -4.840698455676496 1.2472044184538178
      vertex -12 -4.851478631379982 1.2096094779983386
      vertex -0.5740251485476346 -4.800951278349202 1.38581929876693
    endloop
  endfacet
  facet normal 2.9007715738347303e-18 0.9612616959383185 -0.27563735581700055
    outer loop
      vertex -0.5740251485476346 -4.800951278349202 1.38581929876693
      vertex -12 -4.851478631379982 1.2096094779983386
      vertex -0.2926354830241924 -4.776475087402448 1.4711779206048456
    endloop
  endfacet
  facet normal -1.5285475531369652e-16 0.9612616959383202 -0.2756373558169941
    outer loop
      vertex -0.2926354830241924 -4.776475087402448 1.4711779206048456
      vertex -12 -4.851478631379982 1.2096094779983386
      vertex 0 -4.768210489127914 1.5
    endloop
  endfacet
  facet normal 0 0.5591929034707452 -0.8290375725550428
    outer loop
      vertex 7.5 -2.6495963211660243 4.24024048078213
      vertex -12 -2.938926261462366 4.045084971874737
      vertex -12 -2.6495963211660243 4.24024048078213
    endloop
  endfacet
  facet normal 0 0.5000000000000019 -0.8660254037844376
    outer loop
      vertex 7.5 -2.347357813929454 4.414737964294635
      vertex -12 -2.6495963211660243 4.24024048078213
      vertex -12 -2.347357813929454 4.414737964294635
    endloop
  endfacet
  facet normal 0 0.4383711467890761 -0.8987940462991677
    outer loop
      vertex 7.5 -2.033683215379001 4.567727288213004
      vertex -12 -2.347357813929454 4.414737964294635
      vertex -12 -2.033683215379001 4.567727288213004
    endloop
  endfacet
  facet normal 0 0.37460659341591396 -0.9271838545667865
    outer loop
      vertex 7.5 -1.7101007166283435 4.698463103929543
      vertex -12 -2.033683215379001 4.567727288213004
      vertex -12 -1.7101007166283435 4.698463103929543
    endloop
  endfacet
  facet normal 0 0.3090169943749461 -0.9510565162951541
    outer loop
      vertex 7.5 -1.3781867790849958 4.8063084796915945
      vertex -12 -1.7101007166283435 4.698463103929543
      vertex -12 -1.3781867790849958 4.8063084796915945
    endloop
  endfacet
  facet normal 0 0.24192189559966815 -0.9702957262759964
    outer loop
      vertex 7.5 -1.0395584540887968 4.8907380036690284
      vertex -12 -1.3781867790849958 4.8063084796915945
      vertex -12 -1.0395584540887968 4.8907380036690284
    endloop
  endfacet
  facet normal 0 0.1736481776669296 -0.9848077530122081
    outer loop
      vertex 7.5 -0.6958655048003272 4.951340343707852
      vertex -12 -1.0395584540887968 4.8907380036690284
      vertex -12 -0.6958655048003272 4.951340343707852
    endloop
  endfacet
  facet normal 0 0.10452846326765337 -0.9945218953682733
    outer loop
      vertex 7.5 -0.3487823687206265 4.987820251299121
      vertex -12 -0.6958655048003272 4.951340343707852
      vertex -12 -0.3487823687206265 4.987820251299121
    endloop
  endfacet
  facet normal 0 0.03489949670250105 -0.9993908270190958
    outer loop
      vertex 7.5 0 5
      vertex -12 -0.3487823687206265 4.987820251299121
      vertex -12 0 5
    endloop
  endfacet
  facet normal 9.58656587498227e-18 -0.978147600733806 0.20791169081775815
    outer loop
      vertex -1.0606601717798214 4.883138783772925 -1.0606601717798214
      vertex -12 4.92403876506104 -0.8682408883346516
      vertex -12 4.851478631379982 -1.2096094779983386
    endloop
  endfacet
  facet normal -2.9628543722672685e-17 -0.9902680687415701 0.13917310096006694
    outer loop
      vertex -1.2472044184538178 4.928941607803772 -0.8333553495294033
      vertex -12 4.972609476841367 -0.5226423163382674
      vertex -12 4.92403876506104 -0.8682408883346516
    endloop
  endfacet
  facet normal 1.100331104638822e-17 -0.9975640502598243 0.06975647374412483
    outer loop
      vertex -1.4711779206048456 4.988693121420242 -0.2926354830241924
      vertex -12 4.9969541350954785 -0.17449748351250485
      vertex -12 4.972609476841367 -0.5226423163382674
    endloop
  endfacet
  facet normal 1.1787452652969715e-17 -0.9612616959383186 0.2756373558170004
    outer loop
      vertex 0 4.768210489127914 -1.5
      vertex -12 4.851478631379982 -1.2096094779983386
      vertex -12 4.755282581475767 -1.545084971874737
    endloop
  endfacet
  facet normal 0 -0.03489949670250105 0.9993908270190958
    outer loop
      vertex 7.5 0 -5
      vertex -12 0.3487823687206265 -4.987820251299121
      vertex -12 0 -5
    endloop
  endfacet
  facet normal 0 -0.10452846326765337 0.9945218953682733
    outer loop
      vertex 7.5 0.3487823687206265 -4.987820251299121
      vertex -12 0.6958655048003272 -4.951340343707852
      vertex -12 0.3487823687206265 -4.987820251299121
    endloop
  endfacet
  facet normal 0 -0.1736481776669296 0.9848077530122081
    outer loop
      vertex 7.5 0.6958655048003272 -4.951340343707852
      vertex -12 1.0395584540887968 -4.8907380036690284
      vertex -12 0.6958655048003272 -4.951340343707852
    endloop
  endfacet
  facet normal 0 -0.24192189559966815 0.9702957262759964
    outer loop
      vertex 7.5 1.0395584540887968 -4.8907380036690284
      vertex -12 1.3781867790849958 -4.8063084796915945
      vertex -12 1.0395584540887968 -4.8907380036690284
    endloop
  endfacet
  facet normal 0 -0.3090169943749461 0.9510565162951541
    outer loop
      vertex 7.5 1.3781867790849958 -4.8063084796915945
      vertex -12 1.7101007166283435 -4.698463103929543
      vertex -12 1.3781867790849958 -4.8063084796915945
    endloop
  endfacet
  facet normal 0 -0.37460659341591396 0.9271838545667865
    outer loop
      vertex 7.5 1.7101007166283435 -4.698463103929543
      vertex -12 2.033683215379001 -4.567727288213004
      vertex -12 1.7101007166283435 -4.698463103929543
    endloop
  endfacet
  facet normal 0 -0.4383711467890761 0.8987940462991677
    outer loop
      vertex 7.5 2.033683215379001 -4.567727288213004
      vertex -12 2.347357813929454 -4.414737964294635
      vertex -12 2.033683215379001 -4.567727288213004
    endloop
  endfacet
  facet normal 0 -0.5000000000000019 0.8660254037844376
    outer loop
      vertex 7.5 2.347357813929454 -4.414737964294635
      vertex -12 2.6495963211660243 -4.24024048078213
      vertex -12 2.347357813929454 -4.414737964294635
    endloop
  endfacet
  facet normal 0 -0.5591929034707452 0.8290375725550428
    outer loop
      vertex 7.5 2.6495963211660243 -4.24024048078213
      vertex -12 2.938926261462366 -4.045084971874737
      vertex -12 2.6495963211660243 -4.24024048078213
    endloop
  endfacet
  facet normal 0 -0.6156614753256598 0.7880107536067209
    outer loop
      vertex 7.5 2.938926261462366 -4.045084971874737
      vertex -12 3.2139380484326963 -3.83022221559489
      vertex -12 2.938926261462366 -4.045084971874737
    endloop
  endfacet
  facet normal 0 -0.6691306063588573 0.743144825477395
    outer loop
      vertex 7.5 3.2139380484326963 -3.83022221559489
      vertex -12 3.4732918522949863 -3.596699001693256
      vertex -12 3.2139380484326963 -3.83022221559489
    endloop
  endfacet
  facet normal 0 -0.7193398003386512 0.694658370458997
    outer loop
      vertex 7.5 3.4732918522949863 -3.596699001693256
      vertex -12 3.715724127386971 -3.345653031794291
      vertex -12 3.4732918522949863 -3.596699001693256
    endloop
  endfacet
  facet normal 0 -0.7660444431189786 0.6427876096865388
    outer loop
      vertex 7.5 3.715724127386971 -3.345653031794291
      vertex -12 3.9400537680336094 -3.0783073766282913
      vertex -12 3.715724127386971 -3.345653031794291
    endloop
  endfacet
  facet normal 0 -0.8090169943749461 0.5877852522924748
    outer loop
      vertex 7.5 3.9400537680336094 -3.0783073766282913
      vertex -12 4.145187862775209 -2.7959645173537346
      vertex -12 3.9400537680336094 -3.0783073766282913
    endloop
  endfacet
  facet normal 0 -0.8480480961564271 0.5299192642332031
    outer loop
      vertex 7.5 4.145187862775209 -2.7959645173537346
      vertex -12 4.330127018922193 -2.5
      vertex -12 4.145187862775209 -2.7959645173537346
    endloop
  endfacet
  facet normal 0 -0.8829475928589261 0.46947156278589225
    outer loop
      vertex 7.5 4.330127018922193 -2.5
      vertex -12 4.493970231495835 -2.1918557339453875
      vertex -12 4.330127018922193 -2.5
    endloop
  endfacet
  facet normal 0 -0.9135454576426011 0.4067366430757999
    outer loop
      vertex 7.5 4.493970231495835 -2.1918557339453875
      vertex -12 4.635919272833937 -1.87303296707956
      vertex -12 4.493970231495835 -2.1918557339453875
    endloop
  endfacet
  facet normal 0 -0.939692620785909 0.34202014332566716
    outer loop
      vertex 7.5 4.635919272833937 -1.87303296707956
      vertex -12 4.755282581475767 -1.545084971874737
      vertex -12 4.635919272833937 -1.87303296707956
    endloop
  endfacet
  facet normal 2.2172197905071692e-20 -0.9781476007338059 0.20791169081775757
    outer loop
      vertex -1.0606601717798214 4.883138783772925 -1.0606601717798214
      vertex -1.2185745966497203 4.92403876506104 -0.8682408883346516
      vertex -12 4.92403876506104 -0.8682408883346516
    endloop
  endfacet
  facet normal 2.684164513110801e-20 -0.9902680687415714 0.139173100960058
    outer loop
      vertex -1.2472044184538178 4.928941607803772 -0.8333553495294033
      vertex -12 4.92403876506104 -0.8682408883346516
      vertex -1.2185745966497203 4.92403876506104 -0.8682408883346516
    endloop
  endfacet
  facet normal 0 -1 0
    outer loop
      vertex -1.4828134979665597 4.9969541350954785 -0.17449748351250485
      vertex -1.5 4.9969541350954785 0
      vertex -12 4.9969541350954785 -0.17449748351250485
    endloop
  endfacet
  facet normal 1.0454475681504599e-17 -0.9902680687415698 0.13917310096006832
    outer loop
      vertex -1.2472044184538178 4.928941607803772 -0.8333553495294033
      vertex -1.38581929876693 4.965388090713289 -0.5740251485476346
      vertex -12 4.972609476841367 -0.5226423163382674
    endloop
  endfacet
  facet normal -2.2950816211397744e-20 -0.9902680687415703 0.1391731009600662
    outer loop
      vertex -1.38581929876693 4.965388090713289 -0.5740251485476346
      vertex -1.4014061105119942 4.972609476841367 -0.5226423163382674
      vertex -12 4.972609476841367 -0.5226423163382674
    endloop
  endfacet
  facet normal 0 -0.9975640502598242 0.06975647374412533
    outer loop
      vertex -1.4014061105119942 4.972609476841367 -0.5226423163382674
      vertex -1.4711779206048456 4.988693121420242 -0.2926354830241924
      vertex -12 4.972609476841367 -0.5226423163382674
    endloop
  endfacet
  facet normal -5.504422971741232e-21 -0.9975640502598243 0.06975647374412386
    outer loop
      vertex -1.4711779206048456 4.988693121420242 -0.2926354830241924
      vertex -1.4828134979665597 4.9969541350954785 -0.17449748351250485
      vertex -12 4.9969541350954785 -0.17449748351250485
    endloop
  endfacet
  facet normal -1.5285475531369652e-16 -0.9612616959383202 0.2756373558169941
    outer loop
      vertex -0.2926354830241924 4.776475087402448 -1.4711779206048456
      vertex -12 4.851478631379982 -1.2096094779983386
      vertex 0 4.768210489127914 -1.5
    endloop
  endfacet
  facet normal 0 -0.9612616959383176 0.275637355817004
    outer loop
      vertex -0.8791649170186747 4.851478631379982 -1.2096094779983386
      vertex -12 4.851478631379982 -1.2096094779983386
      vertex -0.8333553495294033 4.840698455676496 -1.2472044184538178
    endloop
  endfacet
  facet normal 0 -0.9781476007338057 0.2079116908177588
    outer loop
      vertex -0.8791649170186747 4.851478631379982 -1.2096094779983386
      vertex -1.0606601717798214 4.883138783772925 -1.0606601717798214
      vertex -12 4.851478631379982 -1.2096094779983386
    endloop
  endfacet
  facet normal -1.695433682797429e-17 -0.9612616959383189 0.2756373558169994
    outer loop
      vertex -0.8333553495294033 4.840698455676496 -1.2472044184538178
      vertex -12 4.851478631379982 -1.2096094779983386
      vertex -0.5740251485476346 4.800951278349202 -1.38581929876693
    endloop
  endfacet
  facet normal 2.9007715738347303e-18 -0.9612616959383185 0.27563735581700055
    outer loop
      vertex -0.5740251485476346 4.800951278349202 -1.38581929876693
      vertex -12 4.851478631379982 -1.2096094779983386
      vertex -0.2926354830241924 4.776475087402448 -1.4711779206048456
    endloop
  endfacet
  facet normal 0 -1 0
    outer loop
      vertex -1.5 4.9969541350954785 0
      vertex -12 4.9969541350954785 0.17449748351250485
      vertex -12 4.9969541350954785 -0.17449748351250485
    endloop
  endfacet
  facet normal 0 -0.9975640502598243 -0.06975647374412483
    outer loop
      vertex -1.4828134979665597 4.9969541350954785 0.17449748351250485
      vertex -12 4.972609476841367 0.5226423163382674
      vertex -12 4.9969541350954785 0.17449748351250485
    endloop
  endfacet
  facet normal 0 -0.9902680687415701 -0.13917310096006694
    outer loop
      vertex -1.4014061105119942 4.972609476841367 0.5226423163382674
      vertex -12 4.92403876506104 0.8682408883346516
      vertex -12 4.972609476841367 0.5226423163382674
    endloop
  endfacet
  facet normal 0 -0.9781476007338059 -0.20791169081775812
    outer loop
      vertex -1.2185745966497203 4.92403876506104 0.8682408883346516
      vertex -12 4.851478631379982 1.2096094779983386
      vertex -12 4.92403876506104 0.8682408883346516
    endloop
  endfacet
  facet normal 0 -0.9612616959383186 -0.27563735581700044
    outer loop
      vertex -0.8791649170186748 4.851478631379982 1.2096094779983386
      vertex -12 4.755282581475767 1.545084971874737
      vertex -12 4.851478631379982 1.2096094779983386
    endloop
  endfacet
  facet normal 0 -0.03489949670250105 -0.9993908270190958
    outer loop
      vertex 7.5 0.3487823687206265 4.987820251299121
      vertex -12 0 5
      vertex -12 0.3487823687206265 4.987820251299121
    endloop
  endfacet
  facet normal 0 -0.10452846326765337 -0.9945218953682733
    outer loop
      vertex 7.5 0.6958655048003272 4.951340343707852
      vertex -12 0.3487823687206265 4.987820251299121
      vertex -12 0.6958655048003272 4.951340343707852
    endloop
  endfacet
  facet normal 0 -0.1736481776669296 -0.9848077530122081
    outer loop
      vertex 7.5 1.0395584540887968 4.8907380036690284
      vertex -12 0.6958655048003272 4.951340343707852
      vertex -12 1.0395584540887968 4.8907380036690284
    endloop
  endfacet
  facet normal 0 -0.24192189559966815 -0.9702957262759964
    outer loop
      vertex 7.5 1.3781867790849958 4.8063084796915945
      vertex -12 1.0395584540887968 4.8907380036690284
      vertex -12 1.3781867790849958 4.8063084796915945
    endloop
  endfacet
  facet normal 0 -0.3090169943749461 -0.9510565162951541
    outer loop
      vertex 7.5 1.7101007166283435 4.698463103929543
      vertex -12 1.3781867790849958 4.8063084796915945
      vertex -12 1.7101007166283435 4.698463103929543
    endloop
  endfacet
  facet normal 0 -0.37460659341591396 -0.9271838545667865
    outer loop
      vertex 7.5 2.033683215379001 4.567727288213004
      vertex -12 1.7101007166283435 4.698463103929543
      vertex -12 2.033683215379001 4.567727288213004
    endloop
  endfacet
  facet normal 0 -0.4383711467890761 -0.8987940462991677
    outer loop
      vertex 7.5 2.347357813929454 4.414737964294635
      vertex -12 2.033683215379001 4.567727288213004
      vertex -12 2.347357813929454 4.414737964294635
    endloop
  endfacet
  facet normal 0 -0.5591929034707452 -0.8290375725550428
    outer loop
      vertex 7.5 2.938926261462366 4.045084971874737
      vertex -12 2.6495963211660243 4.24024048078213
      vertex -12 2.938926261462366 4.045084971874737
    endloop
  endfacet
  facet normal 0 -0.5000000000000019 -0.8660254037844376
    outer loop
      vertex 7.5 2.6495963211660243 4.24024048078213
      vertex -12 2.347357813929454 4.414737964294635
      vertex -12 2.6495963211660243 4.24024048078213
    endloop
  endfacet
  facet normal 0 -0.8480480961564271 -0.5299192642332031
    outer loop
      vertex 7.5 4.330127018922193 2.5
      vertex -12 4.145187862775209 2.7959645173537346
      vertex -12 4.330127018922193 2.5
    endloop
  endfacet
  facet normal 0 -0.8829475928589261 -0.46947156278589225
    outer loop
      vertex 7.5 4.493970231495835 2.1918557339453875
      vertex -12 4.330127018922193 2.5
      vertex -12 4.493970231495835 2.1918557339453875
    endloop
  endfacet
  facet normal 0 -0.6156614753256598 -0.7880107536067209
    outer loop
      vertex 7.5 3.2139380484326963 3.83022221559489
      vertex -12 2.938926261462366 4.045084971874737
      vertex -12 3.2139380484326963 3.83022221559489
    endloop
  endfacet
  facet normal 0 -0.7193398003386512 -0.694658370458997
    outer loop
      vertex 7.5 3.715724127386971 3.345653031794291
      vertex -12 3.4732918522949863 3.596699001693256
      vertex -12 3.715724127386971 3.345653031794291
    endloop
  endfacet
  facet normal 0 -0.6691306063588573 -0.743144825477395
    outer loop
      vertex 7.5 3.4732918522949863 3.596699001693256
      vertex -12 3.2139380484326963 3.83022221559489
      vertex -12 3.4732918522949863 3.596699001693256
    endloop
  endfacet
  facet normal 0 -0.7660444431189786 -0.6427876096865388
    outer loop
      vertex 7.5 3.9400537680336094 3.0783073766282913
      vertex -12 3.715724127386971 3.345653031794291
      vertex -12 3.9400537680336094 3.0783073766282913
    endloop
  endfacet
  facet normal 0 -0.8090169943749461 -0.5877852522924748
    outer loop
      vertex 7.5 4.145187862775209 2.7959645173537346
      vertex -12 3.9400537680336094 3.0783073766282913
      vertex -12 4.145187862775209 2.7959645173537346
    endloop
  endfacet
  facet normal 0 -1 0
    outer loop
      vertex -1.5 4.9969541350954785 0
      vertex -1.4828134979665597 4.9969541350954785 0.17449748351250485
      vertex -12 4.9969541350954785 0.17449748351250485
    endloop
  endfacet
  facet normal 3.2351932797261625e-17 -0.9975640502598244 -0.06975647374412387
    outer loop
      vertex -1.4828134979665597 4.9969541350954785 0.17449748351250485
      vertex -1.4711779206048456 4.988693121420242 0.2926354830241924
      vertex -12 4.972609476841367 0.5226423163382674
    endloop
  endfacet
  facet normal 2.585993449195626e-17 -0.9902680687415703 -0.13917310096006616
    outer loop
      vertex -1.4014061105119942 4.972609476841367 0.5226423163382674
      vertex -1.38581929876693 4.965388090713289 0.5740251485476346
      vertex -12 4.92403876506104 0.8682408883346516
    endloop
  endfacet
  facet normal -7.133058427138886e-20 -0.9975640502598242 -0.06975647374412533
    outer loop
      vertex -1.4711779206048456 4.988693121420242 0.2926354830241924
      vertex -1.4014061105119942 4.972609476841367 0.5226423163382674
      vertex -12 4.972609476841367 0.5226423163382674
    endloop
  endfacet
  facet normal -3.423232748738401e-17 -0.9902680687415699 -0.1391731009600683
    outer loop
      vertex -1.38581929876693 4.965388090713289 0.5740251485476346
      vertex -1.2472044184538178 4.928941607803772 0.8333553495294033
      vertex -12 4.92403876506104 0.8682408883346516
    endloop
  endfacet
  facet normal -2.684164513110801e-20 -0.9902680687415714 -0.13917310096005803
    outer loop
      vertex -1.2472044184538178 4.928941607803772 0.8333553495294033
      vertex -1.2185745966497203 4.92403876506104 0.8682408883346516
      vertex -12 4.92403876506104 0.8682408883346516
    endloop
  endfacet
  facet normal 1.7196448968531126e-17 -0.9781476007338061 -0.20791169081775762
    outer loop
      vertex -1.2185745966497203 4.92403876506104 0.8682408883346516
      vertex -1.0606601717798214 4.883138783772925 1.0606601717798214
      vertex -12 4.851478631379982 1.2096094779983386
    endloop
  endfacet
  facet normal 0 -0.9135454576426011 -0.4067366430757999
    outer loop
      vertex 7.5 4.635919272833937 1.87303296707956
      vertex -12 4.493970231495835 2.1918557339453875
      vertex -12 4.635919272833937 1.87303296707956
    endloop
  endfacet
  facet normal 0 -0.939692620785909 -0.34202014332566716
    outer loop
      vertex 7.5 4.755282581475767 1.545084971874737
      vertex -12 4.635919272833937 1.87303296707956
      vertex -12 4.755282581475767 1.545084971874737
    endloop
  endfacet
  facet normal -1.2271570546228103e-19 -0.9781476007338057 -0.20791169081775876
    outer loop
      vertex -1.0606601717798214 4.883138783772925 1.0606601717798214
      vertex -0.8791649170186748 4.851478631379982 1.2096094779983386
      vertex -12 4.851478631379982 1.2096094779983386
    endloop
  endfacet
  facet normal -1.1349180885289423e-16 -0.9612616959383176 -0.27563735581700394
    outer loop
      vertex -0.8791649170186748 4.851478631379982 1.2096094779983386
      vertex -0.8333553495294033 4.840698455676496 1.2472044184538178
      vertex -12 4.755282581475767 1.545084971874737
    endloop
  endfacet
  facet normal 1.5064030000774945e-17 -0.9612616959383188 -0.2756373558169994
    outer loop
      vertex -0.8333553495294033 4.840698455676496 1.2472044184538178
      vertex -0.5740251485476346 4.800951278349202 1.38581929876693
      vertex -12 4.755282581475767 1.545084971874737
    endloop
  endfacet
  facet normal -1.8889282710491367e-18 -0.9612616959383186 -0.27563735581700055
    outer loop
      vertex -0.5740251485476346 4.800951278349202 1.38581929876693
      vertex -0.2926354830241924 4.776475087402448 1.4711779206048456
      vertex -12 4.755282581475767 1.545084971874737
    endloop
  endfacet
  facet normal 3.0353862363181645e-17 -0.9612616959383198 -0.2756373558169958
    outer loop
      vertex -0.2926354830241924 4.776475087402448 1.4711779206048456
      vertex 0 4.768210489127914 1.5
      vertex -12 4.755282581475767 1.545084971874737
    endloop
  endfacet
  facet normal 2.980603871829505e-20 0.9612616959383177 0.2756373558170033
    outer loop
      vertex 0 -4.768210489127914 -1.5
      vertex 7.5 -4.755282581475767 -1.545084971874737
      vertex -12 -4.755282581475767 -1.545084971874737
    endloop
  endfacet
  facet normal 0 0.9135454576426011 0.4067366430757999
    outer loop
      vertex 7.5 -4.493970231495835 -2.1918557339453875
      vertex -12 -4.493970231495835 -2.1918557339453875
      vertex 7.5 -4.635919272833937 -1.87303296707956
    endloop
  endfacet
  facet normal 0 0.939692620785909 0.34202014332566716
    outer loop
      vertex 7.5 -4.635919272833937 -1.87303296707956
      vertex -12 -4.635919272833937 -1.87303296707956
      vertex 7.5 -4.755282581475767 -1.545084971874737
    endloop
  endfacet
  facet normal -4.742854570412695e-17 0.9612616959383198 0.275637355816996
    outer loop
      vertex 0 -4.768210489127914 -1.5
      vertex 0.2926354830241924 -4.776475087402448 -1.4711779206048456
      vertex 7.5 -4.755282581475767 -1.545084971874737
    endloop
  endfacet
  facet normal 2.250977761012036e-19 0.8090169943749461 0.5877852522924748
    outer loop
      vertex 7.5 -4.145187862775209 -2.7959645173537346
      vertex 7.5 -3.9400537680336094 -3.0783073766282913
      vertex -12 -3.9400537680336094 -3.0783073766282913
    endloop
  endfacet
  facet normal 0 0.7660444431189786 0.6427876096865388
    outer loop
      vertex 7.5 -3.715724127386971 -3.345653031794291
      vertex -12 -3.715724127386971 -3.345653031794291
      vertex 7.5 -3.9400537680336094 -3.0783073766282913
    endloop
  endfacet
  facet normal -2.113816710869329e-20 0.7193398003386512 0.694658370458997
    outer loop
      vertex 7.5 -3.715724127386971 -3.345653031794291
      vertex 7.5 -3.4732918522949863 -3.596699001693256
      vertex -12 -3.4732918522949863 -3.596699001693256
    endloop
  endfacet
  facet normal -2.299416594752134e-19 0.6691306063588573 0.743144825477395
    outer loop
      vertex 7.5 -3.4732918522949863 -3.596699001693256
      vertex 7.5 -3.2139380484326963 -3.83022221559489
      vertex -12 -3.2139380484326963 -3.83022221559489
    endloop
  endfacet
  facet normal -8.580389132530082e-20 0.6156614753256598 0.7880107536067209
    outer loop
      vertex 7.5 -3.2139380484326963 -3.83022221559489
      vertex 7.5 -2.938926261462366 -4.045084971874737
      vertex -12 -2.938926261462366 -4.045084971874737
    endloop
  endfacet
  facet normal 0 0.8829475928589261 0.46947156278589225
    outer loop
      vertex 7.5 -4.330127018922193 -2.5
      vertex -12 -4.330127018922193 -2.5
      vertex 7.5 -4.493970231495835 -2.1918557339453875
    endloop
  endfacet
  facet normal 0 0.8480480961564271 0.5299192642332031
    outer loop
      vertex 7.5 -4.145187862775209 -2.7959645173537346
      vertex -12 -4.145187862775209 -2.7959645173537346
      vertex 7.5 -4.330127018922193 -2.5
    endloop
  endfacet
  facet normal -3.893951963224004e-19 0.5591929034707452 0.8290375725550428
    outer loop
      vertex 7.5 -2.938926261462366 -4.045084971874737
      vertex 7.5 -2.6495963211660243 -4.24024048078213
      vertex -12 -2.6495963211660243 -4.24024048078213
    endloop
  endfacet
  facet normal 2.1076201906582365e-21 0.5000000000000019 0.8660254037844376
    outer loop
      vertex 7.5 -2.6495963211660243 -4.24024048078213
      vertex 7.5 -2.347357813929454 -4.414737964294635
      vertex -12 -2.347357813929454 -4.414737964294635
    endloop
  endfacet
  facet normal -1.94433849501518e-19 0.4383711467890761 0.8987940462991677
    outer loop
      vertex 7.5 -2.347357813929454 -4.414737964294635
      vertex 7.5 -2.033683215379001 -4.567727288213004
      vertex -12 -2.033683215379001 -4.567727288213004
    endloop
  endfacet
  facet normal 4.2376599770287513e-19 0.37460659341591396 0.9271838545667865
    outer loop
      vertex 7.5 -2.033683215379001 -4.567727288213004
      vertex 7.5 -1.7101007166283435 -4.698463103929543
      vertex -12 -1.7101007166283435 -4.698463103929543
    endloop
  endfacet
  facet normal -9.224409357775084e-21 0.24192189559966815 0.9702957262759964
    outer loop
      vertex 7.5 -1.3781867790849958 -4.8063084796915945
      vertex 7.5 -1.0395584540887968 -4.8907380036690284
      vertex -12 -1.0395584540887968 -4.8907380036690284
    endloop
  endfacet
  facet normal 4.341083052255146e-19 0.3090169943749461 0.9510565162951541
    outer loop
      vertex 7.5 -1.7101007166283435 -4.698463103929543
      vertex 7.5 -1.3781867790849958 -4.8063084796915945
      vertex -12 -1.3781867790849958 -4.8063084796915945
    endloop
  endfacet
  facet normal -1.1188965960328964e-20 0.1736481776669296 0.9848077530122081
    outer loop
      vertex 7.5 -1.0395584540887968 -4.8907380036690284
      vertex 7.5 -0.6958655048003272 -4.951340343707852
      vertex -12 -0.6958655048003272 -4.951340343707852
    endloop
  endfacet
  facet normal 8.640348446083875e-20 0.10452846326765337 0.9945218953682733
    outer loop
      vertex 7.5 -0.6958655048003272 -4.951340343707852
      vertex 7.5 -0.3487823687206265 -4.987820251299121
      vertex -12 -0.3487823687206265 -4.987820251299121
    endloop
  endfacet
  facet normal -9.135131257940486e-21 0.03489949670250105 0.9993908270190958
    outer loop
      vertex 7.5 -0.3487823687206265 -4.987820251299121
      vertex 7.5 0 -5
      vertex -12 0 -5
    endloop
  endfacet
  facet normal 3.0682065763119853e-18 0.9612616959383185 0.27563735581700055
    outer loop
      vertex 0.2926354830241924 -4.776475087402448 -1.4711779206048456
      vertex 0.5740251485476346 -4.800951278349202 -1.38581929876693
      vertex 7.5 -4.755282581475767 -1.545084971874737
    endloop
  endfacet
  facet normal -2.4556563771038912e-17 0.9612616959383187 0.2756373558169994
    outer loop
      vertex 0.5740251485476346 -4.800951278349202 -1.38581929876693
      vertex 0.8333553495294033 -4.840698455676496 -1.2472044184538178
      vertex 7.5 -4.755282581475767 -1.545084971874737
    endloop
  endfacet
  facet normal 1.856875560897473e-16 0.9612616959383175 0.27563735581700377
    outer loop
      vertex 0.8333553495294033 -4.840698455676496 -1.2472044184538178
      vertex 0.8791649170186747 -4.851478631379982 -1.2096094779983386
      vertex 7.5 -4.755282581475767 -1.545084971874737
    endloop
  endfacet
  facet normal 0 0.9781476007338058 0.20791169081775876
    outer loop
      vertex 0.8791649170186747 -4.851478631379982 -1.2096094779983386
      vertex 1.0606601717798214 -4.883138783772925 -1.0606601717798214
      vertex 7.5 -4.851478631379982 -1.2096094779983386
    endloop
  endfacet
  facet normal -2.835441904441823e-17 0.978147600733806 0.20791169081775762
    outer loop
      vertex 1.0606601717798214 -4.883138783772925 -1.0606601717798214
      vertex 1.2185745966497203 -4.92403876506104 -0.8682408883346516
      vertex 7.5 -4.851478631379982 -1.2096094779983386
    endloop
  endfacet
  facet normal 0 0.9902680687415714 0.139173100960058
    outer loop
      vertex 1.2185745966497203 -4.92403876506104 -0.8682408883346516
      vertex 1.2472044184538178 -4.928941607803772 -0.8333553495294033
      vertex 7.5 -4.92403876506104 -0.8682408883346516
    endloop
  endfacet
  facet normal 5.842944223647877e-17 0.99026806874157 0.1391731009600683
    outer loop
      vertex 1.2472044184538178 -4.928941607803772 -0.8333553495294033
      vertex 1.38581929876693 -4.965388090713289 -0.5740251485476346
      vertex 7.5 -4.92403876506104 -0.8682408883346516
    endloop
  endfacet
  facet normal 0 0.9975640502598242 0.06975647374412534
    outer loop
      vertex 1.4014061105119942 -4.972609476841367 -0.5226423163382674
      vertex 1.4711779206048456 -4.988693121420242 -0.2926354830241924
      vertex 7.5 -4.972609476841367 -0.5226423163382674
    endloop
  endfacet
  facet normal -4.5253315705482816e-17 0.9902680687415703 0.13917310096006616
    outer loop
      vertex 1.38581929876693 -4.965388090713289 -0.5740251485476346
      vertex 1.4014061105119942 -4.972609476841367 -0.5226423163382674
      vertex 7.5 -4.92403876506104 -0.8682408883346516
    endloop
  endfacet
  facet normal -5.641728973805826e-17 0.9975640502598243 0.06975647374412386
    outer loop
      vertex 1.4711779206048456 -4.988693121420242 -0.2926354830241924
      vertex 1.4828134979665597 -4.9969541350954785 -0.17449748351250485
      vertex 7.5 -4.972609476841367 -0.5226423163382674
    endloop
  endfacet
  facet normal 0 1 0
    outer loop
      vertex 1.4828134979665597 -4.9969541350954785 -0.17449748351250485
      vertex 1.5 -4.9969541350954785 0
      vertex 7.5 -4.9969541350954785 -0.17449748351250485
    endloop
  endfacet
  facet normal 0 0.9781476007338059 0.20791169081775812
    outer loop
      vertex 1.2185745966497203 -4.92403876506104 -0.8682408883346516
      vertex 7.5 -4.92403876506104 -0.8682408883346516
      vertex 7.5 -4.851478631379982 -1.2096094779983386
    endloop
  endfacet
  facet normal 0 0.9902680687415701 0.13917310096006696
    outer loop
      vertex 1.4014061105119942 -4.972609476841367 -0.5226423163382674
      vertex 7.5 -4.972609476841367 -0.5226423163382674
      vertex 7.5 -4.92403876506104 -0.8682408883346516
    endloop
  endfacet
  facet normal 0 0.9975640502598244 0.06975647374412484
    outer loop
      vertex 1.4828134979665597 -4.9969541350954785 -0.17449748351250485
      vertex 7.5 -4.9969541350954785 -0.17449748351250485
      vertex 7.5 -4.972609476841367 -0.5226423163382674
    endloop
  endfacet
  facet normal 0 0.9612616959383186 0.2756373558170004
    outer loop
      vertex 0.8791649170186747 -4.851478631379982 -1.2096094779983386
      vertex 7.5 -4.851478631379982 -1.2096094779983386
      vertex 7.5 -4.755282581475767 -1.545084971874737
    endloop
  endfacet
  facet normal -2.980603871829505e-20 0.9612616959383177 -0.2756373558170033
    outer loop
      vertex 0 -4.768210489127914 1.5
      vertex -12 -4.755282581475767 1.545084971874737
      vertex 7.5 -4.755282581475767 1.545084971874737
    endloop
  endfacet
  facet normal 0 0.939692620785909 -0.34202014332566716
    outer loop
      vertex 7.5 -4.755282581475767 1.545084971874737
      vertex -12 -4.755282581475767 1.545084971874737
      vertex 7.5 -4.635919272833937 1.87303296707956
    endloop
  endfacet
  facet normal 0 0.9135454576426011 -0.4067366430757999
    outer loop
      vertex 7.5 -4.635919272833937 1.87303296707956
      vertex -12 -4.635919272833937 1.87303296707956
      vertex 7.5 -4.493970231495835 2.1918557339453875
    endloop
  endfacet
  facet normal -4.7593650236883093e-17 0.9612616959383198 -0.275637355816996
    outer loop
      vertex 0 -4.768210489127914 1.5
      vertex 7.5 -4.755282581475767 1.545084971874737
      vertex 0.2926354830241924 -4.776475087402448 1.4711779206048456
    endloop
  endfacet
  facet normal 0 0.8829475928589261 -0.46947156278589225
    outer loop
      vertex 7.5 -4.493970231495835 2.1918557339453875
      vertex -12 -4.493970231495835 2.1918557339453875
      vertex 7.5 -4.330127018922193 2.5
    endloop
  endfacet
  facet normal 0 0.8480480961564271 -0.5299192642332031
    outer loop
      vertex 7.5 -4.330127018922193 2.5
      vertex -12 -4.330127018922193 2.5
      vertex 7.5 -4.145187862775209 2.7959645173537346
    endloop
  endfacet
  facet normal 0 0.8090169943749461 -0.5877852522924748
    outer loop
      vertex 7.5 -4.145187862775209 2.7959645173537346
      vertex -12 -4.145187862775209 2.7959645173537346
      vertex 7.5 -3.9400537680336094 3.0783073766282913
    endloop
  endfacet
  facet normal 0 0.7660444431189786 -0.6427876096865388
    outer loop
      vertex 7.5 -3.9400537680336094 3.0783073766282913
      vertex -12 -3.9400537680336094 3.0783073766282913
      vertex 7.5 -3.715724127386971 3.345653031794291
    endloop
  endfacet
  facet normal 0 0.7193398003386512 -0.694658370458997
    outer loop
      vertex 7.5 -3.715724127386971 3.345653031794291
      vertex -12 -3.715724127386971 3.345653031794291
      vertex 7.5 -3.4732918522949863 3.596699001693256
    endloop
  endfacet
  facet normal 0 0.6691306063588573 -0.743144825477395
    outer loop
      vertex 7.5 -3.4732918522949863 3.596699001693256
      vertex -12 -3.4732918522949863 3.596699001693256
      vertex 7.5 -3.2139380484326963 3.83022221559489
    endloop
  endfacet
  facet normal 0 0.6156614753256598 -0.7880107536067209
    outer loop
      vertex 7.5 -3.2139380484326963 3.83022221559489
      vertex -12 -3.2139380484326963 3.83022221559489
      vertex 7.5 -2.938926261462366 4.045084971874737
    endloop
  endfacet
  facet normal 0 0.5591929034707452 -0.8290375725550428
    outer loop
      vertex 7.5 -2.938926261462366 4.045084971874737
      vertex -12 -2.938926261462366 4.045084971874737
      vertex 7.5 -2.6495963211660243 4.24024048078213
    endloop
  endfacet
  facet normal 0 0.5000000000000019 -0.8660254037844376
    outer loop
      vertex 7.5 -2.6495963211660243 4.24024048078213
      vertex -12 -2.6495963211660243 4.24024048078213
      vertex 7.5 -2.347357813929454 4.414737964294635
    endloop
  endfacet
  facet normal 0 0.4383711467890761 -0.8987940462991677
    outer loop
      vertex 7.5 -2.347357813929454 4.414737964294635
      vertex -12 -2.347357813929454 4.414737964294635
      vertex 7.5 -2.033683215379001 4.567727288213004
    endloop
  endfacet
  facet normal 0 0.37460659341591396 -0.9271838545667865
    outer loop
      vertex 7.5 -2.033683215379001 4.567727288213004
      vertex -12 -2.033683215379001 4.567727288213004
      vertex 7.5 -1.7101007166283435 4.698463103929543
    endloop
  endfacet
  facet normal 0 0.3090169943749461 -0.9510565162951541
    outer loop
      vertex 7.5 -1.7101007166283435 4.698463103929543
      vertex -12 -1.7101007166283435 4.698463103929543
      vertex 7.5 -1.3781867790849958 4.8063084796915945
    endloop
  endfacet
  facet normal 0 0.24192189559966815 -0.9702957262759964
    outer loop
      vertex 7.5 -1.3781867790849958 4.8063084796915945
      vertex -12 -1.3781867790849958 4.8063084796915945
      vertex 7.5 -1.0395584540887968 4.8907380036690284
    endloop
  endfacet
  facet normal 0 0.1736481776669296 -0.9848077530122081
    outer loop
      vertex 7.5 -1.0395584540887968 4.8907380036690284
      vertex -12 -1.0395584540887968 4.8907380036690284
      vertex 7.5 -0.6958655048003272 4.951340343707852
    endloop
  endfacet
  facet normal 0 0.10452846326765337 -0.9945218953682733
    outer loop
      vertex 7.5 -0.6958655048003272 4.951340343707852
      vertex -12 -0.6958655048003272 4.951340343707852
      vertex 7.5 -0.3487823687206265 4.987820251299121
    endloop
  endfacet
  facet normal 0 0.03489949670250105 -0.9993908270190958
    outer loop
      vertex 7.5 -0.3487823687206265 4.987820251299121
      vertex -12 -0.3487823687206265 4.987820251299121
      vertex 7.5 0 5
    endloop
  endfacet
  facet normal 2.8411673338007214e-17 0.9612616959383189 -0.27563735581699933
    outer loop
      vertex 0.5740251485476346 -4.800951278349202 1.38581929876693
      vertex 7.5 -4.851478631379982 1.2096094779983386
      vertex 0.8333553495294033 -4.840698455676496 1.2472044184538178
    endloop
  endfacet
  facet normal 6.536613698597672e-20 0.9612616959383175 -0.27563735581700394
    outer loop
      vertex 0.8333553495294033 -4.840698455676496 1.2472044184538178
      vertex 7.5 -4.851478631379982 1.2096094779983386
      vertex 0.8791649170186748 -4.851478631379982 1.2096094779983386
    endloop
  endfacet
  facet normal 2.0612220443999047e-19 0.9781476007338058 -0.2079116908177588
    outer loop
      vertex 1.0606601717798214 -4.883138783772925 1.0606601717798214
      vertex 0.8791649170186748 -4.851478631379982 1.2096094779983386
      vertex 7.5 -4.851478631379982 1.2096094779983386
    endloop
  endfacet
  facet normal 0 1 0
    outer loop
      vertex 7.5 -4.9969541350954785 -0.17449748351250485
      vertex 1.5 -4.9969541350954785 0
      vertex 1.4828134979665597 -4.9969541350954785 0.17449748351250485
    endloop
  endfacet
  facet normal -2.9218938432205446e-17 0.9975640502598242 -0.06975647374412536
    outer loop
      vertex 1.4711779206048456 -4.988693121420242 0.2926354830241924
      vertex 1.4014061105119942 -4.972609476841367 0.5226423163382674
      vertex 7.5 -4.9969541350954785 0.17449748351250485
    endloop
  endfacet
  facet normal 0 0.9975640502598243 -0.06975647374412385
    outer loop
      vertex 1.4828134979665597 -4.9969541350954785 0.17449748351250485
      vertex 1.4711779206048456 -4.988693121420242 0.2926354830241924
      vertex 7.5 -4.9969541350954785 0.17449748351250485
    endloop
  endfacet
  facet normal -1.848681482728362e-17 0.9902680687415699 -0.13917310096006832
    outer loop
      vertex 1.38581929876693 -4.965388090713289 0.5740251485476346
      vertex 1.2472044184538178 -4.928941607803772 0.8333553495294033
      vertex 7.5 -4.972609476841367 0.5226423163382674
    endloop
  endfacet
  facet normal 0 0.9902680687415703 -0.1391731009600662
    outer loop
      vertex 1.4014061105119942 -4.972609476841367 0.5226423163382674
      vertex 1.38581929876693 -4.965388090713289 0.5740251485476346
      vertex 7.5 -4.972609476841367 0.5226423163382674
    endloop
  endfacet
  facet normal 0 0.9902680687415714 -0.139173100960058
    outer loop
      vertex 1.2185745966497203 -4.92403876506104 0.8682408883346516
      vertex 7.5 -4.92403876506104 0.8682408883346516
      vertex 1.2472044184538178 -4.928941607803772 0.8333553495294033
    endloop
  endfacet
  facet normal 0 0.9781476007338061 -0.2079116908177576
    outer loop
      vertex 1.2185745966497203 -4.92403876506104 0.8682408883346516
      vertex 1.0606601717798214 -4.883138783772925 1.0606601717798214
      vertex 7.5 -4.92403876506104 0.8682408883346516
    endloop
  endfacet
  facet normal 2.8680016118162868e-18 0.9612616959383185 -0.27563735581700055
    outer loop
      vertex 0.2926354830241924 -4.776475087402448 1.4711779206048456
      vertex 7.5 -4.755282581475767 1.545084971874737
      vertex 0.5740251485476346 -4.800951278349202 1.38581929876693
    endloop
  endfacet
  facet normal 0 1 0
    outer loop
      vertex 7.5 -4.9969541350954785 -0.17449748351250485
      vertex 1.4828134979665597 -4.9969541350954785 0.17449748351250485
      vertex 7.5 -4.9969541350954785 0.17449748351250485
    endloop
  endfacet
  facet normal 0 0.9975640502598243 -0.06975647374412483
    outer loop
      vertex 1.4014061105119942 -4.972609476841367 0.5226423163382674
      vertex 7.5 -4.972609476841367 0.5226423163382674
      vertex 7.5 -4.9969541350954785 0.17449748351250485
    endloop
  endfacet
  facet normal -1.6202035949651256e-17 0.9781476007338059 -0.2079116908177581
    outer loop
      vertex 1.0606601717798214 -4.883138783772925 1.0606601717798214
      vertex 7.5 -4.851478631379982 1.2096094779983386
      vertex 7.5 -4.92403876506104 0.8682408883346516
    endloop
  endfacet
  facet normal 5.092759189321896e-17 0.9902680687415701 -0.13917310096006696
    outer loop
      vertex 1.2472044184538178 -4.928941607803772 0.8333553495294033
      vertex 7.5 -4.92403876506104 0.8682408883346516
      vertex 7.5 -4.972609476841367 0.5226423163382674
    endloop
  endfacet
  facet normal -1.0714665516202213e-18 0.9612616959383186 -0.27563735581700044
    outer loop
      vertex 0.5740251485476346 -4.800951278349202 1.38581929876693
      vertex 7.5 -4.755282581475767 1.545084971874737
      vertex 7.5 -4.851478631379982 1.2096094779983386
    endloop
  endfacet
  facet normal 9.135131257940486e-21 -0.03489949670250105 0.9993908270190958
    outer loop
      vertex 7.5 0 -5
      vertex 7.5 0.3487823687206265 -4.987820251299121
      vertex -12 0.3487823687206265 -4.987820251299121
    endloop
  endfacet
  facet normal -8.640348446083875e-20 -0.10452846326765337 0.9945218953682733
    outer loop
      vertex 7.5 0.3487823687206265 -4.987820251299121
      vertex 7.5 0.6958655048003272 -4.951340343707852
      vertex -12 0.6958655048003272 -4.951340343707852
    endloop
  endfacet
  facet normal 1.1188965960328964e-20 -0.1736481776669296 0.9848077530122081
    outer loop
      vertex 7.5 0.6958655048003272 -4.951340343707852
      vertex 7.5 1.0395584540887968 -4.8907380036690284
      vertex -12 1.0395584540887968 -4.8907380036690284
    endloop
  endfacet
  facet normal 9.224409357775084e-21 -0.24192189559966815 0.9702957262759964
    outer loop
      vertex 7.5 1.0395584540887968 -4.8907380036690284
      vertex 7.5 1.3781867790849958 -4.8063084796915945
      vertex -12 1.3781867790849958 -4.8063084796915945
    endloop
  endfacet
  facet normal -4.341083052255146e-19 -0.3090169943749461 0.9510565162951541
    outer loop
      vertex 7.5 1.3781867790849958 -4.8063084796915945
      vertex 7.5 1.7101007166283435 -4.698463103929543
      vertex -12 1.7101007166283435 -4.698463103929543
    endloop
  endfacet
  facet normal -4.2376599770287513e-19 -0.37460659341591396 0.9271838545667865
    outer loop
      vertex 7.5 1.7101007166283435 -4.698463103929543
      vertex 7.5 2.033683215379001 -4.567727288213004
      vertex -12 2.033683215379001 -4.567727288213004
    endloop
  endfacet
  facet normal 1.94433849501518e-19 -0.4383711467890761 0.8987940462991677
    outer loop
      vertex 7.5 2.033683215379001 -4.567727288213004
      vertex 7.5 2.347357813929454 -4.414737964294635
      vertex -12 2.347357813929454 -4.414737964294635
    endloop
  endfacet
  facet normal -2.1076201906582365e-21 -0.5000000000000019 0.8660254037844376
    outer loop
      vertex 7.5 2.347357813929454 -4.414737964294635
      vertex 7.5 2.6495963211660243 -4.24024048078213
      vertex -12 2.6495963211660243 -4.24024048078213
    endloop
  endfacet
  facet normal 3.893951963224004e-19 -0.5591929034707452 0.8290375725550428
    outer loop
      vertex 7.5 2.6495963211660243 -4.24024048078213
      vertex 7.5 2.938926261462366 -4.045084971874737
      vertex -12 2.938926261462366 -4.045084971874737
    endloop
  endfacet
  facet normal -2.980603871829505e-20 -0.9612616959383177 0.2756373558170033
    outer loop
      vertex 0 4.768210489127914 -1.5
      vertex -12 4.755282581475767 -1.545084971874737
      vertex 7.5 4.755282581475767 -1.545084971874737
    endloop
  endfacet
  facet normal 8.580389132530082e-20 -0.6156614753256598 0.7880107536067209
    outer loop
      vertex 7.5 2.938926261462366 -4.045084971874737
      vertex 7.5 3.2139380484326963 -3.83022221559489
      vertex -12 3.2139380484326963 -3.83022221559489
    endloop
  endfacet
  facet normal 2.299416594752134e-19 -0.6691306063588573 0.743144825477395
    outer loop
      vertex 7.5 3.2139380484326963 -3.83022221559489
      vertex 7.5 3.4732918522949863 -3.596699001693256
      vertex -12 3.4732918522949863 -3.596699001693256
    endloop
  endfacet
  facet normal 2.113816710869329e-20 -0.7193398003386512 0.694658370458997
    outer loop
      vertex 7.5 3.4732918522949863 -3.596699001693256
      vertex 7.5 3.715724127386971 -3.345653031794291
      vertex -12 3.715724127386971 -3.345653031794291
    endloop
  endfacet
  facet normal -2.4420708941994396e-19 -0.7660444431189786 0.6427876096865388
    outer loop
      vertex 7.5 3.715724127386971 -3.345653031794291
      vertex 7.5 3.9400537680336094 -3.0783073766282913
      vertex -12 3.9400537680336094 -3.0783073766282913
    endloop
  endfacet
  facet normal -2.250977761012036e-19 -0.8090169943749461 0.5877852522924748
    outer loop
      vertex 7.5 3.9400537680336094 -3.0783073766282913
      vertex 7.5 4.145187862775209 -2.7959645173537346
      vertex -12 4.145187862775209 -2.7959645173537346
    endloop
  endfacet
  facet normal -3.580089834654037e-19 -0.8480480961564271 0.5299192642332031
    outer loop
      vertex 7.5 4.145187862775209 -2.7959645173537346
      vertex 7.5 4.330127018922193 -2.5
      vertex -12 4.330127018922193 -2.5
    endloop
  endfacet
  facet normal -1.2765562055476025e-19 -0.8829475928589261 0.46947156278589225
    outer loop
      vertex 7.5 4.330127018922193 -2.5
      vertex 7.5 4.493970231495835 -2.1918557339453875
      vertex -12 4.493970231495835 -2.1918557339453875
    endloop
  endfacet
  facet normal 3.961511680841023e-19 -0.9135454576426011 0.4067366430757999
    outer loop
      vertex 7.5 4.493970231495835 -2.1918557339453875
      vertex 7.5 4.635919272833937 -1.87303296707956
      vertex -12 4.635919272833937 -1.87303296707956
    endloop
  endfacet
  facet normal -4.1735331612676915e-19 -0.939692620785909 0.34202014332566716
    outer loop
      vertex 7.5 4.635919272833937 -1.87303296707956
      vertex 7.5 4.755282581475767 -1.545084971874737
      vertex -12 4.755282581475767 -1.545084971874737
    endloop
  endfacet
  facet normal -4.7593650236883093e-17 -0.9612616959383198 0.275637355816996
    outer loop
      vertex 0 4.768210489127914 -1.5
      vertex 7.5 4.755282581475767 -1.545084971874737
      vertex 0.2926354830241924 4.776475087402448 -1.4711779206048456
    endloop
  endfacet
  facet normal 2.8680016118162868e-18 -0.9612616959383185 0.27563735581700055
    outer loop
      vertex 0.2926354830241924 4.776475087402448 -1.4711779206048456
      vertex 7.5 4.755282581475767 -1.545084971874737
      vertex 0.5740251485476346 4.800951278349202 -1.38581929876693
    endloop
  endfacet
  facet normal 2.8411673338007214e-17 -0.9612616959383189 0.27563735581699933
    outer loop
      vertex 0.5740251485476346 4.800951278349202 -1.38581929876693
      vertex 7.5 4.851478631379982 -1.2096094779983386
      vertex 0.8333553495294033 4.840698455676496 -1.2472044184538178
    endloop
  endfacet
  facet normal 6.536613698597672e-20 -0.9612616959383175 0.27563735581700394
    outer loop
      vertex 0.8333553495294033 4.840698455676496 -1.2472044184538178
      vertex 7.5 4.851478631379982 -1.2096094779983386
      vertex 0.8791649170186748 4.851478631379982 -1.2096094779983386
    endloop
  endfacet
  facet normal 0 -0.9781476007338058 0.20791169081775876
    outer loop
      vertex 0.8791649170186748 4.851478631379982 -1.2096094779983386
      vertex 7.5 4.851478631379982 -1.2096094779983386
      vertex 1.0606601717798214 4.883138783772925 -1.0606601717798214
    endloop
  endfacet
  facet normal 3.805631403572038e-20 -0.9781476007338061 0.2079116908177576
    outer loop
      vertex 1.0606601717798214 4.883138783772925 -1.0606601717798214
      vertex 7.5 4.92403876506104 -0.8682408883346516
      vertex 1.2185745966497203 4.92403876506104 -0.8682408883346516
    endloop
  endfacet
  facet normal 0 -0.9902680687415714 0.139173100960058
    outer loop
      vertex 1.2185745966497203 4.92403876506104 -0.8682408883346516
      vertex 7.5 4.92403876506104 -0.8682408883346516
      vertex 1.2472044184538178 4.928941607803772 -0.8333553495294033
    endloop
  endfacet
  facet normal -1.885644437828304e-17 -0.9902680687415698 0.13917310096006832
    outer loop
      vertex 1.2472044184538178 4.928941607803772 -0.8333553495294033
      vertex 7.5 4.972609476841367 -0.5226423163382674
      vertex 1.38581929876693 4.965388090713289 -0.5740251485476346
    endloop
  endfacet
  facet normal -3.988564985055983e-20 -0.9902680687415703 0.13917310096006616
    outer loop
      vertex 1.38581929876693 4.965388090713289 -0.5740251485476346
      vertex 7.5 4.972609476841367 -0.5226423163382674
      vertex 1.4014061105119942 4.972609476841367 -0.5226423163382674
    endloop
  endfacet
  facet normal -2.960495948801862e-17 -0.9975640502598242 0.06975647374412534
    outer loop
      vertex 1.4014061105119942 4.972609476841367 -0.5226423163382674
      vertex 7.5 4.9969541350954785 -0.17449748351250485
      vertex 1.4711779206048456 4.988693121420242 -0.2926354830241924
    endloop
  endfacet
  facet normal -9.62094875409231e-21 -0.9975640502598243 0.06975647374412386
    outer loop
      vertex 1.4711779206048456 4.988693121420242 -0.2926354830241924
      vertex 7.5 4.9969541350954785 -0.17449748351250485
      vertex 1.4828134979665597 4.9969541350954785 -0.17449748351250485
    endloop
  endfacet
  facet normal -1.0714665516202213e-18 -0.9612616959383186 0.27563735581700044
    outer loop
      vertex 0.5740251485476346 4.800951278349202 -1.38581929876693
      vertex 7.5 4.755282581475767 -1.545084971874737
      vertex 7.5 4.851478631379982 -1.2096094779983386
    endloop
  endfacet
  facet normal -1.6202035949651256e-17 -0.9781476007338059 0.2079116908177581
    outer loop
      vertex 1.0606601717798214 4.883138783772925 -1.0606601717798214
      vertex 7.5 4.851478631379982 -1.2096094779983386
      vertex 7.5 4.92403876506104 -0.8682408883346516
    endloop
  endfacet
  facet normal 5.092759189321896e-17 -0.9902680687415701 0.13917310096006696
    outer loop
      vertex 1.2472044184538178 4.928941607803772 -0.8333553495294033
      vertex 7.5 4.92403876506104 -0.8682408883346516
      vertex 7.5 4.972609476841367 -0.5226423163382674
    endloop
  endfacet
  facet normal 0 -0.9975640502598243 0.06975647374412483
    outer loop
      vertex 1.4014061105119942 4.972609476841367 -0.5226423163382674
      vertex 7.5 4.972609476841367 -0.5226423163382674
      vertex 7.5 4.9969541350954785 -0.17449748351250485
    endloop
  endfacet
  facet normal 0 -1 0
    outer loop
      vertex 1.4828134979665597 4.9969541350954785 -0.17449748351250485
      vertex 7.5 4.9969541350954785 -0.17449748351250485
      vertex 7.5 4.9969541350954785 0.17449748351250485
    endloop
  endfacet
  facet normal 0 -0.03489949670250105 -0.9993908270190958
    outer loop
      vertex 7.5 0 5
      vertex -12 0 5
      vertex 7.5 0.3487823687206265 4.987820251299121
    endloop
  endfacet
  facet normal 0 -0.10452846326765337 -0.9945218953682733
    outer loop
      vertex 7.5 0.3487823687206265 4.987820251299121
      vertex -12 0.3487823687206265 4.987820251299121
      vertex 7.5 0.6958655048003272 4.951340343707852
    endloop
  endfacet
  facet normal 0 -0.1736481776669296 -0.9848077530122081
    outer loop
      vertex 7.5 0.6958655048003272 4.951340343707852
      vertex -12 0.6958655048003272 4.951340343707852
      vertex 7.5 1.0395584540887968 4.8907380036690284
    endloop
  endfacet
  facet normal 0 -0.3090169943749461 -0.9510565162951541
    outer loop
      vertex 7.5 1.3781867790849958 4.8063084796915945
      vertex -12 1.3781867790849958 4.8063084796915945
      vertex 7.5 1.7101007166283435 4.698463103929543
    endloop
  endfacet
  facet normal 0 -0.24192189559966815 -0.9702957262759964
    outer loop
      vertex 7.5 1.0395584540887968 4.8907380036690284
      vertex -12 1.0395584540887968 4.8907380036690284
      vertex 7.5 1.3781867790849958 4.8063084796915945
    endloop
  endfacet
  facet normal 0 -0.37460659341591396 -0.9271838545667865
    outer loop
      vertex 7.5 1.7101007166283435 4.698463103929543
      vertex -12 1.7101007166283435 4.698463103929543
      vertex 7.5 2.033683215379001 4.567727288213004
    endloop
  endfacet
  facet normal 0 -0.4383711467890761 -0.8987940462991677
    outer loop
      vertex 7.5 2.033683215379001 4.567727288213004
      vertex -12 2.033683215379001 4.567727288213004
      vertex 7.5 2.347357813929454 4.414737964294635
    endloop
  endfacet
  facet normal 0 -0.5000000000000019 -0.8660254037844376
    outer loop
      vertex 7.5 2.347357813929454 4.414737964294635
      vertex -12 2.347357813929454 4.414737964294635
      vertex 7.5 2.6495963211660243 4.24024048078213
    endloop
  endfacet
  facet normal 0 -0.5591929034707452 -0.8290375725550428
    outer loop
      vertex 7.5 2.6495963211660243 4.24024048078213
      vertex -12 2.6495963211660243 4.24024048078213
      vertex 7.5 2.938926261462366 4.045084971874737
    endloop
  endfacet
  facet normal 2.980603871829505e-20 -0.9612616959383177 -0.2756373558170033
    outer loop
      vertex 0 4.768210489127914 1.5
      vertex 7.5 4.755282581475767 1.545084971874737
      vertex -12 4.755282581475767 1.545084971874737
    endloop
  endfacet
  facet normal 3.580089834654037e-19 -0.8480480961564271 -0.5299192642332031
    outer loop
      vertex 7.5 4.330127018922193 2.5
      vertex 7.5 4.145187862775209 2.7959645173537346
      vertex -12 4.145187862775209 2.7959645173537346
    endloop
  endfacet
  facet normal 1.2765562055476025e-19 -0.8829475928589261 -0.46947156278589225
    outer loop
      vertex 7.5 4.493970231495835 2.1918557339453875
      vertex 7.5 4.330127018922193 2.5
      vertex -12 4.330127018922193 2.5
    endloop
  endfacet
  facet normal 0 -0.6156614753256598 -0.7880107536067209
    outer loop
      vertex 7.5 2.938926261462366 4.045084971874737
      vertex -12 2.938926261462366 4.045084971874737
      vertex 7.5 3.2139380484326963 3.83022221559489
    endloop
  endfacet
  facet normal 0 -0.6691306063588573 -0.743144825477395
    outer loop
      vertex 7.5 3.2139380484326963 3.83022221559489
      vertex -12 3.2139380484326963 3.83022221559489
      vertex 7.5 3.4732918522949863 3.596699001693256
    endloop
  endfacet
  facet normal 0 -0.7193398003386512 -0.694658370458997
    outer loop
      vertex 7.5 3.4732918522949863 3.596699001693256
      vertex -12 3.4732918522949863 3.596699001693256
      vertex 7.5 3.715724127386971 3.345653031794291
    endloop
  endfacet
  facet normal 2.4420708941994396e-19 -0.7660444431189786 -0.6427876096865388
    outer loop
      vertex 7.5 3.9400537680336094 3.0783073766282913
      vertex 7.5 3.715724127386971 3.345653031794291
      vertex -12 3.715724127386971 3.345653031794291
    endloop
  endfacet
  facet normal 0 -0.8090169943749461 -0.5877852522924748
    outer loop
      vertex 7.5 3.9400537680336094 3.0783073766282913
      vertex -12 3.9400537680336094 3.0783073766282913
      vertex 7.5 4.145187862775209 2.7959645173537346
    endloop
  endfacet
  facet normal 4.1735331612676915e-19 -0.939692620785909 -0.34202014332566716
    outer loop
      vertex 7.5 4.755282581475767 1.545084971874737
      vertex 7.5 4.635919272833937 1.87303296707956
      vertex -12 4.635919272833937 1.87303296707956
    endloop
  endfacet
  facet normal -3.961511680841023e-19 -0.9135454576426011 -0.4067366430757999
    outer loop
      vertex 7.5 4.635919272833937 1.87303296707956
      vertex 7.5 4.493970231495835 2.1918557339453875
      vertex -12 4.493970231495835 2.1918557339453875
    endloop
  endfacet
  facet normal -4.742854570412695e-17 -0.9612616959383198 -0.275637355816996
    outer loop
      vertex 0 4.768210489127914 1.5
      vertex 0.2926354830241924 4.776475087402448 1.4711779206048456
      vertex 7.5 4.755282581475767 1.545084971874737
    endloop
  endfacet
  facet normal 1.856875560897473e-16 -0.9612616959383175 -0.27563735581700377
    outer loop
      vertex 0.8333553495294033 4.840698455676496 1.2472044184538178
      vertex 0.8791649170186747 4.851478631379982 1.2096094779983386
      vertex 7.5 4.755282581475767 1.545084971874737
    endloop
  endfacet
  facet normal -2.0612220443999047e-19 -0.9781476007338058 -0.2079116908177588
    outer loop
      vertex 1.0606601717798214 4.883138783772925 1.0606601717798214
      vertex 7.5 4.851478631379982 1.2096094779983386
      vertex 0.8791649170186747 4.851478631379982 1.2096094779983386
    endloop
  endfacet
  facet normal 0 -1 0
    outer loop
      vertex 1.4828134979665597 4.9969541350954785 -0.17449748351250485
      vertex 7.5 4.9969541350954785 0.17449748351250485
      vertex 1.5 4.9969541350954785 0
    endloop
  endfacet
  facet normal 0 -1 0
    outer loop
      vertex 1.5 4.9969541350954785 0
      vertex 7.5 4.9969541350954785 0.17449748351250485
      vertex 1.4828134979665597 4.9969541350954785 0.17449748351250485
    endloop
  endfacet
  facet normal -5.602534793600248e-17 -0.9975640502598243 -0.06975647374412386
    outer loop
      vertex 1.4828134979665597 4.9969541350954785 0.17449748351250485
      vertex 7.5 4.972609476841367 0.5226423163382674
      vertex 1.4711779206048456 4.988693121420242 0.2926354830241924
    endloop
  endfacet
  facet normal -4.4888011723207885e-17 -0.9902680687415703 -0.13917310096006616
    outer loop
      vertex 1.4014061105119942 4.972609476841367 0.5226423163382674
      vertex 7.5 4.92403876506104 0.8682408883346516
      vertex 1.38581929876693 4.965388090713289 0.5740251485476346
    endloop
  endfacet
  facet normal -1.2396363953590295e-19 -0.9975640502598242 -0.06975647374412534
    outer loop
      vertex 1.4711779206048456 4.988693121420242 0.2926354830241924
      vertex 7.5 4.972609476841367 0.5226423163382674
      vertex 1.4014061105119942 4.972609476841367 0.5226423163382674
    endloop
  endfacet
  facet normal 5.88244609809618e-17 -0.99026806874157 -0.1391731009600683
    outer loop
      vertex 1.38581929876693 4.965388090713289 0.5740251485476346
      vertex 7.5 4.92403876506104 0.8682408883346516
      vertex 1.2472044184538178 4.928941607803772 0.8333553495294033
    endloop
  endfacet
  facet normal 0 -0.9902680687415714 -0.139173100960058
    outer loop
      vertex 1.2185745966497203 4.92403876506104 0.8682408883346516
      vertex 1.2472044184538178 4.928941607803772 0.8333553495294033
      vertex 7.5 4.92403876506104 0.8682408883346516
    endloop
  endfacet
  facet normal -2.8916737104064763e-17 -0.978147600733806 -0.20791169081775762
    outer loop
      vertex 1.2185745966497203 4.92403876506104 0.8682408883346516
      vertex 7.5 4.851478631379982 1.2096094779983386
      vertex 1.0606601717798214 4.883138783772925 1.0606601717798214
    endloop
  endfacet
  facet normal 3.0682065763119853e-18 -0.9612616959383185 -0.27563735581700055
    outer loop
      vertex 0.2926354830241924 4.776475087402448 1.4711779206048456
      vertex 0.5740251485476346 4.800951278349202 1.38581929876693
      vertex 7.5 4.755282581475767 1.545084971874737
    endloop
  endfacet
  facet normal -2.4556563771038912e-17 -0.9612616959383187 -0.2756373558169994
    outer loop
      vertex 0.5740251485476346 4.800951278349202 1.38581929876693
      vertex 0.8333553495294033 4.840698455676496 1.2472044184538178
      vertex 7.5 4.755282581475767 1.545084971874737
    endloop
  endfacet
  facet normal 0 -0.9612616959383186 -0.2756373558170004
    outer loop
      vertex 0.8791649170186747 4.851478631379982 1.2096094779983386
      vertex 7.5 4.851478631379982 1.2096094779983386
      vertex 7.5 4.755282581475767 1.545084971874737
    endloop
  endfacet
  facet normal 0 -0.9975640502598244 -0.06975647374412484
    outer loop
      vertex 1.4828134979665597 4.9969541350954785 0.17449748351250485
      vertex 7.5 4.9969541350954785 0.17449748351250485
      vertex 7.5 4.972609476841367 0.5226423163382674
    endloop
  endfacet
  facet normal 0 -0.9902680687415701 -0.13917310096006696
    outer loop
      vertex 1.4014061105119942 4.972609476841367 0.5226423163382674
      vertex 7.5 4.972609476841367 0.5226423163382674
      vertex 7.5 4.92403876506104 0.8682408883346516
    endloop
  endfacet
  facet normal 0 -0.9781476007338059 -0.20791169081775812
    outer loop
      vertex 1.2185745966497203 4.92403876506104 0.8682408883346516
      vertex 7.5 4.92403876506104 0.8682408883346516
      vertex 7.5 4.851478631379982 1.2096094779983386
    endloop
  endfacet
  facet normal 1 0 0
    outer loop
      vertex 7.5 -4.145187862775209 -2.7959645173537346
      vertex 7.5 -6 -11
      vertex 7.5 -3.9400537680336094 -3.0783073766282913
    endloop
  endfacet
  facet normal 1 0 0
    outer loop
      vertex 7.5 -3.715724127386971 -3.345653031794291
      vertex 7.5 -3.9400537680336094 -3.0783073766282913
      vertex 7.5 -6 -11
    endloop
  endfacet
  facet normal 1 0 0
    outer loop
      vertex 7.5 -1.5974774553360442 -10.081434243653637
      vertex 7.5 -6 -11
      vertex 7.5 -1.4722431864335457 -10.35
    endloop
  endfacet
  facet normal 1 0 0
    outer loop
      vertex 7.5 -1.6741731801207536 -9.795201902033781
      vertex 7.5 -1.7 -9.5
      vertex 7.5 -6 -11
    endloop
  endfacet
  facet normal 1 0 0
    outer loop
      vertex 7.5 -1.5974774553360442 -10.081434243653637
      vertex 7.5 -1.6741731801207536 -9.795201902033781
      vertex 7.5 -6 -11
    endloop
  endfacet
  facet normal 1 0 0
    outer loop
      vertex 7.5 -1.7 -9.5
      vertex 7.5 -1.7101007166283435 -4.698463103929543
      vertex 7.5 -6 -11
    endloop
  endfacet
  facet normal 1 0 0
    outer loop
      vertex 7.5 -3.715724127386971 -3.345653031794291
      vertex 7.5 -6 -11
      vertex 7.5 -3.4732918522949863 -3.596699001693256
    endloop
  endfacet
  facet normal 1 0 0
    outer loop
      vertex 7.5 -3.4732918522949863 -3.596699001693256
      vertex 7.5 -6 -11
      vertex 7.5 -3.2139380484326963 -3.83022221559489
    endloop
  endfacet
  facet normal 1 0 0
    outer loop
      vertex 7.5 -3.2139380484326963 -3.83022221559489
      vertex 7.5 -6 -11
      vertex 7.5 -2.938926261462366 -4.045084971874737
    endloop
  endfacet
  facet normal 1 0 0
    outer loop
      vertex 7.5 -2.938926261462366 -4.045084971874737
      vertex 7.5 -6 -11
      vertex 7.5 -2.6495963211660243 -4.24024048078213
    endloop
  endfacet
  facet normal 1 0 0
    outer loop
      vertex 7.5 -2.6495963211660243 -4.24024048078213
      vertex 7.5 -6 -11
      vertex 7.5 -2.347357813929454 -4.414737964294635
    endloop
  endfacet
  facet normal 1 0 0
    outer loop
      vertex 7.5 -2.347357813929454 -4.414737964294635
      vertex 7.5 -6 -11
      vertex 7.5 -2.033683215379001 -4.567727288213004
    endloop
  endfacet
  facet normal 1 0 0
    outer loop
      vertex 7.5 -2.033683215379001 -4.567727288213004
      vertex 7.5 -6 -11
      vertex 7.5 -1.7101007166283435 -4.698463103929543
    endloop
  endfacet
  facet normal 1 0 0
    outer loop
      vertex 7.5 -4.851478631379982 -1.2096094779983386
      vertex 7.5 -4.92403876506104 -0.8682408883346516
      vertex 7.5 -6 -11
    endloop
  endfacet
  facet normal 1 0 0
    outer loop
      vertex 7.5 -4.92403876506104 -0.8682408883346516
      vertex 7.5 -4.972609476841367 -0.5226423163382674
      vertex 7.5 -6 -11
    endloop
  endfacet
  facet normal 1 0 0
    outer loop
      vertex 7.5 -4.972609476841367 -0.5226423163382674
      vertex 7.5 -4.9969541350954785 -0.17449748351250485
      vertex 7.5 -6 -11
    endloop
  endfacet
  facet normal 1 0 0
    outer loop
      vertex 7.5 -4.9969541350954785 -0.17449748351250485
      vertex 7.5 -4.9969541350954785 0.17449748351250485
      vertex 7.5 -6 -11
    endloop
  endfacet
  facet normal 1 0 0
    outer loop
      vertex 7.5 -4.330127018922193 -2.5
      vertex 7.5 -4.493970231495835 -2.1918557339453875
      vertex 7.5 -6 -11
    endloop
  endfacet
  facet normal 1 0 0
    outer loop
      vertex 7.5 -4.493970231495835 -2.1918557339453875
      vertex 7.5 -4.635919272833937 -1.87303296707956
      vertex 7.5 -6 -11
    endloop
  endfacet
  facet normal 1 0 0
    outer loop
      vertex 7.5 -4.851478631379982 -1.2096094779983386
      vertex 7.5 -6 -11
      vertex 7.5 -4.755282581475767 -1.545084971874737
    endloop
  endfacet
  facet normal 1 0 0
    outer loop
      vertex 7.5 -4.635919272833937 -1.87303296707956
      vertex 7.5 -4.755282581475767 -1.545084971874737
      vertex 7.5 -6 -11
    endloop
  endfacet
  facet normal 1 0 0
    outer loop
      vertex 7.5 -4.145187862775209 -2.7959645173537346
      vertex 7.5 -4.330127018922193 -2.5
      vertex 7.5 -6 -11
    endloop
  endfacet
  facet normal 1 0 0
    outer loop
      vertex 7.5 -1.4722431864335457 -10.35
      vertex 7.5 -6 -11
      vertex 7.5 -1.3022755533022625 -10.592738936467116
    endloop
  endfacet
  facet normal 1 0 0
    outer loop
      vertex 7.5 -1.3022755533022625 -10.592738936467116
      vertex 7.5 -6 -11
      vertex 7.5 -1.0927389364671167 -10.802275553302263
    endloop
  endfacet
  facet normal 1 0 0
    outer loop
      vertex 7.5 -1.0927389364671167 -10.802275553302263
      vertex 7.5 -6 -11
      vertex 7.5 -0.85 -10.972243186433545
    endloop
  endfacet
  facet normal 1 0 0
    outer loop
      vertex 7.5 -0.85 -10.972243186433545
      vertex 7.5 -6 -11
      vertex 7.5 -0.7904753212154435 -11
    endloop
  endfacet
  facet normal 1 0 0
    outer loop
      vertex 7.5 -1.7 -9.5
      vertex 7.5 -1.6741731801207536 -9.204798097966219
      vertex 7.5 -1.3781867790849958 -4.8063084796915945
    endloop
  endfacet
  facet normal 1 0 0
    outer loop
      vertex 7.5 -1.6741731801207536 -9.204798097966219
      vertex 7.5 -1.5974774553360442 -8.918565756346363
      vertex 7.5 -1.3781867790849958 -4.8063084796915945
    endloop
  endfacet
  facet normal 1 0 0
    outer loop
      vertex 7.5 -1.7 -9.5
      vertex 7.5 -1.3781867790849958 -4.8063084796915945
      vertex 7.5 -1.7101007166283435 -4.698463103929543
    endloop
  endfacet
  facet normal 1 0 0
    outer loop
      vertex 7.5 -1.5974774553360442 -8.918565756346363
      vertex 7.5 -1.4722431864335457 -8.65
      vertex 7.5 -1.3781867790849958 -4.8063084796915945
    endloop
  endfacet
  facet normal 1 0 0
    outer loop
      vertex 7.5 -1.4722431864335457 -8.65
      vertex 7.5 -1.3022755533022625 -8.407261063532884
      vertex 7.5 -1.0395584540887968 -4.8907380036690284
    endloop
  endfacet
  facet normal 1 0 0
    outer loop
      vertex 7.5 -1.3022755533022625 -8.407261063532884
      vertex 7.5 -1.0927389364671167 -8.197724446697737
      vertex 7.5 -1.0395584540887968 -4.8907380036690284
    endloop
  endfacet
  facet normal 1 0 0
    outer loop
      vertex 7.5 -1.0927389364671167 -8.197724446697737
      vertex 7.5 -0.85 -8.027756813566455
      vertex 7.5 -0.6958655048003272 -4.951340343707852
    endloop
  endfacet
  facet normal 1 0 0
    outer loop
      vertex 7.5 -1.4722431864335457 -8.65
      vertex 7.5 -1.0395584540887968 -4.8907380036690284
      vertex 7.5 -1.3781867790849958 -4.8063084796915945
    endloop
  endfacet
  facet normal 1 0 0
    outer loop
      vertex 7.5 -1.0927389364671167 -8.197724446697737
      vertex 7.5 -0.6958655048003272 -4.951340343707852
      vertex 7.5 -1.0395584540887968 -4.8907380036690284
    endloop
  endfacet
  facet normal 1 0 0
    outer loop
      vertex 7.5 -0.85 -8.027756813566455
      vertex 7.5 -0.5814342436536368 -7.902522544663956
      vertex 7.5 -0.3487823687206265 -4.987820251299121
    endloop
  endfacet
  facet normal 1 0 0
    outer loop
      vertex 7.5 -0.5814342436536368 -7.902522544663956
      vertex 7.5 -0.29520190203378155 -7.825826819879246
      vertex 7.5 -0.3487823687206265 -4.987820251299121
    endloop
  endfacet
  facet normal 1 0 0
    outer loop
      vertex 7.5 -0.29520190203378155 -7.825826819879246
      vertex 7.5 0 -7.8
      vertex 7.5 0 -5
    endloop
  endfacet
  facet normal 1 0 0
    outer loop
      vertex 7.5 -0.85 -8.027756813566455
      vertex 7.5 -0.3487823687206265 -4.987820251299121
      vertex 7.5 -0.6958655048003272 -4.951340343707852
    endloop
  endfacet
  facet normal 1 0 0
    outer loop
      vertex 7.5 -0.29520190203378155 -7.825826819879246
      vertex 7.5 0 -5
      vertex 7.5 -0.3487823687206265 -4.987820251299121
    endloop
  endfacet
  facet normal 1 0 0
    outer loop
      vertex 7.5 -4.9969541350954785 0.17449748351250485
      vertex 7.5 -6 11
      vertex 7.5 -6 -11
    endloop
  endfacet
  facet normal 1 0 0
    outer loop
      vertex 7.5 -4.9969541350954785 0.17449748351250485
      vertex 7.5 -4.972609476841367 0.5226423163382674
      vertex 7.5 -6 11
    endloop
  endfacet
  facet normal 1 0 0
    outer loop
      vertex 7.5 -4.972609476841367 0.5226423163382674
      vertex 7.5 -4.92403876506104 0.8682408883346516
      vertex 7.5 -6 11
    endloop
  endfacet
  facet normal 1 0 0
    outer loop
      vertex 7.5 -4.92403876506104 0.8682408883346516
      vertex 7.5 -4.851478631379982 1.2096094779983386
      vertex 7.5 -6 11
    endloop
  endfacet
  facet normal 1 0 0
    outer loop
      vertex 7.5 -4.851478631379982 1.2096094779983386
      vertex 7.5 -4.755282581475767 1.545084971874737
      vertex 7.5 -6 11
    endloop
  endfacet
  facet normal 1 0 0
    outer loop
      vertex 7.5 -4.755282581475767 1.545084971874737
      vertex 7.5 -4.635919272833937 1.87303296707956
      vertex 7.5 -6 11
    endloop
  endfacet
  facet normal 1 0 0
    outer loop
      vertex 7.5 -4.635919272833937 1.87303296707956
      vertex 7.5 -4.493970231495835 2.1918557339453875
      vertex 7.5 -6 11
    endloop
  endfacet
  facet normal 1 0 0
    outer loop
      vertex 7.5 -4.493970231495835 2.1918557339453875
      vertex 7.5 -4.330127018922193 2.5
      vertex 7.5 -6 11
    endloop
  endfacet
  facet normal 1 0 0
    outer loop
      vertex 7.5 -4.330127018922193 2.5
      vertex 7.5 -4.145187862775209 2.7959645173537346
      vertex 7.5 -6 11
    endloop
  endfacet
  facet normal 1 0 0
    outer loop
      vertex 7.5 -4.145187862775209 2.7959645173537346
      vertex 7.5 -3.9400537680336094 3.0783073766282913
      vertex 7.5 -6 11
    endloop
  endfacet
  facet normal 1 0 0
    outer loop
      vertex 7.5 -3.9400537680336094 3.0783073766282913
      vertex 7.5 -3.715724127386971 3.345653031794291
      vertex 7.5 -6 11
    endloop
  endfacet
  facet normal 1 0 0
    outer loop
      vertex 7.5 -3.715724127386971 3.345653031794291
      vertex 7.5 -3.4732918522949863 3.596699001693256
      vertex 7.5 -6 11
    endloop
  endfacet
  facet normal 1 0 0
    outer loop
      vertex 7.5 -3.4732918522949863 3.596699001693256
      vertex 7.5 -3.2139380484326963 3.83022221559489
      vertex 7.5 -6 11
    endloop
  endfacet
  facet normal 1 0 0
    outer loop
      vertex 7.5 -3.2139380484326963 3.83022221559489
      vertex 7.5 -2.938926261462366 4.045084971874737
      vertex 7.5 -6 11
    endloop
  endfacet
  facet normal 1 0 0
    outer loop
      vertex 7.5 -2.938926261462366 4.045084971874737
      vertex 7.5 -2.6495963211660243 4.24024048078213
      vertex 7.5 -6 11
    endloop
  endfacet
  facet normal 1 0 0
    outer loop
      vertex 7.5 -2.6495963211660243 4.24024048078213
      vertex 7.5 -2.347357813929454 4.414737964294635
      vertex 7.5 -6 11
    endloop
  endfacet
  facet normal 1 0 0
    outer loop
      vertex 7.5 -2.347357813929454 4.414737964294635
      vertex 7.5 -2.033683215379001 4.567727288213004
      vertex 7.5 -6 11
    endloop
  endfacet
  facet normal 1 0 0
    outer loop
      vertex 7.5 -2.033683215379001 4.567727288213004
      vertex 7.5 -1.7 9.5
      vertex 7.5 -6 11
    endloop
  endfacet
  facet normal 1 0 0
    outer loop
      vertex 7.5 -1.7 9.5
      vertex 7.5 -1.6741731801207536 9.795201902033781
      vertex 7.5 -6 11
    endloop
  endfacet
  facet normal 1 0 0
    outer loop
      vertex 7.5 -1.6741731801207536 9.795201902033781
      vertex 7.5 -1.5974774553360442 10.081434243653637
      vertex 7.5 -6 11
    endloop
  endfacet
  facet normal 1 0 0
    outer loop
      vertex 7.5 -1.5974774553360442 10.081434243653637
      vertex 7.5 -1.4722431864335457 10.35
      vertex 7.5 -6 11
    endloop
  endfacet
  facet normal 1 0 0
    outer loop
      vertex 7.5 -2.033683215379001 4.567727288213004
      vertex 7.5 -1.7101007166283435 4.698463103929543
      vertex 7.5 -1.6741731801207536 9.204798097966219
    endloop
  endfacet
  facet normal 1 0 0
    outer loop
      vertex 7.5 -1.7101007166283435 4.698463103929543
      vertex 7.5 -1.4722431864335457 8.65
      vertex 7.5 -1.5974774553360442 8.918565756346363
    endloop
  endfacet
  facet normal 1 0 0
    outer loop
      vertex 7.5 -2.033683215379001 4.567727288213004
      vertex 7.5 -1.6741731801207536 9.204798097966219
      vertex 7.5 -1.7 9.5
    endloop
  endfacet
  facet normal 1 0 0
    outer loop
      vertex 7.5 -1.7101007166283435 4.698463103929543
      vertex 7.5 -1.5974774553360442 8.918565756346363
      vertex 7.5 -1.6741731801207536 9.204798097966219
    endloop
  endfacet
  facet normal 1 0 0
    outer loop
      vertex 7.5 -1.4722431864335457 10.35
      vertex 7.5 -1.3022755533022625 10.592738936467116
      vertex 7.5 -6 11
    endloop
  endfacet
  facet normal 1 0 0
    outer loop
      vertex 7.5 -1.3022755533022625 10.592738936467116
      vertex 7.5 -1.0927389364671167 10.802275553302263
      vertex 7.5 -6 11
    endloop
  endfacet
  facet normal 1 0 0
    outer loop
      vertex 7.5 -1.0927389364671167 10.802275553302263
      vertex 7.5 -0.85 10.972243186433545
      vertex 7.5 -6 11
    endloop
  endfacet
  facet normal 1 0 0
    outer loop
      vertex 7.5 -0.85 10.972243186433545
      vertex 7.5 -0.7904753212154435 11
      vertex 7.5 -6 11
    endloop
  endfacet
  facet normal 1 0 0
    outer loop
      vertex 7.5 -1.7101007166283435 4.698463103929543
      vertex 7.5 -1.3781867790849958 4.8063084796915945
      vertex 7.5 -1.0927389364671167 8.197724446697737
    endloop
  endfacet
  facet normal 1 0 0
    outer loop
      vertex 7.5 -1.3781867790849958 4.8063084796915945
      vertex 7.5 -1.0395584540887968 4.8907380036690284
      vertex 7.5 -0.85 8.027756813566455
    endloop
  endfacet
  facet normal 1 0 0
    outer loop
      vertex 7.5 -1.0395584540887968 4.8907380036690284
      vertex 7.5 -0.6958655048003272 4.951340343707852
      vertex 7.5 -0.5814342436536368 7.902522544663956
    endloop
  endfacet
  facet normal 1 0 0
    outer loop
      vertex 7.5 -1.7101007166283435 4.698463103929543
      vertex 7.5 -1.0927389364671167 8.197724446697737
      vertex 7.5 -1.3022755533022625 8.407261063532884
    endloop
  endfacet
  facet normal 1 0 0
    outer loop
      vertex 7.5 -1.7101007166283435 4.698463103929543
      vertex 7.5 -1.3022755533022625 8.407261063532884
      vertex 7.5 -1.4722431864335457 8.65
    endloop
  endfacet
  facet normal 1 0 0
    outer loop
      vertex 7.5 -1.3781867790849958 4.8063084796915945
      vertex 7.5 -0.85 8.027756813566455
      vertex 7.5 -1.0927389364671167 8.197724446697737
    endloop
  endfacet
  facet normal 1 0 0
    outer loop
      vertex 7.5 -1.0395584540887968 4.8907380036690284
      vertex 7.5 -0.5814342436536368 7.902522544663956
      vertex 7.5 -0.85 8.027756813566455
    endloop
  endfacet
  facet normal 1 0 0
    outer loop
      vertex 7.5 -0.6958655048003272 4.951340343707852
      vertex 7.5 -0.3487823687206265 4.987820251299121
      vertex 7.5 -0.29520190203378155 7.825826819879246
    endloop
  endfacet
  facet normal 1 0 0
    outer loop
      vertex 7.5 -0.3487823687206265 4.987820251299121
      vertex 7.5 0 5
      vertex 7.5 0 7.8
    endloop
  endfacet
  facet normal 1 0 0
    outer loop
      vertex 7.5 -0.3487823687206265 4.987820251299121
      vertex 7.5 0 7.8
      vertex 7.5 -0.29520190203378155 7.825826819879246
    endloop
  endfacet
  facet normal 1 0 0
    outer loop
      vertex 7.5 -0.6958655048003272 4.951340343707852
      vertex 7.5 -0.29520190203378155 7.825826819879246
      vertex 7.5 -0.5814342436536368 7.902522544663956
    endloop
  endfacet
  facet normal 1 0 0
    outer loop
      vertex 7.5 0.29520190203378155 -7.825826819879246
      vertex 7.5 0.5814342436536368 -7.902522544663956
      vertex 7.5 0.6958655048003272 -4.951340343707852
    endloop
  endfacet
  facet normal 1 0 0
    outer loop
      vertex 7.5 0 -7.8
      vertex 7.5 0.29520190203378155 -7.825826819879246
      vertex 7.5 0.3487823687206265 -4.987820251299121
    endloop
  endfacet
  facet normal 1 0 0
    outer loop
      vertex 7.5 0 -7.8
      vertex 7.5 0.3487823687206265 -4.987820251299121
      vertex 7.5 0 -5
    endloop
  endfacet
  facet normal 1 0 0
    outer loop
      vertex 7.5 0.29520190203378155 -7.825826819879246
      vertex 7.5 0.6958655048003272 -4.951340343707852
      vertex 7.5 0.3487823687206265 -4.987820251299121
    endloop
  endfacet
  facet normal 1 0 0
    outer loop
      vertex 7.5 0.85 -8.027756813566455
      vertex 7.5 1.0395584540887968 -4.8907380036690284
      vertex 7.5 0.5814342436536368 -7.902522544663956
    endloop
  endfacet
  facet normal 1 0 0
    outer loop
      vertex 7.5 0.85 -8.027756813566455
      vertex 7.5 1.0927389364671167 -8.197724446697737
      vertex 7.5 1.3781867790849958 -4.8063084796915945
    endloop
  endfacet
  facet normal 1 0 0
    outer loop
      vertex 7.5 1.3022755533022625 -8.407261063532884
      vertex 7.5 1.4722431864335457 -8.65
      vertex 7.5 1.7101007166283435 -4.698463103929543
    endloop
  endfacet
  facet normal 1 0 0
    outer loop
      vertex 7.5 1.0927389364671167 -8.197724446697737
      vertex 7.5 1.3022755533022625 -8.407261063532884
      vertex 7.5 1.7101007166283435 -4.698463103929543
    endloop
  endfacet
  facet normal 1 0 0
    outer loop
      vertex 7.5 0.5814342436536368 -7.902522544663956
      vertex 7.5 1.0395584540887968 -4.8907380036690284
      vertex 7.5 0.6958655048003272 -4.951340343707852
    endloop
  endfacet
  facet normal 1 0 0
    outer loop
      vertex 7.5 0.85 -8.027756813566455
      vertex 7.5 1.3781867790849958 -4.8063084796915945
      vertex 7.5 1.0395584540887968 -4.8907380036690284
    endloop
  endfacet
  facet normal 1 0 0
    outer loop
      vertex 7.5 1.0927389364671167 -8.197724446697737
      vertex 7.5 1.7101007166283435 -4.698463103929543
      vertex 7.5 1.3781867790849958 -4.8063084796915945
    endloop
  endfacet
  facet normal 1 0 0
    outer loop
      vertex 7.5 0.85 -10.972243186433545
      vertex 7.5 0.7904753212154435 -11
      vertex 7.5 6 -11
    endloop
  endfacet
  facet normal 1 0 0
    outer loop
      vertex 7.5 0.85 -10.972243186433545
      vertex 7.5 6 -11
      vertex 7.5 1.0927389364671167 -10.802275553302263
    endloop
  endfacet
  facet normal 1 0 0
    outer loop
      vertex 7.5 1.0927389364671167 -10.802275553302263
      vertex 7.5 6 -11
      vertex 7.5 1.3022755533022625 -10.592738936467116
    endloop
  endfacet
  facet normal 1 0 0
    outer loop
      vertex 7.5 1.3022755533022625 -10.592738936467116
      vertex 7.5 6 -11
      vertex 7.5 1.4722431864335457 -10.35
    endloop
  endfacet
  facet normal 1 0 0
    outer loop
      vertex 7.5 1.6741731801207536 -9.204798097966219
      vertex 7.5 1.7101007166283435 -4.698463103929543
      vertex 7.5 1.5974774553360442 -8.918565756346363
    endloop
  endfacet
  facet normal 1 0 0
    outer loop
      vertex 7.5 1.7 -9.5
      vertex 7.5 2.033683215379001 -4.567727288213004
      vertex 7.5 1.6741731801207536 -9.204798097966219
    endloop
  endfacet
  facet normal 1 0 0
    outer loop
      vertex 7.5 1.4722431864335457 -8.65
      vertex 7.5 1.5974774553360442 -8.918565756346363
      vertex 7.5 1.7101007166283435 -4.698463103929543
    endloop
  endfacet
  facet normal 1 0 0
    outer loop
      vertex 7.5 1.6741731801207536 -9.204798097966219
      vertex 7.5 2.033683215379001 -4.567727288213004
      vertex 7.5 1.7101007166283435 -4.698463103929543
    endloop
  endfacet
  facet normal 1 0 0
    outer loop
      vertex 7.5 1.4722431864335457 -10.35
      vertex 7.5 6 -11
      vertex 7.5 1.5974774553360442 -10.081434243653637
    endloop
  endfacet
  facet normal 1 0 0
    outer loop
      vertex 7.5 1.5974774553360442 -10.081434243653637
      vertex 7.5 6 -11
      vertex 7.5 1.6741731801207536 -9.795201902033781
    endloop
  endfacet
  facet normal 1 0 0
    outer loop
      vertex 7.5 1.6741731801207536 -9.795201902033781
      vertex 7.5 6 -11
      vertex 7.5 1.7 -9.5
    endloop
  endfacet
  facet normal 1 0 0
    outer loop
      vertex 7.5 1.7 -9.5
      vertex 7.5 6 -11
      vertex 7.5 2.033683215379001 -4.567727288213004
    endloop
  endfacet
  facet normal 1 0 0
    outer loop
      vertex 7.5 2.033683215379001 -4.567727288213004
      vertex 7.5 6 -11
      vertex 7.5 2.347357813929454 -4.414737964294635
    endloop
  endfacet
  facet normal 1 0 0
    outer loop
      vertex 7.5 2.347357813929454 -4.414737964294635
      vertex 7.5 6 -11
      vertex 7.5 2.6495963211660243 -4.24024048078213
    endloop
  endfacet
  facet normal 1 0 0
    outer loop
      vertex 7.5 2.6495963211660243 -4.24024048078213
      vertex 7.5 6 -11
      vertex 7.5 2.938926261462366 -4.045084971874737
    endloop
  endfacet
  facet normal 1 0 0
    outer loop
      vertex 7.5 2.938926261462366 -4.045084971874737
      vertex 7.5 6 -11
      vertex 7.5 3.2139380484326963 -3.83022221559489
    endloop
  endfacet
  facet normal 1 0 0
    outer loop
      vertex 7.5 3.2139380484326963 -3.83022221559489
      vertex 7.5 6 -11
      vertex 7.5 3.4732918522949863 -3.596699001693256
    endloop
  endfacet
  facet normal 1 0 0
    outer loop
      vertex 7.5 3.4732918522949863 -3.596699001693256
      vertex 7.5 6 -11
      vertex 7.5 3.715724127386971 -3.345653031794291
    endloop
  endfacet
  facet normal 1 0 0
    outer loop
      vertex 7.5 3.715724127386971 -3.345653031794291
      vertex 7.5 6 -11
      vertex 7.5 3.9400537680336094 -3.0783073766282913
    endloop
  endfacet
  facet normal 1 0 0
    outer loop
      vertex 7.5 3.9400537680336094 -3.0783073766282913
      vertex 7.5 6 -11
      vertex 7.5 4.145187862775209 -2.7959645173537346
    endloop
  endfacet
  facet normal 1 0 0
    outer loop
      vertex 7.5 4.145187862775209 -2.7959645173537346
      vertex 7.5 6 -11
      vertex 7.5 4.330127018922193 -2.5
    endloop
  endfacet
  facet normal 1 0 0
    outer loop
      vertex 7.5 4.330127018922193 -2.5
      vertex 7.5 6 -11
      vertex 7.5 4.493970231495835 -2.1918557339453875
    endloop
  endfacet
  facet normal 1 0 0
    outer loop
      vertex 7.5 4.493970231495835 -2.1918557339453875
      vertex 7.5 6 -11
      vertex 7.5 4.635919272833937 -1.87303296707956
    endloop
  endfacet
  facet normal 1 0 0
    outer loop
      vertex 7.5 4.635919272833937 -1.87303296707956
      vertex 7.5 6 -11
      vertex 7.5 4.755282581475767 -1.545084971874737
    endloop
  endfacet
  facet normal 1 0 0
    outer loop
      vertex 7.5 4.755282581475767 -1.545084971874737
      vertex 7.5 6 -11
      vertex 7.5 4.851478631379982 -1.2096094779983386
    endloop
  endfacet
  facet normal 1 0 0
    outer loop
      vertex 7.5 4.851478631379982 -1.2096094779983386
      vertex 7.5 6 -11
      vertex 7.5 4.92403876506104 -0.8682408883346516
    endloop
  endfacet
  facet normal 1 0 0
    outer loop
      vertex 7.5 4.92403876506104 -0.8682408883346516
      vertex 7.5 6 -11
      vertex 7.5 4.972609476841367 -0.5226423163382674
    endloop
  endfacet
  facet normal 1 0 0
    outer loop
      vertex 7.5 4.972609476841367 -0.5226423163382674
      vertex 7.5 6 -11
      vertex 7.5 4.9969541350954785 -0.17449748351250485
    endloop
  endfacet
  facet normal 1 0 0
    outer loop
      vertex 7.5 4.9969541350954785 -0.17449748351250485
      vertex 7.5 6 -11
      vertex 7.5 6 11
    endloop
  endfacet
  facet normal 1 0 0
    outer loop
      vertex 7.5 0 5
      vertex 7.5 0.3487823687206265 4.987820251299121
      vertex 7.5 0.29520190203378155 7.825826819879246
    endloop
  endfacet
  facet normal 1 0 0
    outer loop
      vertex 7.5 0.3487823687206265 4.987820251299121
      vertex 7.5 0.6958655048003272 4.951340343707852
      vertex 7.5 0.85 8.027756813566455
    endloop
  endfacet
  facet normal 1 0 0
    outer loop
      vertex 7.5 0 5
      vertex 7.5 0.29520190203378155 7.825826819879246
      vertex 7.5 0 7.8
    endloop
  endfacet
  facet normal 1 0 0
    outer loop
      vertex 7.5 0.3487823687206265 4.987820251299121
      vertex 7.5 0.5814342436536368 7.902522544663956
      vertex 7.5 0.29520190203378155 7.825826819879246
    endloop
  endfacet
  facet normal 1 0 0
    outer loop
      vertex 7.5 0.3487823687206265 4.987820251299121
      vertex 7.5 0.85 8.027756813566455
      vertex 7.5 0.5814342436536368 7.902522544663956
    endloop
  endfacet
  facet normal 1 0 0
    outer loop
      vertex 7.5 0.6958655048003272 4.951340343707852
      vertex 7.5 1.0395584540887968 4.8907380036690284
      vertex 7.5 1.0927389364671167 8.197724446697737
    endloop
  endfacet
  facet normal 1 0 0
    outer loop
      vertex 7.5 1.0395584540887968 4.8907380036690284
      vertex 7.5 1.3781867790849958 4.8063084796915945
      vertex 7.5 1.4722431864335457 8.65
    endloop
  endfacet
  facet normal 1 0 0
    outer loop
      vertex 7.5 0.6958655048003272 4.951340343707852
      vertex 7.5 1.0927389364671167 8.197724446697737
      vertex 7.5 0.85 8.027756813566455
    endloop
  endfacet
  facet normal 1 0 0
    outer loop
      vertex 7.5 1.0395584540887968 4.8907380036690284
      vertex 7.5 1.3022755533022625 8.407261063532884
      vertex 7.5 1.0927389364671167 8.197724446697737
    endloop
  endfacet
  facet normal 1 0 0
    outer loop
      vertex 7.5 1.0395584540887968 4.8907380036690284
      vertex 7.5 1.4722431864335457 8.65
      vertex 7.5 1.3022755533022625 8.407261063532884
    endloop
  endfacet
  facet normal 1 0 0
    outer loop
      vertex 7.5 1.3781867790849958 4.8063084796915945
      vertex 7.5 1.5974774553360442 8.918565756346363
      vertex 7.5 1.4722431864335457 8.65
    endloop
  endfacet
  facet normal 1 0 0
    outer loop
      vertex 7.5 1.3781867790849958 4.8063084796915945
      vertex 7.5 1.7101007166283435 4.698463103929543
      vertex 7.5 1.7 9.5
    endloop
  endfacet
  facet normal 1 0 0
    outer loop
      vertex 7.5 1.3781867790849958 4.8063084796915945
      vertex 7.5 1.6741731801207536 9.204798097966219
      vertex 7.5 1.5974774553360442 8.918565756346363
    endloop
  endfacet
  facet normal 1 0 0
    outer loop
      vertex 7.5 1.3781867790849958 4.8063084796915945
      vertex 7.5 1.7 9.5
      vertex 7.5 1.6741731801207536 9.204798097966219
    endloop
  endfacet
  facet normal 1 0 0
    outer loop
      vertex 7.5 0.85 10.972243186433545
      vertex 7.5 6 11
      vertex 7.5 0.7904753212154435 11
    endloop
  endfacet
  facet normal 1 0 0
    outer loop
      vertex 7.5 0.85 10.972243186433545
      vertex 7.5 1.0927389364671167 10.802275553302263
      vertex 7.5 6 11
    endloop
  endfacet
  facet normal 1 0 0
    outer loop
      vertex 7.5 1.0927389364671167 10.802275553302263
      vertex 7.5 1.3022755533022625 10.592738936467116
      vertex 7.5 6 11
    endloop
  endfacet
  facet normal 1 0 0
    outer loop
      vertex 7.5 1.3022755533022625 10.592738936467116
      vertex 7.5 1.4722431864335457 10.35
      vertex 7.5 6 11
    endloop
  endfacet
  facet normal 1 0 0
    outer loop
      vertex 7.5 4.330127018922193 2.5
      vertex 7.5 6 11
      vertex 7.5 4.145187862775209 2.7959645173537346
    endloop
  endfacet
  facet normal 1 0 0
    outer loop
      vertex 7.5 4.755282581475767 1.545084971874737
      vertex 7.5 6 11
      vertex 7.5 4.635919272833937 1.87303296707956
    endloop
  endfacet
  facet normal 1 0 0
    outer loop
      vertex 7.5 4.755282581475767 1.545084971874737
      vertex 7.5 4.851478631379982 1.2096094779983386
      vertex 7.5 6 11
    endloop
  endfacet
  facet normal 1 0 0
    outer loop
      vertex 7.5 4.635919272833937 1.87303296707956
      vertex 7.5 6 11
      vertex 7.5 4.493970231495835 2.1918557339453875
    endloop
  endfacet
  facet normal 1 0 0
    outer loop
      vertex 7.5 4.493970231495835 2.1918557339453875
      vertex 7.5 6 11
      vertex 7.5 4.330127018922193 2.5
    endloop
  endfacet
  facet normal 1 0 0
    outer loop
      vertex 7.5 4.9969541350954785 -0.17449748351250485
      vertex 7.5 6 11
      vertex 7.5 4.9969541350954785 0.17449748351250485
    endloop
  endfacet
  facet normal 1 0 0
    outer loop
      vertex 7.5 4.9969541350954785 0.17449748351250485
      vertex 7.5 6 11
      vertex 7.5 4.972609476841367 0.5226423163382674
    endloop
  endfacet
  facet normal 1 0 0
    outer loop
      vertex 7.5 4.972609476841367 0.5226423163382674
      vertex 7.5 6 11
      vertex 7.5 4.92403876506104 0.8682408883346516
    endloop
  endfacet
  facet normal 1 0 0
    outer loop
      vertex 7.5 4.92403876506104 0.8682408883346516
      vertex 7.5 6 11
      vertex 7.5 4.851478631379982 1.2096094779983386
    endloop
  endfacet
  facet normal 1 0 0
    outer loop
      vertex 7.5 1.7101007166283435 4.698463103929543
      vertex 7.5 2.033683215379001 4.567727288213004
      vertex 7.5 6 11
    endloop
  endfacet
  facet normal 1 0 0
    outer loop
      vertex 7.5 2.033683215379001 4.567727288213004
      vertex 7.5 2.347357813929454 4.414737964294635
      vertex 7.5 6 11
    endloop
  endfacet
  facet normal 1 0 0
    outer loop
      vertex 7.5 2.347357813929454 4.414737964294635
      vertex 7.5 2.6495963211660243 4.24024048078213
      vertex 7.5 6 11
    endloop
  endfacet
  facet normal 1 0 0
    outer loop
      vertex 7.5 2.6495963211660243 4.24024048078213
      vertex 7.5 2.938926261462366 4.045084971874737
      vertex 7.5 6 11
    endloop
  endfacet
  facet normal 1 0 0
    outer loop
      vertex 7.5 2.938926261462366 4.045084971874737
      vertex 7.5 3.2139380484326963 3.83022221559489
      vertex 7.5 6 11
    endloop
  endfacet
  facet normal 1 0 0
    outer loop
      vertex 7.5 3.2139380484326963 3.83022221559489
      vertex 7.5 3.4732918522949863 3.596699001693256
      vertex 7.5 6 11
    endloop
  endfacet
  facet normal 1 0 0
    outer loop
      vertex 7.5 3.4732918522949863 3.596699001693256
      vertex 7.5 3.715724127386971 3.345653031794291
      vertex 7.5 6 11
    endloop
  endfacet
  facet normal 1 0 0
    outer loop
      vertex 7.5 1.7101007166283435 4.698463103929543
      vertex 7.5 6 11
      vertex 7.5 1.7 9.5
    endloop
  endfacet
  facet normal 1 0 0
    outer loop
      vertex 7.5 1.6741731801207536 9.795201902033781
      vertex 7.5 6 11
      vertex 7.5 1.5974774553360442 10.081434243653637
    endloop
  endfacet
  facet normal 1 0 0
    outer loop
      vertex 7.5 1.7 9.5
      vertex 7.5 6 11
      vertex 7.5 1.6741731801207536 9.795201902033781
    endloop
  endfacet
  facet normal 1 0 0
    outer loop
      vertex 7.5 1.4722431864335457 10.35
      vertex 7.5 1.5974774553360442 10.081434243653637
      vertex 7.5 6 11
    endloop
  endfacet
  facet normal 1 0 0
    outer loop
      vertex 7.5 3.9400537680336094 3.0783073766282913
      vertex 7.5 6 11
      vertex 7.5 3.715724127386971 3.345653031794291
    endloop
  endfacet
  facet normal 1 0 0
    outer loop
      vertex 7.5 3.9400537680336094 3.0783073766282913
      vertex 7.5 4.145187862775209 2.7959645173537346
      vertex 7.5 6 11
    endloop
  endfacet
endsolid OpenSCAD_Model
