solid OpenSCAD_Model
  facet normal 1 0 0
    outer loop
      vertex -1.6433575850921445 -7 -0.14790485969066514
      vertex -1.6433575850921445 -10 0.14790485969066514
      vertex -1.6433575850921445 -10 -0.14790485969066514
    endloop
  endfacet
  facet normal 0.9839295885986296 0 0.17855689479863676
    outer loop
      vertex -1.590538720148158 -7 -0.4389607951850136
      vertex -1.6433575850921445 -10 -0.14790485969066514
      vertex -1.590538720148158 -10 -0.4389607951850136
    endloop
  endfacet
  facet normal 0.936234870639737 0 0.3513748240813433
    outer loop
      vertex -1.4865986320389912 -7 -0.7159081695439711
      vertex -1.590538720148158 -10 -0.4389607951850136
      vertex -1.4865986320389912 -10 -0.7159081695439711
    endloop
  endfacet
  facet normal 0.8584487936018663 0 0.512899277405906
    outer loop
      vertex -1.3348780407186631 -7 -0.9698456662825806
      vertex -1.4865986320389912 -10 -0.7159081695439711
      vertex -1.3348780407186631 -10 -0.9698456662825806
    endloop
  endfacet
  facet normal 0.7530714660036113 0 0.6579387259397121
    outer loop
      vertex -1.140253370828327 -7 -1.1926115253151959
      vertex -1.3348780407186631 -10 -0.9698456662825806
      vertex -1.140253370828327 -10 -1.1926115253151959
    endloop
  endfacet
  facet normal 0.6234898018587333 0 0.78183148246803
    outer loop
      vertex -0.9089800193959692 -7 -1.3770458686401492
      vertex -1.140253370828327 -10 -1.1926115253151959
      vertex -0.9089800193959692 -10 -1.3770458686401492
    endloop
  endfacet
  facet normal 0.936234870639737 0 0.3513748240813433
    outer loop
      vertex -1.590538720148158 -7 -0.4389607951850136
      vertex -1.590538720148158 -10 -0.4389607951850136
      vertex -1.4865986320389912 -7 -0.7159081695439711
    endloop
  endfacet
  facet normal 0.9839295885986296 0 0.17855689479863676
    outer loop
      vertex -1.6433575850921445 -7 -0.14790485969066514
      vertex -1.6433575850921445 -10 -0.14790485969066514
      vertex -1.590538720148158 -7 -0.4389607951850136
    endloop
  endfacet
  facet normal 0.8584487936018663 0 0.512899277405906
    outer loop
      vertex -1.4865986320389912 -7 -0.7159081695439711
      vertex -1.4865986320389912 -10 -0.7159081695439711
      vertex -1.3348780407186631 -7 -0.9698456662825806
    endloop
  endfacet
  facet normal 0.6234898018587333 0 0.78183148246803
    outer loop
      vertex -1.140253370828327 -7 -1.1926115253151959
      vertex -1.140253370828327 -10 -1.1926115253151959
      vertex -0.9089800193959692 -7 -1.3770458686401492
    endloop
  endfacet
  facet normal 0.7530714660036113 0 0.6579387259397121
    outer loop
      vertex -1.3348780407186631 -7 -0.9698456662825806
      vertex -1.3348780407186631 -10 -0.9698456662825806
      vertex -1.140253370828327 -7 -1.1926115253151959
    endloop
  endfacet
  facet normal 0.47386866247299864 0 0.880595531856738
    outer loop
      vertex -0.6484913022289738 -7 -1.5172208247098935
      vertex -0.9089800193959692 -10 -1.3770458686401492
      vertex -0.6484913022289738 -10 -1.5172208247098935
    endloop
  endfacet
  facet normal 0.30901699437494773 0 0.9510565162951534
    outer loop
      vertex -0.36715954102791887 -7 -1.608631055100009
      vertex -0.6484913022289738 -10 -1.5172208247098935
      vertex -0.36715954102791887 -10 -1.608631055100009
    endloop
  endfacet
  facet normal 0.13423326581765574 0 0.9909497617679348
    outer loop
      vertex -0.07402697007834956 -7 -1.6483385597931692
      vertex -0.36715954102791887 -10 -1.608631055100009
      vertex -0.07402697007834956 -10 -1.6483385597931692
    endloop
  endfacet
  facet normal 0.47386866247299864 0 0.880595531856738
    outer loop
      vertex -0.9089800193959692 -7 -1.3770458686401492
      vertex -0.9089800193959692 -10 -1.3770458686401492
      vertex -0.6484913022289738 -7 -1.5172208247098935
    endloop
  endfacet
  facet normal 0.30901699437494773 -1.977979899493548e-19 0.9510565162951534
    outer loop
      vertex -0.36715954102791887 -7 -1.608631055100009
      vertex -0.6484913022289738 -7 -1.5172208247098935
      vertex -0.6484913022289738 -10 -1.5172208247098935
    endloop
  endfacet
  facet normal 0.13423326581765574 0 0.9909497617679348
    outer loop
      vertex -0.36715954102791887 -7 -1.608631055100009
      vertex -0.36715954102791887 -10 -1.608631055100009
      vertex -0.07402697007834956 -7 -1.6483385597931692
    endloop
  endfacet
  facet normal 0.9839295885986296 0 -0.17855689479863676
    outer loop
      vertex -1.6433575850921445 -7 0.14790485969066514
      vertex -1.590538720148158 -10 0.4389607951850136
      vertex -1.6433575850921445 -10 0.14790485969066514
    endloop
  endfacet
  facet normal 0.936234870639737 0 -0.3513748240813433
    outer loop
      vertex -1.590538720148158 -7 0.4389607951850136
      vertex -1.4865986320389912 -10 0.7159081695439711
      vertex -1.590538720148158 -10 0.4389607951850136
    endloop
  endfacet
  facet normal 0.8584487936018663 0 -0.512899277405906
    outer loop
      vertex -1.4865986320389912 -7 0.7159081695439711
      vertex -1.3348780407186631 -10 0.9698456662825806
      vertex -1.4865986320389912 -10 0.7159081695439711
    endloop
  endfacet
  facet normal 0.7530714660036113 0 -0.6579387259397121
    outer loop
      vertex -1.3348780407186631 -7 0.9698456662825806
      vertex -1.140253370828327 -10 1.1926115253151959
      vertex -1.3348780407186631 -10 0.9698456662825806
    endloop
  endfacet
  facet normal 0.6234898018587329 0 -0.7818314824680302
    outer loop
      vertex -1.140253370828327 -7 1.1926115253151959
      vertex -0.9089800193959687 -10 1.3770458686401494
      vertex -1.140253370828327 -10 1.1926115253151959
    endloop
  endfacet
  facet normal 1 0 0
    outer loop
      vertex -1.6433575850921445 -7 -0.14790485969066514
      vertex -1.6433575850921445 -7 0.14790485969066514
      vertex -1.6433575850921445 -10 0.14790485969066514
    endloop
  endfacet
  facet normal 0.9839295885986296 -7.042266848830946e-19 -0.17855689479863676
    outer loop
      vertex -1.6433575850921445 -7 0.14790485969066514
      vertex -1.590538720148158 -7 0.4389607951850136
      vertex -1.590538720148158 -10 0.4389607951850136
    endloop
  endfacet
  facet normal 0.936234870639737 1.4993418658520984e-19 -0.3513748240813433
    outer loop
      vertex -1.590538720148158 -7 0.4389607951850136
      vertex -1.4865986320389912 -7 0.7159081695439711
      vertex -1.4865986320389912 -10 0.7159081695439711
    endloop
  endfacet
  facet normal 0.8584487936018663 1.847117301795925e-18 -0.512899277405906
    outer loop
      vertex -1.4865986320389912 -7 0.7159081695439711
      vertex -1.3348780407186631 -7 0.9698456662825806
      vertex -1.3348780407186631 -10 0.9698456662825806
    endloop
  endfacet
  facet normal 0.7530714660036113 -7.067359842057108e-19 -0.6579387259397121
    outer loop
      vertex -1.3348780407186631 -7 0.9698456662825806
      vertex -1.140253370828327 -7 1.1926115253151959
      vertex -1.140253370828327 -10 1.1926115253151959
    endloop
  endfacet
  facet normal 0.6234898018587329 2.640949606235293e-18 -0.7818314824680302
    outer loop
      vertex -1.140253370828327 -7 1.1926115253151959
      vertex -0.9089800193959687 -7 1.3770458686401494
      vertex -0.9089800193959687 -10 1.3770458686401494
    endloop
  endfacet
  facet normal 0.47386866247299864 0 -0.8805955318567379
    outer loop
      vertex -0.9089800193959687 -7 1.3770458686401494
      vertex -0.6484913022289738 -10 1.5172208247098935
      vertex -0.9089800193959687 -10 1.3770458686401494
    endloop
  endfacet
  facet normal 0.3090169943749477 0 -0.9510565162951535
    outer loop
      vertex -0.6484913022289738 -7 1.5172208247098935
      vertex -0.36715954102791803 -10 1.6086310551000091
      vertex -0.6484913022289738 -10 1.5172208247098935
    endloop
  endfacet
  facet normal 0.13423326581765516 0 -0.9909497617679348
    outer loop
      vertex -0.36715954102791803 -7 1.6086310551000091
      vertex -0.07402697007834916 -10 1.6483385597931692
      vertex -0.36715954102791803 -10 1.6086310551000091
    endloop
  endfacet
  facet normal 0.47386866247299864 -2.9677290690716194e-18 -0.8805955318567379
    outer loop
      vertex -0.9089800193959687 -7 1.3770458686401494
      vertex -0.6484913022289738 -7 1.5172208247098935
      vertex -0.6484913022289738 -10 1.5172208247098935
    endloop
  endfacet
  facet normal 0.3090169943749477 -2.2356439903100268e-20 -0.9510565162951535
    outer loop
      vertex -0.6484913022289738 -7 1.5172208247098935
      vertex -0.36715954102791803 -7 1.6086310551000091
      vertex -0.36715954102791803 -10 1.6086310551000091
    endloop
  endfacet
  facet normal 0.13423326581765516 4.880628152873901e-19 -0.9909497617679348
    outer loop
      vertex -0.36715954102791803 -7 1.6086310551000091
      vertex -0.07402697007834916 -7 1.6483385597931692
      vertex -0.07402697007834916 -10 1.6483385597931692
    endloop
  endfacet
  facet normal -0.044864830350515215 0 0.9989930665413146
    outer loop
      vertex 0.22148488859913132 -7 -1.6350671069170923
      vertex -0.07402697007834956 -10 -1.6483385597931692
      vertex 0.22148488859913132 -10 -1.6350671069170923
    endloop
  endfacet
  facet normal -0.2225209339563149 0 0.9749279121818235
    outer loop
      vertex 0.5098780407186632 -7 -1.5692432518870032
      vertex 0.22148488859913132 -10 -1.6350671069170923
      vertex 0.5098780407186632 -10 -1.5692432518870032
    endloop
  endfacet
  facet normal -0.39302503165392366 0 0.9195277725514507
    outer loop
      vertex 0.7818832930804477 -7 -1.4529826275636175
      vertex 0.5098780407186632 -10 -1.5692432518870032
      vertex 0.7818832930804477 -10 -1.4529826275636175
    endloop
  endfacet
  facet normal -0.044864830350515215 0 0.9989930665413146
    outer loop
      vertex -0.07402697007834956 -7 -1.6483385597931692
      vertex -0.07402697007834956 -10 -1.6483385597931692
      vertex 0.22148488859913132 -7 -1.6350671069170923
    endloop
  endfacet
  facet normal -0.2225209339563149 0 0.9749279121818235
    outer loop
      vertex 0.22148488859913132 -7 -1.6350671069170923
      vertex 0.22148488859913132 -10 -1.6350671069170923
      vertex 0.5098780407186632 -7 -1.5692432518870032
    endloop
  endfacet
  facet normal -0.39302503165392366 0 0.9195277725514507
    outer loop
      vertex 0.5098780407186632 -7 -1.5692432518870032
      vertex 0.5098780407186632 -10 -1.5692432518870032
      vertex 0.7818832930804477 -7 -1.4529826275636175
    endloop
  endfacet
  facet normal -0.5508969814521023 0 0.8345732537213026
    outer loop
      vertex 0.7818832930804477 -7 -1.4529826275636175
      vertex 0.7818832930804477 -10 -1.4529826275636175
      vertex 1.0287581730669102 -7 -1.290021946072249
    endloop
  endfacet
  facet normal -0.5508969814521023 0 0.8345732537213026
    outer loop
      vertex 1.0287581730669102 -7 -1.290021946072249
      vertex 0.7818832930804477 -10 -1.4529826275636175
      vertex 1.0287581730669102 -10 -1.290021946072249
    endloop
  endfacet
  facet normal -0.6910626489868644 0 0.7227948638273918
    outer loop
      vertex 1.2425679189059577 -7 -1.085598897800526
      vertex 1.0287581730669102 -10 -1.290021946072249
      vertex 1.2425679189059577 -10 -1.085598897800526
    endloop
  endfacet
  facet normal -0.8090169943749475 0 0.5877852522924731
    outer loop
      vertex 1.416440509443079 -7 -0.8462838077197451
      vertex 1.2425679189059577 -10 -1.085598897800526
      vertex 1.416440509443079 -10 -0.8462838077197451
    endloop
  endfacet
  facet normal -0.9009688679024189 0 0.4338837391175584
    outer loop
      vertex 1.5447875365555663 -7 -0.5797684597342155
      vertex 1.416440509443079 -10 -0.8462838077197451
      vertex 1.5447875365555663 -10 -0.5797684597342155
    endloop
  endfacet
  facet normal -0.9639628606958532 0 0.2660368455666753
    outer loop
      vertex 1.623483821187739 -7 -0.29461887641775053
      vertex 1.5447875365555663 -10 -0.5797684597342155
      vertex 1.623483821187739 -10 -0.29461887641775053
    endloop
  endfacet
  facet normal -0.9959742939952391 0 0.08963930890343319
    outer loop
      vertex 1.65 -7 0
      vertex 1.623483821187739 -10 -0.29461887641775053
      vertex 1.65 -10 0
    endloop
  endfacet
  facet normal -0.6910626489868644 0 0.7227948638273918
    outer loop
      vertex 1.0287581730669102 -7 -1.290021946072249
      vertex 1.0287581730669102 -10 -1.290021946072249
      vertex 1.2425679189059577 -7 -1.085598897800526
    endloop
  endfacet
  facet normal -0.8090169943749475 0 0.5877852522924731
    outer loop
      vertex 1.2425679189059577 -7 -1.085598897800526
      vertex 1.2425679189059577 -10 -1.085598897800526
      vertex 1.416440509443079 -7 -0.8462838077197451
    endloop
  endfacet
  facet normal -0.9009688679024189 0 0.4338837391175584
    outer loop
      vertex 1.416440509443079 -7 -0.8462838077197451
      vertex 1.416440509443079 -10 -0.8462838077197451
      vertex 1.5447875365555663 -7 -0.5797684597342155
    endloop
  endfacet
  facet normal -0.9639628606958532 0 0.2660368455666753
    outer loop
      vertex 1.5447875365555663 -7 -0.5797684597342155
      vertex 1.5447875365555663 -10 -0.5797684597342155
      vertex 1.623483821187739 -7 -0.29461887641775053
    endloop
  endfacet
  facet normal -0.9959742939952391 0 0.08963930890343319
    outer loop
      vertex 1.623483821187739 -7 -0.29461887641775053
      vertex 1.623483821187739 -10 -0.29461887641775053
      vertex 1.65 -7 0
    endloop
  endfacet
  facet normal -0.044864830350515965 0 -0.9989930665413146
    outer loop
      vertex -0.07402697007834916 -7 1.6483385597931692
      vertex 0.22148488859913174 -10 1.6350671069170921
      vertex -0.07402697007834916 -10 1.6483385597931692
    endloop
  endfacet
  facet normal -0.22252093395631453 0 -0.9749279121818236
    outer loop
      vertex 0.22148488859913174 -7 1.6350671069170921
      vertex 0.5098780407186632 -10 1.5692432518870032
      vertex 0.22148488859913174 -10 1.6350671069170921
    endloop
  endfacet
  facet normal -0.3930250316539231 0 -0.9195277725514509
    outer loop
      vertex 0.5098780407186632 -7 1.5692432518870032
      vertex 0.7818832930804476 -10 1.4529826275636177
      vertex 0.5098780407186632 -10 1.5692432518870032
    endloop
  endfacet
  facet normal -0.5508969814521025 0 -0.8345732537213026
    outer loop
      vertex 0.7818832930804476 -7 1.4529826275636177
      vertex 1.02875817306691 -10 1.2900219460722493
      vertex 0.7818832930804476 -10 1.4529826275636177
    endloop
  endfacet
  facet normal -0.044864830350515965 3.533250534343103e-19 -0.9989930665413146
    outer loop
      vertex -0.07402697007834916 -7 1.6483385597931692
      vertex 0.22148488859913174 -7 1.6350671069170921
      vertex 0.22148488859913174 -10 1.6350671069170921
    endloop
  endfacet
  facet normal -0.22252093395631453 1.940758235466744e-18 -0.9749279121818236
    outer loop
      vertex 0.22148488859913174 -7 1.6350671069170921
      vertex 0.5098780407186632 -7 1.5692432518870032
      vertex 0.5098780407186632 -10 1.5692432518870032
    endloop
  endfacet
  facet normal -0.3930250316539231 3.4182892044696957e-18 -0.9195277725514509
    outer loop
      vertex 0.5098780407186632 -7 1.5692432518870032
      vertex 0.7818832930804476 -7 1.4529826275636177
      vertex 0.7818832930804476 -10 1.4529826275636177
    endloop
  endfacet
  facet normal -0.8090169943749472 0 -0.5877852522924734
    outer loop
      vertex 1.2425679189059575 -7 1.0855988978005262
      vertex 1.4164405094430794 -10 0.8462838077197445
      vertex 1.2425679189059575 -10 1.0855988978005262
    endloop
  endfacet
  facet normal -0.6910626489868644 0 -0.7227948638273918
    outer loop
      vertex 1.02875817306691 -7 1.2900219460722493
      vertex 1.2425679189059575 -10 1.0855988978005262
      vertex 1.02875817306691 -10 1.2900219460722493
    endloop
  endfacet
  facet normal -0.9009688679024193 0 -0.4338837391175578
    outer loop
      vertex 1.4164405094430794 -7 0.8462838077197445
      vertex 1.5447875365555666 -10 0.579768459734215
      vertex 1.4164405094430794 -10 0.8462838077197445
    endloop
  endfacet
  facet normal -0.9959742939952391 0 -0.08963930890343327
    outer loop
      vertex 1.623483821187739 -7 0.29461887641775025
      vertex 1.65 -10 0
      vertex 1.623483821187739 -10 0.29461887641775025
    endloop
  endfacet
  facet normal -0.9639628606958534 0 -0.26603684556667484
    outer loop
      vertex 1.5447875365555666 -7 0.579768459734215
      vertex 1.623483821187739 -10 0.29461887641775025
      vertex 1.5447875365555666 -10 0.579768459734215
    endloop
  endfacet
  facet normal -0.5508969814521025 2.2666283163367233e-18 -0.8345732537213026
    outer loop
      vertex 0.7818832930804476 -7 1.4529826275636177
      vertex 1.02875817306691 -7 1.2900219460722493
      vertex 1.02875817306691 -10 1.2900219460722493
    endloop
  endfacet
  facet normal -0.6910626489868644 9.391098924933292e-19 -0.7227948638273918
    outer loop
      vertex 1.02875817306691 -7 1.2900219460722493
      vertex 1.2425679189059575 -7 1.0855988978005262
      vertex 1.2425679189059575 -10 1.0855988978005262
    endloop
  endfacet
  facet normal -0.8090169943749472 5.989653193649038e-19 -0.5877852522924734
    outer loop
      vertex 1.2425679189059575 -7 1.0855988978005262
      vertex 1.4164405094430794 -7 0.8462838077197445
      vertex 1.4164405094430794 -10 0.8462838077197445
    endloop
  endfacet
  facet normal -0.9009688679024193 2.5012692026022053e-18 -0.4338837391175578
    outer loop
      vertex 1.4164405094430794 -7 0.8462838077197445
      vertex 1.5447875365555666 -7 0.579768459734215
      vertex 1.5447875365555666 -10 0.579768459734215
    endloop
  endfacet
  facet normal -0.9639628606958534 0 -0.26603684556667484
    outer loop
      vertex 1.623483821187739 -7 0.29461887641775025
      vertex 1.623483821187739 -10 0.29461887641775025
      vertex 1.5447875365555666 -7 0.579768459734215
    endloop
  endfacet
  facet normal -0.9959742939952391 -3.377021750400345e-19 -0.08963930890343327
    outer loop
      vertex 1.623483821187739 -7 0.29461887641775025
      vertex 1.65 -7 0
      vertex 1.65 -10 0
    endloop
  endfacet
  facet normal 1 0 0
    outer loop
      vertex -1.6433575850921445 7 -0.14790485969066514
      vertex -1.6433575850921445 10 -0.14790485969066514
      vertex -1.6433575850921445 7 0.14790485969066514
    endloop
  endfacet
  facet normal 0.9839295885986296 7.042266848830946e-19 0.17855689479863676
    outer loop
      vertex -1.6433575850921445 7 -0.14790485969066514
      vertex -1.590538720148158 7 -0.4389607951850136
      vertex -1.590538720148158 10 -0.4389607951850136
    endloop
  endfacet
  facet normal 0.936234870639737 -1.4993418658520984e-19 0.3513748240813433
    outer loop
      vertex -1.590538720148158 7 -0.4389607951850136
      vertex -1.4865986320389912 7 -0.7159081695439711
      vertex -1.4865986320389912 10 -0.7159081695439711
    endloop
  endfacet
  facet normal 0.8584487936018663 -1.847117301795925e-18 0.512899277405906
    outer loop
      vertex -1.4865986320389912 7 -0.7159081695439711
      vertex -1.3348780407186631 7 -0.9698456662825806
      vertex -1.3348780407186631 10 -0.9698456662825806
    endloop
  endfacet
  facet normal 0.7530714660036113 7.067359842057108e-19 0.6579387259397121
    outer loop
      vertex -1.3348780407186631 7 -0.9698456662825806
      vertex -1.140253370828327 7 -1.1926115253151959
      vertex -1.140253370828327 10 -1.1926115253151959
    endloop
  endfacet
  facet normal 0.6234898018587329 -2.640949606235293e-18 0.7818314824680302
    outer loop
      vertex -1.140253370828327 7 -1.1926115253151959
      vertex -0.9089800193959687 7 -1.3770458686401494
      vertex -0.9089800193959687 10 -1.3770458686401494
    endloop
  endfacet
  facet normal 0.936234870639737 0 0.3513748240813433
    outer loop
      vertex -1.590538720148158 7 -0.4389607951850136
      vertex -1.4865986320389912 10 -0.7159081695439711
      vertex -1.590538720148158 10 -0.4389607951850136
    endloop
  endfacet
  facet normal 0.9839295885986296 0 0.17855689479863676
    outer loop
      vertex -1.6433575850921445 7 -0.14790485969066514
      vertex -1.590538720148158 10 -0.4389607951850136
      vertex -1.6433575850921445 10 -0.14790485969066514
    endloop
  endfacet
  facet normal 0.8584487936018663 0 0.512899277405906
    outer loop
      vertex -1.4865986320389912 7 -0.7159081695439711
      vertex -1.3348780407186631 10 -0.9698456662825806
      vertex -1.4865986320389912 10 -0.7159081695439711
    endloop
  endfacet
  facet normal 0.6234898018587329 0 0.7818314824680302
    outer loop
      vertex -1.140253370828327 7 -1.1926115253151959
      vertex -0.9089800193959687 10 -1.3770458686401494
      vertex -1.140253370828327 10 -1.1926115253151959
    endloop
  endfacet
  facet normal 0.7530714660036113 0 0.6579387259397121
    outer loop
      vertex -1.3348780407186631 7 -0.9698456662825806
      vertex -1.140253370828327 10 -1.1926115253151959
      vertex -1.3348780407186631 10 -0.9698456662825806
    endloop
  endfacet
  facet normal 0.47386866247299864 2.9677290690716194e-18 0.8805955318567379
    outer loop
      vertex -0.9089800193959687 7 -1.3770458686401494
      vertex -0.6484913022289738 7 -1.5172208247098935
      vertex -0.6484913022289738 10 -1.5172208247098935
    endloop
  endfacet
  facet normal 0.3090169943749477 0 0.9510565162951535
    outer loop
      vertex -0.36715954102791803 7 -1.6086310551000091
      vertex -0.36715954102791803 10 -1.6086310551000091
      vertex -0.6484913022289738 7 -1.5172208247098935
    endloop
  endfacet
  facet normal 0.13423326581765516 -4.880628152873901e-19 0.9909497617679348
    outer loop
      vertex -0.36715954102791803 7 -1.6086310551000091
      vertex -0.07402697007834916 7 -1.6483385597931692
      vertex -0.07402697007834916 10 -1.6483385597931692
    endloop
  endfacet
  facet normal 0.47386866247299864 0 0.8805955318567379
    outer loop
      vertex -0.9089800193959687 7 -1.3770458686401494
      vertex -0.6484913022289738 10 -1.5172208247098935
      vertex -0.9089800193959687 10 -1.3770458686401494
    endloop
  endfacet
  facet normal 0.3090169943749477 0 0.9510565162951535
    outer loop
      vertex -0.6484913022289738 7 -1.5172208247098935
      vertex -0.36715954102791803 10 -1.6086310551000091
      vertex -0.6484913022289738 10 -1.5172208247098935
    endloop
  endfacet
  facet normal 0.13423326581765516 0 0.9909497617679348
    outer loop
      vertex -0.36715954102791803 7 -1.6086310551000091
      vertex -0.07402697007834916 10 -1.6483385597931692
      vertex -0.36715954102791803 10 -1.6086310551000091
    endloop
  endfacet
  facet normal 0.9839295885986296 0 -0.17855689479863676
    outer loop
      vertex -1.6433575850921445 7 0.14790485969066514
      vertex -1.6433575850921445 10 0.14790485969066514
      vertex -1.590538720148158 7 0.4389607951850136
    endloop
  endfacet
  facet normal 0.936234870639737 0 -0.3513748240813433
    outer loop
      vertex -1.590538720148158 7 0.4389607951850136
      vertex -1.590538720148158 10 0.4389607951850136
      vertex -1.4865986320389912 7 0.7159081695439711
    endloop
  endfacet
  facet normal 0.8584487936018663 0 -0.512899277405906
    outer loop
      vertex -1.4865986320389912 7 0.7159081695439711
      vertex -1.4865986320389912 10 0.7159081695439711
      vertex -1.3348780407186631 7 0.9698456662825806
    endloop
  endfacet
  facet normal 0.7530714660036113 0 -0.6579387259397121
    outer loop
      vertex -1.3348780407186631 7 0.9698456662825806
      vertex -1.3348780407186631 10 0.9698456662825806
      vertex -1.140253370828327 7 1.1926115253151959
    endloop
  endfacet
  facet normal 0.6234898018587333 0 -0.78183148246803
    outer loop
      vertex -1.140253370828327 7 1.1926115253151959
      vertex -1.140253370828327 10 1.1926115253151959
      vertex -0.9089800193959692 7 1.3770458686401492
    endloop
  endfacet
  facet normal 1 0 0
    outer loop
      vertex -1.6433575850921445 7 0.14790485969066514
      vertex -1.6433575850921445 10 -0.14790485969066514
      vertex -1.6433575850921445 10 0.14790485969066514
    endloop
  endfacet
  facet normal 0.9839295885986296 0 -0.17855689479863676
    outer loop
      vertex -1.590538720148158 7 0.4389607951850136
      vertex -1.6433575850921445 10 0.14790485969066514
      vertex -1.590538720148158 10 0.4389607951850136
    endloop
  endfacet
  facet normal 0.936234870639737 0 -0.3513748240813433
    outer loop
      vertex -1.4865986320389912 7 0.7159081695439711
      vertex -1.590538720148158 10 0.4389607951850136
      vertex -1.4865986320389912 10 0.7159081695439711
    endloop
  endfacet
  facet normal 0.8584487936018663 0 -0.512899277405906
    outer loop
      vertex -1.3348780407186631 7 0.9698456662825806
      vertex -1.4865986320389912 10 0.7159081695439711
      vertex -1.3348780407186631 10 0.9698456662825806
    endloop
  endfacet
  facet normal 0.7530714660036113 0 -0.6579387259397121
    outer loop
      vertex -1.140253370828327 7 1.1926115253151959
      vertex -1.3348780407186631 10 0.9698456662825806
      vertex -1.140253370828327 10 1.1926115253151959
    endloop
  endfacet
  facet normal 0.6234898018587333 0 -0.78183148246803
    outer loop
      vertex -0.9089800193959692 7 1.3770458686401492
      vertex -1.140253370828327 10 1.1926115253151959
      vertex -0.9089800193959692 10 1.3770458686401492
    endloop
  endfacet
  facet normal 0.47386866247299864 0 -0.880595531856738
    outer loop
      vertex -0.9089800193959692 7 1.3770458686401492
      vertex -0.9089800193959692 10 1.3770458686401492
      vertex -0.6484913022289738 7 1.5172208247098935
    endloop
  endfacet
  facet normal 0.30901699437494773 0 -0.9510565162951534
    outer loop
      vertex -0.6484913022289738 7 1.5172208247098935
      vertex -0.6484913022289738 10 1.5172208247098935
      vertex -0.36715954102791887 7 1.608631055100009
    endloop
  endfacet
  facet normal 0.13423326581765574 0 -0.9909497617679348
    outer loop
      vertex -0.36715954102791887 7 1.608631055100009
      vertex -0.36715954102791887 10 1.608631055100009
      vertex -0.07402697007834956 7 1.6483385597931692
    endloop
  endfacet
  facet normal 0.47386866247299864 0 -0.880595531856738
    outer loop
      vertex -0.6484913022289738 7 1.5172208247098935
      vertex -0.9089800193959692 10 1.3770458686401492
      vertex -0.6484913022289738 10 1.5172208247098935
    endloop
  endfacet
  facet normal 0.30901699437494773 0 -0.9510565162951534
    outer loop
      vertex -0.36715954102791887 7 1.608631055100009
      vertex -0.6484913022289738 10 1.5172208247098935
      vertex -0.36715954102791887 10 1.608631055100009
    endloop
  endfacet
  facet normal 0.13423326581765574 0 -0.9909497617679348
    outer loop
      vertex -0.07402697007834956 7 1.6483385597931692
      vertex -0.36715954102791887 10 1.608631055100009
      vertex -0.07402697007834956 10 1.6483385597931692
    endloop
  endfacet
  facet normal -0.044864830350515965 -3.533250534343103e-19 0.9989930665413146
    outer loop
      vertex -0.07402697007834916 7 -1.6483385597931692
      vertex 0.22148488859913174 7 -1.6350671069170921
      vertex 0.22148488859913174 10 -1.6350671069170921
    endloop
  endfacet
  facet normal -0.22252093395631453 -1.940758235466744e-18 0.9749279121818236
    outer loop
      vertex 0.22148488859913174 7 -1.6350671069170921
      vertex 0.5098780407186632 7 -1.5692432518870032
      vertex 0.5098780407186632 10 -1.5692432518870032
    endloop
  endfacet
  facet normal -0.3930250316539231 -3.4182892044696957e-18 0.9195277725514509
    outer loop
      vertex 0.5098780407186632 7 -1.5692432518870032
      vertex 0.7818832930804476 7 -1.4529826275636177
      vertex 0.7818832930804476 10 -1.4529826275636177
    endloop
  endfacet
  facet normal -0.044864830350515965 0 0.9989930665413146
    outer loop
      vertex -0.07402697007834916 7 -1.6483385597931692
      vertex 0.22148488859913174 10 -1.6350671069170921
      vertex -0.07402697007834916 10 -1.6483385597931692
    endloop
  endfacet
  facet normal -0.22252093395631453 0 0.9749279121818236
    outer loop
      vertex 0.22148488859913174 7 -1.6350671069170921
      vertex 0.5098780407186632 10 -1.5692432518870032
      vertex 0.22148488859913174 10 -1.6350671069170921
    endloop
  endfacet
  facet normal -0.3930250316539231 0 0.9195277725514509
    outer loop
      vertex 0.5098780407186632 7 -1.5692432518870032
      vertex 0.7818832930804476 10 -1.4529826275636177
      vertex 0.5098780407186632 10 -1.5692432518870032
    endloop
  endfacet
  facet normal -0.5508969814521025 0 0.8345732537213026
    outer loop
      vertex 0.7818832930804476 7 -1.4529826275636177
      vertex 1.02875817306691 10 -1.2900219460722493
      vertex 0.7818832930804476 10 -1.4529826275636177
    endloop
  endfacet
  facet normal -0.5508969814521025 -2.2666283163367233e-18 0.8345732537213026
    outer loop
      vertex 0.7818832930804476 7 -1.4529826275636177
      vertex 1.02875817306691 7 -1.2900219460722493
      vertex 1.02875817306691 10 -1.2900219460722493
    endloop
  endfacet
  facet normal -0.6910626489868644 -9.391098924933292e-19 0.7227948638273918
    outer loop
      vertex 1.02875817306691 7 -1.2900219460722493
      vertex 1.2425679189059575 7 -1.0855988978005262
      vertex 1.2425679189059575 10 -1.0855988978005262
    endloop
  endfacet
  facet normal -0.8090169943749472 -5.989653193649038e-19 0.5877852522924734
    outer loop
      vertex 1.2425679189059575 7 -1.0855988978005262
      vertex 1.4164405094430794 7 -0.8462838077197445
      vertex 1.4164405094430794 10 -0.8462838077197445
    endloop
  endfacet
  facet normal -0.9009688679024193 -2.5012692026022053e-18 0.4338837391175578
    outer loop
      vertex 1.4164405094430794 7 -0.8462838077197445
      vertex 1.5447875365555666 7 -0.579768459734215
      vertex 1.5447875365555666 10 -0.579768459734215
    endloop
  endfacet
  facet normal -0.9639628606958534 -1.953187831541153e-18 0.26603684556667484
    outer loop
      vertex 1.5447875365555666 7 -0.579768459734215
      vertex 1.623483821187739 7 -0.29461887641775025
      vertex 1.623483821187739 10 -0.29461887641775025
    endloop
  endfacet
  facet normal -0.9959742939952391 3.377021750400345e-19 0.08963930890343327
    outer loop
      vertex 1.623483821187739 7 -0.29461887641775025
      vertex 1.65 7 0
      vertex 1.65 10 0
    endloop
  endfacet
  facet normal -0.6910626489868644 0 0.7227948638273918
    outer loop
      vertex 1.02875817306691 7 -1.2900219460722493
      vertex 1.2425679189059575 10 -1.0855988978005262
      vertex 1.02875817306691 10 -1.2900219460722493
    endloop
  endfacet
  facet normal -0.8090169943749472 0 0.5877852522924734
    outer loop
      vertex 1.2425679189059575 7 -1.0855988978005262
      vertex 1.4164405094430794 10 -0.8462838077197445
      vertex 1.2425679189059575 10 -1.0855988978005262
    endloop
  endfacet
  facet normal -0.9009688679024193 0 0.4338837391175578
    outer loop
      vertex 1.4164405094430794 7 -0.8462838077197445
      vertex 1.5447875365555666 10 -0.579768459734215
      vertex 1.4164405094430794 10 -0.8462838077197445
    endloop
  endfacet
  facet normal -0.9639628606958534 0 0.26603684556667484
    outer loop
      vertex 1.5447875365555666 7 -0.579768459734215
      vertex 1.623483821187739 10 -0.29461887641775025
      vertex 1.5447875365555666 10 -0.579768459734215
    endloop
  endfacet
  facet normal -0.9959742939952391 0 0.08963930890343327
    outer loop
      vertex 1.623483821187739 7 -0.29461887641775025
      vertex 1.65 10 0
      vertex 1.623483821187739 10 -0.29461887641775025
    endloop
  endfacet
  facet normal -0.044864830350515215 0 -0.9989930665413146
    outer loop
      vertex -0.07402697007834956 7 1.6483385597931692
      vertex -0.07402697007834956 10 1.6483385597931692
      vertex 0.22148488859913132 7 1.6350671069170923
    endloop
  endfacet
  facet normal -0.2225209339563149 0 -0.9749279121818235
    outer loop
      vertex 0.22148488859913132 7 1.6350671069170923
      vertex 0.22148488859913132 10 1.6350671069170923
      vertex 0.5098780407186632 7 1.5692432518870032
    endloop
  endfacet
  facet normal -0.39302503165392366 0 -0.9195277725514507
    outer loop
      vertex 0.5098780407186632 7 1.5692432518870032
      vertex 0.5098780407186632 10 1.5692432518870032
      vertex 0.7818832930804477 7 1.4529826275636175
    endloop
  endfacet
  facet normal -0.5508969814521023 0 -0.8345732537213026
    outer loop
      vertex 0.7818832930804477 7 1.4529826275636175
      vertex 0.7818832930804477 10 1.4529826275636175
      vertex 1.0287581730669102 7 1.290021946072249
    endloop
  endfacet
  facet normal -0.044864830350515215 0 -0.9989930665413146
    outer loop
      vertex 0.22148488859913132 7 1.6350671069170923
      vertex -0.07402697007834956 10 1.6483385597931692
      vertex 0.22148488859913132 10 1.6350671069170923
    endloop
  endfacet
  facet normal -0.2225209339563149 0 -0.9749279121818235
    outer loop
      vertex 0.5098780407186632 7 1.5692432518870032
      vertex 0.22148488859913132 10 1.6350671069170923
      vertex 0.5098780407186632 10 1.5692432518870032
    endloop
  endfacet
  facet normal -0.39302503165392366 0 -0.9195277725514507
    outer loop
      vertex 0.7818832930804477 7 1.4529826275636175
      vertex 0.5098780407186632 10 1.5692432518870032
      vertex 0.7818832930804477 10 1.4529826275636175
    endloop
  endfacet
  facet normal -0.8090169943749475 0 -0.5877852522924731
    outer loop
      vertex 1.2425679189059577 7 1.085598897800526
      vertex 1.2425679189059577 10 1.085598897800526
      vertex 1.416440509443079 7 0.8462838077197451
    endloop
  endfacet
  facet normal -0.6910626489868644 0 -0.7227948638273918
    outer loop
      vertex 1.0287581730669102 7 1.290021946072249
      vertex 1.0287581730669102 10 1.290021946072249
      vertex 1.2425679189059577 7 1.085598897800526
    endloop
  endfacet
  facet normal -0.9009688679024189 0 -0.4338837391175584
    outer loop
      vertex 1.416440509443079 7 0.8462838077197451
      vertex 1.416440509443079 10 0.8462838077197451
      vertex 1.5447875365555663 7 0.5797684597342155
    endloop
  endfacet
  facet normal -0.9959742939952391 0 -0.08963930890343319
    outer loop
      vertex 1.623483821187739 7 0.29461887641775053
      vertex 1.623483821187739 10 0.29461887641775053
      vertex 1.65 7 0
    endloop
  endfacet
  facet normal -0.9639628606958532 -1.7859530355979324e-19 -0.2660368455666753
    outer loop
      vertex 1.623483821187739 7 0.29461887641775053
      vertex 1.5447875365555663 7 0.5797684597342155
      vertex 1.5447875365555663 10 0.5797684597342155
    endloop
  endfacet
  facet normal -0.5508969814521023 0 -0.8345732537213026
    outer loop
      vertex 1.0287581730669102 7 1.290021946072249
      vertex 0.7818832930804477 10 1.4529826275636175
      vertex 1.0287581730669102 10 1.290021946072249
    endloop
  endfacet
  facet normal -0.6910626489868644 0 -0.7227948638273918
    outer loop
      vertex 1.2425679189059577 7 1.085598897800526
      vertex 1.0287581730669102 10 1.290021946072249
      vertex 1.2425679189059577 10 1.085598897800526
    endloop
  endfacet
  facet normal -0.8090169943749475 0 -0.5877852522924731
    outer loop
      vertex 1.416440509443079 7 0.8462838077197451
      vertex 1.2425679189059577 10 1.085598897800526
      vertex 1.416440509443079 10 0.8462838077197451
    endloop
  endfacet
  facet normal -0.9009688679024189 0 -0.4338837391175584
    outer loop
      vertex 1.5447875365555663 7 0.5797684597342155
      vertex 1.416440509443079 10 0.8462838077197451
      vertex 1.5447875365555663 10 0.5797684597342155
    endloop
  endfacet
  facet normal -0.9639628606958532 0 -0.2660368455666753
    outer loop
      vertex 1.623483821187739 7 0.29461887641775053
      vertex 1.5447875365555663 10 0.5797684597342155
      vertex 1.623483821187739 10 0.29461887641775053
    endloop
  endfacet
  facet normal -0.9959742939952391 0 -0.08963930890343319
    outer loop
      vertex 1.65 7 0
      vertex 1.623483821187739 10 0.29461887641775053
      vertex 1.65 10 0
    endloop
  endfacet
  facet normal -1 0 0
    outer loop
      vertex -7 -10 -17
      vertex -7 -7 -12.302011234908164
      vertex -7 -7 -14
    endloop
  endfacet
  facet normal -1 0 0
    outer loop
      vertex -7 -10 -17
      vertex -7 -10 17
      vertex -7 -7 -12.302011234908164
    endloop
  endfacet
  facet normal 0 -1 0
    outer loop
      vertex -7 -10 -17
      vertex -1.590538720148158 -10 -0.4389607951850136
      vertex -7 -10 17
    endloop
  endfacet
  facet normal -1 0 0
    outer loop
      vertex -7 -10 -17
      vertex -7 -7 -14
      vertex -7 10 -17
    endloop
  endfacet
  facet normal 0 0 -1
    outer loop
      vertex -7 -10 -17
      vertex -7 10 -17
      vertex -1.4865986320389912 -0.7159081695439711 -17
    endloop
  endfacet
  facet normal 0 -1 0
    outer loop
      vertex -7 -10 -17
      vertex 7 -10 -17
      vertex -0.36715954102791887 -10 -1.608631055100009
    endloop
  endfacet
  facet normal 0 0 -1
    outer loop
      vertex -7 -10 -17
      vertex -0.6484913022289738 -1.5172208247098935 -17
      vertex 7 -10 -17
    endloop
  endfacet
  facet normal 0 -1 0
    outer loop
      vertex -7 -10 -17
      vertex -1.140253370828327 -10 -1.1926115253151959
      vertex -1.3348780407186631 -10 -0.9698456662825806
    endloop
  endfacet
  facet normal 0 -1 0
    outer loop
      vertex -7 -10 -17
      vertex -0.9089800193959692 -10 -1.3770458686401492
      vertex -1.140253370828327 -10 -1.1926115253151959
    endloop
  endfacet
  facet normal 0 -1 0
    outer loop
      vertex -7 -10 -17
      vertex -0.6484913022289738 -10 -1.5172208247098935
      vertex -0.9089800193959692 -10 -1.3770458686401492
    endloop
  endfacet
  facet normal 0 -1 0
    outer loop
      vertex -7 -10 -17
      vertex -0.36715954102791887 -10 -1.608631055100009
      vertex -0.6484913022289738 -10 -1.5172208247098935
    endloop
  endfacet
  facet normal 0 -1 0
    outer loop
      vertex -7 -10 -17
      vertex -1.4865986320389912 -10 -0.7159081695439711
      vertex -1.590538720148158 -10 -0.4389607951850136
    endloop
  endfacet
  facet normal 0 -1 0
    outer loop
      vertex -7 -10 -17
      vertex -1.3348780407186631 -10 -0.9698456662825806
      vertex -1.4865986320389912 -10 -0.7159081695439711
    endloop
  endfacet
  facet normal 0 0 -1
    outer loop
      vertex -7 -10 -17
      vertex -1.4865986320389912 -0.7159081695439711 -17
      vertex -1.3348780407186631 -0.9698456662825806 -17
    endloop
  endfacet
  facet normal 0 0 -1
    outer loop
      vertex -7 -10 -17
      vertex -1.3348780407186631 -0.9698456662825806 -17
      vertex -1.140253370828327 -1.1926115253151959 -17
    endloop
  endfacet
  facet normal 0 0 -1
    outer loop
      vertex -7 -10 -17
      vertex -1.140253370828327 -1.1926115253151959 -17
      vertex -0.9089800193959687 -1.3770458686401494 -17
    endloop
  endfacet
  facet normal 0 0 -1
    outer loop
      vertex -7 -10 -17
      vertex -0.9089800193959687 -1.3770458686401494 -17
      vertex -0.6484913022289738 -1.5172208247098935 -17
    endloop
  endfacet
  facet normal -1 0 0
    outer loop
      vertex -7 -10 17
      vertex -7 -7 14
      vertex -7 -7 -12.302011234908164
    endloop
  endfacet
  facet normal -1 0 0
    outer loop
      vertex -7 -10 17
      vertex -7 7 14
      vertex -7 -7 14
    endloop
  endfacet
  facet normal 0 -1 0
    outer loop
      vertex -7 -10 17
      vertex -1.590538720148158 -10 -0.4389607951850136
      vertex -1.6433575850921445 -10 -0.14790485969066514
    endloop
  endfacet
  facet normal 0 -1 0
    outer loop
      vertex -7 -10 17
      vertex -1.6433575850921445 -10 -0.14790485969066514
      vertex -1.6433575850921445 -10 0.14790485969066514
    endloop
  endfacet
  facet normal 0 -1 0
    outer loop
      vertex -7 -10 17
      vertex -1.6433575850921445 -10 0.14790485969066514
      vertex -1.590538720148158 -10 0.4389607951850136
    endloop
  endfacet
  facet normal 0 -1 0
    outer loop
      vertex -7 -10 17
      vertex -1.590538720148158 -10 0.4389607951850136
      vertex -1.4865986320389912 -10 0.7159081695439711
    endloop
  endfacet
  facet normal 0 -1 0
    outer loop
      vertex -7 -10 17
      vertex -1.4865986320389912 -10 0.7159081695439711
      vertex -1.3348780407186631 -10 0.9698456662825806
    endloop
  endfacet
  facet normal 0 -1 0
    outer loop
      vertex -7 -10 17
      vertex -1.3348780407186631 -10 0.9698456662825806
      vertex -1.140253370828327 -10 1.1926115253151959
    endloop
  endfacet
  facet normal 0 -1 0
    outer loop
      vertex -7 -10 17
      vertex -1.140253370828327 -10 1.1926115253151959
      vertex -0.9089800193959687 -10 1.3770458686401494
    endloop
  endfacet
  facet normal 0 -1 0
    outer loop
      vertex -7 -10 17
      vertex -0.9089800193959687 -10 1.3770458686401494
      vertex -0.6484913022289738 -10 1.5172208247098935
    endloop
  endfacet
  facet normal 0 -1 0
    outer loop
      vertex -7 -10 17
      vertex -0.6484913022289738 -10 1.5172208247098935
      vertex -0.36715954102791803 -10 1.6086310551000091
    endloop
  endfacet
  facet normal 0 -1 0
    outer loop
      vertex -7 -10 17
      vertex -0.36715954102791803 -10 1.6086310551000091
      vertex -0.07402697007834916 -10 1.6483385597931692
    endloop
  endfacet
  facet normal 0 -1 0
    outer loop
      vertex -7 -10 17
      vertex -0.07402697007834916 -10 1.6483385597931692
      vertex 0.22148488859913174 -10 1.6350671069170921
    endloop
  endfacet
  facet normal 0 -1 0
    outer loop
      vertex -7 -10 17
      vertex 0.22148488859913174 -10 1.6350671069170921
      vertex 0.5098780407186632 -10 1.5692432518870032
    endloop
  endfacet
  facet normal 0 0 1
    outer loop
      vertex -7 -10 17
      vertex 7 -10 17
      vertex -7 10 17
    endloop
  endfacet
  facet normal -1 0 0
    outer loop
      vertex -7 10 -17
      vertex -7 -7 -14
      vertex -7 7 -14
    endloop
  endfacet
  facet normal -1 0 0
    outer loop
      vertex -7 10 -17
      vertex -7 7 -14
      vertex -7 7 14
    endloop
  endfacet
  facet normal 0 0 -1
    outer loop
      vertex -7 10 -17
      vertex -1.590538720148158 -0.4389607951850136 -17
      vertex -1.4865986320389912 -0.7159081695439711 -17
    endloop
  endfacet
  facet normal 0 0 -1
    outer loop
      vertex -7 10 -17
      vertex -1.6433575850921445 -0.14790485969066514 -17
      vertex -1.590538720148158 -0.4389607951850136 -17
    endloop
  endfacet
  facet normal 0 0 -1
    outer loop
      vertex -7 10 -17
      vertex -1.6433575850921445 0.14790485969066514 -17
      vertex -1.6433575850921445 -0.14790485969066514 -17
    endloop
  endfacet
  facet normal 0 0 -1
    outer loop
      vertex -7 10 -17
      vertex -1.590538720148158 0.4389607951850136 -17
      vertex -1.6433575850921445 0.14790485969066514 -17
    endloop
  endfacet
  facet normal 0 0 -1
    outer loop
      vertex -7 10 -17
      vertex -1.4865986320389912 0.7159081695439711 -17
      vertex -1.590538720148158 0.4389607951850136 -17
    endloop
  endfacet
  facet normal 0 0 -1
    outer loop
      vertex -7 10 -17
      vertex -1.3348780407186631 0.9698456662825806 -17
      vertex -1.4865986320389912 0.7159081695439711 -17
    endloop
  endfacet
  facet normal 0 0 -1
    outer loop
      vertex -7 10 -17
      vertex -1.140253370828327 1.1926115253151959 -17
      vertex -1.3348780407186631 0.9698456662825806 -17
    endloop
  endfacet
  facet normal 0 0 -1
    outer loop
      vertex -7 10 -17
      vertex -0.9089800193959692 1.3770458686401492 -17
      vertex -1.140253370828327 1.1926115253151959 -17
    endloop
  endfacet
  facet normal 0 0 -1
    outer loop
      vertex -7 10 -17
      vertex -0.6484913022289738 1.5172208247098935 -17
      vertex -0.9089800193959692 1.3770458686401492 -17
    endloop
  endfacet
  facet normal 0 0 -1
    outer loop
      vertex -7 10 -17
      vertex -0.36715954102791887 1.608631055100009 -17
      vertex -0.6484913022289738 1.5172208247098935 -17
    endloop
  endfacet
  facet normal 0 0 -1
    outer loop
      vertex -7 10 -17
      vertex -0.07402697007834956 1.6483385597931692 -17
      vertex -0.36715954102791887 1.608631055100009 -17
    endloop
  endfacet
  facet normal 0 0 -1
    outer loop
      vertex -7 10 -17
      vertex 0.22148488859913132 1.6350671069170923 -17
      vertex -0.07402697007834956 1.6483385597931692 -17
    endloop
  endfacet
  facet normal 0 0 -1
    outer loop
      vertex -7 10 -17
      vertex 0.5098780407186632 1.5692432518870032 -17
      vertex 0.22148488859913132 1.6350671069170923 -17
    endloop
  endfacet
  facet normal 0 1 0
    outer loop
      vertex -7 10 -17
      vertex -1.3348780407186631 10 -0.9698456662825806
      vertex -1.140253370828327 10 -1.1926115253151959
    endloop
  endfacet
  facet normal 0 1 0
    outer loop
      vertex -7 10 -17
      vertex -1.140253370828327 10 -1.1926115253151959
      vertex -0.9089800193959687 10 -1.3770458686401494
    endloop
  endfacet
  facet normal 0 1 0
    outer loop
      vertex -7 10 -17
      vertex -0.9089800193959687 10 -1.3770458686401494
      vertex -0.6484913022289738 10 -1.5172208247098935
    endloop
  endfacet
  facet normal 0 1 0
    outer loop
      vertex -7 10 -17
      vertex -0.6484913022289738 10 -1.5172208247098935
      vertex -0.36715954102791803 10 -1.6086310551000091
    endloop
  endfacet
  facet normal 0 1 0
    outer loop
      vertex -7 10 -17
      vertex -1.6433575850921445 10 -0.14790485969066514
      vertex -1.590538720148158 10 -0.4389607951850136
    endloop
  endfacet
  facet normal 0 1 0
    outer loop
      vertex -7 10 -17
      vertex -1.590538720148158 10 -0.4389607951850136
      vertex -1.4865986320389912 10 -0.7159081695439711
    endloop
  endfacet
  facet normal 0 1 0
    outer loop
      vertex -7 10 -17
      vertex -1.6433575850921445 10 0.14790485969066514
      vertex -1.6433575850921445 10 -0.14790485969066514
    endloop
  endfacet
  facet normal 0 1 0
    outer loop
      vertex -7 10 -17
      vertex -1.590538720148158 10 0.4389607951850136
      vertex -1.6433575850921445 10 0.14790485969066514
    endloop
  endfacet
  facet normal 0 1 0
    outer loop
      vertex -7 10 -17
      vertex -1.4865986320389912 10 -0.7159081695439711
      vertex -1.3348780407186631 10 -0.9698456662825806
    endloop
  endfacet
  facet normal 0 1 0
    outer loop
      vertex -7 10 -17
      vertex -0.36715954102791803 10 -1.6086310551000091
      vertex -0.07402697007834916 10 -1.6483385597931692
    endloop
  endfacet
  facet normal 0 1 0
    outer loop
      vertex -7 10 -17
      vertex -0.07402697007834916 10 -1.6483385597931692
      vertex 0.22148488859913174 10 -1.6350671069170921
    endloop
  endfacet
  facet normal 0 1 0
    outer loop
      vertex -7 10 -17
      vertex 0.22148488859913174 10 -1.6350671069170921
      vertex 0.5098780407186632 10 -1.5692432518870032
    endloop
  endfacet
  facet normal -1 0 0
    outer loop
      vertex -7 -10 17
      vertex -7 10 17
      vertex -7 7 14
    endloop
  endfacet
  facet normal -1 0 0
    outer loop
      vertex -7 10 -17
      vertex -7 7 14
      vertex -7 10 17
    endloop
  endfacet
  facet normal 0 1 0
    outer loop
      vertex -7 10 -17
      vertex -7 10 17
      vertex -1.590538720148158 10 0.4389607951850136
    endloop
  endfacet
  facet normal 0 1 0
    outer loop
      vertex -7 10 17
      vertex -1.4865986320389912 10 0.7159081695439711
      vertex -1.590538720148158 10 0.4389607951850136
    endloop
  endfacet
  facet normal 0 1 0
    outer loop
      vertex -7 10 17
      vertex -1.3348780407186631 10 0.9698456662825806
      vertex -1.4865986320389912 10 0.7159081695439711
    endloop
  endfacet
  facet normal 0 1 0
    outer loop
      vertex -7 10 17
      vertex -1.140253370828327 10 1.1926115253151959
      vertex -1.3348780407186631 10 0.9698456662825806
    endloop
  endfacet
  facet normal 0 1 0
    outer loop
      vertex -7 10 17
      vertex -0.9089800193959692 10 1.3770458686401492
      vertex -1.140253370828327 10 1.1926115253151959
    endloop
  endfacet
  facet normal 0 1 0
    outer loop
      vertex -7 10 17
      vertex -0.6484913022289738 10 1.5172208247098935
      vertex -0.9089800193959692 10 1.3770458686401492
    endloop
  endfacet
  facet normal 0 1 0
    outer loop
      vertex -7 10 17
      vertex -0.36715954102791887 10 1.608631055100009
      vertex -0.6484913022289738 10 1.5172208247098935
    endloop
  endfacet
  facet normal 0 1 0
    outer loop
      vertex -7 10 17
      vertex 7 10 17
      vertex -0.36715954102791887 10 1.608631055100009
    endloop
  endfacet
  facet normal 0 -1 0
    outer loop
      vertex 7 -10 -17
      vertex -0.07402697007834956 -10 -1.6483385597931692
      vertex -0.36715954102791887 -10 -1.608631055100009
    endloop
  endfacet
  facet normal 0 -1 0
    outer loop
      vertex 7 -10 -17
      vertex 0.22148488859913132 -10 -1.6350671069170923
      vertex -0.07402697007834956 -10 -1.6483385597931692
    endloop
  endfacet
  facet normal 0 -1 0
    outer loop
      vertex 7 -10 -17
      vertex 0.5098780407186632 -10 -1.5692432518870032
      vertex 0.22148488859913132 -10 -1.6350671069170923
    endloop
  endfacet
  facet normal 0 -1 0
    outer loop
      vertex 7 -10 -17
      vertex 0.7818832930804477 -10 -1.4529826275636175
      vertex 0.5098780407186632 -10 -1.5692432518870032
    endloop
  endfacet
  facet normal 0 -1 0
    outer loop
      vertex 7 -10 -17
      vertex 1.0287581730669102 -10 -1.290021946072249
      vertex 0.7818832930804477 -10 -1.4529826275636175
    endloop
  endfacet
  facet normal 0 -1 0
    outer loop
      vertex 7 -10 -17
      vertex 1.2425679189059577 -10 -1.085598897800526
      vertex 1.0287581730669102 -10 -1.290021946072249
    endloop
  endfacet
  facet normal 0 -1 0
    outer loop
      vertex 7 -10 -17
      vertex 1.416440509443079 -10 -0.8462838077197451
      vertex 1.2425679189059577 -10 -1.085598897800526
    endloop
  endfacet
  facet normal 0 -1 0
    outer loop
      vertex 7 -10 -17
      vertex 1.5447875365555663 -10 -0.5797684597342155
      vertex 1.416440509443079 -10 -0.8462838077197451
    endloop
  endfacet
  facet normal 0 -1 0
    outer loop
      vertex 7 -10 -17
      vertex 1.623483821187739 -10 -0.29461887641775053
      vertex 1.5447875365555663 -10 -0.5797684597342155
    endloop
  endfacet
  facet normal 0 -1 0
    outer loop
      vertex 7 -10 -17
      vertex 1.5447875365555666 -10 0.579768459734215
      vertex 1.623483821187739 -10 0.29461887641775025
    endloop
  endfacet
  facet normal 0 -1 0
    outer loop
      vertex 7 -10 -17
      vertex 1.65 -10 0
      vertex 1.623483821187739 -10 -0.29461887641775053
    endloop
  endfacet
  facet normal 0 -1 0
    outer loop
      vertex 7 -10 -17
      vertex 1.623483821187739 -10 0.29461887641775025
      vertex 1.65 -10 0
    endloop
  endfacet
  facet normal 0 0 -1
    outer loop
      vertex 7 -10 -17
      vertex -0.6484913022289738 -1.5172208247098935 -17
      vertex -0.36715954102791803 -1.6086310551000091 -17
    endloop
  endfacet
  facet normal 0 0 -1
    outer loop
      vertex 7 -10 -17
      vertex -0.36715954102791803 -1.6086310551000091 -17
      vertex -0.07402697007834916 -1.6483385597931692 -17
    endloop
  endfacet
  facet normal 0 0 -1
    outer loop
      vertex 7 -10 -17
      vertex -0.07402697007834916 -1.6483385597931692 -17
      vertex 0.22148488859913174 -1.6350671069170921 -17
    endloop
  endfacet
  facet normal 0 0 -1
    outer loop
      vertex 7 -10 -17
      vertex 0.22148488859913174 -1.6350671069170921 -17
      vertex 0.5098780407186632 -1.5692432518870032 -17
    endloop
  endfacet
  facet normal 0 0 -1
    outer loop
      vertex 7 -10 -17
      vertex 0.5098780407186632 -1.5692432518870032 -17
      vertex 0.7818832930804476 -1.4529826275636177 -17
    endloop
  endfacet
  facet normal 0 0 -1
    outer loop
      vertex 7 -10 -17
      vertex 0.7818832930804476 -1.4529826275636177 -17
      vertex 1.02875817306691 -1.2900219460722493 -17
    endloop
  endfacet
  facet normal 0 0 -1
    outer loop
      vertex 7 -10 -17
      vertex 1.02875817306691 -1.2900219460722493 -17
      vertex 1.2425679189059575 -1.0855988978005262 -17
    endloop
  endfacet
  facet normal 0 0 -1
    outer loop
      vertex 7 -10 -17
      vertex 1.2425679189059575 -1.0855988978005262 -17
      vertex 1.4164405094430794 -0.8462838077197445 -17
    endloop
  endfacet
  facet normal 1 0 0
    outer loop
      vertex 7 -10 -17
      vertex 7 -7 -14
      vertex 7 -7 14
    endloop
  endfacet
  facet normal 0 0 -1
    outer loop
      vertex 7 -10 -17
      vertex 1.4164405094430794 -0.8462838077197445 -17
      vertex 7 10 -17
    endloop
  endfacet
  facet normal 1 0 0
    outer loop
      vertex 7 -10 -17
      vertex 7 7 -14
      vertex 7 -7 -14
    endloop
  endfacet
  facet normal 0 -1 0
    outer loop
      vertex 7 -10 17
      vertex 1.2425679189059575 -10 1.0855988978005262
      vertex 1.4164405094430794 -10 0.8462838077197445
    endloop
  endfacet
  facet normal 0 -1 0
    outer loop
      vertex 7 -10 17
      vertex 1.4164405094430794 -10 0.8462838077197445
      vertex 1.5447875365555666 -10 0.579768459734215
    endloop
  endfacet
  facet normal 0 -1 0
    outer loop
      vertex 7 -10 17
      vertex 0.5098780407186632 -10 1.5692432518870032
      vertex 0.7818832930804476 -10 1.4529826275636177
    endloop
  endfacet
  facet normal 0 -1 0
    outer loop
      vertex 7 -10 17
      vertex 0.7818832930804476 -10 1.4529826275636177
      vertex 1.02875817306691 -10 1.2900219460722493
    endloop
  endfacet
  facet normal 0 -1 0
    outer loop
      vertex 7 -10 17
      vertex 1.02875817306691 -10 1.2900219460722493
      vertex 1.2425679189059575 -10 1.0855988978005262
    endloop
  endfacet
  facet normal 0 -1 0
    outer loop
      vertex -7 -10 17
      vertex 0.5098780407186632 -10 1.5692432518870032
      vertex 7 -10 17
    endloop
  endfacet
  facet normal 0 -1 0
    outer loop
      vertex 7 -10 -17
      vertex 7 -10 17
      vertex 1.5447875365555666 -10 0.579768459734215
    endloop
  endfacet
  facet normal 1 0 0
    outer loop
      vertex 7 -10 -17
      vertex 7 -7 14
      vertex 7 -10 17
    endloop
  endfacet
  facet normal 1 0 0
    outer loop
      vertex 7 -10 17
      vertex 7 -7 14
      vertex 7 10 17
    endloop
  endfacet
  facet normal 0 0 -1
    outer loop
      vertex 7 10 -17
      vertex 1.4164405094430794 -0.8462838077197445 -17
      vertex 1.5447875365555666 -0.579768459734215 -17
    endloop
  endfacet
  facet normal 0 0 -1
    outer loop
      vertex 7 10 -17
      vertex 1.5447875365555666 -0.579768459734215 -17
      vertex 1.623483821187739 -0.29461887641775025 -17
    endloop
  endfacet
  facet normal 0 0 -1
    outer loop
      vertex 7 10 -17
      vertex 1.623483821187739 -0.29461887641775025 -17
      vertex 1.65 0 -17
    endloop
  endfacet
  facet normal 0 0 -1
    outer loop
      vertex 7 10 -17
      vertex 1.65 0 -17
      vertex 1.623483821187739 0.29461887641775053 -17
    endloop
  endfacet
  facet normal 0 0 -1
    outer loop
      vertex 7 10 -17
      vertex 1.623483821187739 0.29461887641775053 -17
      vertex 1.5447875365555663 0.5797684597342155 -17
    endloop
  endfacet
  facet normal 0 0 -1
    outer loop
      vertex 7 10 -17
      vertex 0.7818832930804477 1.4529826275636175 -17
      vertex 0.5098780407186632 1.5692432518870032 -17
    endloop
  endfacet
  facet normal 0 0 -1
    outer loop
      vertex 7 10 -17
      vertex 1.0287581730669102 1.290021946072249 -17
      vertex 0.7818832930804477 1.4529826275636175 -17
    endloop
  endfacet
  facet normal 0 0 -1
    outer loop
      vertex 7 10 -17
      vertex 1.416440509443079 0.8462838077197451 -17
      vertex 1.2425679189059577 1.085598897800526 -17
    endloop
  endfacet
  facet normal 0 0 -1
    outer loop
      vertex 7 10 -17
      vertex 1.2425679189059577 1.085598897800526 -17
      vertex 1.0287581730669102 1.290021946072249 -17
    endloop
  endfacet
  facet normal 0 0 -1
    outer loop
      vertex 7 10 -17
      vertex 1.5447875365555663 0.5797684597342155 -17
      vertex 1.416440509443079 0.8462838077197451 -17
    endloop
  endfacet
  facet normal 0 0 -1
    outer loop
      vertex -7 10 -17
      vertex 7 10 -17
      vertex 0.5098780407186632 1.5692432518870032 -17
    endloop
  endfacet
  facet normal 0 1 0
    outer loop
      vertex -7 10 -17
      vertex 0.5098780407186632 10 -1.5692432518870032
      vertex 7 10 -17
    endloop
  endfacet
  facet normal 0 1 0
    outer loop
      vertex 7 10 -17
      vertex 0.5098780407186632 10 -1.5692432518870032
      vertex 0.7818832930804476 10 -1.4529826275636177
    endloop
  endfacet
  facet normal 0 1 0
    outer loop
      vertex 7 10 -17
      vertex 0.7818832930804476 10 -1.4529826275636177
      vertex 1.02875817306691 10 -1.2900219460722493
    endloop
  endfacet
  facet normal 0 1 0
    outer loop
      vertex 7 10 -17
      vertex 1.02875817306691 10 -1.2900219460722493
      vertex 1.2425679189059575 10 -1.0855988978005262
    endloop
  endfacet
  facet normal 0 1 0
    outer loop
      vertex 7 10 -17
      vertex 1.2425679189059575 10 -1.0855988978005262
      vertex 1.4164405094430794 10 -0.8462838077197445
    endloop
  endfacet
  facet normal 0 1 0
    outer loop
      vertex 7 10 -17
      vertex 1.4164405094430794 10 -0.8462838077197445
      vertex 1.5447875365555666 10 -0.579768459734215
    endloop
  endfacet
  facet normal 1 0 0
    outer loop
      vertex 7 -10 -17
      vertex 7 10 -17
      vertex 7 7 -14
    endloop
  endfacet
  facet normal 0 1 0
    outer loop
      vertex 7 10 -17
      vertex 1.5447875365555666 10 -0.579768459734215
      vertex 7 10 17
    endloop
  endfacet
  facet normal 1 0 0
    outer loop
      vertex 7 10 -17
      vertex 7 10 17
      vertex 7 7 -14
    endloop
  endfacet
  facet normal 0 0 1
    outer loop
      vertex -7 10 17
      vertex 7 -10 17
      vertex 7 10 17
    endloop
  endfacet
  facet normal 0 1 0
    outer loop
      vertex 7 10 17
      vertex -0.07402697007834956 10 1.6483385597931692
      vertex -0.36715954102791887 10 1.608631055100009
    endloop
  endfacet
  facet normal 0 1 0
    outer loop
      vertex 7 10 17
      vertex 0.22148488859913132 10 1.6350671069170923
      vertex -0.07402697007834956 10 1.6483385597931692
    endloop
  endfacet
  facet normal 0 1 0
    outer loop
      vertex 7 10 17
      vertex 0.5098780407186632 10 1.5692432518870032
      vertex 0.22148488859913132 10 1.6350671069170923
    endloop
  endfacet
  facet normal 0 1 0
    outer loop
      vertex 7 10 17
      vertex 1.416440509443079 10 0.8462838077197451
      vertex 1.2425679189059577 10 1.085598897800526
    endloop
  endfacet
  facet normal 0 1 0
    outer loop
      vertex 7 10 17
      vertex 1.5447875365555666 10 -0.579768459734215
      vertex 1.623483821187739 10 -0.29461887641775025
    endloop
  endfacet
  facet normal 0 1 0
    outer loop
      vertex 7 10 17
      vertex 1.623483821187739 10 -0.29461887641775025
      vertex 1.65 10 0
    endloop
  endfacet
  facet normal 0 1 0
    outer loop
      vertex 7 10 17
      vertex 1.65 10 0
      vertex 1.623483821187739 10 0.29461887641775053
    endloop
  endfacet
  facet normal 0 1 0
    outer loop
      vertex 7 10 17
      vertex 1.623483821187739 10 0.29461887641775053
      vertex 1.5447875365555663 10 0.5797684597342155
    endloop
  endfacet
  facet normal 0 1 0
    outer loop
      vertex 7 10 17
      vertex 1.5447875365555663 10 0.5797684597342155
      vertex 1.416440509443079 10 0.8462838077197451
    endloop
  endfacet
  facet normal 0 1 0
    outer loop
      vertex 7 10 17
      vertex 0.7818832930804477 10 1.4529826275636175
      vertex 0.5098780407186632 10 1.5692432518870032
    endloop
  endfacet
  facet normal 0 1 0
    outer loop
      vertex 7 10 17
      vertex 1.0287581730669102 10 1.290021946072249
      vertex 0.7818832930804477 10 1.4529826275636175
    endloop
  endfacet
  facet normal 0 1 0
    outer loop
      vertex 7 10 17
      vertex 1.2425679189059577 10 1.085598897800526
      vertex 1.0287581730669102 10 1.290021946072249
    endloop
  endfacet
  facet normal 1 0 0
    outer loop
      vertex 7 10 17
      vertex 7 -7 14
      vertex 7 7 14
    endloop
  endfacet
  facet normal 1 0 0
    outer loop
      vertex 7 10 17
      vertex 7 7 14
      vertex 7 7 -14
    endloop
  endfacet
  facet normal 0 1 0
    outer loop
      vertex -7 -7 -14
      vertex -7 -7 -12.302011234908164
      vertex 7 -7 -14
    endloop
  endfacet
  facet normal 0 1 0
    outer loop
      vertex -0.6484913022289738 -7 -1.5172208247098935
      vertex 7 -7 -14
      vertex -7 -7 -12.302011234908164
    endloop
  endfacet
  facet normal 0 1 0
    outer loop
      vertex -1.6433575850921445 -7 -0.14790485969066514
      vertex -1.590538720148158 -7 -0.4389607951850136
      vertex -7 -7 -12.302011234908164
    endloop
  endfacet
  facet normal 0 1 0
    outer loop
      vertex -1.590538720148158 -7 -0.4389607951850136
      vertex -1.4865986320389912 -7 -0.7159081695439711
      vertex -7 -7 -12.302011234908164
    endloop
  endfacet
  facet normal 0 1 0
    outer loop
      vertex -1.3348780407186631 -7 -0.9698456662825806
      vertex -1.140253370828327 -7 -1.1926115253151959
      vertex -7 -7 -12.302011234908164
    endloop
  endfacet
  facet normal 0 1 0
    outer loop
      vertex -1.4865986320389912 -7 -0.7159081695439711
      vertex -1.3348780407186631 -7 -0.9698456662825806
      vertex -7 -7 -12.302011234908164
    endloop
  endfacet
  facet normal 0 1 0
    outer loop
      vertex -1.140253370828327 -7 -1.1926115253151959
      vertex -0.9089800193959692 -7 -1.3770458686401492
      vertex -7 -7 -12.302011234908164
    endloop
  endfacet
  facet normal 0 1 0
    outer loop
      vertex -0.9089800193959692 -7 -1.3770458686401492
      vertex -0.6484913022289738 -7 -1.5172208247098935
      vertex -7 -7 -12.302011234908164
    endloop
  endfacet
  facet normal 0 1 0
    outer loop
      vertex -1.6433575850921445 -7 -0.14790485969066514
      vertex -7 -7 -12.302011234908164
      vertex -1.6433575850921445 -7 0.14790485969066514
    endloop
  endfacet
  facet normal 0 1 0
    outer loop
      vertex -1.6433575850921445 -7 0.14790485969066514
      vertex -7 -7 -12.302011234908164
      vertex -1.590538720148158 -7 0.4389607951850136
    endloop
  endfacet
  facet normal 0 1 0
    outer loop
      vertex -1.590538720148158 -7 0.4389607951850136
      vertex -7 -7 -12.302011234908164
      vertex -1.4865986320389912 -7 0.7159081695439711
    endloop
  endfacet
  facet normal 0 0 1
    outer loop
      vertex -7 -7 -14
      vertex 7 -7 -14
      vertex -7 7 -14
    endloop
  endfacet
  facet normal 0 1 0
    outer loop
      vertex -1.4865986320389912 -7 0.7159081695439711
      vertex -7 -7 -12.302011234908164
      vertex -7 -7 14
    endloop
  endfacet
  facet normal 0 1 0
    outer loop
      vertex -1.4865986320389912 -7 0.7159081695439711
      vertex -7 -7 14
      vertex -1.3348780407186631 -7 0.9698456662825806
    endloop
  endfacet
  facet normal 0 1 0
    outer loop
      vertex -1.3348780407186631 -7 0.9698456662825806
      vertex -7 -7 14
      vertex -1.140253370828327 -7 1.1926115253151959
    endloop
  endfacet
  facet normal 0 1 0
    outer loop
      vertex -1.140253370828327 -7 1.1926115253151959
      vertex -7 -7 14
      vertex -0.9089800193959687 -7 1.3770458686401494
    endloop
  endfacet
  facet normal 0 1 0
    outer loop
      vertex -0.9089800193959687 -7 1.3770458686401494
      vertex -7 -7 14
      vertex -0.6484913022289738 -7 1.5172208247098935
    endloop
  endfacet
  facet normal 0 1 0
    outer loop
      vertex -0.6484913022289738 -7 1.5172208247098935
      vertex -7 -7 14
      vertex -0.36715954102791803 -7 1.6086310551000091
    endloop
  endfacet
  facet normal 0 1 0
    outer loop
      vertex -0.36715954102791803 -7 1.6086310551000091
      vertex -7 -7 14
      vertex -0.07402697007834916 -7 1.6483385597931692
    endloop
  endfacet
  facet normal 0 1 0
    outer loop
      vertex -0.07402697007834916 -7 1.6483385597931692
      vertex -7 -7 14
      vertex 0.22148488859913174 -7 1.6350671069170921
    endloop
  endfacet
  facet normal 0 1 0
    outer loop
      vertex 0.22148488859913174 -7 1.6350671069170921
      vertex -7 -7 14
      vertex 0.5098780407186632 -7 1.5692432518870032
    endloop
  endfacet
  facet normal 0 -1 0
    outer loop
      vertex -1.590538720148158 7 -0.4389607951850136
      vertex -7 7 14
      vertex -7 7 -14
    endloop
  endfacet
  facet normal 0 -1 0
    outer loop
      vertex -1.3348780407186631 7 -0.9698456662825806
      vertex -7 7 -14
      vertex -1.140253370828327 7 -1.1926115253151959
    endloop
  endfacet
  facet normal 0 -1 0
    outer loop
      vertex -1.590538720148158 7 -0.4389607951850136
      vertex -7 7 -14
      vertex -1.4865986320389912 7 -0.7159081695439711
    endloop
  endfacet
  facet normal 0 -1 0
    outer loop
      vertex -1.4865986320389912 7 -0.7159081695439711
      vertex -7 7 -14
      vertex -1.3348780407186631 7 -0.9698456662825806
    endloop
  endfacet
  facet normal 0 -1 0
    outer loop
      vertex -1.140253370828327 7 -1.1926115253151959
      vertex -7 7 -14
      vertex -0.9089800193959687 7 -1.3770458686401494
    endloop
  endfacet
  facet normal 0 -1 0
    outer loop
      vertex -0.9089800193959687 7 -1.3770458686401494
      vertex -7 7 -14
      vertex -0.6484913022289738 7 -1.5172208247098935
    endloop
  endfacet
  facet normal 0 -1 0
    outer loop
      vertex -0.36715954102791803 7 -1.6086310551000091
      vertex -0.6484913022289738 7 -1.5172208247098935
      vertex -7 7 -14
    endloop
  endfacet
  facet normal 0 -1 0
    outer loop
      vertex -0.36715954102791803 7 -1.6086310551000091
      vertex -7 7 -14
      vertex -0.07402697007834916 7 -1.6483385597931692
    endloop
  endfacet
  facet normal 0 -1 0
    outer loop
      vertex -0.07402697007834916 7 -1.6483385597931692
      vertex -7 7 -14
      vertex 0.22148488859913174 7 -1.6350671069170921
    endloop
  endfacet
  facet normal 0 -1 0
    outer loop
      vertex 0.22148488859913174 7 -1.6350671069170921
      vertex -7 7 -14
      vertex 0.5098780407186632 7 -1.5692432518870032
    endloop
  endfacet
  facet normal 0 0 -1
    outer loop
      vertex -7 7 14
      vertex 7 7 14
      vertex -7 -7 14
    endloop
  endfacet
  facet normal 0 -1 0
    outer loop
      vertex -1.6433575850921445 7 -0.14790485969066514
      vertex -7 7 14
      vertex -1.590538720148158 7 -0.4389607951850136
    endloop
  endfacet
  facet normal 0 -1 0
    outer loop
      vertex -1.6433575850921445 7 -0.14790485969066514
      vertex -1.6433575850921445 7 0.14790485969066514
      vertex -7 7 14
    endloop
  endfacet
  facet normal 0 -1 0
    outer loop
      vertex -1.6433575850921445 7 0.14790485969066514
      vertex -1.590538720148158 7 0.4389607951850136
      vertex -7 7 14
    endloop
  endfacet
  facet normal 0 -1 0
    outer loop
      vertex -1.590538720148158 7 0.4389607951850136
      vertex -1.4865986320389912 7 0.7159081695439711
      vertex -7 7 14
    endloop
  endfacet
  facet normal 0 -1 0
    outer loop
      vertex -1.4865986320389912 7 0.7159081695439711
      vertex -1.3348780407186631 7 0.9698456662825806
      vertex -7 7 14
    endloop
  endfacet
  facet normal 0 -1 0
    outer loop
      vertex -1.3348780407186631 7 0.9698456662825806
      vertex -1.140253370828327 7 1.1926115253151959
      vertex -7 7 14
    endloop
  endfacet
  facet normal 0 -1 0
    outer loop
      vertex -1.140253370828327 7 1.1926115253151959
      vertex -0.9089800193959692 7 1.3770458686401492
      vertex -7 7 14
    endloop
  endfacet
  facet normal 0 -1 0
    outer loop
      vertex -0.9089800193959692 7 1.3770458686401492
      vertex -0.6484913022289738 7 1.5172208247098935
      vertex -7 7 14
    endloop
  endfacet
  facet normal 0 -1 0
    outer loop
      vertex -0.6484913022289738 7 1.5172208247098935
      vertex 7 7 14
      vertex -7 7 14
    endloop
  endfacet
  facet normal 0 1 0
    outer loop
      vertex -0.36715954102791887 -7 -1.608631055100009
      vertex 7 -7 -14
      vertex -0.6484913022289738 -7 -1.5172208247098935
    endloop
  endfacet
  facet normal 0 1 0
    outer loop
      vertex -0.36715954102791887 -7 -1.608631055100009
      vertex -0.07402697007834956 -7 -1.6483385597931692
      vertex 7 -7 -14
    endloop
  endfacet
  facet normal 0 1 0
    outer loop
      vertex -0.07402697007834956 -7 -1.6483385597931692
      vertex 0.22148488859913132 -7 -1.6350671069170923
      vertex 7 -7 -14
    endloop
  endfacet
  facet normal 0 1 0
    outer loop
      vertex 0.22148488859913132 -7 -1.6350671069170923
      vertex 0.5098780407186632 -7 -1.5692432518870032
      vertex 7 -7 -14
    endloop
  endfacet
  facet normal 0 1 0
    outer loop
      vertex 0.5098780407186632 -7 -1.5692432518870032
      vertex 0.7818832930804477 -7 -1.4529826275636175
      vertex 7 -7 -14
    endloop
  endfacet
  facet normal 0 1 0
    outer loop
      vertex 0.7818832930804477 -7 -1.4529826275636175
      vertex 1.0287581730669102 -7 -1.290021946072249
      vertex 7 -7 -14
    endloop
  endfacet
  facet normal 0 1 0
    outer loop
      vertex 1.0287581730669102 -7 -1.290021946072249
      vertex 1.2425679189059577 -7 -1.085598897800526
      vertex 7 -7 -14
    endloop
  endfacet
  facet normal 0 1 0
    outer loop
      vertex 1.2425679189059577 -7 -1.085598897800526
      vertex 1.416440509443079 -7 -0.8462838077197451
      vertex 7 -7 -14
    endloop
  endfacet
  facet normal 0 1 0
    outer loop
      vertex 1.416440509443079 -7 -0.8462838077197451
      vertex 1.5447875365555663 -7 -0.5797684597342155
      vertex 7 -7 -14
    endloop
  endfacet
  facet normal 0 1 0
    outer loop
      vertex 1.5447875365555663 -7 -0.5797684597342155
      vertex 7 -7 14
      vertex 7 -7 -14
    endloop
  endfacet
  facet normal 0 1 0
    outer loop
      vertex 0.5098780407186632 -7 1.5692432518870032
      vertex 7 -7 14
      vertex 0.7818832930804476 -7 1.4529826275636177
    endloop
  endfacet
  facet normal 0 1 0
    outer loop
      vertex 0.7818832930804476 -7 1.4529826275636177
      vertex 7 -7 14
      vertex 1.02875817306691 -7 1.2900219460722493
    endloop
  endfacet
  facet normal 0 1 0
    outer loop
      vertex 1.2425679189059575 -7 1.0855988978005262
      vertex 7 -7 14
      vertex 1.4164405094430794 -7 0.8462838077197445
    endloop
  endfacet
  facet normal 0 1 0
    outer loop
      vertex 1.5447875365555663 -7 -0.5797684597342155
      vertex 1.623483821187739 -7 -0.29461887641775053
      vertex 7 -7 14
    endloop
  endfacet
  facet normal 0 1 0
    outer loop
      vertex 1.623483821187739 -7 -0.29461887641775053
      vertex 1.65 -7 0
      vertex 7 -7 14
    endloop
  endfacet
  facet normal 0 1 0
    outer loop
      vertex 1.623483821187739 -7 0.29461887641775025
      vertex 7 -7 14
      vertex 1.65 -7 0
    endloop
  endfacet
  facet normal 0 1 0
    outer loop
      vertex 1.623483821187739 -7 0.29461887641775025
      vertex 1.5447875365555666 -7 0.579768459734215
      vertex 7 -7 14
    endloop
  endfacet
  facet normal 0 1 0
    outer loop
      vertex 1.4164405094430794 -7 0.8462838077197445
      vertex 7 -7 14
      vertex 1.5447875365555666 -7 0.579768459734215
    endloop
  endfacet
  facet normal 0 1 0
    outer loop
      vertex 1.02875817306691 -7 1.2900219460722493
      vertex 7 -7 14
      vertex 1.2425679189059575 -7 1.0855988978005262
    endloop
  endfacet
  facet normal 0 1 0
    outer loop
      vertex 0.5098780407186632 -7 1.5692432518870032
      vertex -7 -7 14
      vertex 7 -7 14
    endloop
  endfacet
  facet normal 0 0 -1
    outer loop
      vertex -7 -7 14
      vertex 7 7 14
      vertex 7 -7 14
    endloop
  endfacet
  facet normal 0 0 1
    outer loop
      vertex -7 7 -14
      vertex 7 -7 -14
      vertex 7 7 -14
    endloop
  endfacet
  facet normal 0 -1 0
    outer loop
      vertex 0.5098780407186632 7 -1.5692432518870032
      vertex -7 7 -14
      vertex 7 7 -14
    endloop
  endfacet
  facet normal 0 -1 0
    outer loop
      vertex 0.5098780407186632 7 -1.5692432518870032
      vertex 7 7 -14
      vertex 0.7818832930804476 7 -1.4529826275636177
    endloop
  endfacet
  facet normal 0 -1 0
    outer loop
      vertex 0.7818832930804476 7 -1.4529826275636177
      vertex 7 7 -14
      vertex 1.02875817306691 7 -1.2900219460722493
    endloop
  endfacet
  facet normal 0 -1 0
    outer loop
      vertex 1.02875817306691 7 -1.2900219460722493
      vertex 7 7 -14
      vertex 1.2425679189059575 7 -1.0855988978005262
    endloop
  endfacet
  facet normal 0 -1 0
    outer loop
      vertex 1.2425679189059575 7 -1.0855988978005262
      vertex 7 7 -14
      vertex 1.4164405094430794 7 -0.8462838077197445
    endloop
  endfacet
  facet normal 0 -1 0
    outer loop
      vertex 1.4164405094430794 7 -0.8462838077197445
      vertex 7 7 -14
      vertex 1.5447875365555666 7 -0.579768459734215
    endloop
  endfacet
  facet normal 0 -1 0
    outer loop
      vertex 1.5447875365555666 7 -0.579768459734215
      vertex 7 7 -14
      vertex 1.623483821187739 7 -0.29461887641775025
    endloop
  endfacet
  facet normal 0 -1 0
    outer loop
      vertex 1.623483821187739 7 0.29461887641775053
      vertex 7 7 -14
      vertex 1.5447875365555663 7 0.5797684597342155
    endloop
  endfacet
  facet normal 0 -1 0
    outer loop
      vertex 1.623483821187739 7 -0.29461887641775025
      vertex 7 7 -14
      vertex 1.65 7 0
    endloop
  endfacet
  facet normal 0 -1 0
    outer loop
      vertex 1.623483821187739 7 0.29461887641775053
      vertex 1.65 7 0
      vertex 7 7 -14
    endloop
  endfacet
  facet normal 0 -1 0
    outer loop
      vertex -0.6484913022289738 7 1.5172208247098935
      vertex -0.36715954102791887 7 1.608631055100009
      vertex 7 7 14
    endloop
  endfacet
  facet normal 0 -1 0
    outer loop
      vertex -0.36715954102791887 7 1.608631055100009
      vertex -0.07402697007834956 7 1.6483385597931692
      vertex 7 7 14
    endloop
  endfacet
  facet normal 0 -1 0
    outer loop
      vertex -0.07402697007834956 7 1.6483385597931692
      vertex 0.22148488859913132 7 1.6350671069170923
      vertex 7 7 14
    endloop
  endfacet
  facet normal 0 -1 0
    outer loop
      vertex 0.22148488859913132 7 1.6350671069170923
      vertex 0.5098780407186632 7 1.5692432518870032
      vertex 7 7 14
    endloop
  endfacet
  facet normal 0 -1 0
    outer loop
      vertex 0.5098780407186632 7 1.5692432518870032
      vertex 0.7818832930804477 7 1.4529826275636175
      vertex 7 7 14
    endloop
  endfacet
  facet normal 0 -1 0
    outer loop
      vertex 0.7818832930804477 7 1.4529826275636175
      vertex 1.0287581730669102 7 1.290021946072249
      vertex 7 7 14
    endloop
  endfacet
  facet normal 0 -1 0
    outer loop
      vertex 1.2425679189059577 7 1.085598897800526
      vertex 1.416440509443079 7 0.8462838077197451
      vertex 7 7 14
    endloop
  endfacet
  facet normal 0 -1 0
    outer loop
      vertex 1.416440509443079 7 0.8462838077197451
      vertex 1.5447875365555663 7 0.5797684597342155
      vertex 7 7 14
    endloop
  endfacet
  facet normal 0 -1 0
    outer loop
      vertex 1.0287581730669102 7 1.290021946072249
      vertex 1.2425679189059577 7 1.085598897800526
      vertex 7 7 14
    endloop
  endfacet
  facet normal 0 -1 0
    outer loop
      vertex 1.5447875365555663 7 0.5797684597342155
      vertex 7 7 -14
      vertex 7 7 14
    endloop
  endfacet
  facet normal 0.6234898018587329 0.7818314824680302 0
    outer loop
      vertex -1.140253370828327 -1.1926115253151959 -14.000000000000002
      vertex -0.9089800193959687 -1.3770458686401494 -17
      vertex -1.140253370828327 -1.1926115253151959 -17
    endloop
  endfacet
  facet normal 0.6234898018587329 0.7818314824680302 -2.6409496062352946e-18
    outer loop
      vertex -1.140253370828327 -1.1926115253151959 -14.000000000000002
      vertex -0.9089800193959687 -1.3770458686401494 -14.000000000000002
      vertex -0.9089800193959687 -1.3770458686401494 -17
    endloop
  endfacet
  facet normal 0.8584487936018662 0.512899277405906 0
    outer loop
      vertex -1.4865986320389912 -0.7159081695439711 -14.000000000000002
      vertex -1.3348780407186631 -0.9698456662825806 -17
      vertex -1.4865986320389912 -0.7159081695439711 -17
    endloop
  endfacet
  facet normal 0.8584487936018662 0.512899277405906 0
    outer loop
      vertex -1.3348780407186631 -0.9698456662825806 -14.000000000000002
      vertex -1.3348780407186631 -0.9698456662825806 -17
      vertex -1.4865986320389912 -0.7159081695439711 -14.000000000000002
    endloop
  endfacet
  facet normal 0.936234870639737 0.3513748240813433 0
    outer loop
      vertex -1.590538720148158 -0.4389607951850136 -14.000000000000002
      vertex -1.4865986320389912 -0.7159081695439711 -17
      vertex -1.590538720148158 -0.4389607951850136 -17
    endloop
  endfacet
  facet normal 0.9839295885986296 0.17855689479863676 0
    outer loop
      vertex -1.6433575850921445 -0.14790485969066514 -14.000000000000002
      vertex -1.590538720148158 -0.4389607951850136 -17
      vertex -1.6433575850921445 -0.14790485969066514 -17
    endloop
  endfacet
  facet normal 0.9839295885986296 0.17855689479863676 0
    outer loop
      vertex -1.590538720148158 -0.4389607951850136 -14.000000000000002
      vertex -1.590538720148158 -0.4389607951850136 -17
      vertex -1.6433575850921445 -0.14790485969066514 -14.000000000000002
    endloop
  endfacet
  facet normal 1 0 0
    outer loop
      vertex -1.6433575850921445 -0.14790485969066514 -14.000000000000002
      vertex -1.6433575850921445 -0.14790485969066514 -17
      vertex -1.6433575850921445 0.14790485969066514 -14.000000000000002
    endloop
  endfacet
  facet normal 0.936234870639737 0.3513748240813433 -1.4993418658520994e-19
    outer loop
      vertex -1.590538720148158 -0.4389607951850136 -14.000000000000002
      vertex -1.4865986320389912 -0.7159081695439711 -14.000000000000002
      vertex -1.4865986320389912 -0.7159081695439711 -17
    endloop
  endfacet
  facet normal 0.7530714660036113 0.6579387259397123 0
    outer loop
      vertex -1.3348780407186631 -0.9698456662825806 -14.000000000000002
      vertex -1.140253370828327 -1.1926115253151959 -17
      vertex -1.3348780407186631 -0.9698456662825806 -17
    endloop
  endfacet
  facet normal 0.7530714660036113 0.6579387259397123 7.067359842057111e-19
    outer loop
      vertex -1.3348780407186631 -0.9698456662825806 -14.000000000000002
      vertex -1.140253370828327 -1.1926115253151959 -14.000000000000002
      vertex -1.140253370828327 -1.1926115253151959 -17
    endloop
  endfacet
  facet normal 0 0 -1
    outer loop
      vertex -1.590538720148158 -0.4389607951850136 -14.000000000000002
      vertex -1.590538720148158 0.4389607951850136 -14.000000000000002
      vertex -1.4865986320389912 -0.7159081695439711 -14.000000000000002
    endloop
  endfacet
  facet normal 0 0 -1
    outer loop
      vertex -1.590538720148158 -0.4389607951850136 -14.000000000000002
      vertex -1.6433575850921445 -0.14790485969066514 -14.000000000000002
      vertex -1.6433575850921445 0.14790485969066514 -14.000000000000002
    endloop
  endfacet
  facet normal 0 0 -1
    outer loop
      vertex -1.3348780407186631 -0.9698456662825806 -14.000000000000002
      vertex -1.4865986320389912 -0.7159081695439711 -14.000000000000002
      vertex -1.4865986320389912 0.7159081695439711 -14.000000000000002
    endloop
  endfacet
  facet normal 0 0 -1
    outer loop
      vertex -1.3348780407186631 -0.9698456662825806 -14.000000000000002
      vertex -1.3348780407186631 0.9698456662825806 -14.000000000000002
      vertex -1.140253370828327 -1.1926115253151959 -14.000000000000002
    endloop
  endfacet
  facet normal 0 0 -1
    outer loop
      vertex -1.140253370828327 -1.1926115253151959 -14.000000000000002
      vertex -1.140253370828327 1.1926115253151959 -14.000000000000002
      vertex -0.9089800193959687 -1.3770458686401494 -14.000000000000002
    endloop
  endfacet
  facet normal 0.47386866247299875 0.8805955318567381 0
    outer loop
      vertex -0.9089800193959687 -1.3770458686401494 -14.000000000000002
      vertex -0.6484913022289738 -1.5172208247098935 -17
      vertex -0.9089800193959687 -1.3770458686401494 -17
    endloop
  endfacet
  facet normal 0.3090169943749476 0.9510565162951534 0
    outer loop
      vertex -0.6484913022289738 -1.5172208247098935 -14.000000000000002
      vertex -0.36715954102791803 -1.6086310551000091 -17
      vertex -0.6484913022289738 -1.5172208247098935 -17
    endloop
  endfacet
  facet normal 0.47386866247299875 0.8805955318567381 2.9677290690716217e-18
    outer loop
      vertex -0.9089800193959687 -1.3770458686401494 -14.000000000000002
      vertex -0.6484913022289738 -1.5172208247098935 -14.000000000000002
      vertex -0.6484913022289738 -1.5172208247098935 -17
    endloop
  endfacet
  facet normal 0.3090169943749476 0.9510565162951534 2.235643990310028e-20
    outer loop
      vertex -0.6484913022289738 -1.5172208247098935 -14.000000000000002
      vertex -0.36715954102791803 -1.6086310551000091 -14.000000000000002
      vertex -0.36715954102791803 -1.6086310551000091 -17
    endloop
  endfacet
  facet normal 0.13423326581765516 0.9909497617679348 0
    outer loop
      vertex -0.36715954102791803 -1.6086310551000091 -14.000000000000002
      vertex -0.07402697007834916 -1.6483385597931692 -17
      vertex -0.36715954102791803 -1.6086310551000091 -17
    endloop
  endfacet
  facet normal 0.13423326581765516 0.9909497617679348 -4.880628152873904e-19
    outer loop
      vertex -0.36715954102791803 -1.6086310551000091 -14.000000000000002
      vertex -0.07402697007834916 -1.6483385597931692 -14.000000000000002
      vertex -0.07402697007834916 -1.6483385597931692 -17
    endloop
  endfacet
  facet normal 0 0 -1
    outer loop
      vertex -0.9089800193959687 -1.3770458686401494 -14.000000000000002
      vertex -0.9089800193959692 1.3770458686401492 -14.000000000000002
      vertex -0.6484913022289738 -1.5172208247098935 -14.000000000000002
    endloop
  endfacet
  facet normal 0 0 -1
    outer loop
      vertex -0.6484913022289738 -1.5172208247098935 -14.000000000000002
      vertex -0.6484913022289738 1.5172208247098935 -14.000000000000002
      vertex -0.36715954102791803 -1.6086310551000091 -14.000000000000002
    endloop
  endfacet
  facet normal 0 0 -1
    outer loop
      vertex -0.36715954102791803 -1.6086310551000091 -14.000000000000002
      vertex -0.36715954102791887 1.608631055100009 -14.000000000000002
      vertex -0.07402697007834916 -1.6483385597931692 -14.000000000000002
    endloop
  endfacet
  facet normal 1 0 0
    outer loop
      vertex -1.6433575850921445 0.14790485969066514 -14.000000000000002
      vertex -1.6433575850921445 -0.14790485969066514 -17
      vertex -1.6433575850921445 0.14790485969066514 -17
    endloop
  endfacet
  facet normal 0.9839295885986296 -0.17855689479863676 0
    outer loop
      vertex -1.590538720148158 0.4389607951850136 -14.000000000000002
      vertex -1.6433575850921445 0.14790485969066514 -17
      vertex -1.590538720148158 0.4389607951850136 -17
    endloop
  endfacet
  facet normal 0.936234870639737 -0.3513748240813433 0
    outer loop
      vertex -1.4865986320389912 0.7159081695439711 -14.000000000000002
      vertex -1.590538720148158 0.4389607951850136 -17
      vertex -1.4865986320389912 0.7159081695439711 -17
    endloop
  endfacet
  facet normal 0.9839295885986296 -0.17855689479863676 0
    outer loop
      vertex -1.6433575850921445 0.14790485969066514 -14.000000000000002
      vertex -1.6433575850921445 0.14790485969066514 -17
      vertex -1.590538720148158 0.4389607951850136 -14.000000000000002
    endloop
  endfacet
  facet normal 0.936234870639737 -0.3513748240813433 0
    outer loop
      vertex -1.590538720148158 0.4389607951850136 -14.000000000000002
      vertex -1.590538720148158 0.4389607951850136 -17
      vertex -1.4865986320389912 0.7159081695439711 -14.000000000000002
    endloop
  endfacet
  facet normal 0.8584487936018662 -0.512899277405906 0
    outer loop
      vertex -1.3348780407186631 0.9698456662825806 -14.000000000000002
      vertex -1.4865986320389912 0.7159081695439711 -17
      vertex -1.3348780407186631 0.9698456662825806 -17
    endloop
  endfacet
  facet normal 0.8584487936018662 -0.512899277405906 0
    outer loop
      vertex -1.4865986320389912 0.7159081695439711 -14.000000000000002
      vertex -1.4865986320389912 0.7159081695439711 -17
      vertex -1.3348780407186631 0.9698456662825806 -14.000000000000002
    endloop
  endfacet
  facet normal 0.7530714660036113 -0.6579387259397123 0
    outer loop
      vertex -1.140253370828327 1.1926115253151959 -14.000000000000002
      vertex -1.3348780407186631 0.9698456662825806 -17
      vertex -1.140253370828327 1.1926115253151959 -17
    endloop
  endfacet
  facet normal 0.7530714660036113 -0.6579387259397123 0
    outer loop
      vertex -1.3348780407186631 0.9698456662825806 -14.000000000000002
      vertex -1.3348780407186631 0.9698456662825806 -17
      vertex -1.140253370828327 1.1926115253151959 -14.000000000000002
    endloop
  endfacet
  facet normal 0 0 -1
    outer loop
      vertex -1.590538720148158 -0.4389607951850136 -14.000000000000002
      vertex -1.6433575850921445 0.14790485969066514 -14.000000000000002
      vertex -1.590538720148158 0.4389607951850136 -14.000000000000002
    endloop
  endfacet
  facet normal 0 0 -1
    outer loop
      vertex -1.4865986320389912 -0.7159081695439711 -14.000000000000002
      vertex -1.590538720148158 0.4389607951850136 -14.000000000000002
      vertex -1.4865986320389912 0.7159081695439711 -14.000000000000002
    endloop
  endfacet
  facet normal 0 0 -1
    outer loop
      vertex -1.3348780407186631 -0.9698456662825806 -14.000000000000002
      vertex -1.4865986320389912 0.7159081695439711 -14.000000000000002
      vertex -1.3348780407186631 0.9698456662825806 -14.000000000000002
    endloop
  endfacet
  facet normal 0 0 -1
    outer loop
      vertex -1.140253370828327 -1.1926115253151959 -14.000000000000002
      vertex -1.3348780407186631 0.9698456662825806 -14.000000000000002
      vertex -1.140253370828327 1.1926115253151959 -14.000000000000002
    endloop
  endfacet
  facet normal 0 0 -1
    outer loop
      vertex -0.9089800193959687 -1.3770458686401494 -14.000000000000002
      vertex -1.140253370828327 1.1926115253151959 -14.000000000000002
      vertex -0.9089800193959692 1.3770458686401492 -14.000000000000002
    endloop
  endfacet
  facet normal 0.6234898018587333 -0.78183148246803 0
    outer loop
      vertex -0.9089800193959692 1.3770458686401492 -14.000000000000002
      vertex -1.140253370828327 1.1926115253151959 -17
      vertex -0.9089800193959692 1.3770458686401492 -17
    endloop
  endfacet
  facet normal 0.6234898018587333 -0.78183148246803 0
    outer loop
      vertex -1.140253370828327 1.1926115253151959 -14.000000000000002
      vertex -1.140253370828327 1.1926115253151959 -17
      vertex -0.9089800193959692 1.3770458686401492 -14.000000000000002
    endloop
  endfacet
  facet normal 0 0 -1
    outer loop
      vertex -0.6484913022289738 -1.5172208247098935 -14.000000000000002
      vertex -0.9089800193959692 1.3770458686401492 -14.000000000000002
      vertex -0.6484913022289738 1.5172208247098935 -14.000000000000002
    endloop
  endfacet
  facet normal 0 0 -1
    outer loop
      vertex -0.36715954102791803 -1.6086310551000091 -14.000000000000002
      vertex -0.6484913022289738 1.5172208247098935 -14.000000000000002
      vertex -0.36715954102791887 1.608631055100009 -14.000000000000002
    endloop
  endfacet
  facet normal 0 0 -1
    outer loop
      vertex -0.07402697007834916 -1.6483385597931692 -14.000000000000002
      vertex -0.36715954102791887 1.608631055100009 -14.000000000000002
      vertex -0.07402697007834956 1.6483385597931692 -14.000000000000002
    endloop
  endfacet
  facet normal 0.47386866247299864 -0.8805955318567379 0
    outer loop
      vertex -0.6484913022289738 1.5172208247098935 -14.000000000000002
      vertex -0.9089800193959692 1.3770458686401492 -17
      vertex -0.6484913022289738 1.5172208247098935 -17
    endloop
  endfacet
  facet normal 0.3090169943749478 -0.9510565162951535 0
    outer loop
      vertex -0.36715954102791887 1.608631055100009 -14.000000000000002
      vertex -0.6484913022289738 1.5172208247098935 -17
      vertex -0.36715954102791887 1.608631055100009 -17
    endloop
  endfacet
  facet normal 0.47386866247299864 -0.8805955318567379 0
    outer loop
      vertex -0.9089800193959692 1.3770458686401492 -14.000000000000002
      vertex -0.9089800193959692 1.3770458686401492 -17
      vertex -0.6484913022289738 1.5172208247098935 -14.000000000000002
    endloop
  endfacet
  facet normal 0.3090169943749478 -0.9510565162951535 0
    outer loop
      vertex -0.6484913022289738 1.5172208247098935 -14.000000000000002
      vertex -0.6484913022289738 1.5172208247098935 -17
      vertex -0.36715954102791887 1.608631055100009 -14.000000000000002
    endloop
  endfacet
  facet normal 0.13423326581765574 -0.9909497617679348 0
    outer loop
      vertex -0.07402697007834956 1.6483385597931692 -14.000000000000002
      vertex -0.36715954102791887 1.608631055100009 -17
      vertex -0.07402697007834956 1.6483385597931692 -17
    endloop
  endfacet
  facet normal 0.13423326581765574 -0.9909497617679348 0
    outer loop
      vertex -0.36715954102791887 1.608631055100009 -14.000000000000002
      vertex -0.36715954102791887 1.608631055100009 -17
      vertex -0.07402697007834956 1.6483385597931692 -14.000000000000002
    endloop
  endfacet
  facet normal -0.044864830350515965 0.9989930665413146 0
    outer loop
      vertex -0.07402697007834916 -1.6483385597931692 -14.000000000000002
      vertex 0.22148488859913174 -1.6350671069170921 -17
      vertex -0.07402697007834916 -1.6483385597931692 -17
    endloop
  endfacet
  facet normal -0.2225209339563145 0.9749279121818235 0
    outer loop
      vertex 0.22148488859913174 -1.6350671069170921 -14.000000000000002
      vertex 0.5098780407186632 -1.5692432518870032 -17
      vertex 0.22148488859913174 -1.6350671069170921 -17
    endloop
  endfacet
  facet normal -0.044864830350515965 0.9989930665413146 -3.5332505343431054e-19
    outer loop
      vertex -0.07402697007834916 -1.6483385597931692 -14.000000000000002
      vertex 0.22148488859913174 -1.6350671069170921 -14.000000000000002
      vertex 0.22148488859913174 -1.6350671069170921 -17
    endloop
  endfacet
  facet normal -0.2225209339563145 0.9749279121818235 -1.9407582354667447e-18
    outer loop
      vertex 0.22148488859913174 -1.6350671069170921 -14.000000000000002
      vertex 0.5098780407186632 -1.5692432518870032 -14.000000000000002
      vertex 0.5098780407186632 -1.5692432518870032 -17
    endloop
  endfacet
  facet normal -0.3930250316539231 0.9195277725514509 0
    outer loop
      vertex 0.5098780407186632 -1.5692432518870032 -14.000000000000002
      vertex 0.7818832930804476 -1.4529826275636177 -17
      vertex 0.5098780407186632 -1.5692432518870032 -17
    endloop
  endfacet
  facet normal -0.5508969814521025 0.8345732537213026 0
    outer loop
      vertex 0.7818832930804476 -1.4529826275636177 -14.000000000000002
      vertex 1.02875817306691 -1.2900219460722493 -17
      vertex 0.7818832930804476 -1.4529826275636177 -17
    endloop
  endfacet
  facet normal -0.3930250316539231 0.9195277725514509 -3.4182892044696972e-18
    outer loop
      vertex 0.5098780407186632 -1.5692432518870032 -14.000000000000002
      vertex 0.7818832930804476 -1.4529826275636177 -14.000000000000002
      vertex 0.7818832930804476 -1.4529826275636177 -17
    endloop
  endfacet
  facet normal 0 0 -1
    outer loop
      vertex -0.07402697007834916 -1.6483385597931692 -14.000000000000002
      vertex -0.07402697007834956 1.6483385597931692 -14.000000000000002
      vertex 0.22148488859913174 -1.6350671069170921 -14.000000000000002
    endloop
  endfacet
  facet normal 0 0 -1
    outer loop
      vertex 0.22148488859913174 -1.6350671069170921 -14.000000000000002
      vertex 0.22148488859913132 1.6350671069170923 -14.000000000000002
      vertex 0.5098780407186632 -1.5692432518870032 -14.000000000000002
    endloop
  endfacet
  facet normal 0 0 -1
    outer loop
      vertex 0.5098780407186632 -1.5692432518870032 -14.000000000000002
      vertex 0.5098780407186632 1.5692432518870032 -14.000000000000002
      vertex 0.7818832930804476 -1.4529826275636177 -14.000000000000002
    endloop
  endfacet
  facet normal 0 0 -1
    outer loop
      vertex 0.7818832930804476 -1.4529826275636177 -14.000000000000002
      vertex 0.7818832930804477 1.4529826275636175 -14.000000000000002
      vertex 1.02875817306691 -1.2900219460722493 -14.000000000000002
    endloop
  endfacet
  facet normal -0.5508969814521025 0.8345732537213026 -2.266628316336725e-18
    outer loop
      vertex 0.7818832930804476 -1.4529826275636177 -14.000000000000002
      vertex 1.02875817306691 -1.2900219460722493 -14.000000000000002
      vertex 1.02875817306691 -1.2900219460722493 -17
    endloop
  endfacet
  facet normal -0.6910626489868644 0.7227948638273918 0
    outer loop
      vertex 1.02875817306691 -1.2900219460722493 -14.000000000000002
      vertex 1.2425679189059575 -1.0855988978005262 -17
      vertex 1.02875817306691 -1.2900219460722493 -17
    endloop
  endfacet
  facet normal -0.8090169943749472 0.5877852522924734 0
    outer loop
      vertex 1.2425679189059575 -1.0855988978005262 -14.000000000000002
      vertex 1.4164405094430794 -0.8462838077197445 -17
      vertex 1.2425679189059575 -1.0855988978005262 -17
    endloop
  endfacet
  facet normal -0.6910626489868644 0.7227948638273918 -9.391098924933296e-19
    outer loop
      vertex 1.02875817306691 -1.2900219460722493 -14.000000000000002
      vertex 1.2425679189059575 -1.0855988978005262 -14.000000000000002
      vertex 1.2425679189059575 -1.0855988978005262 -17
    endloop
  endfacet
  facet normal -0.9009688679024193 0.43388373911755784 0
    outer loop
      vertex 1.4164405094430794 -0.8462838077197445 -14.000000000000002
      vertex 1.5447875365555666 -0.579768459734215 -17
      vertex 1.4164405094430794 -0.8462838077197445 -17
    endloop
  endfacet
  facet normal -0.8090169943749472 0.5877852522924734 -5.989653193649042e-19
    outer loop
      vertex 1.2425679189059575 -1.0855988978005262 -14.000000000000002
      vertex 1.4164405094430794 -0.8462838077197445 -14.000000000000002
      vertex 1.4164405094430794 -0.8462838077197445 -17
    endloop
  endfacet
  facet normal -0.9009688679024193 0.43388373911755784 -2.501269202602207e-18
    outer loop
      vertex 1.4164405094430794 -0.8462838077197445 -14.000000000000002
      vertex 1.5447875365555666 -0.579768459734215 -14.000000000000002
      vertex 1.5447875365555666 -0.579768459734215 -17
    endloop
  endfacet
  facet normal -0.9639628606958534 0.26603684556667484 0
    outer loop
      vertex 1.5447875365555666 -0.579768459734215 -14.000000000000002
      vertex 1.623483821187739 -0.29461887641775025 -17
      vertex 1.5447875365555666 -0.579768459734215 -17
    endloop
  endfacet
  facet normal -0.9959742939952391 0.08963930890343327 0
    outer loop
      vertex 1.623483821187739 -0.29461887641775025 -14.000000000000002
      vertex 1.65 0 -17
      vertex 1.623483821187739 -0.29461887641775025 -17
    endloop
  endfacet
  facet normal -0.9639628606958534 0.26603684556667484 -1.953187831541154e-18
    outer loop
      vertex 1.5447875365555666 -0.579768459734215 -14.000000000000002
      vertex 1.623483821187739 -0.29461887641775025 -14.000000000000002
      vertex 1.623483821187739 -0.29461887641775025 -17
    endloop
  endfacet
  facet normal -0.9959742939952391 0.08963930890343327 3.377021750400347e-19
    outer loop
      vertex 1.623483821187739 -0.29461887641775025 -14.000000000000002
      vertex 1.65 0 -14.000000000000002
      vertex 1.65 0 -17
    endloop
  endfacet
  facet normal 0 0 -1
    outer loop
      vertex 1.02875817306691 -1.2900219460722493 -14.000000000000002
      vertex 1.0287581730669102 1.290021946072249 -14.000000000000002
      vertex 1.2425679189059575 -1.0855988978005262 -14.000000000000002
    endloop
  endfacet
  facet normal 0 0 -1
    outer loop
      vertex 1.2425679189059575 -1.0855988978005262 -14.000000000000002
      vertex 1.2425679189059577 1.085598897800526 -14.000000000000002
      vertex 1.4164405094430794 -0.8462838077197445 -14.000000000000002
    endloop
  endfacet
  facet normal 0 0 -1
    outer loop
      vertex 1.4164405094430794 -0.8462838077197445 -14.000000000000002
      vertex 1.416440509443079 0.8462838077197451 -14.000000000000002
      vertex 1.5447875365555666 -0.579768459734215 -14.000000000000002
    endloop
  endfacet
  facet normal 0 0 -1
    outer loop
      vertex 1.5447875365555666 -0.579768459734215 -14.000000000000002
      vertex 1.5447875365555663 0.5797684597342155 -14.000000000000002
      vertex 1.623483821187739 -0.29461887641775025 -14.000000000000002
    endloop
  endfacet
  facet normal 0 0 -1
    outer loop
      vertex -0.07402697007834956 1.6483385597931692 -14.000000000000002
      vertex 0.22148488859913132 1.6350671069170923 -14.000000000000002
      vertex 0.22148488859913174 -1.6350671069170921 -14.000000000000002
    endloop
  endfacet
  facet normal 0 0 -1
    outer loop
      vertex 0.5098780407186632 -1.5692432518870032 -14.000000000000002
      vertex 0.22148488859913132 1.6350671069170923 -14.000000000000002
      vertex 0.5098780407186632 1.5692432518870032 -14.000000000000002
    endloop
  endfacet
  facet normal 0 0 -1
    outer loop
      vertex 0.7818832930804476 -1.4529826275636177 -14.000000000000002
      vertex 0.5098780407186632 1.5692432518870032 -14.000000000000002
      vertex 0.7818832930804477 1.4529826275636175 -14.000000000000002
    endloop
  endfacet
  facet normal -0.044864830350515215 -0.9989930665413146 0
    outer loop
      vertex 0.22148488859913132 1.6350671069170923 -14.000000000000002
      vertex -0.07402697007834956 1.6483385597931692 -17
      vertex 0.22148488859913132 1.6350671069170923 -17
    endloop
  endfacet
  facet normal -0.22252093395631492 -0.9749279121818236 0
    outer loop
      vertex 0.5098780407186632 1.5692432518870032 -14.000000000000002
      vertex 0.22148488859913132 1.6350671069170923 -17
      vertex 0.5098780407186632 1.5692432518870032 -17
    endloop
  endfacet
  facet normal -0.044864830350515215 -0.9989930665413146 0
    outer loop
      vertex -0.07402697007834956 1.6483385597931692 -14.000000000000002
      vertex -0.07402697007834956 1.6483385597931692 -17
      vertex 0.22148488859913132 1.6350671069170923 -14.000000000000002
    endloop
  endfacet
  facet normal -0.22252093395631492 -0.9749279121818236 0
    outer loop
      vertex 0.22148488859913132 1.6350671069170923 -14.000000000000002
      vertex 0.22148488859913132 1.6350671069170923 -17
      vertex 0.5098780407186632 1.5692432518870032 -14.000000000000002
    endloop
  endfacet
  facet normal -0.3930250316539236 -0.9195277725514507 0
    outer loop
      vertex 0.7818832930804477 1.4529826275636175 -14.000000000000002
      vertex 0.5098780407186632 1.5692432518870032 -17
      vertex 0.7818832930804477 1.4529826275636175 -17
    endloop
  endfacet
  facet normal -0.3930250316539236 -0.9195277725514507 0
    outer loop
      vertex 0.5098780407186632 1.5692432518870032 -14.000000000000002
      vertex 0.5098780407186632 1.5692432518870032 -17
      vertex 0.7818832930804477 1.4529826275636175 -14.000000000000002
    endloop
  endfacet
  facet normal -0.5508969814521024 -0.8345732537213028 0
    outer loop
      vertex 0.7818832930804477 1.4529826275636175 -14.000000000000002
      vertex 0.7818832930804477 1.4529826275636175 -17
      vertex 1.0287581730669102 1.290021946072249 -14.000000000000002
    endloop
  endfacet
  facet normal -0.6910626489868644 -0.7227948638273918 0
    outer loop
      vertex 1.2425679189059577 1.085598897800526 -14.000000000000002
      vertex 1.0287581730669102 1.290021946072249 -17
      vertex 1.2425679189059577 1.085598897800526 -17
    endloop
  endfacet
  facet normal -0.6910626489868644 -0.7227948638273918 9.391098924933296e-19
    outer loop
      vertex 1.2425679189059577 1.085598897800526 -14.000000000000002
      vertex 1.0287581730669102 1.290021946072249 -14.000000000000002
      vertex 1.0287581730669102 1.290021946072249 -17
    endloop
  endfacet
  facet normal -0.8090169943749475 -0.5877852522924731 0
    outer loop
      vertex 1.2425679189059577 1.085598897800526 -14.000000000000002
      vertex 1.2425679189059577 1.085598897800526 -17
      vertex 1.416440509443079 0.8462838077197451 -14.000000000000002
    endloop
  endfacet
  facet normal -0.9959742939952391 -0.0896393089034332 0
    outer loop
      vertex 1.65 0 -14.000000000000002
      vertex 1.623483821187739 0.29461887641775053 -17
      vertex 1.65 0 -17
    endloop
  endfacet
  facet normal -0.9639628606958532 -0.2660368455666753 0
    outer loop
      vertex 1.623483821187739 0.29461887641775053 -14.000000000000002
      vertex 1.5447875365555663 0.5797684597342155 -17
      vertex 1.623483821187739 0.29461887641775053 -17
    endloop
  endfacet
  facet normal -0.9959742939952391 -0.0896393089034332 0
    outer loop
      vertex 1.623483821187739 0.29461887641775053 -14.000000000000002
      vertex 1.623483821187739 0.29461887641775053 -17
      vertex 1.65 0 -14.000000000000002
    endloop
  endfacet
  facet normal -0.9639628606958532 -0.2660368455666753 -1.7859530355979334e-19
    outer loop
      vertex 1.623483821187739 0.29461887641775053 -14.000000000000002
      vertex 1.5447875365555663 0.5797684597342155 -14.000000000000002
      vertex 1.5447875365555663 0.5797684597342155 -17
    endloop
  endfacet
  facet normal -0.8090169943749475 -0.5877852522924731 0
    outer loop
      vertex 1.416440509443079 0.8462838077197451 -14.000000000000002
      vertex 1.2425679189059577 1.085598897800526 -17
      vertex 1.416440509443079 0.8462838077197451 -17
    endloop
  endfacet
  facet normal -0.9009688679024189 -0.4338837391175584 0
    outer loop
      vertex 1.5447875365555663 0.5797684597342155 -14.000000000000002
      vertex 1.416440509443079 0.8462838077197451 -17
      vertex 1.5447875365555663 0.5797684597342155 -17
    endloop
  endfacet
  facet normal -0.9009688679024189 -0.4338837391175584 0
    outer loop
      vertex 1.416440509443079 0.8462838077197451 -14.000000000000002
      vertex 1.416440509443079 0.8462838077197451 -17
      vertex 1.5447875365555663 0.5797684597342155 -14.000000000000002
    endloop
  endfacet
  facet normal 0 0 -1
    outer loop
      vertex 1.02875817306691 -1.2900219460722493 -14.000000000000002
      vertex 0.7818832930804477 1.4529826275636175 -14.000000000000002
      vertex 1.0287581730669102 1.290021946072249 -14.000000000000002
    endloop
  endfacet
  facet normal 0 0 -1
    outer loop
      vertex 1.2425679189059575 -1.0855988978005262 -14.000000000000002
      vertex 1.0287581730669102 1.290021946072249 -14.000000000000002
      vertex 1.2425679189059577 1.085598897800526 -14.000000000000002
    endloop
  endfacet
  facet normal 0 0 -1
    outer loop
      vertex 1.5447875365555666 -0.579768459734215 -14.000000000000002
      vertex 1.416440509443079 0.8462838077197451 -14.000000000000002
      vertex 1.5447875365555663 0.5797684597342155 -14.000000000000002
    endloop
  endfacet
  facet normal 0 0 -1
    outer loop
      vertex 1.4164405094430794 -0.8462838077197445 -14.000000000000002
      vertex 1.2425679189059577 1.085598897800526 -14.000000000000002
      vertex 1.416440509443079 0.8462838077197451 -14.000000000000002
    endloop
  endfacet
  facet normal 0 0 -1
    outer loop
      vertex 1.623483821187739 -0.29461887641775025 -14.000000000000002
      vertex 1.623483821187739 0.29461887641775053 -14.000000000000002
      vertex 1.65 0 -14.000000000000002
    endloop
  endfacet
  facet normal 0 0 -1
    outer loop
      vertex 1.623483821187739 -0.29461887641775025 -14.000000000000002
      vertex 1.5447875365555663 0.5797684597342155 -14.000000000000002
      vertex 1.623483821187739 0.29461887641775053 -14.000000000000002
    endloop
  endfacet
  facet normal -0.5508969814521024 -0.8345732537213028 0
    outer loop
      vertex 1.0287581730669102 1.290021946072249 -14.000000000000002
      vertex 0.7818832930804477 1.4529826275636175 -17
      vertex 1.0287581730669102 1.290021946072249 -17
    endloop
  endfacet
endsolid OpenSCAD_Model
