solid OpenSCAD_Model
  facet normal -1 0 0
    outer loop
      vertex -9.5 -8 -19.5
      vertex -9.5 -8 -10.5
      vertex -9.5 -7 -11
    endloop
  endfacet
  facet normal -1 0 0
    outer loop
      vertex -9.5 -8 -19.5
      vertex -9.5 -2.4296581222265634 -15.288123211924422
      vertex -9.5 -2.27614474493145 -15.54326442974655
    endloop
  endfacet
  facet normal -1 0 0
    outer loop
      vertex -9.5 -8 -19.5
      vertex -9.5 -2.27614474493145 -15.54326442974655
      vertex -9.5 -2.0959456516009998 -15.780312283150026
    endloop
  endfacet
  facet normal -1 0 0
    outer loop
      vertex -9.5 -8 -19.5
      vertex -9.5 -2.649762479427863 -14.735702930955357
      vertex -9.5 -2.5546859794961767 -15.017879927184763
    endloop
  endfacet
  facet normal -1 0 0
    outer loop
      vertex -9.5 -8 -19.5
      vertex -9.5 -2.5546859794961767 -15.017879927184763
      vertex -9.5 -2.4296581222265634 -15.288123211924422
    endloop
  endfacet
  facet normal -1 0 0
    outer loop
      vertex -9.5 -8 -19.5
      vertex -9.5 -7 -11
      vertex -9.5 -2.649762479427863 -14.735702930955357
    endloop
  endfacet
  facet normal -1 0 0
    outer loop
      vertex -9.5 -7 -11
      vertex -9.5 -2.713772936989197 -14.444900490520103
      vertex -9.5 -2.649762479427863 -14.735702930955357
    endloop
  endfacet
  facet normal -1 0 0
    outer loop
      vertex -9.5 -7 -11
      vertex -9.5 -2.7459668880905905 -14.1488819986099
      vertex -9.5 -2.713772936989197 -14.444900490520103
    endloop
  endfacet
  facet normal -1 0 0
    outer loop
      vertex -9.5 -7 -11
      vertex -9.5 -2.7459668880905905 -13.8511180013901
      vertex -9.5 -2.7459668880905905 -14.1488819986099
    endloop
  endfacet
  facet normal -1 0 0
    outer loop
      vertex -9.5 -7 -11
      vertex -9.5 -2.713772936989197 -13.555099509479897
      vertex -9.5 -2.7459668880905905 -13.8511180013901
    endloop
  endfacet
  facet normal -1 0 0
    outer loop
      vertex -9.5 -7 -11
      vertex -9.5 -2.649762479427863 -13.264297069044643
      vertex -9.5 -2.713772936989197 -13.555099509479897
    endloop
  endfacet
  facet normal -1 0 0
    outer loop
      vertex -9.5 -7 -11
      vertex -9.5 -2.5546859794961767 -12.982120072815237
      vertex -9.5 -2.649762479427863 -13.264297069044643
    endloop
  endfacet
  facet normal 0 -1 0
    outer loop
      vertex -9.5 -8 -19.5
      vertex -5.5 -8 -19.5
      vertex -8 -8 -11.1
    endloop
  endfacet
  facet normal 0 -1 0
    outer loop
      vertex -9.5 -8 -19.5
      vertex -8 -8 -11.1
      vertex -9.5 -8 -10.5
    endloop
  endfacet
  facet normal 0 -1 0
    outer loop
      vertex -5.5 -8 -19.5
      vertex -5.5 -8 -11.1
      vertex -8 -8 -11.1
    endloop
  endfacet
  facet normal -1 0 0
    outer loop
      vertex -9.5 -8 -10.5
      vertex -9.5 -7 -10.5
      vertex -9.5 -7 -11
    endloop
  endfacet
  facet normal 0 -1 0
    outer loop
      vertex -9.5 -8 -10.5
      vertex -8 -8 -11.1
      vertex -8 -8 -10.5
    endloop
  endfacet
  facet normal 0 0 1
    outer loop
      vertex -9.5 -8 -10.5
      vertex -8 -8 -10.5
      vertex -8 -7 -10.5
    endloop
  endfacet
  facet normal 0 0 1
    outer loop
      vertex -9.5 -8 -10.5
      vertex -8 -7 -10.5
      vertex -9.5 -7 -10.5
    endloop
  endfacet
  facet normal -1 0 0
    outer loop
      vertex -9.5 -8 -19.5
      vertex -9.5 -1.8911735118469135 -15.99648760278861
      vertex -9.5 -1.6642290917828542 -16.18925593069052
    endloop
  endfacet
  facet normal -1 0 0
    outer loop
      vertex -9.5 -8 -19.5
      vertex -9.5 -2.0959456516009998 -15.780312283150026
      vertex -9.5 -1.8911735118469135 -15.99648760278861
    endloop
  endfacet
  facet normal -1 0 0
    outer loop
      vertex -9.5 -8 -19.5
      vertex -9.5 -1.6642290917828542 -16.18925593069052
      vertex -9.5 -1.41777310723681 -16.35635723446087
    endloop
  endfacet
  facet normal -1 0 0
    outer loop
      vertex -9.5 -8 -19.5
      vertex -9.5 -1.41777310723681 -16.35635723446087
      vertex -9.5 -1.1546950292907283 -16.495832404095133
    endloop
  endfacet
  facet normal -1 0 0
    outer loop
      vertex -9.5 -8 -19.5
      vertex -9.5 -1.1546950292907283 -16.495832404095133
      vertex -9.5 -0.8780792078739461 -16.606046220752706
    endloop
  endfacet
  facet normal -1 0 0
    outer loop
      vertex -9.5 -7 -11
      vertex -9.5 -2.429658122226563 -12.711876788075577
      vertex -9.5 -2.5546859794961767 -12.982120072815237
    endloop
  endfacet
  facet normal -1 0 0
    outer loop
      vertex -9.5 -7 -11
      vertex -9.5 -2.276144744931449 -12.456735570253448
      vertex -9.5 -2.429658122226563 -12.711876788075577
    endloop
  endfacet
  facet normal -1 0 0
    outer loop
      vertex -9.5 -7 -11
      vertex -9.5 -2.0959456516010007 -12.219687716849975
      vertex -9.5 -2.276144744931449 -12.456735570253448
    endloop
  endfacet
  facet normal -1 0 0
    outer loop
      vertex -9.5 -8 -19.5
      vertex -9.5 -0.8780792078739461 -16.606046220752706
      vertex -9.5 8 -19.5
    endloop
  endfacet
  facet normal 0 0 -1
    outer loop
      vertex -9.5 -8 -19.5
      vertex -5.5 8 -19.5
      vertex -5.5 -8 -19.5
    endloop
  endfacet
  facet normal -1 0 0
    outer loop
      vertex -9.5 -7 -11
      vertex -9.5 -1.8911735118469135 -12.00351239721139
      vertex -9.5 -2.0959456516010007 -12.219687716849975
    endloop
  endfacet
  facet normal -1 0 0
    outer loop
      vertex -9.5 -7 -11
      vertex -9.5 -1.6642290917828542 -11.810744069309479
      vertex -9.5 -1.8911735118469135 -12.00351239721139
    endloop
  endfacet
  facet normal -1 0 0
    outer loop
      vertex -9.5 -7 -11
      vertex -9.5 -1.41777310723681 -11.64364276553913
      vertex -9.5 -1.6642290917828542 -11.810744069309479
    endloop
  endfacet
  facet normal -1 0 0
    outer loop
      vertex -9.5 -7 -11
      vertex -9.5 -1.154695029290727 -11.504167595904867
      vertex -9.5 -1.41777310723681 -11.64364276553913
    endloop
  endfacet
  facet normal -1 0 0
    outer loop
      vertex -9.5 -7 -11
      vertex -9.5 -0.8780792078739449 -11.393953779247294
      vertex -9.5 -1.154695029290727 -11.504167595904867
    endloop
  endfacet
  facet normal -1 0 0
    outer loop
      vertex -9.5 -7 -11
      vertex -9.5 -0.7904753212154424 -11
      vertex -9.5 -0.8780792078739449 -11.393953779247294
    endloop
  endfacet
  facet normal -1 0 0
    outer loop
      vertex -9.5 -0.7904753212154424 -11
      vertex -9.5 -0.5814342436536368 -11.097477455336044
      vertex -9.5 -0.8780792078739449 -11.393953779247294
    endloop
  endfacet
  facet normal -1 0 0
    outer loop
      vertex -9.5 -0.5814342436536368 -11.097477455336044
      vertex -9.5 -0.5911687105803166 -11.314293471797262
      vertex -9.5 -0.8780792078739449 -11.393953779247294
    endloop
  endfacet
  facet normal -1 0 0
    outer loop
      vertex -9.5 -0.5814342436536368 -11.097477455336044
      vertex -9.5 -0.29520190203378155 -11.174173180120754
      vertex -9.5 -0.5911687105803166 -11.314293471797262
    endloop
  endfacet
  facet normal -1 0 0
    outer loop
      vertex -9.5 -0.29520190203378155 -11.174173180120754
      vertex -9.5 -0.2973273006658394 -11.26612061782551
      vertex -9.5 -0.5911687105803166 -11.314293471797262
    endloop
  endfacet
  facet normal -1 0 0
    outer loop
      vertex -9.5 -0.29520190203378155 -11.174173180120754
      vertex -9.5 0 -11.2
      vertex -9.5 -0.2973273006658394 -11.26612061782551
    endloop
  endfacet
  facet normal -1 0 0
    outer loop
      vertex -9.5 0 -11.2
      vertex -9.5 0 -11.25
      vertex -9.5 -0.2973273006658394 -11.26612061782551
    endloop
  endfacet
  facet normal 1 0 0
    outer loop
      vertex -5.5 -8 -19.5
      vertex -5.5 -2.713772936989197 -13.555099509479897
      vertex -5.5 -8 -11.1
    endloop
  endfacet
  facet normal 1 0 0
    outer loop
      vertex -5.5 -8 -19.5
      vertex -5.5 -2.27614474493145 -15.54326442974655
      vertex -5.5 -2.4296581222265634 -15.288123211924422
    endloop
  endfacet
  facet normal 1 0 0
    outer loop
      vertex -5.5 -8 -19.5
      vertex -5.5 -2.0959456516009998 -15.780312283150026
      vertex -5.5 -2.27614474493145 -15.54326442974655
    endloop
  endfacet
  facet normal 1 0 0
    outer loop
      vertex -5.5 -8 -19.5
      vertex -5.5 -2.5546859794961767 -15.017879927184763
      vertex -5.5 -2.649762479427863 -14.735702930955357
    endloop
  endfacet
  facet normal 1 0 0
    outer loop
      vertex -5.5 -8 -19.5
      vertex -5.5 -2.649762479427863 -14.735702930955357
      vertex -5.5 -2.713772936989197 -14.444900490520103
    endloop
  endfacet
  facet normal 1 0 0
    outer loop
      vertex -5.5 -8 -19.5
      vertex -5.5 -2.4296581222265634 -15.288123211924422
      vertex -5.5 -2.5546859794961767 -15.017879927184763
    endloop
  endfacet
  facet normal 1 0 0
    outer loop
      vertex -5.5 -8 -19.5
      vertex -5.5 -2.713772936989197 -14.444900490520103
      vertex -5.5 -2.7459668880905905 -14.1488819986099
    endloop
  endfacet
  facet normal 1 0 0
    outer loop
      vertex -5.5 -8 -19.5
      vertex -5.5 -2.7459668880905905 -14.1488819986099
      vertex -5.5 -2.7459668880905905 -13.8511180013901
    endloop
  endfacet
  facet normal 1 0 0
    outer loop
      vertex -5.5 -8 -19.5
      vertex -5.5 -2.7459668880905905 -13.8511180013901
      vertex -5.5 -2.713772936989197 -13.555099509479897
    endloop
  endfacet
  facet normal 1 0 0
    outer loop
      vertex -5.5 -8 -11.1
      vertex -5.5 -2.713772936989197 -13.555099509479897
      vertex -5.5 -2.649762479427863 -13.264297069044643
    endloop
  endfacet
  facet normal 1 0 0
    outer loop
      vertex -5.5 -2.649762479427863 -13.264297069044643
      vertex -5.5 -3.700000000000001 -11.1
      vertex -5.5 -8 -11.1
    endloop
  endfacet
  facet normal 1 0 0
    outer loop
      vertex -5.5 -8 -19.5
      vertex -5.5 -1.6642290917828542 -16.18925593069052
      vertex -5.5 -1.8911735118469135 -15.99648760278861
    endloop
  endfacet
  facet normal 1 0 0
    outer loop
      vertex -5.5 -8 -19.5
      vertex -5.5 -1.8911735118469135 -15.99648760278861
      vertex -5.5 -2.0959456516009998 -15.780312283150026
    endloop
  endfacet
  facet normal 1 0 0
    outer loop
      vertex -5.5 -8 -19.5
      vertex -5.5 -1.41777310723681 -16.35635723446087
      vertex -5.5 -1.6642290917828542 -16.18925593069052
    endloop
  endfacet
  facet normal 1 0 0
    outer loop
      vertex -5.5 -8 -19.5
      vertex -5.5 -1.1546950292907283 -16.495832404095133
      vertex -5.5 -1.41777310723681 -16.35635723446087
    endloop
  endfacet
  facet normal 1 0 0
    outer loop
      vertex -5.5 -8 -19.5
      vertex -5.5 -0.8780792078739461 -16.606046220752706
      vertex -5.5 -1.1546950292907283 -16.495832404095133
    endloop
  endfacet
  facet normal 1 0 0
    outer loop
      vertex -5.5 -2.5546859794961767 -12.982120072815237
      vertex -5.5 -3.700000000000001 -11.1
      vertex -5.5 -2.649762479427863 -13.264297069044643
    endloop
  endfacet
  facet normal 1 0 0
    outer loop
      vertex -5.5 -2.5546859794961767 -12.982120072815237
      vertex -5.5 -2.429658122226563 -12.711876788075577
      vertex -5.5 -3.700000000000001 -11.1
    endloop
  endfacet
  facet normal 1 0 0
    outer loop
      vertex -5.5 -2.276144744931449 -12.456735570253448
      vertex -5.5 -3.700000000000001 -11.1
      vertex -5.5 -2.429658122226563 -12.711876788075577
    endloop
  endfacet
  facet normal 1 0 0
    outer loop
      vertex -5.5 -2.0959456516010007 -12.219687716849975
      vertex -5.5 -3.700000000000001 -11.1
      vertex -5.5 -2.276144744931449 -12.456735570253448
    endloop
  endfacet
  facet normal 1 0 0
    outer loop
      vertex -5.5 -8 -19.5
      vertex -5.5 8 -19.5
      vertex -5.5 -0.8780792078739461 -16.606046220752706
    endloop
  endfacet
  facet normal 1 0 0
    outer loop
      vertex -5.5 -3.700000000000001 -11
      vertex -5.5 -3.700000000000001 -11.1
      vertex -5.5 -1.6642290917828542 -11.810744069309479
    endloop
  endfacet
  facet normal 1 0 0
    outer loop
      vertex -5.5 -1.8911735118469135 -12.00351239721139
      vertex -5.5 -3.700000000000001 -11.1
      vertex -5.5 -2.0959456516010007 -12.219687716849975
    endloop
  endfacet
  facet normal 1 0 0
    outer loop
      vertex -5.5 -1.6642290917828542 -11.810744069309479
      vertex -5.5 -3.700000000000001 -11.1
      vertex -5.5 -1.8911735118469135 -12.00351239721139
    endloop
  endfacet
  facet normal 1 0 0
    outer loop
      vertex -5.5 -3.700000000000001 -11
      vertex -5.5 -1.6642290917828542 -11.810744069309479
      vertex -5.5 -1.41777310723681 -11.64364276553913
    endloop
  endfacet
  facet normal 1 0 0
    outer loop
      vertex -5.5 -3.700000000000001 -11
      vertex -5.5 -1.41777310723681 -11.64364276553913
      vertex -5.5 -1.154695029290727 -11.504167595904867
    endloop
  endfacet
  facet normal 1 0 0
    outer loop
      vertex -5.5 -0.7904753212154433 -11
      vertex -5.5 -3.700000000000001 -11
      vertex -5.5 -1.154695029290727 -11.504167595904867
    endloop
  endfacet
  facet normal 1 0 0
    outer loop
      vertex -5.5 -0.7904753212154433 -11
      vertex -5.5 -1.154695029290727 -11.504167595904867
      vertex -5.5 -0.8780792078739449 -11.393953779247294
    endloop
  endfacet
  facet normal 1 0 0
    outer loop
      vertex -5.5 -0.7904753212154433 -11
      vertex -5.5 -0.8780792078739449 -11.393953779247294
      vertex -5.5 -0.5911687105803166 -11.314293471797262
    endloop
  endfacet
  facet normal 1 0 0
    outer loop
      vertex -5.5 -0.5814342436536368 -11.097477455336044
      vertex -5.5 -0.7904753212154433 -11
      vertex -5.5 -0.5911687105803166 -11.314293471797262
    endloop
  endfacet
  facet normal 1 0 0
    outer loop
      vertex -5.5 -0.5814342436536368 -11.097477455336044
      vertex -5.5 -0.5911687105803166 -11.314293471797262
      vertex -5.5 -0.2973273006658394 -11.26612061782551
    endloop
  endfacet
  facet normal 1 0 0
    outer loop
      vertex -5.5 -0.29520190203378155 -11.174173180120754
      vertex -5.5 -0.5814342436536368 -11.097477455336044
      vertex -5.5 -0.2973273006658394 -11.26612061782551
    endloop
  endfacet
  facet normal 1 0 0
    outer loop
      vertex -5.5 -0.29520190203378155 -11.174173180120754
      vertex -5.5 -0.2973273006658394 -11.26612061782551
      vertex -5.5 0 -11.25
    endloop
  endfacet
  facet normal 1 0 0
    outer loop
      vertex -5.5 0 -11.2
      vertex -5.5 -0.29520190203378155 -11.174173180120754
      vertex -5.5 0 -11.25
    endloop
  endfacet
  facet normal -1 0 0
    outer loop
      vertex -9.5 8 -19.5
      vertex -9.5 -0.8780792078739461 -16.606046220752706
      vertex -9.5 -0.5911687105803153 -16.68570652820274
    endloop
  endfacet
  facet normal -1 0 0
    outer loop
      vertex -9.5 8 -19.5
      vertex -9.5 -0.5911687105803153 -16.68570652820274
      vertex -9.5 -0.2973273006658394 -16.73387938217449
    endloop
  endfacet
  facet normal -1 0 0
    outer loop
      vertex -9.5 8 -19.5
      vertex -9.5 -0.2973273006658394 -16.73387938217449
      vertex -9.5 0 -16.75
    endloop
  endfacet
  facet normal -1 0 0
    outer loop
      vertex -9.5 8 -19.5
      vertex -9.5 0 -16.75
      vertex -9.5 0.29732730066583984 -16.73387938217449
    endloop
  endfacet
  facet normal -1 0 0
    outer loop
      vertex -9.5 8 -19.5
      vertex -9.5 0.29732730066583984 -16.73387938217449
      vertex -9.5 0.5911687105803162 -16.685706528202736
    endloop
  endfacet
  facet normal -1 0 0
    outer loop
      vertex -9.5 8 -19.5
      vertex -9.5 0.5911687105803162 -16.685706528202736
      vertex -9.5 0.8780792078739449 -16.606046220752706
    endloop
  endfacet
  facet normal -1 0 0
    outer loop
      vertex -9.5 8 -19.5
      vertex -9.5 0.8780792078739449 -16.606046220752706
      vertex -9.5 1.1546950292907276 -16.495832404095133
    endloop
  endfacet
  facet normal -1 0 0
    outer loop
      vertex -9.5 8 -19.5
      vertex -9.5 1.1546950292907276 -16.495832404095133
      vertex -9.5 1.4177731072368098 -16.35635723446087
    endloop
  endfacet
  facet normal -1 0 0
    outer loop
      vertex -9.5 8 -19.5
      vertex -9.5 1.4177731072368098 -16.35635723446087
      vertex -9.5 1.6642290917828542 -16.18925593069052
    endloop
  endfacet
  facet normal -1 0 0
    outer loop
      vertex -9.5 8 -19.5
      vertex -9.5 1.6642290917828542 -16.18925593069052
      vertex -9.5 1.8911735118469142 -15.99648760278861
    endloop
  endfacet
  facet normal -1 0 0
    outer loop
      vertex -9.5 8 -19.5
      vertex -9.5 1.8911735118469142 -15.99648760278861
      vertex -9.5 2.095945651601 -15.780312283150026
    endloop
  endfacet
  facet normal -1 0 0
    outer loop
      vertex -9.5 7 -11
      vertex -9.5 2.276144744931449 -12.456735570253448
      vertex -9.5 2.0959456516010007 -12.219687716849975
    endloop
  endfacet
  facet normal -1 0 0
    outer loop
      vertex -9.5 7 -11
      vertex -9.5 2.5546859794961767 -12.982120072815237
      vertex -9.5 2.429658122226563 -12.711876788075577
    endloop
  endfacet
  facet normal -1 0 0
    outer loop
      vertex -9.5 7 -11
      vertex -9.5 2.429658122226563 -12.711876788075577
      vertex -9.5 2.276144744931449 -12.456735570253448
    endloop
  endfacet
  facet normal 0 0 -1
    outer loop
      vertex -9.5 -8 -19.5
      vertex -9.5 8 -19.5
      vertex -5.5 8 -19.5
    endloop
  endfacet
  facet normal -1 0 0
    outer loop
      vertex -9.5 0 -11.2
      vertex -9.5 0.29520190203378155 -11.174173180120754
      vertex -9.5 0 -11.25
    endloop
  endfacet
  facet normal -1 0 0
    outer loop
      vertex -9.5 0.29520190203378155 -11.174173180120754
      vertex -9.5 0.2973273006658394 -11.26612061782551
      vertex -9.5 0 -11.25
    endloop
  endfacet
  facet normal -1 0 0
    outer loop
      vertex -9.5 0.29520190203378155 -11.174173180120754
      vertex -9.5 0.5814342436536368 -11.097477455336044
      vertex -9.5 0.2973273006658394 -11.26612061782551
    endloop
  endfacet
  facet normal -1 0 0
    outer loop
      vertex -9.5 0.5814342436536368 -11.097477455336044
      vertex -9.5 0.5911687105803166 -11.314293471797262
      vertex -9.5 0.2973273006658394 -11.26612061782551
    endloop
  endfacet
  facet normal -1 0 0
    outer loop
      vertex -9.5 0.5814342436536368 -11.097477455336044
      vertex -9.5 0.7904753212154437 -11
      vertex -9.5 0.5911687105803166 -11.314293471797262
    endloop
  endfacet
  facet normal -1 0 0
    outer loop
      vertex -9.5 0.7904753212154437 -11
      vertex -9.5 0.8780792078739449 -11.393953779247294
      vertex -9.5 0.5911687105803166 -11.314293471797262
    endloop
  endfacet
  facet normal -1 0 0
    outer loop
      vertex -9.5 0.7904753212154437 -11
      vertex -9.5 1.154695029290727 -11.504167595904867
      vertex -9.5 0.8780792078739449 -11.393953779247294
    endloop
  endfacet
  facet normal -1 0 0
    outer loop
      vertex -9.5 7 -11
      vertex -9.5 1.154695029290727 -11.504167595904867
      vertex -9.5 0.7904753212154437 -11
    endloop
  endfacet
  facet normal -1 0 0
    outer loop
      vertex -9.5 7 -11
      vertex -9.5 1.41777310723681 -11.64364276553913
      vertex -9.5 1.154695029290727 -11.504167595904867
    endloop
  endfacet
  facet normal -1 0 0
    outer loop
      vertex -9.5 7 -11
      vertex -9.5 1.6642290917828542 -11.810744069309479
      vertex -9.5 1.41777310723681 -11.64364276553913
    endloop
  endfacet
  facet normal -1 0 0
    outer loop
      vertex -9.5 7 -11
      vertex -9.5 1.8911735118469135 -12.00351239721139
      vertex -9.5 1.6642290917828542 -11.810744069309479
    endloop
  endfacet
  facet normal -1 0 0
    outer loop
      vertex -9.5 7 -11
      vertex -9.5 2.0959456516010007 -12.219687716849975
      vertex -9.5 1.8911735118469135 -12.00351239721139
    endloop
  endfacet
  facet normal -1 0 0
    outer loop
      vertex -9.5 8 -19.5
      vertex -9.5 2.095945651601 -15.780312283150026
      vertex -9.5 2.276144744931449 -15.543264429746552
    endloop
  endfacet
  facet normal -1 0 0
    outer loop
      vertex -9.5 8 -19.5
      vertex -9.5 2.276144744931449 -15.543264429746552
      vertex -9.5 2.429658122226563 -15.288123211924423
    endloop
  endfacet
  facet normal -1 0 0
    outer loop
      vertex -9.5 8 -19.5
      vertex -9.5 2.429658122226563 -15.288123211924423
      vertex -9.5 2.5546859794961767 -15.017879927184763
    endloop
  endfacet
  facet normal -1 0 0
    outer loop
      vertex -9.5 8 -19.5
      vertex -9.5 2.5546859794961767 -15.017879927184763
      vertex -9.5 2.649762479427863 -14.735702930955357
    endloop
  endfacet
  facet normal -1 0 0
    outer loop
      vertex -9.5 8 -19.5
      vertex -9.5 2.649762479427863 -14.735702930955357
      vertex -9.5 2.713772936989197 -14.444900490520103
    endloop
  endfacet
  facet normal -1 0 0
    outer loop
      vertex -9.5 8 -19.5
      vertex -9.5 2.713772936989197 -14.444900490520103
      vertex -9.5 2.7459668880905905 -14.148881998609898
    endloop
  endfacet
  facet normal -1 0 0
    outer loop
      vertex -9.5 8 -19.5
      vertex -9.5 2.7459668880905905 -14.148881998609898
      vertex -9.5 2.7459668880905905 -13.851118001390102
    endloop
  endfacet
  facet normal -1 0 0
    outer loop
      vertex -9.5 8 -19.5
      vertex -9.5 2.7459668880905905 -13.851118001390102
      vertex -9.5 2.713772936989197 -13.555099509479897
    endloop
  endfacet
  facet normal -1 0 0
    outer loop
      vertex -9.5 7 -11
      vertex -9.5 2.649762479427863 -13.264297069044643
      vertex -9.5 2.5546859794961767 -12.982120072815237
    endloop
  endfacet
  facet normal -1 0 0
    outer loop
      vertex -9.5 8 -10.5
      vertex -9.5 2.713772936989197 -13.555099509479897
      vertex -9.5 2.649762479427863 -13.264297069044643
    endloop
  endfacet
  facet normal -1 0 0
    outer loop
      vertex -9.5 8 -19.5
      vertex -9.5 2.713772936989197 -13.555099509479897
      vertex -9.5 8 -10.5
    endloop
  endfacet
  facet normal 0 1 0
    outer loop
      vertex -9.5 8 -19.5
      vertex -9.5 8 -10.5
      vertex -5.5 8 -19.5
    endloop
  endfacet
  facet normal 0 1 0
    outer loop
      vertex -9.5 8 -10.5
      vertex -5.5 8 -10.5
      vertex -5.5 8 -19.5
    endloop
  endfacet
  facet normal -1 0 0
    outer loop
      vertex -9.5 7 -11
      vertex -9.5 8 -10.5
      vertex -9.5 2.649762479427863 -13.264297069044643
    endloop
  endfacet
  facet normal -1 0 0
    outer loop
      vertex -9.5 7 -11
      vertex -9.5 7 -10.5
      vertex -9.5 8 -10.5
    endloop
  endfacet
  facet normal 0 0 1
    outer loop
      vertex -9.5 7 -10.5
      vertex -5.5 8 -10.5
      vertex -9.5 8 -10.5
    endloop
  endfacet
  facet normal 0 0 1
    outer loop
      vertex -9.5 7 -10.5
      vertex -5.5 7 -10.5
      vertex -5.5 8 -10.5
    endloop
  endfacet
  facet normal 1 0 0
    outer loop
      vertex -5.5 8 -19.5
      vertex -5.5 -0.5911687105803153 -16.68570652820274
      vertex -5.5 -0.8780792078739461 -16.606046220752706
    endloop
  endfacet
  facet normal 1 0 0
    outer loop
      vertex -5.5 8 -19.5
      vertex -5.5 -0.2973273006658394 -16.73387938217449
      vertex -5.5 -0.5911687105803153 -16.68570652820274
    endloop
  endfacet
  facet normal 1 0 0
    outer loop
      vertex -5.5 8 -19.5
      vertex -5.5 0 -16.75
      vertex -5.5 -0.2973273006658394 -16.73387938217449
    endloop
  endfacet
  facet normal 1 0 0
    outer loop
      vertex -5.5 8 -19.5
      vertex -5.5 0.29732730066583984 -16.73387938217449
      vertex -5.5 0 -16.75
    endloop
  endfacet
  facet normal 1 0 0
    outer loop
      vertex -5.5 8 -19.5
      vertex -5.5 0.5911687105803162 -16.685706528202736
      vertex -5.5 0.29732730066583984 -16.73387938217449
    endloop
  endfacet
  facet normal 1 0 0
    outer loop
      vertex -5.5 8 -19.5
      vertex -5.5 0.8780792078739449 -16.606046220752706
      vertex -5.5 0.5911687105803162 -16.685706528202736
    endloop
  endfacet
  facet normal 1 0 0
    outer loop
      vertex -5.5 8 -19.5
      vertex -5.5 1.1546950292907276 -16.495832404095133
      vertex -5.5 0.8780792078739449 -16.606046220752706
    endloop
  endfacet
  facet normal 1 0 0
    outer loop
      vertex -5.5 8 -19.5
      vertex -5.5 1.4177731072368098 -16.35635723446087
      vertex -5.5 1.1546950292907276 -16.495832404095133
    endloop
  endfacet
  facet normal 1 0 0
    outer loop
      vertex -5.5 8 -19.5
      vertex -5.5 1.6642290917828542 -16.18925593069052
      vertex -5.5 1.4177731072368098 -16.35635723446087
    endloop
  endfacet
  facet normal 1 0 0
    outer loop
      vertex -5.5 8 -19.5
      vertex -5.5 1.8911735118469142 -15.99648760278861
      vertex -5.5 1.6642290917828542 -16.18925593069052
    endloop
  endfacet
  facet normal 1 0 0
    outer loop
      vertex -5.5 8 -19.5
      vertex -5.5 2.095945651601 -15.780312283150026
      vertex -5.5 1.8911735118469142 -15.99648760278861
    endloop
  endfacet
  facet normal 1 0 0
    outer loop
      vertex -5.5 7 -11
      vertex -5.5 2.0959456516010007 -12.219687716849975
      vertex -5.5 2.276144744931449 -12.456735570253448
    endloop
  endfacet
  facet normal 1 0 0
    outer loop
      vertex -5.5 7 -11
      vertex -5.5 2.429658122226563 -12.711876788075577
      vertex -5.5 2.5546859794961767 -12.982120072815237
    endloop
  endfacet
  facet normal 1 0 0
    outer loop
      vertex -5.5 7 -11
      vertex -5.5 2.276144744931449 -12.456735570253448
      vertex -5.5 2.429658122226563 -12.711876788075577
    endloop
  endfacet
  facet normal 1 0 0
    outer loop
      vertex -5.5 0 -11.2
      vertex -5.5 0 -11.25
      vertex -5.5 0.2973273006658394 -11.26612061782551
    endloop
  endfacet
  facet normal 1 0 0
    outer loop
      vertex -5.5 0.29520190203378155 -11.174173180120754
      vertex -5.5 0 -11.2
      vertex -5.5 0.2973273006658394 -11.26612061782551
    endloop
  endfacet
  facet normal 1 0 0
    outer loop
      vertex -5.5 0.29520190203378155 -11.174173180120754
      vertex -5.5 0.2973273006658394 -11.26612061782551
      vertex -5.5 0.5911687105803166 -11.314293471797262
    endloop
  endfacet
  facet normal 1 0 0
    outer loop
      vertex -5.5 0.5814342436536368 -11.097477455336044
      vertex -5.5 0.29520190203378155 -11.174173180120754
      vertex -5.5 0.5911687105803166 -11.314293471797262
    endloop
  endfacet
  facet normal 1 0 0
    outer loop
      vertex -5.5 0.5814342436536368 -11.097477455336044
      vertex -5.5 0.5911687105803166 -11.314293471797262
      vertex -5.5 0.8780792078739449 -11.393953779247294
    endloop
  endfacet
  facet normal 1 0 0
    outer loop
      vertex -5.5 0.7904753212154426 -11
      vertex -5.5 0.5814342436536368 -11.097477455336044
      vertex -5.5 0.8780792078739449 -11.393953779247294
    endloop
  endfacet
  facet normal 1 0 0
    outer loop
      vertex -5.5 7 -11
      vertex -5.5 0.7904753212154426 -11
      vertex -5.5 0.8780792078739449 -11.393953779247294
    endloop
  endfacet
  facet normal 1 0 0
    outer loop
      vertex -5.5 7 -11
      vertex -5.5 0.8780792078739449 -11.393953779247294
      vertex -5.5 1.154695029290727 -11.504167595904867
    endloop
  endfacet
  facet normal 1 0 0
    outer loop
      vertex -5.5 7 -11
      vertex -5.5 1.154695029290727 -11.504167595904867
      vertex -5.5 1.41777310723681 -11.64364276553913
    endloop
  endfacet
  facet normal 1 0 0
    outer loop
      vertex -5.5 7 -11
      vertex -5.5 1.41777310723681 -11.64364276553913
      vertex -5.5 1.6642290917828542 -11.810744069309479
    endloop
  endfacet
  facet normal 1 0 0
    outer loop
      vertex -5.5 7 -11
      vertex -5.5 1.6642290917828542 -11.810744069309479
      vertex -5.5 1.8911735118469135 -12.00351239721139
    endloop
  endfacet
  facet normal 1 0 0
    outer loop
      vertex -5.5 7 -11
      vertex -5.5 1.8911735118469135 -12.00351239721139
      vertex -5.5 2.0959456516010007 -12.219687716849975
    endloop
  endfacet
  facet normal 1 0 0
    outer loop
      vertex -5.5 8 -19.5
      vertex -5.5 2.276144744931449 -15.543264429746552
      vertex -5.5 2.095945651601 -15.780312283150026
    endloop
  endfacet
  facet normal 1 0 0
    outer loop
      vertex -5.5 8 -19.5
      vertex -5.5 2.429658122226563 -15.288123211924423
      vertex -5.5 2.276144744931449 -15.543264429746552
    endloop
  endfacet
  facet normal 1 0 0
    outer loop
      vertex -5.5 8 -19.5
      vertex -5.5 2.5546859794961767 -15.017879927184763
      vertex -5.5 2.429658122226563 -15.288123211924423
    endloop
  endfacet
  facet normal 1 0 0
    outer loop
      vertex -5.5 8 -19.5
      vertex -5.5 2.649762479427863 -14.735702930955357
      vertex -5.5 2.5546859794961767 -15.017879927184763
    endloop
  endfacet
  facet normal 1 0 0
    outer loop
      vertex -5.5 7 -11
      vertex -5.5 2.713772936989197 -14.444900490520103
      vertex -5.5 2.649762479427863 -14.735702930955357
    endloop
  endfacet
  facet normal 1 0 0
    outer loop
      vertex -5.5 7 -11
      vertex -5.5 2.7459668880905905 -14.148881998609898
      vertex -5.5 2.713772936989197 -14.444900490520103
    endloop
  endfacet
  facet normal 1 0 0
    outer loop
      vertex -5.5 7 -11
      vertex -5.5 2.7459668880905905 -13.851118001390102
      vertex -5.5 2.7459668880905905 -14.148881998609898
    endloop
  endfacet
  facet normal 1 0 0
    outer loop
      vertex -5.5 7 -11
      vertex -5.5 2.649762479427863 -13.264297069044643
      vertex -5.5 2.713772936989197 -13.555099509479897
    endloop
  endfacet
  facet normal 1 0 0
    outer loop
      vertex -5.5 7 -11
      vertex -5.5 2.5546859794961767 -12.982120072815237
      vertex -5.5 2.649762479427863 -13.264297069044643
    endloop
  endfacet
  facet normal 1 0 0
    outer loop
      vertex -5.5 7 -11
      vertex -5.5 2.713772936989197 -13.555099509479897
      vertex -5.5 2.7459668880905905 -13.851118001390102
    endloop
  endfacet
  facet normal 1 0 0
    outer loop
      vertex -5.5 8 -19.5
      vertex -5.5 7 -11
      vertex -5.5 2.649762479427863 -14.735702930955357
    endloop
  endfacet
  facet normal 1 0 0
    outer loop
      vertex -5.5 8 -19.5
      vertex -5.5 8 -10.5
      vertex -5.5 7 -11
    endloop
  endfacet
  facet normal 1 0 0
    outer loop
      vertex -5.5 7 -11
      vertex -5.5 8 -10.5
      vertex -5.5 7 -10.5
    endloop
  endfacet
  facet normal -1 0 0
    outer loop
      vertex 5.5 -8 -19.5
      vertex 5.5 -8 -11.1
      vertex 5.5 -3.700000000000001 -11.1
    endloop
  endfacet
  facet normal -1 0 0
    outer loop
      vertex 5.5 -8 -19.5
      vertex 5.5 -2.4296581222265634 -15.288123211924422
      vertex 5.5 -2.27614474493145 -15.54326442974655
    endloop
  endfacet
  facet normal -1 0 0
    outer loop
      vertex 5.5 -8 -19.5
      vertex 5.5 -2.27614474493145 -15.54326442974655
      vertex 5.5 -2.0959456516009998 -15.780312283150026
    endloop
  endfacet
  facet normal -1 0 0
    outer loop
      vertex 5.5 -8 -19.5
      vertex 5.5 -2.649762479427863 -14.735702930955357
      vertex 5.5 -2.5546859794961767 -15.017879927184763
    endloop
  endfacet
  facet normal -1 0 0
    outer loop
      vertex 5.5 -8 -19.5
      vertex 5.5 -2.713772936989197 -14.444900490520103
      vertex 5.5 -2.649762479427863 -14.735702930955357
    endloop
  endfacet
  facet normal -1 0 0
    outer loop
      vertex 5.5 -8 -19.5
      vertex 5.5 -2.5546859794961767 -15.017879927184763
      vertex 5.5 -2.4296581222265634 -15.288123211924422
    endloop
  endfacet
  facet normal -1 0 0
    outer loop
      vertex 5.5 -8 -19.5
      vertex 5.5 -2.7459668880905905 -14.1488819986099
      vertex 5.5 -2.713772936989197 -14.444900490520103
    endloop
  endfacet
  facet normal -1 0 0
    outer loop
      vertex 5.5 -8 -19.5
      vertex 5.5 -2.7459668880905905 -13.8511180013901
      vertex 5.5 -2.7459668880905905 -14.1488819986099
    endloop
  endfacet
  facet normal -1 0 0
    outer loop
      vertex 5.5 -8 -19.5
      vertex 5.5 -3.700000000000001 -11.1
      vertex 5.5 -2.7459668880905905 -13.8511180013901
    endloop
  endfacet
  facet normal -1 0 0
    outer loop
      vertex 5.5 -8 -19.5
      vertex 5.5 -1.8911735118469135 -15.99648760278861
      vertex 5.5 -1.6642290917828542 -16.18925593069052
    endloop
  endfacet
  facet normal -1 0 0
    outer loop
      vertex 5.5 -8 -19.5
      vertex 5.5 -2.0959456516009998 -15.780312283150026
      vertex 5.5 -1.8911735118469135 -15.99648760278861
    endloop
  endfacet
  facet normal -1 0 0
    outer loop
      vertex 5.5 -8 -19.5
      vertex 5.5 -1.6642290917828542 -16.18925593069052
      vertex 5.5 -1.41777310723681 -16.35635723446087
    endloop
  endfacet
  facet normal -1 0 0
    outer loop
      vertex 5.5 -8 -19.5
      vertex 5.5 -1.41777310723681 -16.35635723446087
      vertex 5.5 -1.1546950292907283 -16.495832404095133
    endloop
  endfacet
  facet normal -1 0 0
    outer loop
      vertex 5.5 -8 -19.5
      vertex 5.5 -1.1546950292907283 -16.495832404095133
      vertex 5.5 -0.8780792078739461 -16.606046220752706
    endloop
  endfacet
  facet normal -1 0 0
    outer loop
      vertex 5.5 -3.700000000000001 -11.1
      vertex 5.5 -2.713772936989197 -13.555099509479897
      vertex 5.5 -2.7459668880905905 -13.8511180013901
    endloop
  endfacet
  facet normal -1 0 0
    outer loop
      vertex 5.5 -3.700000000000001 -11.1
      vertex 5.5 -2.649762479427863 -13.264297069044643
      vertex 5.5 -2.713772936989197 -13.555099509479897
    endloop
  endfacet
  facet normal -1 0 0
    outer loop
      vertex 5.5 -3.700000000000001 -11.1
      vertex 5.5 -2.5546859794961767 -12.982120072815237
      vertex 5.5 -2.649762479427863 -13.264297069044643
    endloop
  endfacet
  facet normal -1 0 0
    outer loop
      vertex 5.5 -3.700000000000001 -11.1
      vertex 5.5 -2.429658122226563 -12.711876788075577
      vertex 5.5 -2.5546859794961767 -12.982120072815237
    endloop
  endfacet
  facet normal -1 0 0
    outer loop
      vertex 5.5 -2.429658122226563 -12.711876788075577
      vertex 5.5 -3.700000000000001 -11.1
      vertex 5.5 -2.276144744931449 -12.456735570253448
    endloop
  endfacet
  facet normal -1 0 0
    outer loop
      vertex 5.5 -2.276144744931449 -12.456735570253448
      vertex 5.5 -3.700000000000001 -11.1
      vertex 5.5 -2.0959456516010007 -12.219687716849975
    endloop
  endfacet
  facet normal -1 0 0
    outer loop
      vertex 5.5 -8 -19.5
      vertex 5.5 -0.8780792078739461 -16.606046220752706
      vertex 5.5 8 -19.5
    endloop
  endfacet
  facet normal -1 0 0
    outer loop
      vertex 5.5 -1.8911735118469135 -12.00351239721139
      vertex 5.5 -2.0959456516010007 -12.219687716849975
      vertex 5.5 -3.700000000000001 -11.1
    endloop
  endfacet
  facet normal -1 0 0
    outer loop
      vertex 5.5 -3.700000000000001 -11
      vertex 5.5 -0.7904753212154425 -11
      vertex 5.5 -3.700000000000001 -11.1
    endloop
  endfacet
  facet normal -1 0 0
    outer loop
      vertex 5.5 -1.8911735118469135 -12.00351239721139
      vertex 5.5 -3.700000000000001 -11.1
      vertex 5.5 -1.6642290917828542 -11.810744069309479
    endloop
  endfacet
  facet normal -1 0 0
    outer loop
      vertex 5.5 -1.6642290917828542 -11.810744069309479
      vertex 5.5 -3.700000000000001 -11.1
      vertex 5.5 -1.41777310723681 -11.64364276553913
    endloop
  endfacet
  facet normal -1 0 0
    outer loop
      vertex 5.5 -0.7904753212154425 -11
      vertex 5.5 -1.41777310723681 -11.64364276553913
      vertex 5.5 -3.700000000000001 -11.1
    endloop
  endfacet
  facet normal -1 0 0
    outer loop
      vertex 5.5 -0.7904753212154425 -11
      vertex 5.5 -1.154695029290727 -11.504167595904867
      vertex 5.5 -1.41777310723681 -11.64364276553913
    endloop
  endfacet
  facet normal -1 0 0
    outer loop
      vertex 5.5 -0.7904753212154425 -11
      vertex 5.5 -0.8780792078739449 -11.393953779247294
      vertex 5.5 -1.154695029290727 -11.504167595904867
    endloop
  endfacet
  facet normal -1 0 0
    outer loop
      vertex 5.5 -0.7904753212154425 -11
      vertex 5.5 -0.5814342436536368 -11.097477455336044
      vertex 5.5 -0.8780792078739449 -11.393953779247294
    endloop
  endfacet
  facet normal -1 0 0
    outer loop
      vertex 5.5 -0.8780792078739449 -11.393953779247294
      vertex 5.5 -0.5814342436536368 -11.097477455336044
      vertex 5.5 -0.5911687105803166 -11.314293471797262
    endloop
  endfacet
  facet normal -1 0 0
    outer loop
      vertex 5.5 -0.5911687105803166 -11.314293471797262
      vertex 5.5 -0.5814342436536368 -11.097477455336044
      vertex 5.5 -0.29520190203378155 -11.174173180120754
    endloop
  endfacet
  facet normal -1 0 0
    outer loop
      vertex 5.5 -0.5911687105803166 -11.314293471797262
      vertex 5.5 -0.29520190203378155 -11.174173180120754
      vertex 5.5 -0.2973273006658394 -11.26612061782551
    endloop
  endfacet
  facet normal -1 0 0
    outer loop
      vertex 5.5 -0.29520190203378155 -11.174173180120754
      vertex 5.5 0 -11.2
      vertex 5.5 -0.2973273006658394 -11.26612061782551
    endloop
  endfacet
  facet normal -1 0 0
    outer loop
      vertex 5.5 -0.2973273006658394 -11.26612061782551
      vertex 5.5 0 -11.2
      vertex 5.5 0 -11.25
    endloop
  endfacet
  facet normal 0 -1 0
    outer loop
      vertex 5.5 -8 -19.5
      vertex 9.5 -8 -19.5
      vertex 9.5 -8 -10.5
    endloop
  endfacet
  facet normal 0 -1 0
    outer loop
      vertex 5.5 -8 -19.5
      vertex 8 -8 -11.1
      vertex 5.5 -8 -11.1
    endloop
  endfacet
  facet normal 0 -1 0
    outer loop
      vertex 5.5 -8 -19.5
      vertex 9.5 -8 -10.5
      vertex 8 -8 -11.1
    endloop
  endfacet
  facet normal 1 0 0
    outer loop
      vertex 9.5 -8 -19.5
      vertex 9.5 -2.713772936989197 -13.555099509479897
      vertex 9.5 -8 -10.5
    endloop
  endfacet
  facet normal 1 0 0
    outer loop
      vertex 9.5 -8 -19.5
      vertex 9.5 -2.27614474493145 -15.54326442974655
      vertex 9.5 -2.4296581222265634 -15.288123211924422
    endloop
  endfacet
  facet normal 1 0 0
    outer loop
      vertex 9.5 -8 -19.5
      vertex 9.5 -2.0959456516009998 -15.780312283150026
      vertex 9.5 -2.27614474493145 -15.54326442974655
    endloop
  endfacet
  facet normal 1 0 0
    outer loop
      vertex 9.5 -8 -19.5
      vertex 9.5 -2.5546859794961767 -15.017879927184763
      vertex 9.5 -2.649762479427863 -14.735702930955357
    endloop
  endfacet
  facet normal 1 0 0
    outer loop
      vertex 9.5 -8 -19.5
      vertex 9.5 -2.649762479427863 -14.735702930955357
      vertex 9.5 -2.713772936989197 -14.444900490520103
    endloop
  endfacet
  facet normal 1 0 0
    outer loop
      vertex 9.5 -8 -19.5
      vertex 9.5 -2.4296581222265634 -15.288123211924422
      vertex 9.5 -2.5546859794961767 -15.017879927184763
    endloop
  endfacet
  facet normal 1 0 0
    outer loop
      vertex 9.5 -8 -19.5
      vertex 9.5 -2.713772936989197 -14.444900490520103
      vertex 9.5 -2.7459668880905905 -14.1488819986099
    endloop
  endfacet
  facet normal 1 0 0
    outer loop
      vertex 9.5 -8 -19.5
      vertex 9.5 -2.7459668880905905 -14.1488819986099
      vertex 9.5 -2.7459668880905905 -13.8511180013901
    endloop
  endfacet
  facet normal 1 0 0
    outer loop
      vertex 9.5 -8 -19.5
      vertex 9.5 -2.7459668880905905 -13.8511180013901
      vertex 9.5 -2.713772936989197 -13.555099509479897
    endloop
  endfacet
  facet normal 1 0 0
    outer loop
      vertex 9.5 -2.649762479427863 -13.264297069044643
      vertex 9.5 -5.165555367062662 -11.60202731206103
      vertex 9.5 -5.962288847380813 -11.213434429308371
    endloop
  endfacet
  facet normal 1 0 0
    outer loop
      vertex 9.5 -8 -10.5
      vertex 9.5 -2.713772936989197 -13.555099509479897
      vertex 9.5 -2.649762479427863 -13.264297069044643
    endloop
  endfacet
  facet normal 1 0 0
    outer loop
      vertex 9.5 -2.649762479427863 -13.264297069044643
      vertex 9.5 -4.343655820235992 -11.934096283981036
      vertex 9.5 -5.165555367062662 -11.60202731206103
    endloop
  endfacet
  facet normal 0 -1 0
    outer loop
      vertex 9.5 -8 -10.5
      vertex 8 -8 -10.5
      vertex 8 -8 -11.1
    endloop
  endfacet
  facet normal 0 0 1
    outer loop
      vertex 9.5 -8 -10.5
      vertex 8 -7.130578672522744 -10.5
      vertex 8 -8 -10.5
    endloop
  endfacet
  facet normal 0 0 1
    outer loop
      vertex 9.5 -8 -10.5
      vertex 9.5 -7.130578672522744 -10.5
      vertex 8 -7.130578672522744 -10.5
    endloop
  endfacet
  facet normal 1 0 0
    outer loop
      vertex 9.5 -8 -10.5
      vertex 9.5 -7 -11
      vertex 9.5 -7.130578672522744 -10.5
    endloop
  endfacet
  facet normal 1 0 0
    outer loop
      vertex 9.5 -7 -11
      vertex 9.5 -7 -10.588076426734569
      vertex 9.5 -7.130578672522744 -10.5
    endloop
  endfacet
  facet normal 1 0 0
    outer loop
      vertex 9.5 -7 -11
      vertex 9.5 -5.962288847380813 -11.213434429308371
      vertex 9.5 -6.33196812302738 -11
    endloop
  endfacet
  facet normal 1 0 0
    outer loop
      vertex 9.5 -8 -10.5
      vertex 9.5 -2.649762479427863 -13.264297069044643
      vertex 9.5 -7 -11
    endloop
  endfacet
  facet normal 1 0 0
    outer loop
      vertex 9.5 -7 -11
      vertex 9.5 -2.649762479427863 -13.264297069044643
      vertex 9.5 -5.962288847380813 -11.213434429308371
    endloop
  endfacet
  facet normal 0 0 -1
    outer loop
      vertex 5.5 -8 -19.5
      vertex 9.5 8 -19.5
      vertex 9.5 -8 -19.5
    endloop
  endfacet
  facet normal 1 0 0
    outer loop
      vertex 9.5 -8 -19.5
      vertex 9.5 -1.6642290917828542 -16.18925593069052
      vertex 9.5 -1.8911735118469135 -15.99648760278861
    endloop
  endfacet
  facet normal 1 0 0
    outer loop
      vertex 9.5 -8 -19.5
      vertex 9.5 -1.8911735118469135 -15.99648760278861
      vertex 9.5 -2.0959456516009998 -15.780312283150026
    endloop
  endfacet
  facet normal 1 0 0
    outer loop
      vertex 9.5 -8 -19.5
      vertex 9.5 -1.41777310723681 -16.35635723446087
      vertex 9.5 -1.6642290917828542 -16.18925593069052
    endloop
  endfacet
  facet normal 1 0 0
    outer loop
      vertex 9.5 -8 -19.5
      vertex 9.5 -1.1546950292907283 -16.495832404095133
      vertex 9.5 -1.41777310723681 -16.35635723446087
    endloop
  endfacet
  facet normal 1 0 0
    outer loop
      vertex 9.5 -8 -19.5
      vertex 9.5 -0.8780792078739461 -16.606046220752706
      vertex 9.5 -1.1546950292907283 -16.495832404095133
    endloop
  endfacet
  facet normal 1 0 0
    outer loop
      vertex 9.5 -2.649762479427863 -13.264297069044643
      vertex 9.5 -3.500594418875889 -12.208023538416649
      vertex 9.5 -4.343655820235992 -11.934096283981036
    endloop
  endfacet
  facet normal 1 0 0
    outer loop
      vertex 9.5 -3.500594418875889 -12.208023538416649
      vertex 9.5 -2.649762479427863 -13.264297069044643
      vertex 9.5 -2.5546859794961767 -12.982120072815237
    endloop
  endfacet
  facet normal 1 0 0
    outer loop
      vertex 9.5 -2.5546859794961767 -12.982120072815237
      vertex 9.5 -2.429658122226563 -12.711876788075577
      vertex 9.5 -3.500594418875889 -12.208023538416649
    endloop
  endfacet
  facet normal 1 0 0
    outer loop
      vertex 9.5 -2.429658122226563 -12.711876788075577
      vertex 9.5 -2.6404784733855435 -12.42247452931933
      vertex 9.5 -3.500594418875889 -12.208023538416649
    endloop
  endfacet
  facet normal 1 0 0
    outer loop
      vertex 9.5 -2.2924533857969958 -12.483840742224618
      vertex 9.5 -2.6404784733855435 -12.42247452931933
      vertex 9.5 -2.429658122226563 -12.711876788075577
    endloop
  endfacet
  facet normal 1 0 0
    outer loop
      vertex 9.5 -8 -19.5
      vertex 9.5 8 -19.5
      vertex 9.5 -0.8780792078739461 -16.606046220752706
    endloop
  endfacet
  facet normal -1 0 0
    outer loop
      vertex 5.5 8 -19.5
      vertex 5.5 -0.8780792078739461 -16.606046220752706
      vertex 5.5 -0.5911687105803153 -16.68570652820274
    endloop
  endfacet
  facet normal -1 0 0
    outer loop
      vertex 5.5 8 -19.5
      vertex 5.5 -0.5911687105803153 -16.68570652820274
      vertex 5.5 -0.2973273006658394 -16.73387938217449
    endloop
  endfacet
  facet normal -1 0 0
    outer loop
      vertex 5.5 8 -19.5
      vertex 5.5 -0.2973273006658394 -16.73387938217449
      vertex 5.5 0 -16.75
    endloop
  endfacet
  facet normal -1 0 0
    outer loop
      vertex 5.5 8 -19.5
      vertex 5.5 0 -16.75
      vertex 5.5 0.29732730066583984 -16.73387938217449
    endloop
  endfacet
  facet normal -1 0 0
    outer loop
      vertex 5.5 8 -19.5
      vertex 5.5 0.29732730066583984 -16.73387938217449
      vertex 5.5 0.5911687105803162 -16.685706528202736
    endloop
  endfacet
  facet normal -1 0 0
    outer loop
      vertex 5.5 8 -19.5
      vertex 5.5 0.5911687105803162 -16.685706528202736
      vertex 5.5 0.8780792078739449 -16.606046220752706
    endloop
  endfacet
  facet normal -1 0 0
    outer loop
      vertex 5.5 8 -19.5
      vertex 5.5 0.8780792078739449 -16.606046220752706
      vertex 5.5 1.1546950292907276 -16.495832404095133
    endloop
  endfacet
  facet normal -1 0 0
    outer loop
      vertex 5.5 8 -19.5
      vertex 5.5 1.1546950292907276 -16.495832404095133
      vertex 5.5 1.4177731072368098 -16.35635723446087
    endloop
  endfacet
  facet normal -1 0 0
    outer loop
      vertex 5.5 8 -19.5
      vertex 5.5 1.4177731072368098 -16.35635723446087
      vertex 5.5 1.6642290917828542 -16.18925593069052
    endloop
  endfacet
  facet normal -1 0 0
    outer loop
      vertex 5.5 8 -19.5
      vertex 5.5 1.6642290917828542 -16.18925593069052
      vertex 5.5 1.8911735118469142 -15.99648760278861
    endloop
  endfacet
  facet normal -1 0 0
    outer loop
      vertex 5.5 8 -19.5
      vertex 5.5 1.8911735118469142 -15.99648760278861
      vertex 5.5 2.095945651601 -15.780312283150026
    endloop
  endfacet
  facet normal -1 0 0
    outer loop
      vertex 5.5 7 -11
      vertex 5.5 2.276144744931449 -12.456735570253448
      vertex 5.5 2.0959456516010007 -12.219687716849975
    endloop
  endfacet
  facet normal -1 0 0
    outer loop
      vertex 5.5 7 -11
      vertex 5.5 2.5546859794961767 -12.982120072815237
      vertex 5.5 2.429658122226563 -12.711876788075577
    endloop
  endfacet
  facet normal -1 0 0
    outer loop
      vertex 5.5 7 -11
      vertex 5.5 2.429658122226563 -12.711876788075577
      vertex 5.5 2.276144744931449 -12.456735570253448
    endloop
  endfacet
  facet normal -1 0 0
    outer loop
      vertex 5.5 0 -11.2
      vertex 5.5 0.29520190203378155 -11.174173180120754
      vertex 5.5 0 -11.25
    endloop
  endfacet
  facet normal -1 0 0
    outer loop
      vertex 5.5 0.29520190203378155 -11.174173180120754
      vertex 5.5 0.2973273006658394 -11.26612061782551
      vertex 5.5 0 -11.25
    endloop
  endfacet
  facet normal -1 0 0
    outer loop
      vertex 5.5 0.29520190203378155 -11.174173180120754
      vertex 5.5 0.5814342436536368 -11.097477455336044
      vertex 5.5 0.2973273006658394 -11.26612061782551
    endloop
  endfacet
  facet normal -1 0 0
    outer loop
      vertex 5.5 0.5814342436536368 -11.097477455336044
      vertex 5.5 0.5911687105803166 -11.314293471797262
      vertex 5.5 0.2973273006658394 -11.26612061782551
    endloop
  endfacet
  facet normal -1 0 0
    outer loop
      vertex 5.5 0.5814342436536368 -11.097477455336044
      vertex 5.5 0.7904753212154442 -11
      vertex 5.5 0.5911687105803166 -11.314293471797262
    endloop
  endfacet
  facet normal -1 0 0
    outer loop
      vertex 5.5 0.7904753212154442 -11
      vertex 5.5 0.8780792078739449 -11.393953779247294
      vertex 5.5 0.5911687105803166 -11.314293471797262
    endloop
  endfacet
  facet normal -1 0 0
    outer loop
      vertex 5.5 7 -11
      vertex 5.5 0.8780792078739449 -11.393953779247294
      vertex 5.5 0.7904753212154442 -11
    endloop
  endfacet
  facet normal -1 0 0
    outer loop
      vertex 5.5 7 -11
      vertex 5.5 1.154695029290727 -11.504167595904867
      vertex 5.5 0.8780792078739449 -11.393953779247294
    endloop
  endfacet
  facet normal -1 0 0
    outer loop
      vertex 5.5 7 -11
      vertex 5.5 1.41777310723681 -11.64364276553913
      vertex 5.5 1.154695029290727 -11.504167595904867
    endloop
  endfacet
  facet normal -1 0 0
    outer loop
      vertex 5.5 7 -11
      vertex 5.5 1.6642290917828542 -11.810744069309479
      vertex 5.5 1.41777310723681 -11.64364276553913
    endloop
  endfacet
  facet normal -1 0 0
    outer loop
      vertex 5.5 7 -11
      vertex 5.5 1.8911735118469135 -12.00351239721139
      vertex 5.5 1.6642290917828542 -11.810744069309479
    endloop
  endfacet
  facet normal -1 0 0
    outer loop
      vertex 5.5 7 -11
      vertex 5.5 2.0959456516010007 -12.219687716849975
      vertex 5.5 1.8911735118469135 -12.00351239721139
    endloop
  endfacet
  facet normal -1 0 0
    outer loop
      vertex 5.5 8 -19.5
      vertex 5.5 2.095945651601 -15.780312283150026
      vertex 5.5 2.276144744931449 -15.543264429746552
    endloop
  endfacet
  facet normal -1 0 0
    outer loop
      vertex 5.5 8 -19.5
      vertex 5.5 2.276144744931449 -15.543264429746552
      vertex 5.5 2.429658122226563 -15.288123211924423
    endloop
  endfacet
  facet normal -1 0 0
    outer loop
      vertex 5.5 8 -19.5
      vertex 5.5 2.429658122226563 -15.288123211924423
      vertex 5.5 2.5546859794961767 -15.017879927184763
    endloop
  endfacet
  facet normal -1 0 0
    outer loop
      vertex 5.5 8 -19.5
      vertex 5.5 2.5546859794961767 -15.017879927184763
      vertex 5.5 2.649762479427863 -14.735702930955357
    endloop
  endfacet
  facet normal -1 0 0
    outer loop
      vertex 5.5 8 -19.5
      vertex 5.5 2.649762479427863 -14.735702930955357
      vertex 5.5 2.713772936989197 -14.444900490520103
    endloop
  endfacet
  facet normal -1 0 0
    outer loop
      vertex 5.5 8 -19.5
      vertex 5.5 2.713772936989197 -14.444900490520103
      vertex 5.5 2.7459668880905905 -14.148881998609898
    endloop
  endfacet
  facet normal -1 0 0
    outer loop
      vertex 5.5 8 -19.5
      vertex 5.5 2.7459668880905905 -14.148881998609898
      vertex 5.5 2.7459668880905905 -13.851118001390102
    endloop
  endfacet
  facet normal -1 0 0
    outer loop
      vertex 5.5 8 -19.5
      vertex 5.5 2.7459668880905905 -13.851118001390102
      vertex 5.5 2.713772936989197 -13.555099509479897
    endloop
  endfacet
  facet normal -1 0 0
    outer loop
      vertex 5.5 7 -11
      vertex 5.5 2.649762479427863 -13.264297069044643
      vertex 5.5 2.5546859794961767 -12.982120072815237
    endloop
  endfacet
  facet normal -1 0 0
    outer loop
      vertex 5.5 8 -10.5
      vertex 5.5 2.713772936989197 -13.555099509479897
      vertex 5.5 2.649762479427863 -13.264297069044643
    endloop
  endfacet
  facet normal -1 0 0
    outer loop
      vertex 5.5 8 -19.5
      vertex 5.5 2.713772936989197 -13.555099509479897
      vertex 5.5 8 -10.5
    endloop
  endfacet
  facet normal -1 0 0
    outer loop
      vertex 5.5 7 -11
      vertex 5.5 8 -10.5
      vertex 5.5 2.649762479427863 -13.264297069044643
    endloop
  endfacet
  facet normal -1 0 0
    outer loop
      vertex 5.5 7 -11
      vertex 5.5 7 -10.5
      vertex 5.5 8 -10.5
    endloop
  endfacet
  facet normal 0 0 -1
    outer loop
      vertex 5.5 -8 -19.5
      vertex 5.5 8 -19.5
      vertex 9.5 8 -19.5
    endloop
  endfacet
  facet normal 1 0 0
    outer loop
      vertex 9.5 8 -19.5
      vertex 9.5 -0.5911687105803153 -16.68570652820274
      vertex 9.5 -0.8780792078739461 -16.606046220752706
    endloop
  endfacet
  facet normal 1 0 0
    outer loop
      vertex 9.5 8 -19.5
      vertex 9.5 -0.2973273006658394 -16.73387938217449
      vertex 9.5 -0.5911687105803153 -16.68570652820274
    endloop
  endfacet
  facet normal 1 0 0
    outer loop
      vertex 9.5 8 -19.5
      vertex 9.5 0 -16.75
      vertex 9.5 -0.2973273006658394 -16.73387938217449
    endloop
  endfacet
  facet normal 1 0 0
    outer loop
      vertex 9.5 8 -19.5
      vertex 9.5 0.29732730066583984 -16.73387938217449
      vertex 9.5 0 -16.75
    endloop
  endfacet
  facet normal 1 0 0
    outer loop
      vertex 9.5 8 -19.5
      vertex 9.5 0.5911687105803162 -16.685706528202736
      vertex 9.5 0.29732730066583984 -16.73387938217449
    endloop
  endfacet
  facet normal 1 0 0
    outer loop
      vertex 9.5 8 -19.5
      vertex 9.5 0.8780792078739449 -16.606046220752706
      vertex 9.5 0.5911687105803162 -16.685706528202736
    endloop
  endfacet
  facet normal 1 0 0
    outer loop
      vertex 9.5 8 -19.5
      vertex 9.5 1.1546950292907276 -16.495832404095133
      vertex 9.5 0.8780792078739449 -16.606046220752706
    endloop
  endfacet
  facet normal 1 0 0
    outer loop
      vertex 9.5 8 -19.5
      vertex 9.5 1.4177731072368098 -16.35635723446087
      vertex 9.5 1.1546950292907276 -16.495832404095133
    endloop
  endfacet
  facet normal 1 0 0
    outer loop
      vertex 9.5 8 -19.5
      vertex 9.5 1.6642290917828542 -16.18925593069052
      vertex 9.5 1.4177731072368098 -16.35635723446087
    endloop
  endfacet
  facet normal 1 0 0
    outer loop
      vertex 9.5 8 -19.5
      vertex 9.5 1.8911735118469142 -15.99648760278861
      vertex 9.5 1.6642290917828542 -16.18925593069052
    endloop
  endfacet
  facet normal 1 0 0
    outer loop
      vertex 9.5 8 -19.5
      vertex 9.5 2.095945651601 -15.780312283150026
      vertex 9.5 1.8911735118469142 -15.99648760278861
    endloop
  endfacet
  facet normal 1 0 0
    outer loop
      vertex 9.5 2.429658122226563 -12.711876788075577
      vertex 9.5 2.6404784733855435 -12.42247452931933
      vertex 9.5 2.2924533857969958 -12.483840742224618
    endloop
  endfacet
  facet normal 1 0 0
    outer loop
      vertex 9.5 2.429658122226563 -12.711876788075577
      vertex 9.5 2.5546859794961767 -12.982120072815237
      vertex 9.5 2.6404784733855435 -12.42247452931933
    endloop
  endfacet
  facet normal 0 1 0
    outer loop
      vertex 5.5 8 -19.5
      vertex 5.5 8 -10.5
      vertex 9.5 8 -19.5
    endloop
  endfacet
  facet normal 0 1 0
    outer loop
      vertex 5.5 8 -10.5
      vertex 9.5 8 -10.5
      vertex 9.5 8 -19.5
    endloop
  endfacet
  facet normal 1 0 0
    outer loop
      vertex 9.5 8 -19.5
      vertex 9.5 2.276144744931449 -15.543264429746552
      vertex 9.5 2.095945651601 -15.780312283150026
    endloop
  endfacet
  facet normal 1 0 0
    outer loop
      vertex 9.5 8 -19.5
      vertex 9.5 2.429658122226563 -15.288123211924423
      vertex 9.5 2.276144744931449 -15.543264429746552
    endloop
  endfacet
  facet normal 1 0 0
    outer loop
      vertex 9.5 8 -19.5
      vertex 9.5 2.5546859794961767 -15.017879927184763
      vertex 9.5 2.429658122226563 -15.288123211924423
    endloop
  endfacet
  facet normal 1 0 0
    outer loop
      vertex 9.5 8 -19.5
      vertex 9.5 2.649762479427863 -14.735702930955357
      vertex 9.5 2.5546859794961767 -15.017879927184763
    endloop
  endfacet
  facet normal 1 0 0
    outer loop
      vertex 9.5 8 -19.5
      vertex 9.5 2.713772936989197 -14.444900490520103
      vertex 9.5 2.649762479427863 -14.735702930955357
    endloop
  endfacet
  facet normal 1 0 0
    outer loop
      vertex 9.5 8 -19.5
      vertex 9.5 2.7459668880905905 -14.148881998609898
      vertex 9.5 2.713772936989197 -14.444900490520103
    endloop
  endfacet
  facet normal 1 0 0
    outer loop
      vertex 9.5 8 -19.5
      vertex 9.5 2.7459668880905905 -13.851118001390102
      vertex 9.5 2.7459668880905905 -14.148881998609898
    endloop
  endfacet
  facet normal 1 0 0
    outer loop
      vertex 9.5 8 -19.5
      vertex 9.5 2.713772936989197 -13.555099509479897
      vertex 9.5 2.7459668880905905 -13.851118001390102
    endloop
  endfacet
  facet normal 1 0 0
    outer loop
      vertex 9.5 8 -19.5
      vertex 9.5 2.5546859794961767 -12.982120072815237
      vertex 9.5 2.649762479427863 -13.264297069044643
    endloop
  endfacet
  facet normal 1 0 0
    outer loop
      vertex 9.5 8 -19.5
      vertex 9.5 2.649762479427863 -13.264297069044643
      vertex 9.5 2.713772936989197 -13.555099509479897
    endloop
  endfacet
  facet normal 1 0 0
    outer loop
      vertex 9.5 8 -19.5
      vertex 9.5 2.6404784733855435 -12.42247452931933
      vertex 9.5 2.5546859794961767 -12.982120072815237
    endloop
  endfacet
  facet normal 1 0 0
    outer loop
      vertex 9.5 8 -19.5
      vertex 9.5 3.500594418875889 -12.208023538416649
      vertex 9.5 2.6404784733855435 -12.42247452931933
    endloop
  endfacet
  facet normal 1 0 0
    outer loop
      vertex 9.5 8 -19.5
      vertex 9.5 4.343655820235992 -11.934096283981036
      vertex 9.5 3.500594418875889 -12.208023538416649
    endloop
  endfacet
  facet normal 1 0 0
    outer loop
      vertex 9.5 8 -19.5
      vertex 9.5 5.165555367062662 -11.60202731206103
      vertex 9.5 4.343655820235992 -11.934096283981036
    endloop
  endfacet
  facet normal 1 0 0
    outer loop
      vertex 9.5 8 -19.5
      vertex 9.5 5.962288847380813 -11.213434429308371
      vertex 9.5 5.165555367062662 -11.60202731206103
    endloop
  endfacet
  facet normal 1 0 0
    outer loop
      vertex 9.5 8 -19.5
      vertex 9.5 6.33196812302738 -11
      vertex 9.5 5.962288847380813 -11.213434429308371
    endloop
  endfacet
  facet normal 1 0 0
    outer loop
      vertex 9.5 8 -19.5
      vertex 9.5 7 -11
      vertex 9.5 6.33196812302738 -11
    endloop
  endfacet
  facet normal 1 0 0
    outer loop
      vertex 9.5 8 -19.5
      vertex 9.5 8 -10.5
      vertex 9.5 7 -11
    endloop
  endfacet
  facet normal 0 0 1
    outer loop
      vertex 5.5 7 -10.5
      vertex 7.5 7 -10.5
      vertex 7.5 7.130578672522744 -10.5
    endloop
  endfacet
  facet normal 0 0 1
    outer loop
      vertex 5.5 7 -10.5
      vertex 9.5 8 -10.5
      vertex 5.5 8 -10.5
    endloop
  endfacet
  facet normal 0 0 1
    outer loop
      vertex 5.5 7 -10.5
      vertex 7.5 7.130578672522744 -10.5
      vertex 9.5 8 -10.5
    endloop
  endfacet
  facet normal 0 0 1
    outer loop
      vertex 9.5 8 -10.5
      vertex 7.5 7.130578672522744 -10.5
      vertex 9.5 7.130578672522744 -10.5
    endloop
  endfacet
  facet normal 1 0 0
    outer loop
      vertex 9.5 7 -11
      vertex 9.5 8 -10.5
      vertex 9.5 7 -10.588076426734569
    endloop
  endfacet
  facet normal 1 0 0
    outer loop
      vertex 9.5 8 -10.5
      vertex 9.5 7.130578672522744 -10.5
      vertex 9.5 7 -10.588076426734569
    endloop
  endfacet
  facet normal 0 -1 0
    outer loop
      vertex -12 -7 -11
      vertex -9.5 -7 -11
      vertex -9.5 -7 -10.5
    endloop
  endfacet
  facet normal 0 -1 0
    outer loop
      vertex -12 -7 -11
      vertex -9.5 -7 -10.5
      vertex -8 -7 -3
    endloop
  endfacet
  facet normal 0 0 -1
    outer loop
      vertex -12 -7 -11
      vertex -9.5 -0.7904753212154424 -11
      vertex -9.5 -7 -11
    endloop
  endfacet
  facet normal -1 0 0
    outer loop
      vertex -12 -7 -11
      vertex -12 -4.851478631379982 -1.2096094779983386
      vertex -12 -4.755282581475767 -1.545084971874737
    endloop
  endfacet
  facet normal -1 0 0
    outer loop
      vertex -12 -7 -11
      vertex -12 -4.92403876506104 -0.8682408883346516
      vertex -12 -4.851478631379982 -1.2096094779983386
    endloop
  endfacet
  facet normal -1 0 0
    outer loop
      vertex -12 -7 -11
      vertex -12 -4.493970231495835 -2.1918557339453875
      vertex -12 -4.330127018922193 -2.5
    endloop
  endfacet
  facet normal -1 0 0
    outer loop
      vertex -12 -7 -11
      vertex -12 -4.330127018922193 -2.5
      vertex -12 -4.145187862775209 -2.7959645173537346
    endloop
  endfacet
  facet normal -1 0 0
    outer loop
      vertex -12 -7 -11
      vertex -12 -4.145187862775209 -2.7959645173537346
      vertex -12 -3.9400537680336094 -3.0783073766282913
    endloop
  endfacet
  facet normal -1 0 0
    outer loop
      vertex -12 -7 -11
      vertex -12 -4.635919272833937 -1.87303296707956
      vertex -12 -4.493970231495835 -2.1918557339453875
    endloop
  endfacet
  facet normal -1 0 0
    outer loop
      vertex -12 -7 -11
      vertex -12 -4.755282581475767 -1.545084971874737
      vertex -12 -4.635919272833937 -1.87303296707956
    endloop
  endfacet
  facet normal -1 0 0
    outer loop
      vertex -12 -7 -11
      vertex -12 -3.2139380484326963 -3.83022221559489
      vertex -12 -2.938926261462366 -4.045084971874737
    endloop
  endfacet
  facet normal -1 0 0
    outer loop
      vertex -12 -7 -11
      vertex -12 -2.938926261462366 -4.045084971874737
      vertex -12 -2.6495963211660243 -4.24024048078213
    endloop
  endfacet
  facet normal -1 0 0
    outer loop
      vertex -12 -7 -11
      vertex -12 -3.9400537680336094 -3.0783073766282913
      vertex -12 -3.715724127386971 -3.345653031794291
    endloop
  endfacet
  facet normal -1 0 0
    outer loop
      vertex -12 -7 -11
      vertex -12 -3.715724127386971 -3.345653031794291
      vertex -12 -3.4732918522949863 -3.596699001693256
    endloop
  endfacet
  facet normal -1 0 0
    outer loop
      vertex -12 -7 -11
      vertex -12 -3.4732918522949863 -3.596699001693256
      vertex -12 -3.2139380484326963 -3.83022221559489
    endloop
  endfacet
  facet normal 0 -1 0
    outer loop
      vertex -9.5 -7 -10.5
      vertex -8 -7 -10.5
      vertex -8 -7 -3
    endloop
  endfacet
  facet normal -1 0 0
    outer loop
      vertex -12 -7 -11
      vertex -12 -1.5974774553360442 -10.081434243653637
      vertex -12 -1.4722431864335457 -10.35
    endloop
  endfacet
  facet normal -1 0 0
    outer loop
      vertex -12 -7 -11
      vertex -12 -1.4722431864335457 -10.35
      vertex -12 -1.3022755533022625 -10.592738936467116
    endloop
  endfacet
  facet normal -1 0 0
    outer loop
      vertex -12 -7 -11
      vertex -12 -1.6741731801207536 -9.795201902033781
      vertex -12 -1.5974774553360442 -10.081434243653637
    endloop
  endfacet
  facet normal -1 0 0
    outer loop
      vertex -12 -7 -11
      vertex -12 -1.7 -9.5
      vertex -12 -1.6741731801207536 -9.795201902033781
    endloop
  endfacet
  facet normal -1 0 0
    outer loop
      vertex -12 -7 -11
      vertex -12 -1.3022755533022625 -10.592738936467116
      vertex -12 -1.0927389364671167 -10.802275553302263
    endloop
  endfacet
  facet normal -1 0 0
    outer loop
      vertex -12 -7 -11
      vertex -12 -1.6741731801207536 -9.204798097966219
      vertex -12 -1.7 -9.5
    endloop
  endfacet
  facet normal -1 0 0
    outer loop
      vertex -12 -7 -11
      vertex -12 -1.3781867790849958 -4.8063084796915945
      vertex -12 -1.6741731801207536 -9.204798097966219
    endloop
  endfacet
  facet normal -1 0 0
    outer loop
      vertex -12 -7 -11
      vertex -12 -1.0927389364671167 -10.802275553302263
      vertex -12 -0.85 -10.972243186433545
    endloop
  endfacet
  facet normal -1 0 0
    outer loop
      vertex -12 -7 -11
      vertex -12 -0.85 -10.972243186433545
      vertex -12 -0.7904753212154452 -11
    endloop
  endfacet
  facet normal 0 0 -1
    outer loop
      vertex -12 -7 -11
      vertex -12 -0.7904753212154452 -11
      vertex -9.5 -0.7904753212154424 -11
    endloop
  endfacet
  facet normal -1 0 0
    outer loop
      vertex -12 -7 -11
      vertex -12 -2.347357813929454 -4.414737964294635
      vertex -12 -2.033683215379001 -4.567727288213004
    endloop
  endfacet
  facet normal -1 0 0
    outer loop
      vertex -12 -7 -11
      vertex -12 -2.6495963211660243 -4.24024048078213
      vertex -12 -2.347357813929454 -4.414737964294635
    endloop
  endfacet
  facet normal -1 0 0
    outer loop
      vertex -12 -7 -11
      vertex -12 -2.033683215379001 -4.567727288213004
      vertex -12 -1.7101007166283435 -4.698463103929543
    endloop
  endfacet
  facet normal -1 0 0
    outer loop
      vertex -12 -7 -11
      vertex -12 -1.7101007166283435 -4.698463103929543
      vertex -12 -1.3781867790849958 -4.8063084796915945
    endloop
  endfacet
  facet normal -1 0 0
    outer loop
      vertex -12 -1.6741731801207536 -9.204798097966219
      vertex -12 -1.3781867790849958 -4.8063084796915945
      vertex -12 -1.5974774553360442 -8.918565756346363
    endloop
  endfacet
  facet normal -1 0 0
    outer loop
      vertex -12 -1.5974774553360442 -8.918565756346363
      vertex -12 -1.3781867790849958 -4.8063084796915945
      vertex -12 -1.4722431864335457 -8.65
    endloop
  endfacet
  facet normal -1 0 0
    outer loop
      vertex -12 -1.3022755533022625 -8.407261063532884
      vertex -12 -1.4722431864335457 -8.65
      vertex -12 -1.3781867790849958 -4.8063084796915945
    endloop
  endfacet
  facet normal -1 0 0
    outer loop
      vertex -12 -1.0927389364671167 -8.197724446697737
      vertex -12 -1.3022755533022625 -8.407261063532884
      vertex -12 -1.3781867790849958 -4.8063084796915945
    endloop
  endfacet
  facet normal -1 0 0
    outer loop
      vertex -12 -1.3781867790849958 -4.8063084796915945
      vertex -12 -1.0395584540887968 -4.8907380036690284
      vertex -12 -1.0927389364671167 -8.197724446697737
    endloop
  endfacet
  facet normal -1 0 0
    outer loop
      vertex -12 -0.85 -8.027756813566455
      vertex -12 -1.0927389364671167 -8.197724446697737
      vertex -12 -1.0395584540887968 -4.8907380036690284
    endloop
  endfacet
  facet normal -1 0 0
    outer loop
      vertex -12 -0.5814342436536368 -7.902522544663956
      vertex -12 -0.85 -8.027756813566455
      vertex -12 -0.6958655048003272 -4.951340343707852
    endloop
  endfacet
  facet normal -1 0 0
    outer loop
      vertex -12 -0.29520190203378155 -7.825826819879246
      vertex -12 -0.5814342436536368 -7.902522544663956
      vertex -12 -0.3487823687206265 -4.987820251299121
    endloop
  endfacet
  facet normal -1 0 0
    outer loop
      vertex -12 0 -5
      vertex -12 0 -7.8
      vertex -12 -0.29520190203378155 -7.825826819879246
    endloop
  endfacet
  facet normal -1 0 0
    outer loop
      vertex -12 -1.0395584540887968 -4.8907380036690284
      vertex -12 -0.6958655048003272 -4.951340343707852
      vertex -12 -0.85 -8.027756813566455
    endloop
  endfacet
  facet normal -1 0 0
    outer loop
      vertex -12 -0.5814342436536368 -7.902522544663956
      vertex -12 -0.6958655048003272 -4.951340343707852
      vertex -12 -0.3487823687206265 -4.987820251299121
    endloop
  endfacet
  facet normal -1 0 0
    outer loop
      vertex -12 -0.29520190203378155 -7.825826819879246
      vertex -12 -0.3487823687206265 -4.987820251299121
      vertex -12 0 -5
    endloop
  endfacet
  facet normal 0 0 -1
    outer loop
      vertex -5.5 -3.700000000000001 -11
      vertex -4.208367548281056 -1.8736859508162824 -11
      vertex -4.067414451612406 -2.1626826263985173 -11
    endloop
  endfacet
  facet normal 0 0 -1
    outer loop
      vertex -5.5 -3.700000000000001 -11
      vertex -4.32881790127811 -1.575560865623924 -11
      vertex -4.208367548281056 -1.8736859508162824 -11
    endloop
  endfacet
  facet normal 0 0 -1
    outer loop
      vertex -5.5 -3.700000000000001 -11
      vertex -4.42817868859139 -1.2697598062690703 -11
      vertex -4.32881790127811 -1.575560865623924 -11
    endloop
  endfacet
  facet normal 0 0 -1
    outer loop
      vertex -5.5 -3.700000000000001 -11
      vertex -3.082438324009385 -3.4233945788339453 -11
      vertex -2.8361257251206955 -3.630075389715761 -11
    endloop
  endfacet
  facet normal 0 0 -1
    outer loop
      vertex -5.5 -3.700000000000001 -11
      vertex -3.7268434062614295 -2.707710229865289 -11
      vertex -3.5288846854779736 -2.961085838051719 -11
    endloop
  endfacet
  facet normal 0 0 -1
    outer loop
      vertex -5.5 -3.700000000000001 -11
      vertex -3.3137335932291174 -3.2000353336824694 -11
      vertex -3.082438324009385 -3.4233945788339453 -11
    endloop
  endfacet
  facet normal 0 0 -1
    outer loop
      vertex -5.5 -3.700000000000001 -11
      vertex -3.5288846854779736 -2.961085838051719 -11
      vertex -3.3137335932291174 -3.2000353336824694 -11
    endloop
  endfacet
  facet normal 0 0 -1
    outer loop
      vertex -5.5 -3.700000000000001 -11
      vertex -2.8361257251206955 -3.630075389715761 -11
      vertex -2.7398827557294756 -3.700000000000001 -11
    endloop
  endfacet
  facet normal 0 0 -1
    outer loop
      vertex -5.5 -3.700000000000001 -11
      vertex -3.9066453205905685 -2.441142929617035 -11
      vertex -3.7268434062614295 -2.707710229865289 -11
    endloop
  endfacet
  facet normal 0 0 -1
    outer loop
      vertex -5.5 -3.700000000000001 -11
      vertex -4.067414451612406 -2.1626826263985173 -11
      vertex -3.9066453205905685 -2.441142929617035 -11
    endloop
  endfacet
  facet normal 0 0 -1
    outer loop
      vertex -5.5 -0.7904753212154433 -11
      vertex -4.42817868859139 -1.2697598062690703 -11
      vertex -5.5 -3.700000000000001 -11
    endloop
  endfacet
  facet normal 0 0 -1
    outer loop
      vertex -5.5 -0.7904753212154433 -11
      vertex -4.505965834452818 -0.957772604773883 -11
      vertex -4.42817868859139 -1.2697598062690703 -11
    endloop
  endfacet
  facet normal 0 0 -1
    outer loop
      vertex -5.5 -0.7904753212154433 -11
      vertex -4.5354648593434055 -0.7904753212154436 -11
      vertex -4.505965834452818 -0.957772604773883 -11
    endloop
  endfacet
  facet normal 0 -1 0
    outer loop
      vertex -12 -7 -11
      vertex -8 -7 -3
      vertex -12 -7 11
    endloop
  endfacet
  facet normal -1 0 0
    outer loop
      vertex -12 -7 -11
      vertex -12 -7 11
      vertex -12 -4.92403876506104 0.8682408883346516
    endloop
  endfacet
  facet normal -1 0 0
    outer loop
      vertex -12 -7 -11
      vertex -12 -4.972609476841367 -0.5226423163382674
      vertex -12 -4.92403876506104 -0.8682408883346516
    endloop
  endfacet
  facet normal -1 0 0
    outer loop
      vertex -12 -7 -11
      vertex -12 -4.9969541350954785 -0.17449748351250485
      vertex -12 -4.972609476841367 -0.5226423163382674
    endloop
  endfacet
  facet normal -1 0 0
    outer loop
      vertex -12 -7 -11
      vertex -12 -4.9969541350954785 0.17449748351250485
      vertex -12 -4.9969541350954785 -0.17449748351250485
    endloop
  endfacet
  facet normal -1 0 0
    outer loop
      vertex -12 -7 -11
      vertex -12 -4.972609476841367 0.5226423163382674
      vertex -12 -4.9969541350954785 0.17449748351250485
    endloop
  endfacet
  facet normal -1 0 0
    outer loop
      vertex -12 -7 -11
      vertex -12 -4.92403876506104 0.8682408883346516
      vertex -12 -4.972609476841367 0.5226423163382674
    endloop
  endfacet
  facet normal -1 0 0
    outer loop
      vertex -12 -7 11
      vertex -12 -4.851478631379982 1.2096094779983386
      vertex -12 -4.92403876506104 0.8682408883346516
    endloop
  endfacet
  facet normal -1 0 0
    outer loop
      vertex -12 -7 11
      vertex -12 -4.755282581475767 1.545084971874737
      vertex -12 -4.851478631379982 1.2096094779983386
    endloop
  endfacet
  facet normal -1 0 0
    outer loop
      vertex -12 -7 11
      vertex -12 -4.635919272833937 1.87303296707956
      vertex -12 -4.755282581475767 1.545084971874737
    endloop
  endfacet
  facet normal -1 0 0
    outer loop
      vertex -12 -7 11
      vertex -12 -4.493970231495835 2.1918557339453875
      vertex -12 -4.635919272833937 1.87303296707956
    endloop
  endfacet
  facet normal -1 0 0
    outer loop
      vertex -12 -7 11
      vertex -12 -4.330127018922193 2.5
      vertex -12 -4.493970231495835 2.1918557339453875
    endloop
  endfacet
  facet normal -1 0 0
    outer loop
      vertex -12 -7 11
      vertex -12 -4.145187862775209 2.7959645173537346
      vertex -12 -4.330127018922193 2.5
    endloop
  endfacet
  facet normal -1 0 0
    outer loop
      vertex -12 -7 11
      vertex -12 -3.9400537680336094 3.0783073766282913
      vertex -12 -4.145187862775209 2.7959645173537346
    endloop
  endfacet
  facet normal -1 0 0
    outer loop
      vertex -12 -7 11
      vertex -12 -3.715724127386971 3.345653031794291
      vertex -12 -3.9400537680336094 3.0783073766282913
    endloop
  endfacet
  facet normal -1 0 0
    outer loop
      vertex -12 -7 11
      vertex -12 -3.4732918522949863 3.596699001693256
      vertex -12 -3.715724127386971 3.345653031794291
    endloop
  endfacet
  facet normal -1 0 0
    outer loop
      vertex -12 -7 11
      vertex -12 -3.2139380484326963 3.83022221559489
      vertex -12 -3.4732918522949863 3.596699001693256
    endloop
  endfacet
  facet normal -1 0 0
    outer loop
      vertex -12 -7 11
      vertex -12 -2.938926261462366 4.045084971874737
      vertex -12 -3.2139380484326963 3.83022221559489
    endloop
  endfacet
  facet normal -1 0 0
    outer loop
      vertex -12 -7 11
      vertex -12 -2.6495963211660243 4.24024048078213
      vertex -12 -2.938926261462366 4.045084971874737
    endloop
  endfacet
  facet normal -1 0 0
    outer loop
      vertex -12 -2.347357813929454 4.414737964294635
      vertex -12 -2.6495963211660243 4.24024048078213
      vertex -12 -1.3022755533022625 8.407261063532884
    endloop
  endfacet
  facet normal -1 0 0
    outer loop
      vertex -12 -7 11
      vertex -12 -1.4722431864335457 8.65
      vertex -12 -2.6495963211660243 4.24024048078213
    endloop
  endfacet
  facet normal -1 0 0
    outer loop
      vertex -12 -7 11
      vertex -12 -1.5974774553360442 8.918565756346363
      vertex -12 -1.4722431864335457 8.65
    endloop
  endfacet
  facet normal -1 0 0
    outer loop
      vertex -12 -7 11
      vertex -12 -1.6741731801207536 9.204798097966219
      vertex -12 -1.5974774553360442 8.918565756346363
    endloop
  endfacet
  facet normal -1 0 0
    outer loop
      vertex -12 -7 11
      vertex -12 -1.7 9.5
      vertex -12 -1.6741731801207536 9.204798097966219
    endloop
  endfacet
  facet normal -1 0 0
    outer loop
      vertex -12 -7 11
      vertex -12 -1.6741731801207536 9.795201902033781
      vertex -12 -1.7 9.5
    endloop
  endfacet
  facet normal -1 0 0
    outer loop
      vertex -12 -7 11
      vertex -12 -1.5974774553360442 10.081434243653637
      vertex -12 -1.6741731801207536 9.795201902033781
    endloop
  endfacet
  facet normal -1 0 0
    outer loop
      vertex -12 -7 11
      vertex -12 -1.4722431864335457 10.35
      vertex -12 -1.5974774553360442 10.081434243653637
    endloop
  endfacet
  facet normal -1 0 0
    outer loop
      vertex -12 -7 11
      vertex -12 -1.3022755533022625 10.592738936467116
      vertex -12 -1.4722431864335457 10.35
    endloop
  endfacet
  facet normal -1 0 0
    outer loop
      vertex -12 -7 11
      vertex -12 -1.0927389364671167 10.802275553302263
      vertex -12 -1.3022755533022625 10.592738936467116
    endloop
  endfacet
  facet normal -1 0 0
    outer loop
      vertex -12 -7 11
      vertex -12 -0.85 10.972243186433545
      vertex -12 -1.0927389364671167 10.802275553302263
    endloop
  endfacet
  facet normal -1 0 0
    outer loop
      vertex -12 -7 11
      vertex -12 -0.790475321215444 11
      vertex -12 -0.85 10.972243186433545
    endloop
  endfacet
  facet normal -1 0 0
    outer loop
      vertex -12 -2.033683215379001 4.567727288213004
      vertex -12 -2.347357813929454 4.414737964294635
      vertex -12 -1.3022755533022625 8.407261063532884
    endloop
  endfacet
  facet normal -1 0 0
    outer loop
      vertex -12 -1.7101007166283435 4.698463103929543
      vertex -12 -2.033683215379001 4.567727288213004
      vertex -12 -1.0927389364671167 8.197724446697737
    endloop
  endfacet
  facet normal -1 0 0
    outer loop
      vertex -12 -2.6495963211660243 4.24024048078213
      vertex -12 -1.4722431864335457 8.65
      vertex -12 -1.3022755533022625 8.407261063532884
    endloop
  endfacet
  facet normal -1 0 0
    outer loop
      vertex -12 -1.3781867790849958 4.8063084796915945
      vertex -12 -1.7101007166283435 4.698463103929543
      vertex -12 -0.85 8.027756813566455
    endloop
  endfacet
  facet normal -1 0 0
    outer loop
      vertex -12 -2.033683215379001 4.567727288213004
      vertex -12 -1.3022755533022625 8.407261063532884
      vertex -12 -1.0927389364671167 8.197724446697737
    endloop
  endfacet
  facet normal -1 0 0
    outer loop
      vertex -12 -1.7101007166283435 4.698463103929543
      vertex -12 -1.0927389364671167 8.197724446697737
      vertex -12 -0.85 8.027756813566455
    endloop
  endfacet
  facet normal -1 0 0
    outer loop
      vertex -12 -1.0395584540887968 4.8907380036690284
      vertex -12 -1.3781867790849958 4.8063084796915945
      vertex -12 -0.5814342436536368 7.902522544663956
    endloop
  endfacet
  facet normal -1 0 0
    outer loop
      vertex -12 -0.6958655048003272 4.951340343707852
      vertex -12 -1.0395584540887968 4.8907380036690284
      vertex -12 -0.29520190203378155 7.825826819879246
    endloop
  endfacet
  facet normal -1 0 0
    outer loop
      vertex -12 -1.3781867790849958 4.8063084796915945
      vertex -12 -0.85 8.027756813566455
      vertex -12 -0.5814342436536368 7.902522544663956
    endloop
  endfacet
  facet normal -1 0 0
    outer loop
      vertex -12 -0.5814342436536368 7.902522544663956
      vertex -12 -0.29520190203378155 7.825826819879246
      vertex -12 -1.0395584540887968 4.8907380036690284
    endloop
  endfacet
  facet normal -1 0 0
    outer loop
      vertex -12 -0.3487823687206265 4.987820251299121
      vertex -12 -0.6958655048003272 4.951340343707852
      vertex -12 -0.29520190203378155 7.825826819879246
    endloop
  endfacet
  facet normal -1 0 0
    outer loop
      vertex -12 0 7.8
      vertex -12 0 5
      vertex -12 -0.3487823687206265 4.987820251299121
    endloop
  endfacet
  facet normal -1 0 0
    outer loop
      vertex -12 -0.3487823687206265 4.987820251299121
      vertex -12 -0.29520190203378155 7.825826819879246
      vertex -12 0 7.8
    endloop
  endfacet
  facet normal 0 -1 0
    outer loop
      vertex -12 -7 11
      vertex -8 -7 -3
      vertex 7.5 -7 -3
    endloop
  endfacet
  facet normal 0 0 1
    outer loop
      vertex -12 -7 11
      vertex 7.5 -6.331968123027379 11
      vertex -12 -0.790475321215444 11
    endloop
  endfacet
  facet normal -1 0 0
    outer loop
      vertex -12 0.29520190203378155 -7.825826819879246
      vertex -12 0 -7.8
      vertex -12 0.3487823687206265 -4.987820251299121
    endloop
  endfacet
  facet normal -1 0 0
    outer loop
      vertex -12 0.5814342436536368 -7.902522544663956
      vertex -12 0.29520190203378155 -7.825826819879246
      vertex -12 1.0395584540887968 -4.8907380036690284
    endloop
  endfacet
  facet normal -1 0 0
    outer loop
      vertex -12 0.85 -8.027756813566455
      vertex -12 0.5814342436536368 -7.902522544663956
      vertex -12 1.3781867790849958 -4.8063084796915945
    endloop
  endfacet
  facet normal -1 0 0
    outer loop
      vertex -12 0 -5
      vertex -12 0.3487823687206265 -4.987820251299121
      vertex -12 0 -7.8
    endloop
  endfacet
  facet normal -1 0 0
    outer loop
      vertex -12 0.29520190203378155 -7.825826819879246
      vertex -12 0.3487823687206265 -4.987820251299121
      vertex -12 0.6958655048003272 -4.951340343707852
    endloop
  endfacet
  facet normal -1 0 0
    outer loop
      vertex -12 0.6958655048003272 -4.951340343707852
      vertex -12 1.0395584540887968 -4.8907380036690284
      vertex -12 0.29520190203378155 -7.825826819879246
    endloop
  endfacet
  facet normal -1 0 0
    outer loop
      vertex -12 1.0395584540887968 -4.8907380036690284
      vertex -12 1.3781867790849958 -4.8063084796915945
      vertex -12 0.5814342436536368 -7.902522544663956
    endloop
  endfacet
  facet normal -1 0 0
    outer loop
      vertex -12 1.0927389364671167 -8.197724446697737
      vertex -12 0.85 -8.027756813566455
      vertex -12 1.7101007166283435 -4.698463103929543
    endloop
  endfacet
  facet normal -1 0 0
    outer loop
      vertex -12 1.3022755533022625 -8.407261063532884
      vertex -12 1.0927389364671167 -8.197724446697737
      vertex -12 2.033683215379001 -4.567727288213004
    endloop
  endfacet
  facet normal -1 0 0
    outer loop
      vertex -12 2.6495963211660243 -4.24024048078213
      vertex -12 1.4722431864335457 -8.65
      vertex -12 1.3022755533022625 -8.407261063532884
    endloop
  endfacet
  facet normal -1 0 0
    outer loop
      vertex -12 1.3781867790849958 -4.8063084796915945
      vertex -12 1.7101007166283435 -4.698463103929543
      vertex -12 0.85 -8.027756813566455
    endloop
  endfacet
  facet normal -1 0 0
    outer loop
      vertex -12 1.0927389364671167 -8.197724446697737
      vertex -12 1.7101007166283435 -4.698463103929543
      vertex -12 2.033683215379001 -4.567727288213004
    endloop
  endfacet
  facet normal -1 0 0
    outer loop
      vertex -12 1.3022755533022625 -8.407261063532884
      vertex -12 2.033683215379001 -4.567727288213004
      vertex -12 2.347357813929454 -4.414737964294635
    endloop
  endfacet
  facet normal -1 0 0
    outer loop
      vertex -12 7 -11
      vertex -12 0.7904753212154432 -11
      vertex -12 0.85 -10.972243186433545
    endloop
  endfacet
  facet normal -1 0 0
    outer loop
      vertex -12 7 -11
      vertex -12 0.85 -10.972243186433545
      vertex -12 1.0927389364671167 -10.802275553302263
    endloop
  endfacet
  facet normal -1 0 0
    outer loop
      vertex -12 7 -11
      vertex -12 1.0927389364671167 -10.802275553302263
      vertex -12 1.3022755533022625 -10.592738936467116
    endloop
  endfacet
  facet normal -1 0 0
    outer loop
      vertex -12 7 -11
      vertex -12 1.3022755533022625 -10.592738936467116
      vertex -12 1.4722431864335457 -10.35
    endloop
  endfacet
  facet normal -1 0 0
    outer loop
      vertex -12 7 -11
      vertex -12 1.4722431864335457 -10.35
      vertex -12 1.5974774553360442 -10.081434243653637
    endloop
  endfacet
  facet normal -1 0 0
    outer loop
      vertex -12 7 -11
      vertex -12 1.5974774553360442 -10.081434243653637
      vertex -12 1.6741731801207536 -9.795201902033781
    endloop
  endfacet
  facet normal -1 0 0
    outer loop
      vertex -12 7 -11
      vertex -12 1.6741731801207536 -9.795201902033781
      vertex -12 1.7 -9.5
    endloop
  endfacet
  facet normal -1 0 0
    outer loop
      vertex -12 7 -11
      vertex -12 1.5974774553360442 -8.918565756346363
      vertex -12 1.4722431864335457 -8.65
    endloop
  endfacet
  facet normal -1 0 0
    outer loop
      vertex -12 7 -11
      vertex -12 1.7 -9.5
      vertex -12 1.6741731801207536 -9.204798097966219
    endloop
  endfacet
  facet normal -1 0 0
    outer loop
      vertex -12 7 -11
      vertex -12 1.6741731801207536 -9.204798097966219
      vertex -12 1.5974774553360442 -8.918565756346363
    endloop
  endfacet
  facet normal 0 0 -1
    outer loop
      vertex -9.5 7 -11
      vertex -9.5 0.7904753212154437 -11
      vertex -12 0.7904753212154432 -11
    endloop
  endfacet
  facet normal -1 0 0
    outer loop
      vertex -12 2.347357813929454 -4.414737964294635
      vertex -12 2.6495963211660243 -4.24024048078213
      vertex -12 1.3022755533022625 -8.407261063532884
    endloop
  endfacet
  facet normal -1 0 0
    outer loop
      vertex -12 7 -11
      vertex -12 1.4722431864335457 -8.65
      vertex -12 2.6495963211660243 -4.24024048078213
    endloop
  endfacet
  facet normal 0 0 -1
    outer loop
      vertex -12 7 -11
      vertex -9.5 7 -11
      vertex -12 0.7904753212154432 -11
    endloop
  endfacet
  facet normal -1 0 0
    outer loop
      vertex -12 7 -11
      vertex -12 2.6495963211660243 -4.24024048078213
      vertex -12 2.938926261462366 -4.045084971874737
    endloop
  endfacet
  facet normal -1 0 0
    outer loop
      vertex -12 7 -11
      vertex -12 2.938926261462366 -4.045084971874737
      vertex -12 3.2139380484326963 -3.83022221559489
    endloop
  endfacet
  facet normal -1 0 0
    outer loop
      vertex -12 7 -11
      vertex -12 3.2139380484326963 -3.83022221559489
      vertex -12 3.4732918522949863 -3.596699001693256
    endloop
  endfacet
  facet normal -1 0 0
    outer loop
      vertex -12 7 -11
      vertex -12 3.4732918522949863 -3.596699001693256
      vertex -12 3.715724127386971 -3.345653031794291
    endloop
  endfacet
  facet normal -1 0 0
    outer loop
      vertex -12 7 -11
      vertex -12 3.715724127386971 -3.345653031794291
      vertex -12 3.9400537680336094 -3.0783073766282913
    endloop
  endfacet
  facet normal -1 0 0
    outer loop
      vertex -12 7 -11
      vertex -12 3.9400537680336094 -3.0783073766282913
      vertex -12 4.145187862775209 -2.7959645173537346
    endloop
  endfacet
  facet normal -1 0 0
    outer loop
      vertex -12 7 -11
      vertex -12 4.145187862775209 -2.7959645173537346
      vertex -12 4.330127018922193 -2.5
    endloop
  endfacet
  facet normal -1 0 0
    outer loop
      vertex -12 7 -11
      vertex -12 4.330127018922193 -2.5
      vertex -12 4.493970231495835 -2.1918557339453875
    endloop
  endfacet
  facet normal -1 0 0
    outer loop
      vertex -12 7 -11
      vertex -12 4.493970231495835 -2.1918557339453875
      vertex -12 4.635919272833937 -1.87303296707956
    endloop
  endfacet
  facet normal -1 0 0
    outer loop
      vertex -12 7 -11
      vertex -12 4.635919272833937 -1.87303296707956
      vertex -12 4.755282581475767 -1.545084971874737
    endloop
  endfacet
  facet normal -1 0 0
    outer loop
      vertex -12 7 -11
      vertex -12 4.755282581475767 -1.545084971874737
      vertex -12 4.851478631379982 -1.2096094779983386
    endloop
  endfacet
  facet normal -1 0 0
    outer loop
      vertex -12 7 -11
      vertex -12 4.851478631379982 -1.2096094779983386
      vertex -12 4.92403876506104 -0.8682408883346516
    endloop
  endfacet
  facet normal 0 1 0
    outer loop
      vertex -12 7 -11
      vertex -9.5 7 -10.5
      vertex -9.5 7 -11
    endloop
  endfacet
  facet normal 0 0 -1
    outer loop
      vertex -5.5 0.7904753212154426 -11
      vertex -4.505965834452819 0.9577726047738832 -11
      vertex -4.5354648593434055 0.7904753212154436 -11
    endloop
  endfacet
  facet normal 0 0 -1
    outer loop
      vertex -5.5 0.7904753212154426 -11
      vertex -4.42817868859139 1.2697598062690703 -11
      vertex -4.505965834452819 0.9577726047738832 -11
    endloop
  endfacet
  facet normal 0 0 -1
    outer loop
      vertex -5.5 7 -11
      vertex -4.42817868859139 1.2697598062690703 -11
      vertex -5.5 0.7904753212154426 -11
    endloop
  endfacet
  facet normal 0 0 -1
    outer loop
      vertex -5.5 7 -11
      vertex -4.32881790127811 1.575560865623924 -11
      vertex -4.42817868859139 1.2697598062690703 -11
    endloop
  endfacet
  facet normal 0 0 -1
    outer loop
      vertex -5.5 7 -11
      vertex -4.208367548281056 1.8736859508162824 -11
      vertex -4.32881790127811 1.575560865623924 -11
    endloop
  endfacet
  facet normal 0 0 -1
    outer loop
      vertex -5.5 7 -11
      vertex -4.067414451612406 2.1626826263985173 -11
      vertex -4.208367548281056 1.8736859508162824 -11
    endloop
  endfacet
  facet normal 0 0 -1
    outer loop
      vertex -5.5 7 -11
      vertex -3.9066453205905685 2.441142929617035 -11
      vertex -4.067414451612406 2.1626826263985173 -11
    endloop
  endfacet
  facet normal 0 0 -1
    outer loop
      vertex -5.5 7 -11
      vertex -3.7268434062614295 2.707710229865289 -11
      vertex -3.9066453205905685 2.441142929617035 -11
    endloop
  endfacet
  facet normal 0 0 -1
    outer loop
      vertex -5.5 7 -11
      vertex -3.5288846854779736 2.961085838051719 -11
      vertex -3.7268434062614295 2.707710229865289 -11
    endloop
  endfacet
  facet normal 0 0 -1
    outer loop
      vertex -5.5 7 -11
      vertex -3.3137335932291174 3.2000353336824694 -11
      vertex -3.5288846854779736 2.961085838051719 -11
    endloop
  endfacet
  facet normal 0 0 -1
    outer loop
      vertex -5.5 7 -11
      vertex -3.082438324009385 3.4233945788339453 -11
      vertex -3.3137335932291174 3.2000353336824694 -11
    endloop
  endfacet
  facet normal 0 0 -1
    outer loop
      vertex -5.5 7 -11
      vertex -2.8361257251206955 3.630075389715761 -11
      vertex -3.082438324009385 3.4233945788339453 -11
    endloop
  endfacet
  facet normal 0 0 -1
    outer loop
      vertex -5.5 7 -11
      vertex -2.5759958067855795 3.8190708381927854 -11
      vertex -2.8361257251206955 3.630075389715761 -11
    endloop
  endfacet
  facet normal 0 0 -1
    outer loop
      vertex -5.5 7 -11
      vertex -2.303315895817996 3.9894601574377915 -11
      vertex -2.5759958067855795 3.8190708381927854 -11
    endloop
  endfacet
  facet normal 0 0 -1
    outer loop
      vertex -5.5 7 -11
      vertex -2.019414461334492 4.140413227814895 -11
      vertex -2.303315895817996 3.9894601574377915 -11
    endloop
  endfacet
  facet normal 0 0 -1
    outer loop
      vertex -5.5 7 -11
      vertex -1.7256746425861984 4.271194621138965 -11
      vertex -2.019414461334492 4.140413227814895 -11
    endloop
  endfacet
  facet normal 0 0 -1
    outer loop
      vertex -5.5 7 -11
      vertex -1.4235275104434333 4.381167183607828 -11
      vertex -1.7256746425861984 4.271194621138965 -11
    endloop
  endfacet
  facet normal 0 0 -1
    outer loop
      vertex -5.5 7 -11
      vertex -1.1144450953622727 4.46979513995154 -11
      vertex -1.4235275104434333 4.381167183607828 -11
    endloop
  endfacet
  facet normal 0 1 0
    outer loop
      vertex -5.5 7 -11
      vertex -5.5 7 -10.5
      vertex 5.5 7 -10.5
    endloop
  endfacet
  facet normal 0 0 -1
    outer loop
      vertex -5.5 7 -11
      vertex 5.5 7 -11
      vertex -1.1144450953622727 4.46979513995154 -11
    endloop
  endfacet
  facet normal -1 0 0
    outer loop
      vertex -12 0.3487823687206265 4.987820251299121
      vertex -12 0 5
      vertex -12 0.29520190203378155 7.825826819879246
    endloop
  endfacet
  facet normal -1 0 0
    outer loop
      vertex -12 0 7.8
      vertex -12 0.29520190203378155 7.825826819879246
      vertex -12 0 5
    endloop
  endfacet
  facet normal -1 0 0
    outer loop
      vertex -12 0.3487823687206265 4.987820251299121
      vertex -12 0.29520190203378155 7.825826819879246
      vertex -12 0.5814342436536368 7.902522544663956
    endloop
  endfacet
  facet normal -1 0 0
    outer loop
      vertex -12 0.6958655048003272 4.951340343707852
      vertex -12 0.3487823687206265 4.987820251299121
      vertex -12 0.5814342436536368 7.902522544663956
    endloop
  endfacet
  facet normal -1 0 0
    outer loop
      vertex -12 1.0395584540887968 4.8907380036690284
      vertex -12 0.6958655048003272 4.951340343707852
      vertex -12 0.85 8.027756813566455
    endloop
  endfacet
  facet normal -1 0 0
    outer loop
      vertex -12 0.6958655048003272 4.951340343707852
      vertex -12 0.5814342436536368 7.902522544663956
      vertex -12 0.85 8.027756813566455
    endloop
  endfacet
  facet normal -1 0 0
    outer loop
      vertex -12 1.0395584540887968 4.8907380036690284
      vertex -12 0.85 8.027756813566455
      vertex -12 1.0927389364671167 8.197724446697737
    endloop
  endfacet
  facet normal -1 0 0
    outer loop
      vertex -12 1.3781867790849958 4.8063084796915945
      vertex -12 1.0395584540887968 4.8907380036690284
      vertex -12 1.0927389364671167 8.197724446697737
    endloop
  endfacet
  facet normal -1 0 0
    outer loop
      vertex -12 1.3781867790849958 4.8063084796915945
      vertex -12 1.0927389364671167 8.197724446697737
      vertex -12 1.3022755533022625 8.407261063532884
    endloop
  endfacet
  facet normal -1 0 0
    outer loop
      vertex -12 1.3022755533022625 8.407261063532884
      vertex -12 1.4722431864335457 8.65
      vertex -12 1.3781867790849958 4.8063084796915945
    endloop
  endfacet
  facet normal -1 0 0
    outer loop
      vertex -12 1.4722431864335457 8.65
      vertex -12 1.5974774553360442 8.918565756346363
      vertex -12 1.3781867790849958 4.8063084796915945
    endloop
  endfacet
  facet normal -1 0 0
    outer loop
      vertex -12 1.5974774553360442 8.918565756346363
      vertex -12 1.6741731801207536 9.204798097966219
      vertex -12 1.3781867790849958 4.8063084796915945
    endloop
  endfacet
  facet normal -1 0 0
    outer loop
      vertex -12 7 11
      vertex -12 1.7101007166283435 4.698463103929543
      vertex -12 1.3781867790849958 4.8063084796915945
    endloop
  endfacet
  facet normal -1 0 0
    outer loop
      vertex -12 7 11
      vertex -12 2.033683215379001 4.567727288213004
      vertex -12 1.7101007166283435 4.698463103929543
    endloop
  endfacet
  facet normal -1 0 0
    outer loop
      vertex -12 7 11
      vertex -12 2.347357813929454 4.414737964294635
      vertex -12 2.033683215379001 4.567727288213004
    endloop
  endfacet
  facet normal -1 0 0
    outer loop
      vertex -12 7 11
      vertex -12 2.6495963211660243 4.24024048078213
      vertex -12 2.347357813929454 4.414737964294635
    endloop
  endfacet
  facet normal -1 0 0
    outer loop
      vertex -12 7 11
      vertex -12 0.85 10.972243186433545
      vertex -12 0.790475321215442 11
    endloop
  endfacet
  facet normal -1 0 0
    outer loop
      vertex -12 7 11
      vertex -12 1.0927389364671167 10.802275553302263
      vertex -12 0.85 10.972243186433545
    endloop
  endfacet
  facet normal -1 0 0
    outer loop
      vertex -12 7 11
      vertex -12 1.3781867790849958 4.8063084796915945
      vertex -12 1.6741731801207536 9.204798097966219
    endloop
  endfacet
  facet normal -1 0 0
    outer loop
      vertex -12 7 11
      vertex -12 1.6741731801207536 9.204798097966219
      vertex -12 1.7 9.5
    endloop
  endfacet
  facet normal -1 0 0
    outer loop
      vertex -12 7 11
      vertex -12 1.3022755533022625 10.592738936467116
      vertex -12 1.0927389364671167 10.802275553302263
    endloop
  endfacet
  facet normal -1 0 0
    outer loop
      vertex -12 7 11
      vertex -12 1.5974774553360442 10.081434243653637
      vertex -12 1.4722431864335457 10.35
    endloop
  endfacet
  facet normal -1 0 0
    outer loop
      vertex -12 7 11
      vertex -12 1.7 9.5
      vertex -12 1.6741731801207536 9.795201902033781
    endloop
  endfacet
  facet normal -1 0 0
    outer loop
      vertex -12 7 11
      vertex -12 1.6741731801207536 9.795201902033781
      vertex -12 1.5974774553360442 10.081434243653637
    endloop
  endfacet
  facet normal -1 0 0
    outer loop
      vertex -12 7 11
      vertex -12 1.4722431864335457 10.35
      vertex -12 1.3022755533022625 10.592738936467116
    endloop
  endfacet
  facet normal -1 0 0
    outer loop
      vertex -12 7 11
      vertex -12 4.92403876506104 -0.8682408883346516
      vertex -12 4.972609476841367 -0.5226423163382674
    endloop
  endfacet
  facet normal 0 1 0
    outer loop
      vertex -12 7 -11
      vertex -12 7 11
      vertex -9.5 7 -10.5
    endloop
  endfacet
  facet normal -1 0 0
    outer loop
      vertex -12 7 -11
      vertex -12 4.92403876506104 -0.8682408883346516
      vertex -12 7 11
    endloop
  endfacet
  facet normal 0 1 0
    outer loop
      vertex -9.5 7 -10.5
      vertex -12 7 11
      vertex -5.5 7 -10.5
    endloop
  endfacet
  facet normal -1 0 0
    outer loop
      vertex -12 7 11
      vertex -12 2.938926261462366 4.045084971874737
      vertex -12 2.6495963211660243 4.24024048078213
    endloop
  endfacet
  facet normal -1 0 0
    outer loop
      vertex -12 7 11
      vertex -12 3.2139380484326963 3.83022221559489
      vertex -12 2.938926261462366 4.045084971874737
    endloop
  endfacet
  facet normal -1 0 0
    outer loop
      vertex -12 7 11
      vertex -12 3.4732918522949863 3.596699001693256
      vertex -12 3.2139380484326963 3.83022221559489
    endloop
  endfacet
  facet normal -1 0 0
    outer loop
      vertex -12 7 11
      vertex -12 3.715724127386971 3.345653031794291
      vertex -12 3.4732918522949863 3.596699001693256
    endloop
  endfacet
  facet normal -1 0 0
    outer loop
      vertex -12 7 11
      vertex -12 3.9400537680336094 3.0783073766282913
      vertex -12 3.715724127386971 3.345653031794291
    endloop
  endfacet
  facet normal -1 0 0
    outer loop
      vertex -12 7 11
      vertex -12 4.493970231495835 2.1918557339453875
      vertex -12 4.330127018922193 2.5
    endloop
  endfacet
  facet normal -1 0 0
    outer loop
      vertex -12 7 11
      vertex -12 4.635919272833937 1.87303296707956
      vertex -12 4.493970231495835 2.1918557339453875
    endloop
  endfacet
  facet normal -1 0 0
    outer loop
      vertex -12 7 11
      vertex -12 4.755282581475767 1.545084971874737
      vertex -12 4.635919272833937 1.87303296707956
    endloop
  endfacet
  facet normal -1 0 0
    outer loop
      vertex -12 7 11
      vertex -12 4.972609476841367 -0.5226423163382674
      vertex -12 4.9969541350954785 -0.17449748351250485
    endloop
  endfacet
  facet normal -1 0 0
    outer loop
      vertex -12 7 11
      vertex -12 4.9969541350954785 -0.17449748351250485
      vertex -12 4.9969541350954785 0.17449748351250485
    endloop
  endfacet
  facet normal -1 0 0
    outer loop
      vertex -12 7 11
      vertex -12 4.9969541350954785 0.17449748351250485
      vertex -12 4.972609476841367 0.5226423163382674
    endloop
  endfacet
  facet normal -1 0 0
    outer loop
      vertex -12 7 11
      vertex -12 4.972609476841367 0.5226423163382674
      vertex -12 4.92403876506104 0.8682408883346516
    endloop
  endfacet
  facet normal -1 0 0
    outer loop
      vertex -12 7 11
      vertex -12 4.92403876506104 0.8682408883346516
      vertex -12 4.851478631379982 1.2096094779983386
    endloop
  endfacet
  facet normal -1 0 0
    outer loop
      vertex -12 7 11
      vertex -12 4.851478631379982 1.2096094779983386
      vertex -12 4.755282581475767 1.545084971874737
    endloop
  endfacet
  facet normal -1 0 0
    outer loop
      vertex -12 7 11
      vertex -12 4.145187862775209 2.7959645173537346
      vertex -12 3.9400537680336094 3.0783073766282913
    endloop
  endfacet
  facet normal -1 0 0
    outer loop
      vertex -12 7 11
      vertex -12 4.330127018922193 2.5
      vertex -12 4.145187862775209 2.7959645173537346
    endloop
  endfacet
  facet normal 0 0 1
    outer loop
      vertex -12 7 11
      vertex -12 0.790475321215442 11
      vertex 7.5 0.7904753212154435 11
    endloop
  endfacet
  facet normal 0 1 0
    outer loop
      vertex -5.5 7 -10.5
      vertex -12 7 11
      vertex 5.5 7 -10.5
    endloop
  endfacet
  facet normal 0 0 -1
    outer loop
      vertex 2.8361257251206955 -3.630075389715761 -11
      vertex 5.5 -3.700000000000001 -11
      vertex 2.7398827557294756 -3.700000000000001 -11
    endloop
  endfacet
  facet normal 0 0 -1
    outer loop
      vertex 3.082438324009385 -3.4233945788339453 -11
      vertex 5.5 -3.700000000000001 -11
      vertex 2.8361257251206955 -3.630075389715761 -11
    endloop
  endfacet
  facet normal 0 0 -1
    outer loop
      vertex 5.5 -3.700000000000001 -11
      vertex 3.082438324009385 -3.4233945788339453 -11
      vertex 3.3137335932291174 -3.2000353336824694 -11
    endloop
  endfacet
  facet normal 0 0 -1
    outer loop
      vertex 5.5 -3.700000000000001 -11
      vertex 3.3137335932291174 -3.2000353336824694 -11
      vertex 3.5288846854779736 -2.961085838051719 -11
    endloop
  endfacet
  facet normal 0 0 -1
    outer loop
      vertex 5.5 -3.700000000000001 -11
      vertex 3.5288846854779736 -2.961085838051719 -11
      vertex 3.7268434062614295 -2.707710229865289 -11
    endloop
  endfacet
  facet normal 0 0 -1
    outer loop
      vertex 5.5 -3.700000000000001 -11
      vertex 3.7268434062614295 -2.707710229865289 -11
      vertex 3.9066453205905685 -2.441142929617035 -11
    endloop
  endfacet
  facet normal 0 0 -1
    outer loop
      vertex 5.5 -3.700000000000001 -11
      vertex 3.9066453205905685 -2.441142929617035 -11
      vertex 4.067414451612406 -2.1626826263985173 -11
    endloop
  endfacet
  facet normal 0 0 -1
    outer loop
      vertex 5.5 -3.700000000000001 -11
      vertex 4.067414451612406 -2.1626826263985173 -11
      vertex 4.208367548281056 -1.8736859508162824 -11
    endloop
  endfacet
  facet normal 0 0 -1
    outer loop
      vertex 5.5 -3.700000000000001 -11
      vertex 4.208367548281056 -1.8736859508162824 -11
      vertex 4.32881790127811 -1.575560865623924 -11
    endloop
  endfacet
  facet normal 0 0 -1
    outer loop
      vertex 5.5 -3.700000000000001 -11
      vertex 4.32881790127811 -1.575560865623924 -11
      vertex 4.42817868859139 -1.2697598062690703 -11
    endloop
  endfacet
  facet normal 0 0 -1
    outer loop
      vertex 5.5 -3.700000000000001 -11
      vertex 4.42817868859139 -1.2697598062690703 -11
      vertex 5.5 -0.7904753212154425 -11
    endloop
  endfacet
  facet normal 0 0 -1
    outer loop
      vertex 4.42817868859139 -1.2697598062690703 -11
      vertex 4.505965834452819 -0.9577726047738832 -11
      vertex 5.5 -0.7904753212154425 -11
    endloop
  endfacet
  facet normal 0 0 -1
    outer loop
      vertex 4.505965834452819 -0.9577726047738832 -11
      vertex 4.5354648593434055 -0.7904753212154436 -11
      vertex 5.5 -0.7904753212154425 -11
    endloop
  endfacet
  facet normal 0 0 -1
    outer loop
      vertex 9.5 -7 -11
      vertex 9.5 -6.33196812302738 -11
      vertex 12 -6.331968123027379 -11
    endloop
  endfacet
  facet normal 0 -1 0
    outer loop
      vertex 9.5 -7 -11
      vertex 12 -7 -11
      vertex 9.5 -7 -10.588076426734569
    endloop
  endfacet
  facet normal 0 0 -1
    outer loop
      vertex 9.5 -7 -11
      vertex 12 -6.331968123027379 -11
      vertex 12 -7 -11
    endloop
  endfacet
  facet normal 0 -1 0
    outer loop
      vertex 12 -7 -11
      vertex 12 -7 -10.58807642673457
      vertex 9.5 -7 -10.588076426734569
    endloop
  endfacet
  facet normal 1 0 0
    outer loop
      vertex 12 -7 -11
      vertex 12 -6.331968123027379 -11
      vertex 12 -6.729974655761702 -10.770210821186609
    endloop
  endfacet
  facet normal 1 0 0
    outer loop
      vertex 12 -7 -11
      vertex 12 -6.729974655761702 -10.770210821186609
      vertex 12 -7 -10.58807642673457
    endloop
  endfacet
  facet normal 0 -1 0
    outer loop
      vertex -12 -7 11
      vertex 7.5 -7 -3
      vertex 7.5 -7 10.588076426734569
    endloop
  endfacet
  facet normal 0 -1 0
    outer loop
      vertex -12 -7 11
      vertex 7.5 -7 10.588076426734569
      vertex 12 -7 10.588076426734569
    endloop
  endfacet
  facet normal 0 0 1
    outer loop
      vertex -12 -7 11
      vertex 12 -7 11
      vertex 7.5 -6.331968123027379 11
    endloop
  endfacet
  facet normal 0 -1 0
    outer loop
      vertex -12 -7 11
      vertex 12 -7 10.588076426734569
      vertex 12 -7 11
    endloop
  endfacet
  facet normal 0 0 1
    outer loop
      vertex -12 -0.790475321215444 11
      vertex 7.5 -6.331968123027379 11
      vertex 7.5 -0.7904753212154435 11
    endloop
  endfacet
  facet normal 0 0 1
    outer loop
      vertex 12 -7 11
      vertex 12 -6.331968123027379 11
      vertex 7.5 -6.331968123027379 11
    endloop
  endfacet
  facet normal 1 0 0
    outer loop
      vertex 12 -7 11
      vertex 12 -7 10.588076426734569
      vertex 12 -6.729974655761702 10.770210821186609
    endloop
  endfacet
  facet normal 1 0 0
    outer loop
      vertex 12 -7 11
      vertex 12 -6.729974655761702 10.770210821186609
      vertex 12 -6.331968123027379 11
    endloop
  endfacet
  facet normal 0 0 -1
    outer loop
      vertex 5.5 0.7904753212154442 -11
      vertex 4.5354648593434055 0.7904753212154436 -11
      vertex 4.505965834452818 0.957772604773883 -11
    endloop
  endfacet
  facet normal 0 0 -1
    outer loop
      vertex 5.5 0.7904753212154442 -11
      vertex 4.505965834452818 0.957772604773883 -11
      vertex 4.42817868859139 1.2697598062690703 -11
    endloop
  endfacet
  facet normal 0 0 -1
    outer loop
      vertex 5.5 7 -11
      vertex 4.067414451612406 2.1626826263985173 -11
      vertex 3.9066453205905685 2.441142929617035 -11
    endloop
  endfacet
  facet normal 0 0 -1
    outer loop
      vertex 5.5 7 -11
      vertex 4.32881790127811 1.575560865623924 -11
      vertex 4.208367548281056 1.8736859508162824 -11
    endloop
  endfacet
  facet normal 0 0 -1
    outer loop
      vertex 5.5 7 -11
      vertex 4.42817868859139 1.2697598062690703 -11
      vertex 4.32881790127811 1.575560865623924 -11
    endloop
  endfacet
  facet normal 0 0 -1
    outer loop
      vertex 5.5 7 -11
      vertex 5.5 0.7904753212154442 -11
      vertex 4.42817868859139 1.2697598062690703 -11
    endloop
  endfacet
  facet normal 0 0 -1
    outer loop
      vertex 5.5 7 -11
      vertex 4.208367548281056 1.8736859508162824 -11
      vertex 4.067414451612406 2.1626826263985173 -11
    endloop
  endfacet
  facet normal 0 0 -1
    outer loop
      vertex 5.5 7 -11
      vertex -0.7999332158001363 4.536646703675643 -11
      vertex -1.1144450953622727 4.46979513995154 -11
    endloop
  endfacet
  facet normal 0 0 -1
    outer loop
      vertex 5.5 7 -11
      vertex -0.48152414201962745 4.581396180681572 -11
      vertex -0.7999332158001363 4.536646703675643 -11
    endloop
  endfacet
  facet normal 0 0 -1
    outer loop
      vertex 5.5 7 -11
      vertex -0.16076913102183643 4.603825556015553 -11
      vertex -0.48152414201962745 4.581396180681572 -11
    endloop
  endfacet
  facet normal 0 0 -1
    outer loop
      vertex 5.5 7 -11
      vertex 0.16076913102183643 4.603825556015553 -11
      vertex -0.16076913102183643 4.603825556015553 -11
    endloop
  endfacet
  facet normal 0 0 -1
    outer loop
      vertex 5.5 7 -11
      vertex 0.48152414201962745 4.581396180681572 -11
      vertex 0.16076913102183643 4.603825556015553 -11
    endloop
  endfacet
  facet normal 0 0 -1
    outer loop
      vertex 5.5 7 -11
      vertex 0.7999332158001363 4.536646703675643 -11
      vertex 0.48152414201962745 4.581396180681572 -11
    endloop
  endfacet
  facet normal 0 0 -1
    outer loop
      vertex 5.5 7 -11
      vertex 1.1144450953622727 4.46979513995154 -11
      vertex 0.7999332158001363 4.536646703675643 -11
    endloop
  endfacet
  facet normal 0 0 -1
    outer loop
      vertex 5.5 7 -11
      vertex 1.7256746425861984 4.271194621138965 -11
      vertex 1.4235275104434333 4.381167183607828 -11
    endloop
  endfacet
  facet normal 0 0 -1
    outer loop
      vertex 5.5 7 -11
      vertex 1.4235275104434333 4.381167183607828 -11
      vertex 1.1144450953622727 4.46979513995154 -11
    endloop
  endfacet
  facet normal 0 1 0
    outer loop
      vertex -5.5 7 -11
      vertex 5.5 7 -10.5
      vertex 5.5 7 -11
    endloop
  endfacet
  facet normal 0 0 -1
    outer loop
      vertex 5.5 7 -11
      vertex 2.5759958067855795 3.8190708381927854 -11
      vertex 2.303315895817996 3.9894601574377915 -11
    endloop
  endfacet
  facet normal 0 0 -1
    outer loop
      vertex 5.5 7 -11
      vertex 2.8361257251206955 3.630075389715761 -11
      vertex 2.5759958067855795 3.8190708381927854 -11
    endloop
  endfacet
  facet normal 0 0 -1
    outer loop
      vertex 5.5 7 -11
      vertex 3.5288846854779736 2.961085838051719 -11
      vertex 3.3137335932291174 3.2000353336824694 -11
    endloop
  endfacet
  facet normal 0 0 -1
    outer loop
      vertex 5.5 7 -11
      vertex 3.7268434062614295 2.707710229865289 -11
      vertex 3.5288846854779736 2.961085838051719 -11
    endloop
  endfacet
  facet normal 0 0 -1
    outer loop
      vertex 5.5 7 -11
      vertex 3.9066453205905685 2.441142929617035 -11
      vertex 3.7268434062614295 2.707710229865289 -11
    endloop
  endfacet
  facet normal 0 0 -1
    outer loop
      vertex 5.5 7 -11
      vertex 3.082438324009385 3.4233945788339453 -11
      vertex 2.8361257251206955 3.630075389715761 -11
    endloop
  endfacet
  facet normal 0 0 -1
    outer loop
      vertex 5.5 7 -11
      vertex 3.3137335932291174 3.2000353336824694 -11
      vertex 3.082438324009385 3.4233945788339453 -11
    endloop
  endfacet
  facet normal 0 0 -1
    outer loop
      vertex 5.5 7 -11
      vertex 2.019414461334492 4.140413227814895 -11
      vertex 1.7256746425861984 4.271194621138965 -11
    endloop
  endfacet
  facet normal 0 0 -1
    outer loop
      vertex 5.5 7 -11
      vertex 2.303315895817996 3.9894601574377915 -11
      vertex 2.019414461334492 4.140413227814895 -11
    endloop
  endfacet
  facet normal 0 0 -1
    outer loop
      vertex 9.5 7 -11
      vertex 12 7 -11
      vertex 9.5 6.33196812302738 -11
    endloop
  endfacet
  facet normal 0 1 0
    outer loop
      vertex 9.5 7 -11
      vertex 9.5 7 -10.588076426734569
      vertex 12 7 -10.588076426734569
    endloop
  endfacet
  facet normal 0 0 -1
    outer loop
      vertex 12 7 -11
      vertex 12 6.331968123027379 -11
      vertex 9.5 6.33196812302738 -11
    endloop
  endfacet
  facet normal 1 0 0
    outer loop
      vertex 12 7 -11
      vertex 12 6.729974655761702 -10.770210821186609
      vertex 12 6.331968123027379 -11
    endloop
  endfacet
  facet normal 1 0 0
    outer loop
      vertex 12 7 -11
      vertex 12 7 -10.588076426734569
      vertex 12 6.729974655761702 -10.770210821186609
    endloop
  endfacet
  facet normal 0 1 0
    outer loop
      vertex 9.5 7 -11
      vertex 12 7 -10.588076426734569
      vertex 12 7 -11
    endloop
  endfacet
  facet normal 0 1 0
    outer loop
      vertex -12 7 11
      vertex 7.5 7 -10.5
      vertex 5.5 7 -10.5
    endloop
  endfacet
  facet normal 0 0 1
    outer loop
      vertex -12 7 11
      vertex 7.5 0.7904753212154435 11
      vertex 7.5 6.331968123027379 11
    endloop
  endfacet
  facet normal 0 1 0
    outer loop
      vertex -12 7 11
      vertex 7.5 7 10.588076426734569
      vertex 7.5 7 -10.5
    endloop
  endfacet
  facet normal 0 0 1
    outer loop
      vertex -12 7 11
      vertex 7.5 6.331968123027379 11
      vertex 12 6.33196812302738 11
    endloop
  endfacet
  facet normal 0 1 0
    outer loop
      vertex -12 7 11
      vertex 12 7 11
      vertex 7.5 7 10.588076426734569
    endloop
  endfacet
  facet normal 0 0 1
    outer loop
      vertex -12 7 11
      vertex 12 6.33196812302738 11
      vertex 12 7 11
    endloop
  endfacet
  facet normal 1 0 0
    outer loop
      vertex 12 7 11
      vertex 12 6.33196812302738 11
      vertex 12 6.729974655761702 10.770210821186609
    endloop
  endfacet
  facet normal 1 0 0
    outer loop
      vertex 12 7 11
      vertex 12 6.729974655761702 10.770210821186609
      vertex 12 7 10.58807642673457
    endloop
  endfacet
  facet normal 0 1 0
    outer loop
      vertex 12 7 11
      vertex 12 7 10.58807642673457
      vertex 7.5 7 10.588076426734569
    endloop
  endfacet
  facet normal 0 0.9063077870366494 0.4226182617407008
    outer loop
      vertex 7.5 -1.5974774553360442 8.918565756346363
      vertex -12 -1.4722431864335457 8.65
      vertex -12 -1.5974774553360442 8.918565756346363
    endloop
  endfacet
  facet normal 0 0.819152044288991 0.573576436351047
    outer loop
      vertex 7.5 -1.4722431864335457 8.65
      vertex -12 -1.3022755533022625 8.407261063532884
      vertex -12 -1.4722431864335457 8.65
    endloop
  endfacet
  facet normal 0 0.7071067811865487 0.7071067811865464
    outer loop
      vertex 7.5 -1.3022755533022625 8.407261063532884
      vertex -12 -1.0927389364671167 8.197724446697737
      vertex -12 -1.3022755533022625 8.407261063532884
    endloop
  endfacet
  facet normal 0 0.5735764363510446 0.8191520442889929
    outer loop
      vertex 7.5 -1.0927389364671167 8.197724446697737
      vertex -12 -0.85 8.027756813566455
      vertex -12 -1.0927389364671167 8.197724446697737
    endloop
  endfacet
  facet normal 0 0.9659258262890686 0.2588190451025197
    outer loop
      vertex 7.5 -1.6741731801207536 9.204798097966219
      vertex -12 -1.5974774553360442 8.918565756346363
      vertex -12 -1.6741731801207536 9.204798097966219
    endloop
  endfacet
  facet normal 0 0.9961946980917455 0.08715574274765854
    outer loop
      vertex 7.5 -1.7 9.5
      vertex -12 -1.6741731801207536 9.204798097966219
      vertex -12 -1.7 9.5
    endloop
  endfacet
  facet normal 0 0.9961946980917455 -0.08715574274765854
    outer loop
      vertex 7.5 -1.6741731801207536 9.795201902033781
      vertex -12 -1.7 9.5
      vertex -12 -1.6741731801207536 9.795201902033781
    endloop
  endfacet
  facet normal 0 0.9659258262890686 -0.2588190451025197
    outer loop
      vertex 7.5 -1.5974774553360442 10.081434243653637
      vertex -12 -1.6741731801207536 9.795201902033781
      vertex -12 -1.5974774553360442 10.081434243653637
    endloop
  endfacet
  facet normal 0 0.9063077870366494 -0.4226182617407008
    outer loop
      vertex 7.5 -1.4722431864335457 10.35
      vertex -12 -1.5974774553360442 10.081434243653637
      vertex -12 -1.4722431864335457 10.35
    endloop
  endfacet
  facet normal 0 0.819152044288991 -0.573576436351047
    outer loop
      vertex 7.5 -1.3022755533022625 10.592738936467116
      vertex -12 -1.4722431864335457 10.35
      vertex -12 -1.3022755533022625 10.592738936467116
    endloop
  endfacet
  facet normal 0 0.7071067811865487 -0.7071067811865464
    outer loop
      vertex 7.5 -1.0927389364671167 10.802275553302263
      vertex -12 -1.3022755533022625 10.592738936467116
      vertex -12 -1.0927389364671167 10.802275553302263
    endloop
  endfacet
  facet normal 0 0.42261826174070133 0.9063077870366492
    outer loop
      vertex 7.5 -0.85 8.027756813566455
      vertex -12 -0.5814342436536368 7.902522544663956
      vertex -12 -0.85 8.027756813566455
    endloop
  endfacet
  facet normal 0 0.258819045102521 0.9659258262890682
    outer loop
      vertex 7.5 -0.5814342436536368 7.902522544663956
      vertex -12 -0.29520190203378155 7.825826819879246
      vertex -12 -0.5814342436536368 7.902522544663956
    endloop
  endfacet
  facet normal 0 0.08715574274765928 0.9961946980917455
    outer loop
      vertex 7.5 -0.29520190203378155 7.825826819879246
      vertex -12 0 7.8
      vertex -12 -0.29520190203378155 7.825826819879246
    endloop
  endfacet
  facet normal 0 0.5735764363510446 -0.8191520442889929
    outer loop
      vertex 7.5 -0.85 10.972243186433545
      vertex -12 -1.0927389364671167 10.802275553302263
      vertex -12 -0.85 10.972243186433545
    endloop
  endfacet
  facet normal 0 0.42261826174070394 -0.9063077870366478
    outer loop
      vertex 7.5 -0.85 10.972243186433545
      vertex -12 -0.85 10.972243186433545
      vertex -12 -0.790475321215444 11
    endloop
  endfacet
  facet normal 0 -0.08715574274765928 0.9961946980917455
    outer loop
      vertex 7.5 0 7.8
      vertex -12 0.29520190203378155 7.825826819879246
      vertex -12 0 7.8
    endloop
  endfacet
  facet normal 0 -0.258819045102521 0.9659258262890682
    outer loop
      vertex 7.5 0.29520190203378155 7.825826819879246
      vertex -12 0.5814342436536368 7.902522544663956
      vertex -12 0.29520190203378155 7.825826819879246
    endloop
  endfacet
  facet normal 0 -0.42261826174070133 0.9063077870366492
    outer loop
      vertex 7.5 0.5814342436536368 7.902522544663956
      vertex -12 0.85 8.027756813566455
      vertex -12 0.5814342436536368 7.902522544663956
    endloop
  endfacet
  facet normal 0 -0.5735764363510446 0.8191520442889929
    outer loop
      vertex 7.5 0.85 8.027756813566455
      vertex -12 1.0927389364671167 8.197724446697737
      vertex -12 0.85 8.027756813566455
    endloop
  endfacet
  facet normal 3.367344795907112e-17 -0.4226182617406922 -0.9063077870366533
    outer loop
      vertex -12 0.85 10.972243186433545
      vertex 7.5 0.7904753212154435 11
      vertex -12 0.790475321215442 11
    endloop
  endfacet
  facet normal 0 -0.7071067811865487 0.7071067811865464
    outer loop
      vertex 7.5 1.0927389364671167 8.197724446697737
      vertex -12 1.3022755533022625 8.407261063532884
      vertex -12 1.0927389364671167 8.197724446697737
    endloop
  endfacet
  facet normal 0 -0.819152044288991 0.573576436351047
    outer loop
      vertex 7.5 1.3022755533022625 8.407261063532884
      vertex -12 1.4722431864335457 8.65
      vertex -12 1.3022755533022625 8.407261063532884
    endloop
  endfacet
  facet normal 0 -0.9063077870366494 0.4226182617407008
    outer loop
      vertex 7.5 1.4722431864335457 8.65
      vertex -12 1.5974774553360442 8.918565756346363
      vertex -12 1.4722431864335457 8.65
    endloop
  endfacet
  facet normal 0 -0.9659258262890686 0.2588190451025197
    outer loop
      vertex 7.5 1.5974774553360442 8.918565756346363
      vertex -12 1.6741731801207536 9.204798097966219
      vertex -12 1.5974774553360442 8.918565756346363
    endloop
  endfacet
  facet normal 0 -0.5735764363510446 -0.8191520442889929
    outer loop
      vertex 7.5 1.0927389364671167 10.802275553302263
      vertex -12 0.85 10.972243186433545
      vertex -12 1.0927389364671167 10.802275553302263
    endloop
  endfacet
  facet normal 0 -0.7071067811865487 -0.7071067811865464
    outer loop
      vertex 7.5 1.3022755533022625 10.592738936467116
      vertex -12 1.0927389364671167 10.802275553302263
      vertex -12 1.3022755533022625 10.592738936467116
    endloop
  endfacet
  facet normal 0 -0.819152044288991 -0.573576436351047
    outer loop
      vertex 7.5 1.4722431864335457 10.35
      vertex -12 1.3022755533022625 10.592738936467116
      vertex -12 1.4722431864335457 10.35
    endloop
  endfacet
  facet normal 0 -0.9961946980917455 0.08715574274765854
    outer loop
      vertex 7.5 1.6741731801207536 9.204798097966219
      vertex -12 1.7 9.5
      vertex -12 1.6741731801207536 9.204798097966219
    endloop
  endfacet
  facet normal 0 -0.9961946980917455 -0.08715574274765854
    outer loop
      vertex 7.5 1.7 9.5
      vertex -12 1.6741731801207536 9.795201902033781
      vertex -12 1.7 9.5
    endloop
  endfacet
  facet normal 0 -0.9659258262890686 -0.2588190451025197
    outer loop
      vertex 7.5 1.6741731801207536 9.795201902033781
      vertex -12 1.5974774553360442 10.081434243653637
      vertex -12 1.6741731801207536 9.795201902033781
    endloop
  endfacet
  facet normal 0 -0.9063077870366494 -0.4226182617407008
    outer loop
      vertex 7.5 1.5974774553360442 10.081434243653637
      vertex -12 1.4722431864335457 10.35
      vertex -12 1.5974774553360442 10.081434243653637
    endloop
  endfacet
  facet normal 0 0.9063077870366494 0.4226182617407008
    outer loop
      vertex 7.5 -1.4722431864335457 8.65
      vertex -12 -1.4722431864335457 8.65
      vertex 7.5 -1.5974774553360442 8.918565756346363
    endloop
  endfacet
  facet normal 0 0.9659258262890686 0.2588190451025197
    outer loop
      vertex 7.5 -1.5974774553360442 8.918565756346363
      vertex -12 -1.5974774553360442 8.918565756346363
      vertex 7.5 -1.6741731801207536 9.204798097966219
    endloop
  endfacet
  facet normal -4.525339338509106e-19 0.819152044288991 0.573576436351047
    outer loop
      vertex 7.5 -1.4722431864335457 8.65
      vertex 7.5 -1.3022755533022625 8.407261063532884
      vertex -12 -1.3022755533022625 8.407261063532884
    endloop
  endfacet
  facet normal 4.027369784936069e-19 0.7071067811865487 0.7071067811865464
    outer loop
      vertex 7.5 -1.3022755533022625 8.407261063532884
      vertex 7.5 -1.0927389364671167 8.197724446697737
      vertex -12 -1.0927389364671167 8.197724446697737
    endloop
  endfacet
  facet normal 0 0.9961946980917455 0.08715574274765854
    outer loop
      vertex 7.5 -1.6741731801207536 9.204798097966219
      vertex -12 -1.6741731801207536 9.204798097966219
      vertex 7.5 -1.7 9.5
    endloop
  endfacet
  facet normal 0 0.9961946980917455 -0.08715574274765854
    outer loop
      vertex 7.5 -1.7 9.5
      vertex -12 -1.7 9.5
      vertex 7.5 -1.6741731801207536 9.795201902033781
    endloop
  endfacet
  facet normal 0 0.9659258262890686 -0.2588190451025197
    outer loop
      vertex 7.5 -1.6741731801207536 9.795201902033781
      vertex -12 -1.6741731801207536 9.795201902033781
      vertex 7.5 -1.5974774553360442 10.081434243653637
    endloop
  endfacet
  facet normal 0 0.9063077870366494 -0.4226182617407008
    outer loop
      vertex 7.5 -1.5974774553360442 10.081434243653637
      vertex -12 -1.5974774553360442 10.081434243653637
      vertex 7.5 -1.4722431864335457 10.35
    endloop
  endfacet
  facet normal 0 0.819152044288991 -0.573576436351047
    outer loop
      vertex 7.5 -1.4722431864335457 10.35
      vertex -12 -1.4722431864335457 10.35
      vertex 7.5 -1.3022755533022625 10.592738936467116
    endloop
  endfacet
  facet normal 0 0.7071067811865487 -0.7071067811865464
    outer loop
      vertex 7.5 -1.3022755533022625 10.592738936467116
      vertex -12 -1.3022755533022625 10.592738936467116
      vertex 7.5 -1.0927389364671167 10.802275553302263
    endloop
  endfacet
  facet normal 0 0.5735764363510446 -0.8191520442889929
    outer loop
      vertex 7.5 -1.0927389364671167 10.802275553302263
      vertex -12 -1.0927389364671167 10.802275553302263
      vertex 7.5 -0.85 10.972243186433545
    endloop
  endfacet
  facet normal 0 0.5735764363510446 0.8191520442889929
    outer loop
      vertex 7.5 -0.85 8.027756813566455
      vertex -12 -0.85 8.027756813566455
      vertex 7.5 -1.0927389364671167 8.197724446697737
    endloop
  endfacet
  facet normal 4.5534974769896465e-19 0.42261826174070133 0.9063077870366492
    outer loop
      vertex 7.5 -0.85 8.027756813566455
      vertex 7.5 -0.5814342436536368 7.902522544663956
      vertex -12 -0.5814342436536368 7.902522544663956
    endloop
  endfacet
  facet normal -2.1929955842466674e-19 0.258819045102521 0.9659258262890682
    outer loop
      vertex 7.5 -0.5814342436536368 7.902522544663956
      vertex 7.5 -0.29520190203378155 7.825826819879246
      vertex -12 -0.29520190203378155 7.825826819879246
    endloop
  endfacet
  facet normal 2.590247265723693e-20 0.08715574274765928 0.9961946980917455
    outer loop
      vertex 7.5 -0.29520190203378155 7.825826819879246
      vertex 7.5 0 7.8
      vertex -12 0 7.8
    endloop
  endfacet
  facet normal -9.605252318369172e-18 0.4226182617407013 -0.9063077870366492
    outer loop
      vertex 7.5 -0.85 10.972243186433545
      vertex -12 -0.790475321215444 11
      vertex 7.5 -0.7904753212154435 11
    endloop
  endfacet
  facet normal -2.590247265723693e-20 -0.08715574274765928 0.9961946980917455
    outer loop
      vertex 7.5 0 7.8
      vertex 7.5 0.29520190203378155 7.825826819879246
      vertex -12 0.29520190203378155 7.825826819879246
    endloop
  endfacet
  facet normal 2.1929955842466674e-19 -0.258819045102521 0.9659258262890682
    outer loop
      vertex 7.5 0.29520190203378155 7.825826819879246
      vertex 7.5 0.5814342436536368 7.902522544663956
      vertex -12 0.5814342436536368 7.902522544663956
    endloop
  endfacet
  facet normal -4.5534974769896465e-19 -0.42261826174070133 0.9063077870366492
    outer loop
      vertex 7.5 0.5814342436536368 7.902522544663956
      vertex 7.5 0.85 8.027756813566455
      vertex -12 0.85 8.027756813566455
    endloop
  endfacet
  facet normal 0 -0.4226182617407013 -0.9063077870366492
    outer loop
      vertex 7.5 0.85 10.972243186433545
      vertex 7.5 0.7904753212154435 11
      vertex -12 0.85 10.972243186433545
    endloop
  endfacet
  facet normal 0 -0.5735764363510446 -0.8191520442889929
    outer loop
      vertex 7.5 0.85 10.972243186433545
      vertex -12 0.85 10.972243186433545
      vertex 7.5 1.0927389364671167 10.802275553302263
    endloop
  endfacet
  facet normal 5.580416878349755e-19 -0.5735764363510446 0.8191520442889929
    outer loop
      vertex 7.5 0.85 8.027756813566455
      vertex 7.5 1.0927389364671167 8.197724446697737
      vertex -12 1.0927389364671167 8.197724446697737
    endloop
  endfacet
  facet normal -4.027369784936069e-19 -0.7071067811865487 0.7071067811865464
    outer loop
      vertex 7.5 1.0927389364671167 8.197724446697737
      vertex 7.5 1.3022755533022625 8.407261063532884
      vertex -12 1.3022755533022625 8.407261063532884
    endloop
  endfacet
  facet normal 4.525339338509106e-19 -0.819152044288991 0.573576436351047
    outer loop
      vertex 7.5 1.3022755533022625 8.407261063532884
      vertex 7.5 1.4722431864335457 8.65
      vertex -12 1.4722431864335457 8.65
    endloop
  endfacet
  facet normal -2.344542809089438e-19 -0.9063077870366494 0.4226182617407008
    outer loop
      vertex 7.5 1.4722431864335457 8.65
      vertex 7.5 1.5974774553360442 8.918565756346363
      vertex -12 1.5974774553360442 8.918565756346363
    endloop
  endfacet
  facet normal 4.027369784936069e-19 -0.7071067811865487 -0.7071067811865464
    outer loop
      vertex 7.5 1.3022755533022625 10.592738936467116
      vertex 7.5 1.0927389364671167 10.802275553302263
      vertex -12 1.0927389364671167 10.802275553302263
    endloop
  endfacet
  facet normal 0 -0.819152044288991 -0.573576436351047
    outer loop
      vertex 7.5 1.3022755533022625 10.592738936467116
      vertex -12 1.3022755533022625 10.592738936467116
      vertex 7.5 1.4722431864335457 10.35
    endloop
  endfacet
  facet normal -5.474481805203745e-22 -0.9659258262890686 0.2588190451025197
    outer loop
      vertex 7.5 1.5974774553360442 8.918565756346363
      vertex 7.5 1.6741731801207536 9.204798097966219
      vertex -12 1.6741731801207536 9.204798097966219
    endloop
  endfacet
  facet normal -5.961622063394323e-20 -0.9961946980917455 0.08715574274765854
    outer loop
      vertex 7.5 1.6741731801207536 9.204798097966219
      vertex 7.5 1.7 9.5
      vertex -12 1.7 9.5
    endloop
  endfacet
  facet normal 5.474481805203745e-22 -0.9659258262890686 -0.2588190451025197
    outer loop
      vertex 7.5 1.6741731801207536 9.795201902033781
      vertex 7.5 1.5974774553360442 10.081434243653637
      vertex -12 1.5974774553360442 10.081434243653637
    endloop
  endfacet
  facet normal 5.961622063394323e-20 -0.9961946980917455 -0.08715574274765854
    outer loop
      vertex 7.5 1.7 9.5
      vertex 7.5 1.6741731801207536 9.795201902033781
      vertex -12 1.6741731801207536 9.795201902033781
    endloop
  endfacet
  facet normal 0 -0.9063077870366494 -0.4226182617407008
    outer loop
      vertex 7.5 1.4722431864335457 10.35
      vertex -12 1.4722431864335457 10.35
      vertex 7.5 1.5974774553360442 10.081434243653637
    endloop
  endfacet
  facet normal -4.691240600978651e-16 0.42261826174071104 0.9063077870366446
    outer loop
      vertex -12 -0.85 -10.972243186433545
      vertex -9.5 -0.7904753212154424 -11
      vertex -12 -0.7904753212154452 -11
    endloop
  endfacet
  facet normal 2.9526297967841975e-17 0.9063077870366494 0.4226182617407007
    outer loop
      vertex -3.5531439377945135 -1.5819616041362465 -10.1147080939292
      vertex -12 -1.4722431864335457 -10.35
      vertex -12 -1.5974774553360442 -10.081434243653637
    endloop
  endfacet
  facet normal 3.3233959020172893e-17 0.7071067811865486 0.7071067811865464
    outer loop
      vertex -4.216269210222573 -1.2089957411482561 -10.686018748621123
      vertex -12 -1.0927389364671167 -10.802275553302263
      vertex -12 -1.3022755533022625 -10.592738936467116
    endloop
  endfacet
  facet normal 4.005778089011761e-18 0.8191520442889911 0.573576436351047
    outer loop
      vertex -3.91797869470898 -1.426027623363217 -10.416002664279354
      vertex -12 -1.3022755533022625 -10.592738936467116
      vertex -12 -1.4722431864335457 -10.35
    endloop
  endfacet
  facet normal 5.554955637674772e-18 0.9659258262890685 0.25881904510251974
    outer loop
      vertex -3.1412579387521884 -1.6702364733160344 -9.809893891843496
      vertex -12 -1.5974774553360442 -10.081434243653637
      vertex -12 -1.6741731801207536 -9.795201902033781
    endloop
  endfacet
  facet normal 1.7339147400807328e-16 0.5735764363510445 0.8191520442889929
    outer loop
      vertex -4.443953810688267 -0.9445915422202905 -10.906009475520017
      vertex -12 -0.85 -10.972243186433545
      vertex -12 -1.0927389364671167 -10.802275553302263
    endloop
  endfacet
  facet normal -6.241777812317082e-18 0.9961946980917455 0.08715574274765854
    outer loop
      vertex -2.7160003868482963 -1.6971454015153775 -9.532628209982617
      vertex -12 -1.6741731801207536 -9.795201902033781
      vertex -12 -1.7 -9.5
    endloop
  endfacet
  facet normal -5.374686533597519e-19 0.9961946980917454 -0.08715574274765854
    outer loop
      vertex -2.1774751909719035 -1.6769782575053622 -9.236860279185588
      vertex -12 -1.7 -9.5
      vertex -12 -1.6741731801207536 -9.204798097966219
    endloop
  endfacet
  facet normal 1.2562975420969986e-17 0.9659258262890685 -0.25881904510251974
    outer loop
      vertex -1.4446042014475087 -1.6043955051024357 -8.944384269563825
      vertex -12 -1.6741731801207536 -9.204798097966219
      vertex -12 -1.5974774553360442 -8.918565756346363
    endloop
  endfacet
  facet normal -1.4589753850334262e-17 0.9063077870366494 -0.4226182617407007
    outer loop
      vertex -0.05243180158297885 -1.5014503502097578 -8.712634964846544
      vertex -12 -1.5974774553360442 -8.918565756346363
      vertex -12 -1.4722431864335457 -8.65
    endloop
  endfacet
  facet normal 0 0.42261826174069483 0.9063077870366522
    outer loop
      vertex -4.505969606085555 -0.85 -10.972243186433545
      vertex -9.5 -0.7904753212154424 -11
      vertex -12 -0.85 -10.972243186433545
    endloop
  endfacet
  facet normal 9.384010496231791e-17 0.42261826174070316 0.9063077870366483
    outer loop
      vertex -9.5 -0.7904753212154424 -11
      vertex -5.5 -0.7904753212154433 -11
      vertex -9.5 -0.5814342436536368 -11.097477455336044
    endloop
  endfacet
  facet normal 0 0.258819045102521 0.9659258262890681
    outer loop
      vertex -9.5 -0.5814342436536368 -11.097477455336044
      vertex -5.5 -0.5814342436536368 -11.097477455336044
      vertex -9.5 -0.29520190203378155 -11.174173180120754
    endloop
  endfacet
  facet normal 0 0.08715574274765628 0.9961946980917457
    outer loop
      vertex -9.5 -0.29520190203378155 -11.174173180120754
      vertex -5.5 -0.29520190203378155 -11.174173180120754
      vertex -9.5 0 -11.2
    endloop
  endfacet
  facet normal 1.0256762452995606e-19 0.7071067811865501 0.7071067811865451
    outer loop
      vertex -4.216269210222573 -1.2089957411482561 -10.686018748621123
      vertex -12 -1.3022755533022625 -10.592738936467116
      vertex -4.109378792556475 -1.3022755533022625 -10.592738936467116
    endloop
  endfacet
  facet normal 2.9867826692030383e-17 0.7071067811865485 0.7071067811865466
    outer loop
      vertex -4.216269210222573 -1.2089957411482561 -10.686018748621123
      vertex -4.30181767819279 -1.1278333773779812 -10.767181112391398
      vertex -12 -1.0927389364671167 -10.802275553302263
    endloop
  endfacet
  facet normal 0 0.7071067811865454 0.7071067811865498
    outer loop
      vertex -4.334949013362085 -1.0927389364671167 -10.802275553302263
      vertex -12 -1.0927389364671167 -10.802275553302263
      vertex -4.30181767819279 -1.1278333773779812 -10.767181112391398
    endloop
  endfacet
  facet normal 0 0.5735764363510505 0.8191520442889888
    outer loop
      vertex -4.334949013362085 -1.0927389364671167 -10.802275553302263
      vertex -4.443953810688267 -0.9445915422202905 -10.906009475520017
      vertex -12 -1.0927389364671167 -10.802275553302263
    endloop
  endfacet
  facet normal -1.3803939201331235e-16 0.9063077870366469 0.4226182617407056
    outer loop
      vertex -3.6375119739980044 -1.5518050828735648 -10.179378962475514
      vertex -12 -1.4722431864335457 -10.35
      vertex -3.5531439377945135 -1.5819616041362465 -10.1147080939292
    endloop
  endfacet
  facet normal 0 0.9063077870366522 0.4226182617406946
    outer loop
      vertex -3.507263802565322 -1.5974774553360442 -10.081434243653637
      vertex -3.5531439377945135 -1.5819616041362465 -10.1147080939292
      vertex -12 -1.5974774553360442 -10.081434243653637
    endloop
  endfacet
  facet normal 0 0.9659258262890684 0.2588190451025197
    outer loop
      vertex -3.507263802565322 -1.5974774553360442 -10.081434243653637
      vertex -12 -1.5974774553360442 -10.081434243653637
      vertex -3.29093090242122 -1.642688732587979 -9.912703459874333
    endloop
  endfacet
  facet normal 0 0.8191520442889905 0.5735764363510479
    outer loop
      vertex -4.109378792556475 -1.3022755533022625 -10.592738936467116
      vertex -12 -1.3022755533022625 -10.592738936467116
      vertex -3.9750961709160975 -1.3919516857048402 -10.464668146724033
    endloop
  endfacet
  facet normal 6.791062632034868e-17 0.8191520442889925 0.5735764363510452
    outer loop
      vertex -3.9750961709160975 -1.3919516857048402 -10.464668146724033
      vertex -12 -1.3022755533022625 -10.592738936467116
      vertex -3.91797869470898 -1.426027623363217 -10.416002664279354
    endloop
  endfacet
  facet normal 3.1217294101671474e-19 0.8191520442889914 0.5735764363510467
    outer loop
      vertex -3.91797869470898 -1.426027623363217 -10.416002664279354
      vertex -12 -1.4722431864335457 -10.35
      vertex -3.83524912868264 -1.4722431864335457 -10.35
    endloop
  endfacet
  facet normal 0 0.9063077870366497 0.4226182617407001
    outer loop
      vertex -3.83524912868264 -1.4722431864335457 -10.35
      vertex -12 -1.4722431864335457 -10.35
      vertex -3.6375119739980044 -1.5518050828735648 -10.179378962475514
    endloop
  endfacet
  facet normal -9.66165194745358e-18 0.9659258262890684 0.2588190451025202
    outer loop
      vertex -3.29093090242122 -1.642688732587979 -9.912703459874333
      vertex -12 -1.5974774553360442 -10.081434243653637
      vertex -3.1412579387521884 -1.6702364733160344 -9.809893891843496
    endloop
  endfacet
  facet normal 2.5651823091899134e-21 0.9659258262890694 0.25881904510251663
    outer loop
      vertex -3.1412579387521884 -1.6702364733160344 -9.809893891843496
      vertex -12 -1.6741731801207536 -9.795201902033781
      vertex -3.1187794770297663 -1.6741731801207536 -9.795201902033781
    endloop
  endfacet
  facet normal 0 0.9961946980917457 0.08715574274765676
    outer loop
      vertex -3.1187794770297663 -1.6741731801207536 -9.795201902033781
      vertex -12 -1.6741731801207536 -9.795201902033781
      vertex -2.93448013321342 -1.6854820563574373 -9.66594085516303
    endloop
  endfacet
  facet normal 0 0.5735764363510352 0.8191520442889995
    outer loop
      vertex -4.505969606085555 -0.85 -10.972243186433545
      vertex -12 -0.85 -10.972243186433545
      vertex -4.443953810688267 -0.9445915422202905 -10.906009475520017
    endloop
  endfacet
  facet normal 0 0.42261826174070166 0.9063077870366488
    outer loop
      vertex -9.5 -0.5814342436536368 -11.097477455336044
      vertex -5.5 -0.7904753212154433 -11
      vertex -5.5 -0.5814342436536368 -11.097477455336044
    endloop
  endfacet
  facet normal 0 0.258819045102521 0.9659258262890681
    outer loop
      vertex -9.5 -0.29520190203378155 -11.174173180120754
      vertex -5.5 -0.5814342436536368 -11.097477455336044
      vertex -5.5 -0.29520190203378155 -11.174173180120754
    endloop
  endfacet
  facet normal 0 0.08715574274765628 0.9961946980917457
    outer loop
      vertex -9.5 0 -11.2
      vertex -5.5 -0.29520190203378155 -11.174173180120754
      vertex -5.5 0 -11.2
    endloop
  endfacet
  facet normal 9.365083228308027e-17 0.42261826174070133 0.9063077870366492
    outer loop
      vertex -4.505969606085555 -0.85 -10.972243186433545
      vertex -5.5 -0.7904753212154433 -11
      vertex -9.5 -0.7904753212154424 -11
    endloop
  endfacet
  facet normal -4.4817261242399165e-17 0.9961946980917454 0.08715574274765989
    outer loop
      vertex -2.93448013321342 -1.6854820563574373 -9.66594085516303
      vertex -12 -1.6741731801207536 -9.795201902033781
      vertex -2.7160003868482963 -1.6971454015153775 -9.532628209982617
    endloop
  endfacet
  facet normal 5.681507413236309e-22 0.9961946980917454 0.08715574274766029
    outer loop
      vertex -2.7160003868482963 -1.6971454015153775 -9.532628209982617
      vertex -12 -1.7 -9.5
      vertex -2.6599380396210726 -1.7 -9.5
    endloop
  endfacet
  facet normal 0 0.9961946980917455 -0.08715574274765864
    outer loop
      vertex -2.6599380396210726 -1.7 -9.5
      vertex -12 -1.7 -9.5
      vertex -2.56439585573886 -1.6947763450707654 -9.440293350947272
    endloop
  endfacet
  facet normal 4.796476270049977e-18 0.9961946980917455 -0.0871557427476594
    outer loop
      vertex -2.56439585573886 -1.6947763450707654 -9.440293350947272
      vertex -12 -1.7 -9.5
      vertex -2.316711392873957 -1.6831893520374654 -9.307853414544924
    endloop
  endfacet
  facet normal -4.5491366743103586e-17 0.9961946980917457 -0.08715574274765686
    outer loop
      vertex -2.316711392873957 -1.6831893520374654 -9.307853414544924
      vertex -12 -1.7 -9.5
      vertex -2.1774751909719035 -1.6769782575053622 -9.236860279185588
    endloop
  endfacet
  facet normal 8.677156316590579e-21 0.9961946980917454 -0.08715574274765836
    outer loop
      vertex -2.1774751909719035 -1.6769782575053622 -9.236860279185588
      vertex -12 -1.6741731801207536 -9.204798097966219
      vertex -2.1031913297950133 -1.6741731801207536 -9.204798097966219
    endloop
  endfacet
  facet normal 0 0.9659258262890696 -0.25881904510251574
    outer loop
      vertex -2.1031913297950133 -1.6741731801207536 -9.204798097966219
      vertex -12 -1.6741731801207536 -9.204798097966219
      vertex -1.976627536623734 -1.6585874369558307 -9.146631312601006
    endloop
  endfacet
  facet normal 0 0.819152044288991 -0.573576436351047
    outer loop
      vertex 7.5 -1.3022755533022625 -8.407261063532884
      vertex -12 -1.4722431864335457 -8.65
      vertex -12 -1.3022755533022625 -8.407261063532884
    endloop
  endfacet
  facet normal 0 0.7071067811865487 -0.7071067811865464
    outer loop
      vertex 7.5 -1.0927389364671167 -8.197724446697737
      vertex -12 -1.3022755533022625 -8.407261063532884
      vertex -12 -1.0927389364671167 -8.197724446697737
    endloop
  endfacet
  facet normal 3.9521386953356675e-17 0.965925826289068 -0.2588190451025221
    outer loop
      vertex -1.976627536623734 -1.6585874369558307 -9.146631312601006
      vertex -12 -1.6741731801207536 -9.204798097966219
      vertex -1.7707141558936645 -1.6344723935421928 -9.05663274535458
    endloop
  endfacet
  facet normal 7.65171461713966e-17 0.9659258262890673 -0.2588190451025245
    outer loop
      vertex -1.7707141558936645 -1.6344723935421928 -9.05663274535458
      vertex -12 -1.6741731801207536 -9.204798097966219
      vertex -1.6838760955727932 -1.62610024366061 -9.025387456627932
    endloop
  endfacet
  facet normal -7.155262655041853e-17 0.9659258262890694 -0.2588190451025165
    outer loop
      vertex -1.6838760955727932 -1.62610024366061 -9.025387456627932
      vertex -12 -1.6741731801207536 -9.204798097966219
      vertex -1.4446042014475087 -1.6043955051024357 -8.944384269563825
    endloop
  endfacet
  facet normal -4.815454171420315e-21 0.9659258262890673 -0.25881904510252457
    outer loop
      vertex -1.4446042014475087 -1.6043955051024357 -8.944384269563825
      vertex -12 -1.5974774553360442 -8.918565756346363
      vertex -1.3626883862908232 -1.5974774553360442 -8.918565756346363
    endloop
  endfacet
  facet normal 0 0.90630778703665 -0.42261826174069944
    outer loop
      vertex -1.3626883862908232 -1.5974774553360442 -8.918565756346363
      vertex -12 -1.5974774553360442 -8.918565756346363
      vertex -1.3096079250415489 -1.5890480321008897 -8.90048879988267
    endloop
  endfacet
  facet normal 3.7124854532537366e-17 0.9063077870366416 -0.4226182617407175
    outer loop
      vertex -1.3096079250415489 -1.5890480321008897 -8.90048879988267
      vertex -12 -1.5974774553360442 -8.918565756346363
      vertex -1.234097239151058 -1.5795724345639774 -8.880168315388799
    endloop
  endfacet
  facet normal -4.9665151557847686e-17 0.9063077870366508 -0.42261826174069744
    outer loop
      vertex -1.234097239151058 -1.5795724345639774 -8.880168315388799
      vertex -12 -1.5974774553360442 -8.918565756346363
      vertex -1.0511557298314764 -1.55840245687667 -8.834769151731335
    endloop
  endfacet
  facet normal -1.4648642277493508e-16 0.9063077870366557 -0.4226182617406872
    outer loop
      vertex -1.0511557298314764 -1.55840245687667 -8.834769151731335
      vertex -12 -1.5974774553360442 -8.918565756346363
      vertex -0.8899594658272465 -1.5414550114896488 -8.798425237813909
    endloop
  endfacet
  facet normal 6.24869719888687e-17 0.9063077870366483 -0.42261826174070294
    outer loop
      vertex -0.8899594658272465 -1.5414550114896488 -8.798425237813909
      vertex -12 -1.5974774553360442 -8.918565756346363
      vertex -0.7451955485605752 -1.5278772959415385 -8.769307732856277
    endloop
  endfacet
  facet normal 1.4751918958450285e-16 0.422618261740702 0.9063077870366487
    outer loop
      vertex -4.505969606085555 -0.85 -10.972243186433545
      vertex -4.5354648593434055 -0.7904753212154436 -11
      vertex -5.5 -0.7904753212154433 -11
    endloop
  endfacet
  facet normal 0 0.5735764363510446 -0.8191520442889929
    outer loop
      vertex 7.5 -0.85 -8.027756813566455
      vertex -12 -1.0927389364671167 -8.197724446697737
      vertex -12 -0.85 -8.027756813566455
    endloop
  endfacet
  facet normal 7.199977873984072e-15 0.9063077870364421 -0.422618261741145
    outer loop
      vertex -0.7451955485605752 -1.5278772959415385 -8.769307732856277
      vertex -12 -1.5974774553360442 -8.918565756346363
      vertex -0.7445192739085742 -1.5278220046862445 -8.769189160376655
    endloop
  endfacet
  facet normal 2.7583378811808243e-16 0.906307787036642 -0.42261826174071654
    outer loop
      vertex -0.7445192739085742 -1.5278220046862445 -8.769189160376655
      vertex -12 -1.5974774553360442 -8.918565756346363
      vertex -0.6140111861275477 -1.5197310146348395 -8.751837976217644
    endloop
  endfacet
  facet normal -3.5798207790201907e-16 0.9063077870366586 -0.42261826174068096
    outer loop
      vertex -0.6140111861275477 -1.5197310146348395 -8.751837976217644
      vertex -12 -1.5974774553360442 -8.918565756346363
      vertex -0.4917106449089416 -1.5133297568900765 -8.738110434684033
    endloop
  endfacet
  facet normal 3.608747705709792e-16 0.906307787036641 -0.4226182617407186
    outer loop
      vertex -0.4917106449089416 -1.5133297568900765 -8.738110434684033
      vertex -12 -1.5974774553360442 -8.918565756346363
      vertex -0.37609552790023787 -1.5084367724903722 -8.727617395776923
    endloop
  endfacet
  facet normal 4.1180270780867206e-16 0.9063077870366397 -0.42261826174072115
    outer loop
      vertex -0.37609552790023787 -1.5084367724903722 -8.727617395776923
      vertex -12 -1.5974774553360442 -8.918565756346363
      vertex -0.26535313023583584 -1.5048923832851462 -8.720016428597336
    endloop
  endfacet
  facet normal -4.438849923319272e-16 0.9063077870366593 -0.42261826174067957
    outer loop
      vertex -0.26535313023583584 -1.5048923832851462 -8.720016428597336
      vertex -12 -1.5974774553360442 -8.918565756346363
      vertex -0.1579282146875591 -1.5025865921421453 -8.715071643533921
    endloop
  endfacet
  facet normal 4.254853273502852e-15 0.9063077870365546 -0.42261826174090417
    outer loop
      vertex -0.1579282146875591 -1.5025865921421453 -8.715071643533921
      vertex -12 -1.5974774553360442 -8.918565756346363
      vertex -0.05243180158297885 -1.5014503502097578 -8.712634964846544
    endloop
  endfacet
  facet normal 0 0.9063077870366504 -0.42261826174069844
    outer loop
      vertex -0.05243180158297885 -1.5014503502097578 -8.712634964846544
      vertex -12 -1.4722431864335457 -8.65
      vertex 0.05243180158297885 -1.5014503502097578 -8.712634964846544
    endloop
  endfacet
  facet normal 0 0.42261826174070133 -0.9063077870366492
    outer loop
      vertex 7.5 -0.5814342436536368 -7.902522544663956
      vertex -12 -0.85 -8.027756813566455
      vertex -12 -0.5814342436536368 -7.902522544663956
    endloop
  endfacet
  facet normal 0 0.258819045102521 -0.9659258262890682
    outer loop
      vertex 7.5 -0.29520190203378155 -7.825826819879246
      vertex -12 -0.5814342436536368 -7.902522544663956
      vertex -12 -0.29520190203378155 -7.825826819879246
    endloop
  endfacet
  facet normal 0 0.08715574274765928 -0.9961946980917455
    outer loop
      vertex 7.5 0 -7.8
      vertex -12 -0.29520190203378155 -7.825826819879246
      vertex -12 0 -7.8
    endloop
  endfacet
  facet normal -2.777121107245117e-20 0.9063077870366504 -0.42261826174069844
    outer loop
      vertex 0.05243180158297885 -1.5014503502097578 -8.712634964846544
      vertex -12 -1.4722431864335457 -8.65
      vertex 7.5 -1.4722431864335457 -8.65
    endloop
  endfacet
  facet normal 0 -0.42261826174069933 0.9063077870366499
    outer loop
      vertex -4.505969606085555 0.85 -10.972243186433545
      vertex -12 0.85 -10.972243186433545
      vertex -12 0.7904753212154432 -11
    endloop
  endfacet
  facet normal 0 -0.5735764363510445 0.819152044288993
    outer loop
      vertex -4.505969606085555 0.85 -10.972243186433545
      vertex -12 1.0927389364671167 -10.802275553302263
      vertex -12 0.85 -10.972243186433545
    endloop
  endfacet
  facet normal 0 -0.7071067811865487 0.7071067811865465
    outer loop
      vertex -4.334949013362085 1.0927389364671167 -10.802275553302263
      vertex -12 1.3022755533022625 -10.592738936467116
      vertex -12 1.0927389364671167 -10.802275553302263
    endloop
  endfacet
  facet normal 0 -0.8191520442889911 0.573576436351047
    outer loop
      vertex -4.109378792556475 1.3022755533022625 -10.592738936467116
      vertex -12 1.4722431864335457 -10.35
      vertex -12 1.3022755533022625 -10.592738936467116
    endloop
  endfacet
  facet normal 0 -0.9063077870366493 0.4226182617407007
    outer loop
      vertex -3.83524912868264 1.4722431864335457 -10.35
      vertex -12 1.5974774553360442 -10.081434243653637
      vertex -12 1.4722431864335457 -10.35
    endloop
  endfacet
  facet normal 0 -0.9659258262890686 0.25881904510251974
    outer loop
      vertex -3.507263802565322 1.5974774553360442 -10.081434243653637
      vertex -12 1.6741731801207536 -9.795201902033781
      vertex -12 1.5974774553360442 -10.081434243653637
    endloop
  endfacet
  facet normal 0 -0.9961946980917454 0.08715574274765853
    outer loop
      vertex -3.1187794770297663 1.6741731801207536 -9.795201902033781
      vertex -12 1.7 -9.5
      vertex -12 1.6741731801207536 -9.795201902033781
    endloop
  endfacet
  facet normal 9.343262750258665e-17 -0.4226182617407091 0.9063077870366455
    outer loop
      vertex -4.505969606085555 0.85 -10.972243186433545
      vertex -12 0.7904753212154432 -11
      vertex -9.5 0.7904753212154437 -11
    endloop
  endfacet
  facet normal 0 -0.08715574274765628 0.9961946980917457
    outer loop
      vertex -9.5 0 -11.2
      vertex -5.5 0 -11.2
      vertex -9.5 0.29520190203378155 -11.174173180120754
    endloop
  endfacet
  facet normal 0 -0.258819045102521 0.9659258262890681
    outer loop
      vertex -9.5 0.29520190203378155 -11.174173180120754
      vertex -5.5 0.29520190203378155 -11.174173180120754
      vertex -9.5 0.5814342436536368 -11.097477455336044
    endloop
  endfacet
  facet normal 0 -0.42261826174070094 0.9063077870366493
    outer loop
      vertex -9.5 0.5814342436536368 -11.097477455336044
      vertex -5.5 0.5814342436536368 -11.097477455336044
      vertex -9.5 0.7904753212154437 -11
    endloop
  endfacet
  facet normal 0 -0.9961946980917454 -0.08715574274765853
    outer loop
      vertex -2.6599380396210726 1.7 -9.5
      vertex -12 1.6741731801207536 -9.204798097966219
      vertex -12 1.7 -9.5
    endloop
  endfacet
  facet normal 0 -0.9659258262890684 -0.2588190451025197
    outer loop
      vertex -2.1031913297950133 1.6741731801207536 -9.204798097966219
      vertex -12 1.5974774553360442 -8.918565756346363
      vertex -12 1.6741731801207536 -9.204798097966219
    endloop
  endfacet
  facet normal 0 -0.9063077870366494 -0.4226182617407007
    outer loop
      vertex -1.3626883862908232 1.5974774553360442 -8.918565756346363
      vertex -12 1.4722431864335457 -8.65
      vertex -12 1.5974774553360442 -8.918565756346363
    endloop
  endfacet
  facet normal 0 -0.08715574274765628 0.9961946980917457
    outer loop
      vertex -9.5 0.29520190203378155 -11.174173180120754
      vertex -5.5 0 -11.2
      vertex -5.5 0.29520190203378155 -11.174173180120754
    endloop
  endfacet
  facet normal 0 -0.258819045102521 0.9659258262890681
    outer loop
      vertex -9.5 0.5814342436536368 -11.097477455336044
      vertex -5.5 0.29520190203378155 -11.174173180120754
      vertex -5.5 0.5814342436536368 -11.097477455336044
    endloop
  endfacet
  facet normal -1.173001312028973e-16 -0.4226182617407028 0.9063077870366485
    outer loop
      vertex -5.5 0.7904753212154426 -11
      vertex -9.5 0.7904753212154437 -11
      vertex -5.5 0.5814342436536368 -11.097477455336044
    endloop
  endfacet
  facet normal -6.924436525497109e-17 -0.5735764363510459 0.8191520442889918
    outer loop
      vertex -4.505969606085555 0.85 -10.972243186433545
      vertex -4.443953810688267 0.9445915422202904 -10.906009475520015
      vertex -12 1.0927389364671167 -10.802275553302263
    endloop
  endfacet
  facet normal -1.1745997936509964e-16 -0.42261826174069456 0.9063077870366523
    outer loop
      vertex -4.505969606085555 0.85 -10.972243186433545
      vertex -9.5 0.7904753212154437 -11
      vertex -5.5 0.7904753212154426 -11
    endloop
  endfacet
  facet normal -5.590103862235961e-19 -0.5735764363510436 0.8191520442889935
    outer loop
      vertex -4.443953810688267 0.9445915422202904 -10.906009475520015
      vertex -4.334949013362085 1.0927389364671167 -10.802275553302263
      vertex -12 1.0927389364671167 -10.802275553302263
    endloop
  endfacet
  facet normal -5.895541522836223e-17 -0.7071067811865498 0.7071067811865454
    outer loop
      vertex -4.334949013362085 1.0927389364671167 -10.802275553302263
      vertex -4.301817678192791 1.1278333773779807 -10.767181112391398
      vertex -12 1.3022755533022625 -10.592738936467116
    endloop
  endfacet
  facet normal 8.314784094866598e-17 -0.7071067811865466 0.7071067811865485
    outer loop
      vertex -4.301817678192791 1.1278333773779807 -10.767181112391398
      vertex -4.216269210222573 1.2089957411482561 -10.686018748621123
      vertex -12 1.3022755533022625 -10.592738936467116
    endloop
  endfacet
  facet normal -1.0256762452995603e-19 -0.7071067811865501 0.707106781186545
    outer loop
      vertex -4.216269210222573 1.2089957411482561 -10.686018748621123
      vertex -4.109378792556475 1.3022755533022625 -10.592738936467116
      vertex -12 1.3022755533022625 -10.592738936467116
    endloop
  endfacet
  facet normal -8.731392916038745e-17 -0.8191520442889925 0.5735764363510452
    outer loop
      vertex -4.109378792556475 1.3022755533022625 -10.592738936467116
      vertex -3.9750961709160975 1.3919516857048395 -10.464668146724033
      vertex -12 1.4722431864335457 -10.35
    endloop
  endfacet
  facet normal 1.2475562893437055e-16 -0.8191520442889855 0.5735764363510552
    outer loop
      vertex -3.9750961709160975 1.3919516857048395 -10.464668146724033
      vertex -3.9179786947089803 1.4260276233632172 -10.416002664279354
      vertex -12 1.4722431864335457 -10.35
    endloop
  endfacet
  facet normal -1.7595442887214435e-19 -0.8191520442889927 0.5735764363510448
    outer loop
      vertex -3.9179786947089803 1.4260276233632172 -10.416002664279354
      vertex -3.83524912868264 1.4722431864335457 -10.35
      vertex -12 1.4722431864335457 -10.35
    endloop
  endfacet
  facet normal 5.093484946030155e-17 -0.9063077870366487 0.42261826174070205
    outer loop
      vertex -3.83524912868264 1.4722431864335457 -10.35
      vertex -3.637511973998004 1.5518050828735652 -10.179378962475514
      vertex -12 1.5974774553360442 -10.081434243653637
    endloop
  endfacet
  facet normal 2.7632836001479334e-17 -0.9063077870366496 0.4226182617407004
    outer loop
      vertex -3.637511973998004 1.5518050828735652 -10.179378962475514
      vertex -3.553143937794514 1.5819616041362465 -10.1147080939292
      vertex -12 1.5974774553360442 -10.081434243653637
    endloop
  endfacet
  facet normal 5.2954775387488516e-20 -0.9063077870366522 0.4226182617406946
    outer loop
      vertex -3.553143937794514 1.5819616041362465 -10.1147080939292
      vertex -3.507263802565322 1.5974774553360442 -10.081434243653637
      vertex -12 1.5974774553360442 -10.081434243653637
    endloop
  endfacet
  facet normal -8.179614717775371e-17 -0.965925826289069 0.2588190451025174
    outer loop
      vertex -3.507263802565322 1.5974774553360442 -10.081434243653637
      vertex -3.29093090242122 1.6426887325879787 -9.912703459874333
      vertex -12 1.6741731801207536 -9.795201902033781
    endloop
  endfacet
  facet normal 1.2991296072096984e-17 -0.9659258262890673 0.25881904510252407
    outer loop
      vertex -3.29093090242122 1.6426887325879787 -9.912703459874333
      vertex -3.1412579387521884 1.6702364733160344 -9.809893891843496
      vertex -12 1.6741731801207536 -9.795201902033781
    endloop
  endfacet
  facet normal -2.5651823091899134e-21 -0.9659258262890694 0.2588190451025166
    outer loop
      vertex -3.1412579387521884 1.6702364733160344 -9.809893891843496
      vertex -3.1187794770297663 1.6741731801207536 -9.795201902033781
      vertex -12 1.6741731801207536 -9.795201902033781
    endloop
  endfacet
  facet normal -2.013948191051362e-18 -0.9961946980917454 0.08715574274765847
    outer loop
      vertex -3.1187794770297663 1.6741731801207536 -9.795201902033781
      vertex -2.93448013321342 1.6854820563574375 -9.66594085516303
      vertex -12 1.7 -9.5
    endloop
  endfacet
  facet normal 4.3747501006208885e-16 -0.42261826174070216 0.9063077870366487
    outer loop
      vertex -4.505969606085555 0.85 -10.972243186433545
      vertex -5.5 0.7904753212154426 -11
      vertex -4.5354648593434055 0.7904753212154436 -11
    endloop
  endfacet
  facet normal 0 -0.5735764363510446 -0.8191520442889929
    outer loop
      vertex 7.5 1.0927389364671167 -8.197724446697737
      vertex -12 0.85 -8.027756813566455
      vertex -12 1.0927389364671167 -8.197724446697737
    endloop
  endfacet
  facet normal 0 -0.7071067811865487 -0.7071067811865464
    outer loop
      vertex 7.5 1.3022755533022625 -8.407261063532884
      vertex -12 1.0927389364671167 -8.197724446697737
      vertex -12 1.3022755533022625 -8.407261063532884
    endloop
  endfacet
  facet normal 0 -0.819152044288991 -0.573576436351047
    outer loop
      vertex 7.5 1.4722431864335457 -8.65
      vertex -12 1.3022755533022625 -8.407261063532884
      vertex -12 1.4722431864335457 -8.65
    endloop
  endfacet
  facet normal 2.1917602619023294e-17 -0.9961946980917455 0.08715574274765979
    outer loop
      vertex -2.93448013321342 1.6854820563574375 -9.66594085516303
      vertex -2.7160003868482963 1.6971454015153777 -9.532628209982617
      vertex -12 1.7 -9.5
    endloop
  endfacet
  facet normal 1.8012368597968295e-20 -0.9961946980917459 0.08715574274765357
    outer loop
      vertex -2.7160003868482963 1.6971454015153777 -9.532628209982617
      vertex -2.6599380396210726 1.7 -9.5
      vertex -12 1.7 -9.5
    endloop
  endfacet
  facet normal -2.7780122383754146e-18 -0.9961946980917454 -0.08715574274765862
    outer loop
      vertex -2.6599380396210726 1.7 -9.5
      vertex -2.5643958557388604 1.6947763450707654 -9.440293350947272
      vertex -12 1.6741731801207536 -9.204798097966219
    endloop
  endfacet
  facet normal 3.104168129442641e-17 -0.9961946980917457 -0.08715574274765728
    outer loop
      vertex -2.5643958557388604 1.6947763450707654 -9.440293350947272
      vertex -2.3167113928739576 1.683189352037466 -9.307853414544926
      vertex -12 1.6741731801207536 -9.204798097966219
    endloop
  endfacet
  facet normal -8.480745723867089e-18 -0.9961946980917452 -0.08715574274766097
    outer loop
      vertex -2.3167113928739576 1.683189352037466 -9.307853414544926
      vertex -2.1774751909719035 1.6769782575053622 -9.236860279185588
      vertex -12 1.6741731801207536 -9.204798097966219
    endloop
  endfacet
  facet normal -8.67715631659058e-21 -0.9961946980917454 -0.08715574274765837
    outer loop
      vertex -2.1774751909719035 1.6769782575053622 -9.236860279185588
      vertex -2.1031913297950133 1.6741731801207536 -9.204798097966219
      vertex -12 1.6741731801207536 -9.204798097966219
    endloop
  endfacet
  facet normal 1.1639418078603677e-16 -0.9659258262890695 -0.258819045102516
    outer loop
      vertex -2.1031913297950133 1.6741731801207536 -9.204798097966219
      vertex -1.976627536623734 1.6585874369558307 -9.146631312601006
      vertex -12 1.5974774553360442 -8.918565756346363
    endloop
  endfacet
  facet normal -2.996588748689075e-17 -0.965925826289068 -0.2588190451025219
    outer loop
      vertex -1.976627536623734 1.6585874369558307 -9.146631312601006
      vertex -1.770714155893664 1.6344723935421928 -9.05663274535458
      vertex -12 1.5974774553360442 -8.918565756346363
    endloop
  endfacet
  facet normal 4.0780135681565253e-17 -0.9659258262890693 -0.25881904510251713
    outer loop
      vertex -1.770714155893664 1.6344723935421928 -9.05663274535458
      vertex -1.6838760955727927 1.6261002436606098 -9.02538745662793
      vertex -12 1.5974774553360442 -8.918565756346363
    endloop
  endfacet
  facet normal -1.3872118294492098e-17 -0.965925826289068 -0.258819045102522
    outer loop
      vertex -1.6838760955727927 1.6261002436606098 -9.02538745662793
      vertex -1.4446042014475087 1.6043955051024354 -8.944384269563825
      vertex -12 1.5974774553360442 -8.918565756346363
    endloop
  endfacet
  facet normal 3.850577859670096e-17 -0.9063077870366499 -0.42261826174069955
    outer loop
      vertex -1.3626883862908232 1.5974774553360442 -8.918565756346363
      vertex -1.3096079250415489 1.5890480321008897 -8.90048879988267
      vertex -12 1.4722431864335457 -8.65
    endloop
  endfacet
  facet normal -4.23482308043525e-20 -0.9659258262890694 -0.2588190451025168
    outer loop
      vertex -1.4446042014475087 1.6043955051024354 -8.944384269563825
      vertex -1.3626883862908232 1.5974774553360442 -8.918565756346363
      vertex -12 1.5974774553360442 -8.918565756346363
    endloop
  endfacet
  facet normal -4.330028909755354e-16 -0.9063077870366423 -0.4226182617407161
    outer loop
      vertex -1.234097239151058 1.5795724345639774 -8.880168315388799
      vertex -12 1.4722431864335457 -8.65
      vertex -1.3096079250415489 1.5890480321008897 -8.90048879988267
    endloop
  endfacet
  facet normal 2.158004613506626e-16 -0.9063077870366538 -0.4226182617406911
    outer loop
      vertex -1.234097239151058 1.5795724345639774 -8.880168315388799
      vertex -1.0511557298314766 1.5584024568766703 -8.834769151731335
      vertex -12 1.4722431864335457 -8.65
    endloop
  endfacet
  facet normal -1.67557027582039e-16 -0.9063077870366453 -0.4226182617407098
    outer loop
      vertex -1.0511557298314766 1.5584024568766703 -8.834769151731335
      vertex -0.889959465827246 1.5414550114896481 -8.798425237813909
      vertex -12 1.4722431864335457 -8.65
    endloop
  endfacet
  facet normal 2.0992545942184049e-16 -0.906307787036656 -0.4226182617406865
    outer loop
      vertex -0.889959465827246 1.5414550114896481 -8.798425237813909
      vertex -0.7451955485605752 1.5278772959415385 -8.769307732856277
      vertex -12 1.4722431864335457 -8.65
    endloop
  endfacet
  facet normal 3.7012046015923784e-16 -0.9063077870366684 -0.4226182617406599
    outer loop
      vertex -0.49171064490894173 1.513329756890077 -8.738110434684035
      vertex -0.376095527900238 1.5084367724903727 -8.727617395776923
      vertex -12 1.4722431864335457 -8.65
    endloop
  endfacet
  facet normal -7.944842935489449e-17 -0.9063077870366426 -0.42261826174071526
    outer loop
      vertex -0.376095527900238 1.5084367724903727 -8.727617395776923
      vertex -0.2653531302358359 1.5048923832851466 -8.720016428597336
      vertex -12 1.4722431864335457 -8.65
    endloop
  endfacet
  facet normal 1.0784956681462099e-16 -0.9063077870366546 -0.4226182617406895
    outer loop
      vertex -0.2653531302358359 1.5048923832851466 -8.720016428597336
      vertex -0.15792821468755916 1.5025865921421457 -8.715071643533921
      vertex -12 1.4722431864335457 -8.65
    endloop
  endfacet
  facet normal -9.889619293364028e-16 -0.9063077870365781 -0.4226182617408534
    outer loop
      vertex -0.15792821468755916 1.5025865921421457 -8.715071643533921
      vertex -0.05243180158297885 1.5014503502097578 -8.712634964846544
      vertex -12 1.4722431864335457 -8.65
    endloop
  endfacet
  facet normal 0 -0.9063077870366504 -0.42261826174069844
    outer loop
      vertex -0.05243180158297885 1.5014503502097578 -8.712634964846544
      vertex 0.05243180158297885 1.5014503502097578 -8.712634964846544
      vertex -12 1.4722431864335457 -8.65
    endloop
  endfacet
  facet normal -4.971096210922568e-15 -0.9063077870364689 -0.422618261741088
    outer loop
      vertex -0.7451955485605752 1.5278772959415385 -8.769307732856277
      vertex -0.7445192739085743 1.5278220046862445 -8.769189160376655
      vertex -12 1.4722431864335457 -8.65
    endloop
  endfacet
  facet normal -3.4659636022921054e-17 -0.9063077870366474 -0.42261826174070505
    outer loop
      vertex -0.7445192739085743 1.5278220046862445 -8.769189160376655
      vertex -0.6140111861275477 1.5197310146348397 -8.751837976217644
      vertex -12 1.4722431864335457 -8.65
    endloop
  endfacet
  facet normal -1.464525231672347e-16 -0.9063077870366426 -0.4226182617407154
    outer loop
      vertex -0.6140111861275477 1.5197310146348397 -8.751837976217644
      vertex -0.49171064490894173 1.513329756890077 -8.738110434684035
      vertex -12 1.4722431864335457 -8.65
    endloop
  endfacet
  facet normal 0 -0.08715574274765928 -0.9961946980917455
    outer loop
      vertex 7.5 0.29520190203378155 -7.825826819879246
      vertex -12 0 -7.8
      vertex -12 0.29520190203378155 -7.825826819879246
    endloop
  endfacet
  facet normal 0 -0.258819045102521 -0.9659258262890682
    outer loop
      vertex 7.5 0.5814342436536368 -7.902522544663956
      vertex -12 0.29520190203378155 -7.825826819879246
      vertex -12 0.5814342436536368 -7.902522544663956
    endloop
  endfacet
  facet normal 0 -0.42261826174070133 -0.9063077870366492
    outer loop
      vertex 7.5 0.85 -8.027756813566455
      vertex -12 0.5814342436536368 -7.902522544663956
      vertex -12 0.85 -8.027756813566455
    endloop
  endfacet
  facet normal 2.777121107245117e-20 -0.9063077870366504 -0.42261826174069844
    outer loop
      vertex 0.05243180158297885 1.5014503502097578 -8.712634964846544
      vertex 7.5 1.4722431864335457 -8.65
      vertex -12 1.4722431864335457 -8.65
    endloop
  endfacet
  facet normal 0 0.819152044288991 -0.573576436351047
    outer loop
      vertex 7.5 -1.4722431864335457 -8.65
      vertex -12 -1.4722431864335457 -8.65
      vertex 7.5 -1.3022755533022625 -8.407261063532884
    endloop
  endfacet
  facet normal 0 0.7071067811865487 -0.7071067811865464
    outer loop
      vertex 7.5 -1.3022755533022625 -8.407261063532884
      vertex -12 -1.3022755533022625 -8.407261063532884
      vertex 7.5 -1.0927389364671167 -8.197724446697737
    endloop
  endfacet
  facet normal 0 0.5735764363510446 -0.8191520442889929
    outer loop
      vertex 7.5 -1.0927389364671167 -8.197724446697737
      vertex -12 -1.0927389364671167 -8.197724446697737
      vertex 7.5 -0.85 -8.027756813566455
    endloop
  endfacet
  facet normal 2.3086213111325863e-16 0.9063077870366428 -0.4226182617407147
    outer loop
      vertex 0.49171064490894173 -1.513329756890077 -8.738110434684035
      vertex 7.5 -1.4722431864335457 -8.65
      vertex 0.6140111861275477 -1.5197310146348397 -8.751837976217644
    endloop
  endfacet
  facet normal 5.450728955951262e-17 0.9063077870366475 -0.42261826174070494
    outer loop
      vertex 0.6140111861275477 -1.5197310146348397 -8.751837976217644
      vertex 7.5 -1.4722431864335457 -8.65
      vertex 0.7445192739085743 -1.5278220046862445 -8.769189160376655
    endloop
  endfacet
  facet normal 7.97971931819231e-15 0.9063077870364753 -0.4226182617410739
    outer loop
      vertex 0.7451955485605752 -1.5278772959415385 -8.769307732856277
      vertex 0.7445192739085743 -1.5278220046862445 -8.769189160376655
      vertex 7.5 -1.4722431864335457 -8.65
    endloop
  endfacet
  facet normal 1.4270189449040075e-15 0.9063077870365855 -0.42261826174083783
    outer loop
      vertex 0.05243180158297885 -1.5014503502097578 -8.712634964846544
      vertex 7.5 -1.4722431864335457 -8.65
      vertex 0.15792821468755916 -1.5025865921421457 -8.715071643533921
    endloop
  endfacet
  facet normal -1.6368902272637723e-16 0.9063077870366542 -0.4226182617406904
    outer loop
      vertex 0.15792821468755916 -1.5025865921421457 -8.715071643533921
      vertex 7.5 -1.4722431864335457 -8.65
      vertex 0.2653531302358359 -1.5048923832851466 -8.720016428597336
    endloop
  endfacet
  facet normal 1.2308276559493448e-16 0.9063077870366427 -0.4226182617407146
    outer loop
      vertex 0.2653531302358359 -1.5048923832851466 -8.720016428597336
      vertex 7.5 -1.4722431864335457 -8.65
      vertex 0.376095527900238 -1.5084367724903727 -8.727617395776923
    endloop
  endfacet
  facet normal -5.793771064906255e-16 0.9063077870366674 -0.4226182617406618
    outer loop
      vertex 0.376095527900238 -1.5084367724903727 -8.727617395776923
      vertex 7.5 -1.4722431864335457 -8.65
      vertex 0.49171064490894173 -1.513329756890077 -8.738110434684035
    endloop
  endfacet
  facet normal 0 0.42261826174070133 -0.9063077870366492
    outer loop
      vertex 7.5 -0.85 -8.027756813566455
      vertex -12 -0.85 -8.027756813566455
      vertex 7.5 -0.5814342436536368 -7.902522544663956
    endloop
  endfacet
  facet normal 0 0.258819045102521 -0.9659258262890682
    outer loop
      vertex 7.5 -0.5814342436536368 -7.902522544663956
      vertex -12 -0.5814342436536368 -7.902522544663956
      vertex 7.5 -0.29520190203378155 -7.825826819879246
    endloop
  endfacet
  facet normal 0 0.08715574274765928 -0.9961946980917455
    outer loop
      vertex 7.5 -0.29520190203378155 -7.825826819879246
      vertex -12 -0.29520190203378155 -7.825826819879246
      vertex 7.5 0 -7.8
    endloop
  endfacet
  facet normal 7.765107529061286e-17 0.9659258262890694 -0.2588190451025168
    outer loop
      vertex 1.6838760955727927 -1.6261002436606098 -9.02538745662793
      vertex 7.5 -1.6741731801207536 -9.204798097966219
      vertex 1.770714155893664 -1.6344723935421928 -9.05663274535458
    endloop
  endfacet
  facet normal -7.277327496480719e-17 0.9659258262890679 -0.2588190451025222
    outer loop
      vertex 1.770714155893664 -1.6344723935421928 -9.05663274535458
      vertex 7.5 -1.6741731801207536 -9.204798097966219
      vertex 1.976627536623734 -1.6585874369558307 -9.146631312601006
    endloop
  endfacet
  facet normal 4.0575999691712765e-16 0.9063077870366572 -0.422618261740684
    outer loop
      vertex 0.7451955485605752 -1.5278772959415385 -8.769307732856277
      vertex 7.5 -1.5974774553360442 -8.918565756346363
      vertex 0.889959465827246 -1.5414550114896481 -8.798425237813909
    endloop
  endfacet
  facet normal -1.933346264638063e-16 0.9063077870366445 -0.4226182617407111
    outer loop
      vertex 0.889959465827246 -1.5414550114896481 -8.798425237813909
      vertex 7.5 -1.5974774553360442 -8.918565756346363
      vertex 1.0511557298314766 -1.5584024568766703 -8.834769151731335
    endloop
  endfacet
  facet normal 1.4188013042986826e-16 0.9063077870366545 -0.42261826174068995
    outer loop
      vertex 1.0511557298314766 -1.5584024568766703 -8.834769151731335
      vertex 7.5 -1.5974774553360442 -8.918565756346363
      vertex 1.234097239151058 -1.5795724345639774 -8.880168315388799
    endloop
  endfacet
  facet normal -6.442550074732568e-17 0.9063077870366415 -0.42261826174071754
    outer loop
      vertex 1.3096079250415489 -1.5890480321008897 -8.90048879988267
      vertex 1.234097239151058 -1.5795724345639774 -8.880168315388799
      vertex 7.5 -1.5974774553360442 -8.918565756346363
    endloop
  endfacet
  facet normal 1.8117828811279633e-20 0.9063077870366499 -0.4226182617406994
    outer loop
      vertex 1.3096079250415489 -1.5890480321008897 -8.90048879988267
      vertex 7.5 -1.5974774553360442 -8.918565756346363
      vertex 1.3626883862908232 -1.5974774553360442 -8.918565756346363
    endloop
  endfacet
  facet normal 7.339880320708148e-20 0.9659258262890693 -0.25881904510251674
    outer loop
      vertex 1.4446042014475087 -1.6043955051024354 -8.944384269563825
      vertex 1.3626883862908232 -1.5974774553360442 -8.918565756346363
      vertex 7.5 -1.5974774553360442 -8.918565756346363
    endloop
  endfacet
  facet normal 2.381091733523198e-17 0.965925826289068 -0.25881904510252196
    outer loop
      vertex 1.4446042014475087 -1.6043955051024354 -8.944384269563825
      vertex 7.5 -1.5974774553360442 -8.918565756346363
      vertex 1.6838760955727927 -1.6261002436606098 -9.02538745662793
    endloop
  endfacet
  facet normal 1.5797981027923262e-19 0.9659258262890695 -0.25881904510251574
    outer loop
      vertex 1.976627536623734 -1.6585874369558307 -9.146631312601006
      vertex 7.5 -1.6741731801207536 -9.204798097966219
      vertex 2.1031913297950133 -1.6741731801207536 -9.204798097966219
    endloop
  endfacet
  facet normal 0 0.9961946980917455 -0.08715574274765837
    outer loop
      vertex 2.1031913297950133 -1.6741731801207536 -9.204798097966219
      vertex 7.5 -1.6741731801207536 -9.204798097966219
      vertex 2.1774751909719035 -1.6769782575053622 -9.236860279185588
    endloop
  endfacet
  facet normal 1.5633902380968458e-17 0.9961946980917453 -0.08715574274766094
    outer loop
      vertex 2.1774751909719035 -1.6769782575053622 -9.236860279185588
      vertex 7.5 -1.6741731801207536 -9.204798097966219
      vertex 2.3167113928739576 -1.683189352037466 -9.307853414544926
    endloop
  endfacet
  facet normal 0 0.996194698091746 0.08715574274765357
    outer loop
      vertex 2.6599380396210726 -1.7 -9.5
      vertex 7.5 -1.7 -9.5
      vertex 2.7160003868482963 -1.6971454015153777 -9.532628209982617
    endloop
  endfacet
  facet normal 4.0297742805609124e-17 0.9961946980917454 0.0871557427476599
    outer loop
      vertex 2.7160003868482963 -1.6971454015153777 -9.532628209982617
      vertex 7.5 -1.6741731801207536 -9.795201902033781
      vertex 2.93448013321342 -1.6854820563574375 -9.66594085516303
    endloop
  endfacet
  facet normal 1.7641996982938922e-17 0.9961946980917455 -0.08715574274765718
    outer loop
      vertex 2.5643958557388604 -1.6947763450707654 -9.440293350947272
      vertex 2.3167113928739576 -1.683189352037466 -9.307853414544926
      vertex 7.5 -1.7 -9.5
    endloop
  endfacet
  facet normal -4.6871826286734107e-20 0.9961946980917455 -0.08715574274765864
    outer loop
      vertex 2.5643958557388604 -1.6947763450707654 -9.440293350947272
      vertex 7.5 -1.7 -9.5
      vertex 2.6599380396210726 -1.7 -9.5
    endloop
  endfacet
  facet normal 0 0.9659258262890691 0.25881904510251735
    outer loop
      vertex 3.507263802565322 -1.5974774553360442 -10.081434243653637
      vertex 3.29093090242122 -1.6426887325879787 -9.912703459874333
      vertex 7.5 -1.5974774553360442 -10.081434243653637
    endloop
  endfacet
  facet normal 0 0.9063077870366523 0.42261826174069467
    outer loop
      vertex 3.507263802565322 -1.5974774553360442 -10.081434243653637
      vertex 7.5 -1.5974774553360442 -10.081434243653637
      vertex 3.553143937794514 -1.5819616041362465 -10.1147080939292
    endloop
  endfacet
  facet normal -9.39237130108634e-17 0.9063077870366496 0.4226182617407004
    outer loop
      vertex 3.553143937794514 -1.5819616041362465 -10.1147080939292
      vertex 7.5 -1.4722431864335457 -10.35
      vertex 3.637511973998004 -1.5518050828735652 -10.179378962475514
    endloop
  endfacet
  facet normal 5.73406705779779e-16 0.819152044288985 0.5735764363510557
    outer loop
      vertex 3.9750961709160975 -1.3919516857048395 -10.464668146724033
      vertex 3.9179786947089803 -1.4260276233632172 -10.416002664279354
      vertex 7.5 -1.3022755533022625 -10.592738936467116
    endloop
  endfacet
  facet normal -9.355432075162787e-19 0.8191520442889925 0.5735764363510452
    outer loop
      vertex 3.9750961709160975 -1.3919516857048395 -10.464668146724033
      vertex 7.5 -1.3022755533022625 -10.592738936467116
      vertex 4.109378792556475 -1.3022755533022625 -10.592738936467116
    endloop
  endfacet
  facet normal 4.1119053383552804e-19 0.9063077870366487 0.42261826174070205
    outer loop
      vertex 3.637511973998004 -1.5518050828735652 -10.179378962475514
      vertex 7.5 -1.4722431864335457 -10.35
      vertex 3.83524912868264 -1.4722431864335457 -10.35
    endloop
  endfacet
  facet normal 0 0.8191520442889927 0.5735764363510449
    outer loop
      vertex 3.83524912868264 -1.4722431864335457 -10.35
      vertex 7.5 -1.4722431864335457 -10.35
      vertex 3.9179786947089803 -1.4260276233632172 -10.416002664279354
    endloop
  endfacet
  facet normal -1.883596356799052e-16 0.7071067811865501 0.707106781186545
    outer loop
      vertex 4.109378792556475 -1.3022755533022625 -10.592738936467116
      vertex 7.5 -1.0927389364671167 -10.802275553302263
      vertex 4.216269210222573 -1.2089957411482561 -10.686018748621123
    endloop
  endfacet
  facet normal 7.295463894699863e-17 0.7071067811865466 0.7071067811865485
    outer loop
      vertex 4.216269210222573 -1.2089957411482561 -10.686018748621123
      vertex 7.5 -1.0927389364671167 -10.802275553302263
      vertex 4.301817678192791 -1.1278333773779807 -10.767181112391398
    endloop
  endfacet
  facet normal -5.193021009110486e-19 0.7071067811865497 0.7071067811865452
    outer loop
      vertex 4.301817678192791 -1.1278333773779807 -10.767181112391398
      vertex 7.5 -1.0927389364671167 -10.802275553302263
      vertex 4.334949013362085 -1.0927389364671167 -10.802275553302263
    endloop
  endfacet
  facet normal 0 0.5735764363510436 0.8191520442889936
    outer loop
      vertex 4.334949013362085 -1.0927389364671167 -10.802275553302263
      vertex 7.5 -1.0927389364671167 -10.802275553302263
      vertex 4.443953810688267 -0.9445915422202904 -10.906009475520015
    endloop
  endfacet
  facet normal 1.3517635220172752e-19 0.9961946980917455 0.08715574274765847
    outer loop
      vertex 2.93448013321342 -1.6854820563574375 -9.66594085516303
      vertex 7.5 -1.6741731801207536 -9.795201902033781
      vertex 3.1187794770297663 -1.6741731801207536 -9.795201902033781
    endloop
  endfacet
  facet normal 0 0.9659258262890693 0.2588190451025166
    outer loop
      vertex 3.1187794770297663 -1.6741731801207536 -9.795201902033781
      vertex 7.5 -1.6741731801207536 -9.795201902033781
      vertex 3.1412579387521884 -1.6702364733160344 -9.809893891843496
    endloop
  endfacet
  facet normal 3.052955074402951e-16 0.9659258262890673 0.25881904510252446
    outer loop
      vertex 3.1412579387521884 -1.6702364733160344 -9.809893891843496
      vertex 7.5 -1.5974774553360442 -10.081434243653637
      vertex 3.29093090242122 -1.6426887325879787 -9.912703459874333
    endloop
  endfacet
  facet normal -4.4150398911313867e-17 0.9063077870366493 -0.4226182617407007
    outer loop
      vertex 0.7451955485605752 -1.5278772959415385 -8.769307732856277
      vertex 7.5 -1.4722431864335457 -8.65
      vertex 7.5 -1.5974774553360442 -8.918565756346363
    endloop
  endfacet
  facet normal -2.0626968660380513e-17 0.9659258262890685 -0.25881904510251974
    outer loop
      vertex 1.6838760955727927 -1.6261002436606098 -9.02538745662793
      vertex 7.5 -1.5974774553360442 -8.918565756346363
      vertex 7.5 -1.6741731801207536 -9.204798097966219
    endloop
  endfacet
  facet normal -3.410876931601232e-17 0.9961946980917457 0.08715574274765854
    outer loop
      vertex 2.7160003868482963 -1.6971454015153777 -9.532628209982617
      vertex 7.5 -1.7 -9.5
      vertex 7.5 -1.6741731801207536 -9.795201902033781
    endloop
  endfacet
  facet normal -3.2725337311588405e-17 0.9961946980917454 -0.08715574274765853
    outer loop
      vertex 2.3167113928739576 -1.683189352037466 -9.307853414544926
      vertex 7.5 -1.6741731801207536 -9.204798097966219
      vertex 7.5 -1.7 -9.5
    endloop
  endfacet
  facet normal -4.861202594712691e-16 0.42261826174070216 0.9063077870366487
    outer loop
      vertex 4.505969606085555 -0.85 -10.972243186433545
      vertex 5.5 -0.7904753212154425 -11
      vertex 4.5354648593434055 -0.7904753212154436 -11
    endloop
  endfacet
  facet normal 3.974069859514803e-19 0.5735764363510459 0.8191520442889919
    outer loop
      vertex 4.443953810688267 -0.9445915422202904 -10.906009475520015
      vertex 7.5 -0.85 -10.972243186433545
      vertex 4.505969606085555 -0.85 -10.972243186433545
    endloop
  endfacet
  facet normal 0 0.42261826174069544 0.9063077870366517
    outer loop
      vertex 4.505969606085555 -0.85 -10.972243186433545
      vertex 7.5 -0.85 -10.972243186433545
      vertex 5.5 -0.7904753212154425 -11
    endloop
  endfacet
  facet normal -6.297579346067334e-17 0.9063077870366494 0.42261826174070066
    outer loop
      vertex 3.553143937794514 -1.5819616041362465 -10.1147080939292
      vertex 7.5 -1.5974774553360442 -10.081434243653637
      vertex 7.5 -1.4722431864335457 -10.35
    endloop
  endfacet
  facet normal -5.999396674200732e-17 0.8191520442889911 0.5735764363510472
    outer loop
      vertex 3.9179786947089803 -1.4260276233632172 -10.416002664279354
      vertex 7.5 -1.4722431864335457 -10.35
      vertex 7.5 -1.3022755533022625 -10.592738936467116
    endloop
  endfacet
  facet normal 0 0.7071067811865486 0.7071067811865464
    outer loop
      vertex 4.109378792556475 -1.3022755533022625 -10.592738936467116
      vertex 7.5 -1.3022755533022625 -10.592738936467116
      vertex 7.5 -1.0927389364671167 -10.802275553302263
    endloop
  endfacet
  facet normal -1.1186012070580642e-17 0.9659258262890685 0.2588190451025197
    outer loop
      vertex 3.1412579387521884 -1.6702364733160344 -9.809893891843496
      vertex 7.5 -1.6741731801207536 -9.795201902033781
      vertex 7.5 -1.5974774553360442 -10.081434243653637
    endloop
  endfacet
  facet normal 2.710079227026268e-16 0.42261826174070294 0.9063077870366484
    outer loop
      vertex 7.5 -0.85 -10.972243186433545
      vertex 5.5 -0.5814342436536368 -11.097477455336044
      vertex 5.5 -0.7904753212154425 -11
    endloop
  endfacet
  facet normal 6.815924682475153e-17 0.5735764363510445 0.8191520442889929
    outer loop
      vertex 4.443953810688267 -0.9445915422202904 -10.906009475520015
      vertex 7.5 -1.0927389364671167 -10.802275553302263
      vertex 7.5 -0.85 -10.972243186433545
    endloop
  endfacet
  facet normal 0 0.258819045102521 0.9659258262890681
    outer loop
      vertex 7.5 -0.5814342436536368 -11.097477455336044
      vertex 5.5 -0.29520190203378155 -11.174173180120754
      vertex 5.5 -0.5814342436536368 -11.097477455336044
    endloop
  endfacet
  facet normal 0 0.08715574274765628 0.9961946980917457
    outer loop
      vertex 7.5 -0.29520190203378155 -11.174173180120754
      vertex 5.5 0 -11.2
      vertex 5.5 -0.29520190203378155 -11.174173180120754
    endloop
  endfacet
  facet normal 4.4396600400649055e-18 0.42261826174070133 0.9063077870366492
    outer loop
      vertex 7.5 -0.85 -10.972243186433545
      vertex 7.5 -0.5814342436536368 -11.097477455336044
      vertex 5.5 -0.5814342436536368 -11.097477455336044
    endloop
  endfacet
  facet normal -2.1381706946405003e-18 0.258819045102521 0.9659258262890681
    outer loop
      vertex 7.5 -0.5814342436536368 -11.097477455336044
      vertex 7.5 -0.29520190203378155 -11.174173180120754
      vertex 5.5 -0.29520190203378155 -11.174173180120754
    endloop
  endfacet
  facet normal 6.722068661868915e-19 0.08715574274765628 0.9961946980917457
    outer loop
      vertex 7.5 -0.29520190203378155 -11.174173180120754
      vertex 7.5 0 -11.2
      vertex 5.5 0 -11.2
    endloop
  endfacet
  facet normal 0 -0.5735764363510446 -0.8191520442889929
    outer loop
      vertex 7.5 0.85 -8.027756813566455
      vertex -12 0.85 -8.027756813566455
      vertex 7.5 1.0927389364671167 -8.197724446697737
    endloop
  endfacet
  facet normal 0 -0.7071067811865487 -0.7071067811865464
    outer loop
      vertex 7.5 1.0927389364671167 -8.197724446697737
      vertex -12 1.0927389364671167 -8.197724446697737
      vertex 7.5 1.3022755533022625 -8.407261063532884
    endloop
  endfacet
  facet normal -4.525339338509106e-19 -0.819152044288991 -0.573576436351047
    outer loop
      vertex 7.5 1.4722431864335457 -8.65
      vertex 7.5 1.3022755533022625 -8.407261063532884
      vertex -12 1.3022755533022625 -8.407261063532884
    endloop
  endfacet
  facet normal 4.085063224518282e-16 -0.9063077870366317 -0.42261826174073835
    outer loop
      vertex 0.05243180158297885 1.5014503502097578 -8.712634964846544
      vertex 0.1579282146875591 1.5025865921421453 -8.715071643533921
      vertex 7.5 1.4722431864335457 -8.65
    endloop
  endfacet
  facet normal -1.1720519136006775e-16 -0.9063077870366546 -0.42261826174068967
    outer loop
      vertex 0.1579282146875591 1.5025865921421453 -8.715071643533921
      vertex 0.26535313023583584 1.5048923832851462 -8.720016428597336
      vertex 7.5 1.4722431864335457 -8.65
    endloop
  endfacet
  facet normal 1.713349218899581e-16 -0.906307787036643 -0.42261826174071415
    outer loop
      vertex 0.26535313023583584 1.5048923832851462 -8.720016428597336
      vertex 0.37609552790023787 1.5084367724903722 -8.727617395776923
      vertex 7.5 1.4722431864335457 -8.65
    endloop
  endfacet
  facet normal 1.6747993266387648e-16 -0.9063077870366432 -0.42261826174071376
    outer loop
      vertex 0.37609552790023787 1.5084367724903722 -8.727617395776923
      vertex 0.4917106449089416 1.5133297568900765 -8.738110434684033
      vertex 7.5 1.4722431864335457 -8.65
    endloop
  endfacet
  facet normal -2.6672222854432815e-16 -0.9063077870366565 -0.4226182617406855
    outer loop
      vertex 0.4917106449089416 1.5133297568900765 -8.738110434684033
      vertex 0.6140111861275477 1.5197310146348395 -8.751837976217644
      vertex 7.5 1.4722431864335457 -8.65
    endloop
  endfacet
  facet normal 2.3529758011498125e-16 -0.9063077870366435 -0.42261826174071343
    outer loop
      vertex 0.6140111861275477 1.5197310146348395 -8.751837976217644
      vertex 0.7445192739085742 1.5278220046862445 -8.769189160376655
      vertex 7.5 1.4722431864335457 -8.65
    endloop
  endfacet
  facet normal 7.980185604805213e-15 -0.9063077870364754 -0.42261826174107386
    outer loop
      vertex 0.7445192739085742 1.5278220046862445 -8.769189160376655
      vertex 0.7451955485605752 1.5278772959415385 -8.769307732856277
      vertex 7.5 1.4722431864335457 -8.65
    endloop
  endfacet
  facet normal 0 -0.08715574274765928 -0.9961946980917455
    outer loop
      vertex 7.5 0 -7.8
      vertex -12 0 -7.8
      vertex 7.5 0.29520190203378155 -7.825826819879246
    endloop
  endfacet
  facet normal 0 -0.258819045102521 -0.9659258262890682
    outer loop
      vertex 7.5 0.29520190203378155 -7.825826819879246
      vertex -12 0.29520190203378155 -7.825826819879246
      vertex 7.5 0.5814342436536368 -7.902522544663956
    endloop
  endfacet
  facet normal 0 -0.42261826174070133 -0.9063077870366492
    outer loop
      vertex 7.5 0.5814342436536368 -7.902522544663956
      vertex -12 0.5814342436536368 -7.902522544663956
      vertex 7.5 0.85 -8.027756813566455
    endloop
  endfacet
  facet normal 5.173248913174698e-17 -0.9659258262890679 -0.2588190451025219
    outer loop
      vertex 1.7707141558936645 1.6344723935421928 -9.05663274535458
      vertex 1.976627536623734 1.6585874369558307 -9.146631312601006
      vertex 7.5 1.5974774553360442 -8.918565756346363
    endloop
  endfacet
  facet normal -2.1596739263473095e-18 -0.9063077870366484 -0.42261826174070266
    outer loop
      vertex 0.7451955485605752 1.5278772959415385 -8.769307732856277
      vertex 0.8899594658272465 1.5414550114896488 -8.798425237813909
      vertex 7.5 1.4722431864335457 -8.65
    endloop
  endfacet
  facet normal -3.7635507794656096e-16 -0.9063077870366547 -0.42261826174068895
    outer loop
      vertex 0.8899594658272465 1.5414550114896488 -8.798425237813909
      vertex 1.0511557298314764 1.55840245687667 -8.834769151731335
      vertex 7.5 1.4722431864335457 -8.65
    endloop
  endfacet
  facet normal -6.71514573297867e-17 -0.9063077870366507 -0.42261826174069794
    outer loop
      vertex 1.0511557298314764 1.55840245687667 -8.834769151731335
      vertex 1.234097239151058 1.5795724345639774 -8.880168315388799
      vertex 7.5 1.4722431864335457 -8.65
    endloop
  endfacet
  facet normal 7.072806459746075e-16 -0.9063077870366426 -0.4226182617407152
    outer loop
      vertex 1.234097239151058 1.5795724345639774 -8.880168315388799
      vertex 1.3096079250415489 1.5890480321008897 -8.90048879988267
      vertex 7.5 1.4722431864335457 -8.65
    endloop
  endfacet
  facet normal -6.236305830306593e-17 -0.9063077870366499 -0.4226182617406996
    outer loop
      vertex 1.3096079250415489 1.5890480321008897 -8.90048879988267
      vertex 1.3626883862908232 1.5974774553360442 -8.918565756346363
      vertex 7.5 1.4722431864335457 -8.65
    endloop
  endfacet
  facet normal 8.346241776043032e-21 -0.9659258262890672 -0.25881904510252446
    outer loop
      vertex 1.4446042014475087 1.6043955051024357 -8.944384269563825
      vertex 7.5 1.5974774553360442 -8.918565756346363
      vertex 1.3626883862908232 1.5974774553360442 -8.918565756346363
    endloop
  endfacet
  facet normal -3.510334885829766e-17 -0.9659258262890693 -0.2588190451025168
    outer loop
      vertex 1.4446042014475087 1.6043955051024357 -8.944384269563825
      vertex 1.6838760955727932 1.62610024366061 -9.025387456627932
      vertex 7.5 1.5974774553360442 -8.918565756346363
    endloop
  endfacet
  facet normal 1.065948064224648e-16 -0.9659258262890674 -0.258819045102524
    outer loop
      vertex 1.6838760955727932 1.62610024366061 -9.025387456627932
      vertex 1.7707141558936645 1.6344723935421928 -9.05663274535458
      vertex 7.5 1.5974774553360442 -8.918565756346363
    endloop
  endfacet
  facet normal 0 -0.9961946980917455 -0.08715574274765837
    outer loop
      vertex 2.1031913297950133 1.6741731801207536 -9.204798097966219
      vertex 2.1774751909719035 1.6769782575053622 -9.236860279185588
      vertex 7.5 1.6741731801207536 -9.204798097966219
    endloop
  endfacet
  facet normal -2.0294880338382713e-16 -0.9659258262890695 -0.2588190451025162
    outer loop
      vertex 1.976627536623734 1.6585874369558307 -9.146631312601006
      vertex 2.1031913297950133 1.6741731801207536 -9.204798097966219
      vertex 7.5 1.5974774553360442 -8.918565756346363
    endloop
  endfacet
  facet normal -8.490233625839054e-18 -0.9961946980917457 -0.08715574274765699
    outer loop
      vertex 2.1774751909719035 1.6769782575053622 -9.236860279185588
      vertex 2.316711392873957 1.6831893520374654 -9.307853414544924
      vertex 7.5 1.6741731801207536 -9.204798097966219
    endloop
  endfacet
  facet normal 0 -0.9961946980917453 0.0871557427476603
    outer loop
      vertex 2.6599380396210726 1.7 -9.5
      vertex 2.7160003868482963 1.6971454015153775 -9.532628209982617
      vertex 7.5 1.7 -9.5
    endloop
  endfacet
  facet normal 3.2805012678744893e-18 -0.9961946980917453 0.08715574274765982
    outer loop
      vertex 2.7160003868482963 1.6971454015153775 -9.532628209982617
      vertex 2.93448013321342 1.6854820563574373 -9.66594085516303
      vertex 7.5 1.7 -9.5
    endloop
  endfacet
  facet normal 3.8039881697115256e-17 -0.9961946980917454 -0.08715574274765932
    outer loop
      vertex 2.56439585573886 1.6947763450707654 -9.440293350947272
      vertex 7.5 1.6741731801207536 -9.204798097966219
      vertex 2.316711392873957 1.6831893520374654 -9.307853414544924
    endloop
  endfacet
  facet normal 5.514397727258299e-18 -0.9961946980917455 -0.08715574274765862
    outer loop
      vertex 2.56439585573886 1.6947763450707654 -9.440293350947272
      vertex 2.6599380396210726 1.7 -9.5
      vertex 7.5 1.6741731801207536 -9.204798097966219
    endloop
  endfacet
  facet normal 2.4269738869206596e-16 -0.4226182617407019 0.9063077870366488
    outer loop
      vertex 4.505969606085555 0.85 -10.972243186433545
      vertex 4.5354648593434055 0.7904753212154436 -11
      vertex 5.5 0.7904753212154442 -11
    endloop
  endfacet
  facet normal 0 -0.4226182617407052 0.9063077870366473
    outer loop
      vertex 4.505969606085555 0.85 -10.972243186433545
      vertex 5.5 0.7904753212154442 -11
      vertex 7.5 0.85 -10.972243186433545
    endloop
  endfacet
  facet normal -1.066256105674314e-15 -0.5735764363510356 0.819152044288999
    outer loop
      vertex 4.443953810688267 0.9445915422202905 -10.906009475520017
      vertex 4.505969606085555 0.85 -10.972243186433545
      vertex 7.5 1.0927389364671167 -10.802275553302263
    endloop
  endfacet
  facet normal -8.720721285110169e-17 -0.8191520442889906 0.5735764363510479
    outer loop
      vertex 3.9750961709160975 1.3919516857048402 -10.464668146724033
      vertex 4.109378792556475 1.3022755533022625 -10.592738936467116
      vertex 7.5 1.4722431864335457 -10.35
    endloop
  endfacet
  facet normal 4.2854692654281147e-17 -0.8191520442889925 0.5735764363510452
    outer loop
      vertex 3.9750961709160975 1.3919516857048402 -10.464668146724033
      vertex 7.5 1.4722431864335457 -10.35
      vertex 3.91797869470898 1.426027623363217 -10.416002664279354
    endloop
  endfacet
  facet normal 0 -0.8191520442889912 0.5735764363510467
    outer loop
      vertex 3.83524912868264 1.4722431864335457 -10.35
      vertex 3.91797869470898 1.426027623363217 -10.416002664279354
      vertex 7.5 1.4722431864335457 -10.35
    endloop
  endfacet
  facet normal 1.1263727817763106e-19 -0.9063077870366523 0.42261826174069456
    outer loop
      vertex 3.5531439377945135 1.5819616041362465 -10.1147080939292
      vertex 7.5 1.5974774553360442 -10.081434243653637
      vertex 3.507263802565322 1.5974774553360442 -10.081434243653637
    endloop
  endfacet
  facet normal -1.1083614220339696e-16 -0.9063077870366472 0.42261826174070544
    outer loop
      vertex 3.5531439377945135 1.5819616041362465 -10.1147080939292
      vertex 3.6375119739980044 1.5518050828735648 -10.179378962475514
      vertex 7.5 1.5974774553360442 -10.081434243653637
    endloop
  endfacet
  facet normal 5.1119913414564217e-17 -0.9063077870366497 0.42261826174070016
    outer loop
      vertex 3.6375119739980044 1.5518050828735648 -10.179378962475514
      vertex 3.83524912868264 1.4722431864335457 -10.35
      vertex 7.5 1.5974774553360442 -10.081434243653637
    endloop
  endfacet
  facet normal -1.15996364771582e-18 -0.5735764363510504 0.8191520442889887
    outer loop
      vertex 4.443953810688267 0.9445915422202905 -10.906009475520017
      vertex 7.5 1.0927389364671167 -10.802275553302263
      vertex 4.334949013362085 1.0927389364671167 -10.802275553302263
    endloop
  endfacet
  facet normal -4.180588897953547e-16 -0.7071067811865455 0.7071067811865495
    outer loop
      vertex 4.30181767819279 1.1278333773779812 -10.767181112391398
      vertex 4.334949013362085 1.0927389364671167 -10.802275553302263
      vertex 7.5 1.3022755533022625 -10.592738936467116
    endloop
  endfacet
  facet normal -8.722748902879566e-17 -0.7071067811865486 0.7071067811865465
    outer loop
      vertex 4.30181767819279 1.1278333773779812 -10.767181112391398
      vertex 7.5 1.3022755533022625 -10.592738936467116
      vertex 4.216269210222573 1.2089957411482561 -10.686018748621123
    endloop
  endfacet
  facet normal 0 -0.70710678118655 0.707106781186545
    outer loop
      vertex 4.109378792556475 1.3022755533022625 -10.592738936467116
      vertex 4.216269210222573 1.2089957411482561 -10.686018748621123
      vertex 7.5 1.3022755533022625 -10.592738936467116
    endloop
  endfacet
  facet normal 0 -0.9659258262890693 0.2588190451025166
    outer loop
      vertex 3.1187794770297663 1.6741731801207536 -9.795201902033781
      vertex 3.1412579387521884 1.6702364733160344 -9.809893891843496
      vertex 7.5 1.6741731801207536 -9.795201902033781
    endloop
  endfacet
  facet normal -1.2806441032058625e-17 -0.9659258262890684 0.2588190451025202
    outer loop
      vertex 3.1412579387521884 1.6702364733160344 -9.809893891843496
      vertex 3.29093090242122 1.642688732587979 -9.912703459874333
      vertex 7.5 1.6741731801207536 -9.795201902033781
    endloop
  endfacet
  facet normal 1.0919639591948735e-16 -0.9961946980917455 0.08715574274765692
    outer loop
      vertex 2.93448013321342 1.6854820563574373 -9.66594085516303
      vertex 3.1187794770297663 1.6741731801207536 -9.795201902033781
      vertex 7.5 1.7 -9.5
    endloop
  endfacet
  facet normal 5.63954053427998e-19 -0.9659258262890685 0.2588190451025197
    outer loop
      vertex 3.507263802565322 1.5974774553360442 -10.081434243653637
      vertex 7.5 1.6741731801207536 -9.795201902033781
      vertex 3.29093090242122 1.642688732587979 -9.912703459874333
    endloop
  endfacet
  facet normal 0 -0.9659258262890686 -0.25881904510251974
    outer loop
      vertex 2.1031913297950133 1.6741731801207536 -9.204798097966219
      vertex 7.5 1.6741731801207536 -9.204798097966219
      vertex 7.5 1.5974774553360442 -8.918565756346363
    endloop
  endfacet
  facet normal 0 -0.9961946980917454 -0.08715574274765854
    outer loop
      vertex 2.6599380396210726 1.7 -9.5
      vertex 7.5 1.7 -9.5
      vertex 7.5 1.6741731801207536 -9.204798097966219
    endloop
  endfacet
  facet normal 0 -0.9063077870366494 -0.4226182617407007
    outer loop
      vertex 1.3626883862908232 1.5974774553360442 -8.918565756346363
      vertex 7.5 1.5974774553360442 -8.918565756346363
      vertex 7.5 1.4722431864335457 -8.65
    endloop
  endfacet
  facet normal 0 -0.08715574274765628 0.9961946980917457
    outer loop
      vertex 7.5 0 -11.2
      vertex 5.5 0.29520190203378155 -11.174173180120754
      vertex 5.5 0 -11.2
    endloop
  endfacet
  facet normal 0 -0.258819045102521 0.9659258262890681
    outer loop
      vertex 7.5 0.29520190203378155 -11.174173180120754
      vertex 5.5 0.5814342436536368 -11.097477455336044
      vertex 5.5 0.29520190203378155 -11.174173180120754
    endloop
  endfacet
  facet normal 0 -0.4226182617407002 0.9063077870366497
    outer loop
      vertex 7.5 0.5814342436536368 -11.097477455336044
      vertex 5.5 0.7904753212154442 -11
      vertex 5.5 0.5814342436536368 -11.097477455336044
    endloop
  endfacet
  facet normal 0 -0.5735764363510445 0.8191520442889929
    outer loop
      vertex 4.505969606085555 0.85 -10.972243186433545
      vertex 7.5 0.85 -10.972243186433545
      vertex 7.5 1.0927389364671167 -10.802275553302263
    endloop
  endfacet
  facet normal -6.722068661868915e-19 -0.08715574274765628 0.9961946980917457
    outer loop
      vertex 7.5 0 -11.2
      vertex 7.5 0.29520190203378155 -11.174173180120754
      vertex 5.5 0.29520190203378155 -11.174173180120754
    endloop
  endfacet
  facet normal 2.1381706946405003e-18 -0.258819045102521 0.9659258262890681
    outer loop
      vertex 7.5 0.29520190203378155 -11.174173180120754
      vertex 7.5 0.5814342436536368 -11.097477455336044
      vertex 5.5 0.5814342436536368 -11.097477455336044
    endloop
  endfacet
  facet normal -1.388857732937587e-16 -0.42261826174070133 0.9063077870366492
    outer loop
      vertex 7.5 0.5814342436536368 -11.097477455336044
      vertex 7.5 0.85 -10.972243186433545
      vertex 5.5 0.7904753212154442 -11
    endloop
  endfacet
  facet normal 0 -0.8191520442889911 0.573576436351047
    outer loop
      vertex 4.109378792556475 1.3022755533022625 -10.592738936467116
      vertex 7.5 1.3022755533022625 -10.592738936467116
      vertex 7.5 1.4722431864335457 -10.35
    endloop
  endfacet
  facet normal 0 -0.7071067811865487 0.7071067811865465
    outer loop
      vertex 4.334949013362085 1.0927389364671167 -10.802275553302263
      vertex 7.5 1.0927389364671167 -10.802275553302263
      vertex 7.5 1.3022755533022625 -10.592738936467116
    endloop
  endfacet
  facet normal 0 -0.9659258262890685 0.25881904510251974
    outer loop
      vertex 3.507263802565322 1.5974774553360442 -10.081434243653637
      vertex 7.5 1.5974774553360442 -10.081434243653637
      vertex 7.5 1.6741731801207536 -9.795201902033781
    endloop
  endfacet
  facet normal 0 -0.9063077870366493 0.42261826174070066
    outer loop
      vertex 3.83524912868264 1.4722431864335457 -10.35
      vertex 7.5 1.4722431864335457 -10.35
      vertex 7.5 1.5974774553360442 -10.081434243653637
    endloop
  endfacet
  facet normal 0 -0.9961946980917455 0.08715574274765855
    outer loop
      vertex 3.1187794770297663 1.6741731801207536 -9.795201902033781
      vertex 7.5 1.6741731801207536 -9.795201902033781
      vertex 7.5 1.7 -9.5
    endloop
  endfacet
  facet normal 0 0.5000000000000019 0.8660254037844376
    outer loop
      vertex 7.5 -2.6495963211660243 -4.24024048078213
      vertex -12 -2.347357813929454 -4.414737964294635
      vertex -12 -2.6495963211660243 -4.24024048078213
    endloop
  endfacet
  facet normal 0 0.4383711467890761 0.8987940462991677
    outer loop
      vertex 7.5 -2.347357813929454 -4.414737964294635
      vertex -12 -2.033683215379001 -4.567727288213004
      vertex -12 -2.347357813929454 -4.414737964294635
    endloop
  endfacet
  facet normal 0 0.37460659341591396 0.9271838545667865
    outer loop
      vertex 7.5 -2.033683215379001 -4.567727288213004
      vertex -12 -1.7101007166283435 -4.698463103929543
      vertex -12 -2.033683215379001 -4.567727288213004
    endloop
  endfacet
  facet normal 0 0.3090169943749461 0.9510565162951541
    outer loop
      vertex 7.5 -1.7101007166283435 -4.698463103929543
      vertex -12 -1.3781867790849958 -4.8063084796915945
      vertex -12 -1.7101007166283435 -4.698463103929543
    endloop
  endfacet
  facet normal 0 0.24192189559966815 0.9702957262759964
    outer loop
      vertex 7.5 -1.3781867790849958 -4.8063084796915945
      vertex -12 -1.0395584540887968 -4.8907380036690284
      vertex -12 -1.3781867790849958 -4.8063084796915945
    endloop
  endfacet
  facet normal 0 0.1736481776669296 0.9848077530122081
    outer loop
      vertex 7.5 -1.0395584540887968 -4.8907380036690284
      vertex -12 -0.6958655048003272 -4.951340343707852
      vertex -12 -1.0395584540887968 -4.8907380036690284
    endloop
  endfacet
  facet normal 0 0.10452846326765337 0.9945218953682733
    outer loop
      vertex 7.5 -0.6958655048003272 -4.951340343707852
      vertex -12 -0.3487823687206265 -4.987820251299121
      vertex -12 -0.6958655048003272 -4.951340343707852
    endloop
  endfacet
  facet normal 0 0.03489949670250105 0.9993908270190958
    outer loop
      vertex 7.5 -0.3487823687206265 -4.987820251299121
      vertex -12 0 -5
      vertex -12 -0.3487823687206265 -4.987820251299121
    endloop
  endfacet
  facet normal 8.231495789264975e-18 0.8090169943749463 0.5877852522924748
    outer loop
      vertex -8 -3.9969474074105964 -3
      vertex -12 -3.9400537680336094 -3.0783073766282913
      vertex -12 -4.145187862775209 -2.7959645173537346
    endloop
  endfacet
  facet normal 0 0.7193398003386512 0.6946583704589971
    outer loop
      vertex -8 -3.715724127386971 -3.345653031794291
      vertex -12 -3.4732918522949863 -3.596699001693256
      vertex -12 -3.715724127386971 -3.345653031794291
    endloop
  endfacet
  facet normal 0 0.7660444431189786 0.6427876096865388
    outer loop
      vertex -8 -3.9400537680336094 -3.0783073766282913
      vertex -12 -3.715724127386971 -3.345653031794291
      vertex -12 -3.9400537680336094 -3.0783073766282913
    endloop
  endfacet
  facet normal 3.6953109777474256e-16 0.7193398003386542 0.6946583704589941
    outer loop
      vertex -8 -3.715724127386971 -3.345653031794291
      vertex -8 -3.700000000000001 -3.361935842361403
      vertex -12 -3.4732918522949863 -3.596699001693256
    endloop
  endfacet
  facet normal -9.348307620541065e-19 0.809016994374946 0.587785252292475
    outer loop
      vertex -8 -3.9969474074105964 -3
      vertex -8 -3.9400537680336094 -3.0783073766282913
      vertex -12 -3.9400537680336094 -3.0783073766282913
    endloop
  endfacet
  facet normal 1.1905095609222268e-18 0.7660444431189786 0.6427876096865388
    outer loop
      vertex -8 -3.9400537680336094 -3.0783073766282913
      vertex -8 -3.715724127386971 -3.345653031794291
      vertex -12 -3.715724127386971 -3.345653031794291
    endloop
  endfacet
  facet normal 0 0.8480480961564271 0.5299192642332031
    outer loop
      vertex 7.5 -4.330127018922193 -2.5
      vertex -12 -4.145187862775209 -2.7959645173537346
      vertex -12 -4.330127018922193 -2.5
    endloop
  endfacet
  facet normal 0 0.9135454576426011 0.4067366430757999
    outer loop
      vertex 7.5 -4.635919272833937 -1.87303296707956
      vertex -12 -4.493970231495835 -2.1918557339453875
      vertex -12 -4.635919272833937 -1.87303296707956
    endloop
  endfacet
  facet normal 0 0.939692620785909 0.34202014332566716
    outer loop
      vertex 7.5 -4.755282581475767 -1.545084971874737
      vertex -12 -4.635919272833937 -1.87303296707956
      vertex -12 -4.755282581475767 -1.545084971874737
    endloop
  endfacet
  facet normal 0 0.9781476007338059 0.2079116908177581
    outer loop
      vertex 7.5 -4.92403876506104 -0.8682408883346516
      vertex -12 -4.851478631379982 -1.2096094779983386
      vertex -12 -4.92403876506104 -0.8682408883346516
    endloop
  endfacet
  facet normal 0 0.9612616959383185 0.2756373558170004
    outer loop
      vertex 7.5 -4.851478631379982 -1.2096094779983386
      vertex -12 -4.755282581475767 -1.545084971874737
      vertex -12 -4.851478631379982 -1.2096094779983386
    endloop
  endfacet
  facet normal 0 0.99026806874157 0.13917310096006696
    outer loop
      vertex 7.5 -4.972609476841367 -0.5226423163382674
      vertex -12 -4.92403876506104 -0.8682408883346516
      vertex -12 -4.972609476841367 -0.5226423163382674
    endloop
  endfacet
  facet normal 0 0.8829475928589261 0.46947156278589225
    outer loop
      vertex 7.5 -4.493970231495835 -2.1918557339453875
      vertex -12 -4.330127018922193 -2.5
      vertex -12 -4.493970231495835 -2.1918557339453875
    endloop
  endfacet
  facet normal -1.2916986803081453e-20 0.8090169943749463 0.5877852522924747
    outer loop
      vertex -8 -3.9969474074105964 -3
      vertex -12 -4.145187862775209 -2.7959645173537346
      vertex 7.5 -4.145187862775209 -2.7959645173537346
    endloop
  endfacet
  facet normal 0 0.9975640502598243 0.06975647374412483
    outer loop
      vertex 7.5 -4.9969541350954785 -0.17449748351250485
      vertex -12 -4.972609476841367 -0.5226423163382674
      vertex -12 -4.9969541350954785 -0.17449748351250485
    endloop
  endfacet
  facet normal 0 1 0
    outer loop
      vertex 7.5 -4.9969541350954785 0.17449748351250485
      vertex -12 -4.9969541350954785 -0.17449748351250485
      vertex -12 -4.9969541350954785 0.17449748351250485
    endloop
  endfacet
  facet normal 0 0.9975640502598243 -0.06975647374412483
    outer loop
      vertex 7.5 -4.972609476841367 0.5226423163382674
      vertex -12 -4.9969541350954785 0.17449748351250485
      vertex -12 -4.972609476841367 0.5226423163382674
    endloop
  endfacet
  facet normal 0 0.99026806874157 -0.13917310096006696
    outer loop
      vertex 7.5 -4.92403876506104 0.8682408883346516
      vertex -12 -4.972609476841367 0.5226423163382674
      vertex -12 -4.92403876506104 0.8682408883346516
    endloop
  endfacet
  facet normal 0 0.9781476007338059 -0.2079116908177581
    outer loop
      vertex 7.5 -4.851478631379982 1.2096094779983386
      vertex -12 -4.92403876506104 0.8682408883346516
      vertex -12 -4.851478631379982 1.2096094779983386
    endloop
  endfacet
  facet normal 0 0.9612616959383185 -0.2756373558170004
    outer loop
      vertex 7.5 -4.755282581475767 1.545084971874737
      vertex -12 -4.851478631379982 1.2096094779983386
      vertex -12 -4.755282581475767 1.545084971874737
    endloop
  endfacet
  facet normal 0 0.939692620785909 -0.34202014332566716
    outer loop
      vertex 7.5 -4.635919272833937 1.87303296707956
      vertex -12 -4.755282581475767 1.545084971874737
      vertex -12 -4.635919272833937 1.87303296707956
    endloop
  endfacet
  facet normal 0 0.9135454576426011 -0.4067366430757999
    outer loop
      vertex 7.5 -4.493970231495835 2.1918557339453875
      vertex -12 -4.635919272833937 1.87303296707956
      vertex -12 -4.493970231495835 2.1918557339453875
    endloop
  endfacet
  facet normal 0 0.8829475928589261 -0.46947156278589225
    outer loop
      vertex 7.5 -4.330127018922193 2.5
      vertex -12 -4.493970231495835 2.1918557339453875
      vertex -12 -4.330127018922193 2.5
    endloop
  endfacet
  facet normal 0 0.8480480961564271 -0.5299192642332031
    outer loop
      vertex 7.5 -4.145187862775209 2.7959645173537346
      vertex -12 -4.330127018922193 2.5
      vertex -12 -4.145187862775209 2.7959645173537346
    endloop
  endfacet
  facet normal 0 0.8090169943749461 -0.5877852522924748
    outer loop
      vertex 7.5 -3.9400537680336094 3.0783073766282913
      vertex -12 -4.145187862775209 2.7959645173537346
      vertex -12 -3.9400537680336094 3.0783073766282913
    endloop
  endfacet
  facet normal 0 0.6691306063588573 0.743144825477395
    outer loop
      vertex 7.5 -3.4732918522949863 -3.596699001693256
      vertex -12 -3.2139380484326963 -3.83022221559489
      vertex -12 -3.4732918522949863 -3.596699001693256
    endloop
  endfacet
  facet normal 0 0.6156614753256598 0.7880107536067209
    outer loop
      vertex 7.5 -3.2139380484326963 -3.83022221559489
      vertex -12 -2.938926261462366 -4.045084971874737
      vertex -12 -3.2139380484326963 -3.83022221559489
    endloop
  endfacet
  facet normal 0 0.5591929034707452 0.8290375725550428
    outer loop
      vertex 7.5 -2.938926261462366 -4.045084971874737
      vertex -12 -2.6495963211660243 -4.24024048078213
      vertex -12 -2.938926261462366 -4.045084971874737
    endloop
  endfacet
  facet normal 4.604351769841989e-19 0.7193398003386511 0.6946583704589975
    outer loop
      vertex -8 -3.700000000000001 -3.361935842361403
      vertex 7.5 -3.4732918522949863 -3.596699001693256
      vertex -12 -3.4732918522949863 -3.596699001693256
    endloop
  endfacet
  facet normal 0 0.7660444431189786 -0.6427876096865388
    outer loop
      vertex 7.5 -3.715724127386971 3.345653031794291
      vertex -12 -3.9400537680336094 3.0783073766282913
      vertex -12 -3.715724127386971 3.345653031794291
    endloop
  endfacet
  facet normal 0 0.7193398003386512 -0.694658370458997
    outer loop
      vertex 7.5 -3.4732918522949863 3.596699001693256
      vertex -12 -3.715724127386971 3.345653031794291
      vertex -12 -3.4732918522949863 3.596699001693256
    endloop
  endfacet
  facet normal 0 0.6691306063588573 -0.743144825477395
    outer loop
      vertex 7.5 -3.2139380484326963 3.83022221559489
      vertex -12 -3.4732918522949863 3.596699001693256
      vertex -12 -3.2139380484326963 3.83022221559489
    endloop
  endfacet
  facet normal 0 0.6156614753256598 -0.7880107536067209
    outer loop
      vertex 7.5 -2.938926261462366 4.045084971874737
      vertex -12 -3.2139380484326963 3.83022221559489
      vertex -12 -2.938926261462366 4.045084971874737
    endloop
  endfacet
  facet normal 0 0.5591929034707452 -0.8290375725550428
    outer loop
      vertex 7.5 -2.6495963211660243 4.24024048078213
      vertex -12 -2.938926261462366 4.045084971874737
      vertex -12 -2.6495963211660243 4.24024048078213
    endloop
  endfacet
  facet normal 0 0.5000000000000019 -0.8660254037844376
    outer loop
      vertex 7.5 -2.347357813929454 4.414737964294635
      vertex -12 -2.6495963211660243 4.24024048078213
      vertex -12 -2.347357813929454 4.414737964294635
    endloop
  endfacet
  facet normal 0 0.4383711467890761 -0.8987940462991677
    outer loop
      vertex 7.5 -2.033683215379001 4.567727288213004
      vertex -12 -2.347357813929454 4.414737964294635
      vertex -12 -2.033683215379001 4.567727288213004
    endloop
  endfacet
  facet normal 0 0.37460659341591396 -0.9271838545667865
    outer loop
      vertex 7.5 -1.7101007166283435 4.698463103929543
      vertex -12 -2.033683215379001 4.567727288213004
      vertex -12 -1.7101007166283435 4.698463103929543
    endloop
  endfacet
  facet normal 0 0.3090169943749461 -0.9510565162951541
    outer loop
      vertex 7.5 -1.3781867790849958 4.8063084796915945
      vertex -12 -1.7101007166283435 4.698463103929543
      vertex -12 -1.3781867790849958 4.8063084796915945
    endloop
  endfacet
  facet normal 0 0.24192189559966815 -0.9702957262759964
    outer loop
      vertex 7.5 -1.0395584540887968 4.8907380036690284
      vertex -12 -1.3781867790849958 4.8063084796915945
      vertex -12 -1.0395584540887968 4.8907380036690284
    endloop
  endfacet
  facet normal 0 0.1736481776669296 -0.9848077530122081
    outer loop
      vertex 7.5 -0.6958655048003272 4.951340343707852
      vertex -12 -1.0395584540887968 4.8907380036690284
      vertex -12 -0.6958655048003272 4.951340343707852
    endloop
  endfacet
  facet normal 0 0.10452846326765337 -0.9945218953682733
    outer loop
      vertex 7.5 -0.3487823687206265 4.987820251299121
      vertex -12 -0.6958655048003272 4.951340343707852
      vertex -12 -0.3487823687206265 4.987820251299121
    endloop
  endfacet
  facet normal 0 0.03489949670250105 -0.9993908270190958
    outer loop
      vertex 7.5 0 5
      vertex -12 -0.3487823687206265 4.987820251299121
      vertex -12 0 5
    endloop
  endfacet
  facet normal 0 -0.03489949670250105 0.9993908270190958
    outer loop
      vertex 7.5 0 -5
      vertex -12 0.3487823687206265 -4.987820251299121
      vertex -12 0 -5
    endloop
  endfacet
  facet normal 0 -0.10452846326765337 0.9945218953682733
    outer loop
      vertex 7.5 0.3487823687206265 -4.987820251299121
      vertex -12 0.6958655048003272 -4.951340343707852
      vertex -12 0.3487823687206265 -4.987820251299121
    endloop
  endfacet
  facet normal 0 -0.1736481776669296 0.9848077530122081
    outer loop
      vertex 7.5 0.6958655048003272 -4.951340343707852
      vertex -12 1.0395584540887968 -4.8907380036690284
      vertex -12 0.6958655048003272 -4.951340343707852
    endloop
  endfacet
  facet normal 0 -0.24192189559966815 0.9702957262759964
    outer loop
      vertex 7.5 1.0395584540887968 -4.8907380036690284
      vertex -12 1.3781867790849958 -4.8063084796915945
      vertex -12 1.0395584540887968 -4.8907380036690284
    endloop
  endfacet
  facet normal 0 -0.3090169943749461 0.9510565162951541
    outer loop
      vertex 7.5 1.3781867790849958 -4.8063084796915945
      vertex -12 1.7101007166283435 -4.698463103929543
      vertex -12 1.3781867790849958 -4.8063084796915945
    endloop
  endfacet
  facet normal 0 -0.37460659341591396 0.9271838545667865
    outer loop
      vertex 7.5 1.7101007166283435 -4.698463103929543
      vertex -12 2.033683215379001 -4.567727288213004
      vertex -12 1.7101007166283435 -4.698463103929543
    endloop
  endfacet
  facet normal 0 -0.4383711467890761 0.8987940462991677
    outer loop
      vertex 7.5 2.033683215379001 -4.567727288213004
      vertex -12 2.347357813929454 -4.414737964294635
      vertex -12 2.033683215379001 -4.567727288213004
    endloop
  endfacet
  facet normal 0 -0.5000000000000019 0.8660254037844376
    outer loop
      vertex 7.5 2.347357813929454 -4.414737964294635
      vertex -12 2.6495963211660243 -4.24024048078213
      vertex -12 2.347357813929454 -4.414737964294635
    endloop
  endfacet
  facet normal 0 -0.5591929034707452 0.8290375725550428
    outer loop
      vertex 7.5 2.6495963211660243 -4.24024048078213
      vertex -12 2.938926261462366 -4.045084971874737
      vertex -12 2.6495963211660243 -4.24024048078213
    endloop
  endfacet
  facet normal 0 -0.6156614753256598 0.7880107536067209
    outer loop
      vertex 7.5 2.938926261462366 -4.045084971874737
      vertex -12 3.2139380484326963 -3.83022221559489
      vertex -12 2.938926261462366 -4.045084971874737
    endloop
  endfacet
  facet normal 0 -0.6691306063588573 0.743144825477395
    outer loop
      vertex 7.5 3.2139380484326963 -3.83022221559489
      vertex -12 3.4732918522949863 -3.596699001693256
      vertex -12 3.2139380484326963 -3.83022221559489
    endloop
  endfacet
  facet normal 0 -0.7193398003386512 0.694658370458997
    outer loop
      vertex 7.5 3.4732918522949863 -3.596699001693256
      vertex -12 3.715724127386971 -3.345653031794291
      vertex -12 3.4732918522949863 -3.596699001693256
    endloop
  endfacet
  facet normal 0 -0.7660444431189786 0.6427876096865388
    outer loop
      vertex 7.5 3.715724127386971 -3.345653031794291
      vertex -12 3.9400537680336094 -3.0783073766282913
      vertex -12 3.715724127386971 -3.345653031794291
    endloop
  endfacet
  facet normal 0 -0.7660444431189786 -0.6427876096865388
    outer loop
      vertex 7.5 3.9400537680336094 3.0783073766282913
      vertex -12 3.715724127386971 3.345653031794291
      vertex -12 3.9400537680336094 3.0783073766282913
    endloop
  endfacet
  facet normal 0 -0.03489949670250105 -0.9993908270190958
    outer loop
      vertex 7.5 0.3487823687206265 4.987820251299121
      vertex -12 0 5
      vertex -12 0.3487823687206265 4.987820251299121
    endloop
  endfacet
  facet normal 0 -0.10452846326765337 -0.9945218953682733
    outer loop
      vertex 7.5 0.6958655048003272 4.951340343707852
      vertex -12 0.3487823687206265 4.987820251299121
      vertex -12 0.6958655048003272 4.951340343707852
    endloop
  endfacet
  facet normal 0 -0.1736481776669296 -0.9848077530122081
    outer loop
      vertex 7.5 1.0395584540887968 4.8907380036690284
      vertex -12 0.6958655048003272 4.951340343707852
      vertex -12 1.0395584540887968 4.8907380036690284
    endloop
  endfacet
  facet normal 0 -0.24192189559966815 -0.9702957262759964
    outer loop
      vertex 7.5 1.3781867790849958 4.8063084796915945
      vertex -12 1.0395584540887968 4.8907380036690284
      vertex -12 1.3781867790849958 4.8063084796915945
    endloop
  endfacet
  facet normal 0 -0.3090169943749461 -0.9510565162951541
    outer loop
      vertex 7.5 1.7101007166283435 4.698463103929543
      vertex -12 1.3781867790849958 4.8063084796915945
      vertex -12 1.7101007166283435 4.698463103929543
    endloop
  endfacet
  facet normal 0 -0.37460659341591396 -0.9271838545667865
    outer loop
      vertex 7.5 2.033683215379001 4.567727288213004
      vertex -12 1.7101007166283435 4.698463103929543
      vertex -12 2.033683215379001 4.567727288213004
    endloop
  endfacet
  facet normal 0 -0.4383711467890761 -0.8987940462991677
    outer loop
      vertex 7.5 2.347357813929454 4.414737964294635
      vertex -12 2.033683215379001 4.567727288213004
      vertex -12 2.347357813929454 4.414737964294635
    endloop
  endfacet
  facet normal 0 -0.5000000000000019 -0.8660254037844376
    outer loop
      vertex 7.5 2.6495963211660243 4.24024048078213
      vertex -12 2.347357813929454 4.414737964294635
      vertex -12 2.6495963211660243 4.24024048078213
    endloop
  endfacet
  facet normal 0 -0.5591929034707452 -0.8290375725550428
    outer loop
      vertex 7.5 2.938926261462366 4.045084971874737
      vertex -12 2.6495963211660243 4.24024048078213
      vertex -12 2.938926261462366 4.045084971874737
    endloop
  endfacet
  facet normal 0 -0.6156614753256598 -0.7880107536067209
    outer loop
      vertex 7.5 3.2139380484326963 3.83022221559489
      vertex -12 2.938926261462366 4.045084971874737
      vertex -12 3.2139380484326963 3.83022221559489
    endloop
  endfacet
  facet normal 0 -0.6691306063588573 -0.743144825477395
    outer loop
      vertex 7.5 3.4732918522949863 3.596699001693256
      vertex -12 3.2139380484326963 3.83022221559489
      vertex -12 3.4732918522949863 3.596699001693256
    endloop
  endfacet
  facet normal 0 -0.7193398003386512 -0.694658370458997
    outer loop
      vertex 7.5 3.715724127386971 3.345653031794291
      vertex -12 3.4732918522949863 3.596699001693256
      vertex -12 3.715724127386971 3.345653031794291
    endloop
  endfacet
  facet normal 0 -0.8090169943749461 0.5877852522924748
    outer loop
      vertex 7.5 3.9400537680336094 -3.0783073766282913
      vertex -12 4.145187862775209 -2.7959645173537346
      vertex -12 3.9400537680336094 -3.0783073766282913
    endloop
  endfacet
  facet normal 0 -0.8480480961564271 0.5299192642332031
    outer loop
      vertex 7.5 4.145187862775209 -2.7959645173537346
      vertex -12 4.330127018922193 -2.5
      vertex -12 4.145187862775209 -2.7959645173537346
    endloop
  endfacet
  facet normal 0 -0.8829475928589261 0.46947156278589225
    outer loop
      vertex 7.5 4.330127018922193 -2.5
      vertex -12 4.493970231495835 -2.1918557339453875
      vertex -12 4.330127018922193 -2.5
    endloop
  endfacet
  facet normal 0 -0.9135454576426011 0.4067366430757999
    outer loop
      vertex 7.5 4.493970231495835 -2.1918557339453875
      vertex -12 4.635919272833937 -1.87303296707956
      vertex -12 4.493970231495835 -2.1918557339453875
    endloop
  endfacet
  facet normal 0 -0.939692620785909 0.34202014332566716
    outer loop
      vertex 7.5 4.635919272833937 -1.87303296707956
      vertex -12 4.755282581475767 -1.545084971874737
      vertex -12 4.635919272833937 -1.87303296707956
    endloop
  endfacet
  facet normal 0 -0.9612616959383185 0.2756373558170004
    outer loop
      vertex 7.5 4.755282581475767 -1.545084971874737
      vertex -12 4.851478631379982 -1.2096094779983386
      vertex -12 4.755282581475767 -1.545084971874737
    endloop
  endfacet
  facet normal 0 -0.9781476007338059 0.2079116908177581
    outer loop
      vertex 7.5 4.851478631379982 -1.2096094779983386
      vertex -12 4.92403876506104 -0.8682408883346516
      vertex -12 4.851478631379982 -1.2096094779983386
    endloop
  endfacet
  facet normal 0 -0.99026806874157 0.13917310096006696
    outer loop
      vertex 7.5 4.92403876506104 -0.8682408883346516
      vertex -12 4.972609476841367 -0.5226423163382674
      vertex -12 4.92403876506104 -0.8682408883346516
    endloop
  endfacet
  facet normal 0 -0.9975640502598243 0.06975647374412483
    outer loop
      vertex 7.5 4.972609476841367 -0.5226423163382674
      vertex -12 4.9969541350954785 -0.17449748351250485
      vertex -12 4.972609476841367 -0.5226423163382674
    endloop
  endfacet
  facet normal 0 -1 0
    outer loop
      vertex 7.5 4.9969541350954785 -0.17449748351250485
      vertex -12 4.9969541350954785 0.17449748351250485
      vertex -12 4.9969541350954785 -0.17449748351250485
    endloop
  endfacet
  facet normal 0 -0.9975640502598243 -0.06975647374412483
    outer loop
      vertex 7.5 4.9969541350954785 0.17449748351250485
      vertex -12 4.972609476841367 0.5226423163382674
      vertex -12 4.9969541350954785 0.17449748351250485
    endloop
  endfacet
  facet normal 0 -0.99026806874157 -0.13917310096006696
    outer loop
      vertex 7.5 4.972609476841367 0.5226423163382674
      vertex -12 4.92403876506104 0.8682408883346516
      vertex -12 4.972609476841367 0.5226423163382674
    endloop
  endfacet
  facet normal 0 -0.9781476007338059 -0.2079116908177581
    outer loop
      vertex 7.5 4.92403876506104 0.8682408883346516
      vertex -12 4.851478631379982 1.2096094779983386
      vertex -12 4.92403876506104 0.8682408883346516
    endloop
  endfacet
  facet normal 0 -0.9612616959383185 -0.2756373558170004
    outer loop
      vertex 7.5 4.851478631379982 1.2096094779983386
      vertex -12 4.755282581475767 1.545084971874737
      vertex -12 4.851478631379982 1.2096094779983386
    endloop
  endfacet
  facet normal 0 -0.8829475928589261 -0.46947156278589225
    outer loop
      vertex 7.5 4.493970231495835 2.1918557339453875
      vertex -12 4.330127018922193 2.5
      vertex -12 4.493970231495835 2.1918557339453875
    endloop
  endfacet
  facet normal 0 -0.8090169943749461 -0.5877852522924748
    outer loop
      vertex 7.5 4.145187862775209 2.7959645173537346
      vertex -12 3.9400537680336094 3.0783073766282913
      vertex -12 4.145187862775209 2.7959645173537346
    endloop
  endfacet
  facet normal 0 -0.8480480961564271 -0.5299192642332031
    outer loop
      vertex 7.5 4.330127018922193 2.5
      vertex -12 4.145187862775209 2.7959645173537346
      vertex -12 4.330127018922193 2.5
    endloop
  endfacet
  facet normal 0 -0.939692620785909 -0.34202014332566716
    outer loop
      vertex 7.5 4.755282581475767 1.545084971874737
      vertex -12 4.635919272833937 1.87303296707956
      vertex -12 4.755282581475767 1.545084971874737
    endloop
  endfacet
  facet normal 0 -0.9135454576426011 -0.4067366430757999
    outer loop
      vertex 7.5 4.635919272833937 1.87303296707956
      vertex -12 4.493970231495835 2.1918557339453875
      vertex -12 4.635919272833937 1.87303296707956
    endloop
  endfacet
  facet normal 2.1076201906582365e-21 0.5000000000000019 0.8660254037844376
    outer loop
      vertex 7.5 -2.6495963211660243 -4.24024048078213
      vertex 7.5 -2.347357813929454 -4.414737964294635
      vertex -12 -2.347357813929454 -4.414737964294635
    endloop
  endfacet
  facet normal -1.94433849501518e-19 0.4383711467890761 0.8987940462991677
    outer loop
      vertex 7.5 -2.347357813929454 -4.414737964294635
      vertex 7.5 -2.033683215379001 -4.567727288213004
      vertex -12 -2.033683215379001 -4.567727288213004
    endloop
  endfacet
  facet normal 4.2376599770287513e-19 0.37460659341591396 0.9271838545667865
    outer loop
      vertex 7.5 -2.033683215379001 -4.567727288213004
      vertex 7.5 -1.7101007166283435 -4.698463103929543
      vertex -12 -1.7101007166283435 -4.698463103929543
    endloop
  endfacet
  facet normal 4.341083052255146e-19 0.3090169943749461 0.9510565162951541
    outer loop
      vertex 7.5 -1.7101007166283435 -4.698463103929543
      vertex 7.5 -1.3781867790849958 -4.8063084796915945
      vertex -12 -1.3781867790849958 -4.8063084796915945
    endloop
  endfacet
  facet normal -9.224409357775084e-21 0.24192189559966815 0.9702957262759964
    outer loop
      vertex 7.5 -1.3781867790849958 -4.8063084796915945
      vertex 7.5 -1.0395584540887968 -4.8907380036690284
      vertex -12 -1.0395584540887968 -4.8907380036690284
    endloop
  endfacet
  facet normal -1.1188965960328964e-20 0.1736481776669296 0.9848077530122081
    outer loop
      vertex 7.5 -1.0395584540887968 -4.8907380036690284
      vertex 7.5 -0.6958655048003272 -4.951340343707852
      vertex -12 -0.6958655048003272 -4.951340343707852
    endloop
  endfacet
  facet normal 8.640348446083875e-20 0.10452846326765337 0.9945218953682733
    outer loop
      vertex 7.5 -0.6958655048003272 -4.951340343707852
      vertex 7.5 -0.3487823687206265 -4.987820251299121
      vertex -12 -0.3487823687206265 -4.987820251299121
    endloop
  endfacet
  facet normal -9.135131257940486e-21 0.03489949670250105 0.9993908270190958
    outer loop
      vertex 7.5 -0.3487823687206265 -4.987820251299121
      vertex 7.5 0 -5
      vertex -12 0 -5
    endloop
  endfacet
  facet normal 0 0.8829475928589261 0.46947156278589225
    outer loop
      vertex 7.5 -4.330127018922193 -2.5
      vertex -12 -4.330127018922193 -2.5
      vertex 7.5 -4.493970231495835 -2.1918557339453875
    endloop
  endfacet
  facet normal 3.580089834654037e-19 0.8480480961564271 0.5299192642332031
    outer loop
      vertex 7.5 -4.330127018922193 -2.5
      vertex 7.5 -4.145187862775209 -2.7959645173537346
      vertex -12 -4.145187862775209 -2.7959645173537346
    endloop
  endfacet
  facet normal -3.399427392322502e-19 0.9612616959383185 0.2756373558170004
    outer loop
      vertex 7.5 -4.851478631379982 -1.2096094779983386
      vertex 7.5 -4.755282581475767 -1.545084971874737
      vertex -12 -4.755282581475767 -1.545084971874737
    endloop
  endfacet
  facet normal 0 0.9135454576426011 0.4067366430757999
    outer loop
      vertex 7.5 -4.493970231495835 -2.1918557339453875
      vertex -12 -4.493970231495835 -2.1918557339453875
      vertex 7.5 -4.635919272833937 -1.87303296707956
    endloop
  endfacet
  facet normal 0 0.939692620785909 0.34202014332566716
    outer loop
      vertex 7.5 -4.635919272833937 -1.87303296707956
      vertex -12 -4.635919272833937 -1.87303296707956
      vertex 7.5 -4.755282581475767 -1.545084971874737
    endloop
  endfacet
  facet normal 0 0.9781476007338059 0.2079116908177581
    outer loop
      vertex 7.5 -4.851478631379982 -1.2096094779983386
      vertex -12 -4.851478631379982 -1.2096094779983386
      vertex 7.5 -4.92403876506104 -0.8682408883346516
    endloop
  endfacet
  facet normal 1.5521624624859207e-20 0.99026806874157 0.13917310096006696
    outer loop
      vertex 7.5 -4.972609476841367 -0.5226423163382674
      vertex 7.5 -4.92403876506104 -0.8682408883346516
      vertex -12 -4.92403876506104 -0.8682408883346516
    endloop
  endfacet
  facet normal 0 0.8090169943749462 0.5877852522924746
    outer loop
      vertex -8 -3.9969474074105964 -3
      vertex 7.5 -4.145187862775209 -2.7959645173537346
      vertex 7.5 -3.9969474074105964 -3
    endloop
  endfacet
  facet normal 0 0.9975640502598243 0.06975647374412483
    outer loop
      vertex 7.5 -4.972609476841367 -0.5226423163382674
      vertex -12 -4.972609476841367 -0.5226423163382674
      vertex 7.5 -4.9969541350954785 -0.17449748351250485
    endloop
  endfacet
  facet normal 0 1 0
    outer loop
      vertex 7.5 -4.9969541350954785 -0.17449748351250485
      vertex -12 -4.9969541350954785 -0.17449748351250485
      vertex 7.5 -4.9969541350954785 0.17449748351250485
    endloop
  endfacet
  facet normal 0 0.9975640502598243 -0.06975647374412483
    outer loop
      vertex 7.5 -4.9969541350954785 0.17449748351250485
      vertex -12 -4.9969541350954785 0.17449748351250485
      vertex 7.5 -4.972609476841367 0.5226423163382674
    endloop
  endfacet
  facet normal 0 0.99026806874157 -0.13917310096006696
    outer loop
      vertex 7.5 -4.972609476841367 0.5226423163382674
      vertex -12 -4.972609476841367 0.5226423163382674
      vertex 7.5 -4.92403876506104 0.8682408883346516
    endloop
  endfacet
  facet normal 0 0.9781476007338059 -0.2079116908177581
    outer loop
      vertex 7.5 -4.92403876506104 0.8682408883346516
      vertex -12 -4.92403876506104 0.8682408883346516
      vertex 7.5 -4.851478631379982 1.2096094779983386
    endloop
  endfacet
  facet normal 0 0.9612616959383185 -0.2756373558170004
    outer loop
      vertex 7.5 -4.851478631379982 1.2096094779983386
      vertex -12 -4.851478631379982 1.2096094779983386
      vertex 7.5 -4.755282581475767 1.545084971874737
    endloop
  endfacet
  facet normal 0 0.939692620785909 -0.34202014332566716
    outer loop
      vertex 7.5 -4.755282581475767 1.545084971874737
      vertex -12 -4.755282581475767 1.545084971874737
      vertex 7.5 -4.635919272833937 1.87303296707956
    endloop
  endfacet
  facet normal 0 0.9135454576426011 -0.4067366430757999
    outer loop
      vertex 7.5 -4.635919272833937 1.87303296707956
      vertex -12 -4.635919272833937 1.87303296707956
      vertex 7.5 -4.493970231495835 2.1918557339453875
    endloop
  endfacet
  facet normal 0 0.8829475928589261 -0.46947156278589225
    outer loop
      vertex 7.5 -4.493970231495835 2.1918557339453875
      vertex -12 -4.493970231495835 2.1918557339453875
      vertex 7.5 -4.330127018922193 2.5
    endloop
  endfacet
  facet normal 0 0.8480480961564271 -0.5299192642332031
    outer loop
      vertex 7.5 -4.330127018922193 2.5
      vertex -12 -4.330127018922193 2.5
      vertex 7.5 -4.145187862775209 2.7959645173537346
    endloop
  endfacet
  facet normal 0 0.8090169943749461 -0.5877852522924748
    outer loop
      vertex 7.5 -4.145187862775209 2.7959645173537346
      vertex -12 -4.145187862775209 2.7959645173537346
      vertex 7.5 -3.9400537680336094 3.0783073766282913
    endloop
  endfacet
  facet normal -2.299416594752134e-19 0.6691306063588573 0.743144825477395
    outer loop
      vertex 7.5 -3.4732918522949863 -3.596699001693256
      vertex 7.5 -3.2139380484326963 -3.83022221559489
      vertex -12 -3.2139380484326963 -3.83022221559489
    endloop
  endfacet
  facet normal -8.580389132530082e-20 0.6156614753256598 0.7880107536067209
    outer loop
      vertex 7.5 -3.2139380484326963 -3.83022221559489
      vertex 7.5 -2.938926261462366 -4.045084971874737
      vertex -12 -2.938926261462366 -4.045084971874737
    endloop
  endfacet
  facet normal -3.893951963224004e-19 0.5591929034707452 0.8290375725550428
    outer loop
      vertex 7.5 -2.938926261462366 -4.045084971874737
      vertex 7.5 -2.6495963211660243 -4.24024048078213
      vertex -12 -2.6495963211660243 -4.24024048078213
    endloop
  endfacet
  facet normal 0 0.7193398003386511 0.6946583704589975
    outer loop
      vertex -8 -3.700000000000001 -3.361935842361403
      vertex 7.5 -3.700000000000001 -3.361935842361403
      vertex 7.5 -3.4732918522949863 -3.596699001693256
    endloop
  endfacet
  facet normal 0 0.7660444431189786 -0.6427876096865388
    outer loop
      vertex 7.5 -3.9400537680336094 3.0783073766282913
      vertex -12 -3.9400537680336094 3.0783073766282913
      vertex 7.5 -3.715724127386971 3.345653031794291
    endloop
  endfacet
  facet normal 0 0.7193398003386512 -0.694658370458997
    outer loop
      vertex 7.5 -3.715724127386971 3.345653031794291
      vertex -12 -3.715724127386971 3.345653031794291
      vertex 7.5 -3.4732918522949863 3.596699001693256
    endloop
  endfacet
  facet normal 0 0.6691306063588573 -0.743144825477395
    outer loop
      vertex 7.5 -3.4732918522949863 3.596699001693256
      vertex -12 -3.4732918522949863 3.596699001693256
      vertex 7.5 -3.2139380484326963 3.83022221559489
    endloop
  endfacet
  facet normal 0 0.6156614753256598 -0.7880107536067209
    outer loop
      vertex 7.5 -3.2139380484326963 3.83022221559489
      vertex -12 -3.2139380484326963 3.83022221559489
      vertex 7.5 -2.938926261462366 4.045084971874737
    endloop
  endfacet
  facet normal 0 0.5591929034707452 -0.8290375725550428
    outer loop
      vertex 7.5 -2.938926261462366 4.045084971874737
      vertex -12 -2.938926261462366 4.045084971874737
      vertex 7.5 -2.6495963211660243 4.24024048078213
    endloop
  endfacet
  facet normal 0 0.5000000000000019 -0.8660254037844376
    outer loop
      vertex 7.5 -2.6495963211660243 4.24024048078213
      vertex -12 -2.6495963211660243 4.24024048078213
      vertex 7.5 -2.347357813929454 4.414737964294635
    endloop
  endfacet
  facet normal 0 0.4383711467890761 -0.8987940462991677
    outer loop
      vertex 7.5 -2.347357813929454 4.414737964294635
      vertex -12 -2.347357813929454 4.414737964294635
      vertex 7.5 -2.033683215379001 4.567727288213004
    endloop
  endfacet
  facet normal 0 0.37460659341591396 -0.9271838545667865
    outer loop
      vertex 7.5 -2.033683215379001 4.567727288213004
      vertex -12 -2.033683215379001 4.567727288213004
      vertex 7.5 -1.7101007166283435 4.698463103929543
    endloop
  endfacet
  facet normal 0 0.3090169943749461 -0.9510565162951541
    outer loop
      vertex 7.5 -1.7101007166283435 4.698463103929543
      vertex -12 -1.7101007166283435 4.698463103929543
      vertex 7.5 -1.3781867790849958 4.8063084796915945
    endloop
  endfacet
  facet normal 0 0.24192189559966815 -0.9702957262759964
    outer loop
      vertex 7.5 -1.3781867790849958 4.8063084796915945
      vertex -12 -1.3781867790849958 4.8063084796915945
      vertex 7.5 -1.0395584540887968 4.8907380036690284
    endloop
  endfacet
  facet normal 0 0.1736481776669296 -0.9848077530122081
    outer loop
      vertex 7.5 -1.0395584540887968 4.8907380036690284
      vertex -12 -1.0395584540887968 4.8907380036690284
      vertex 7.5 -0.6958655048003272 4.951340343707852
    endloop
  endfacet
  facet normal 0 0.10452846326765337 -0.9945218953682733
    outer loop
      vertex 7.5 -0.6958655048003272 4.951340343707852
      vertex -12 -0.6958655048003272 4.951340343707852
      vertex 7.5 -0.3487823687206265 4.987820251299121
    endloop
  endfacet
  facet normal 0 0.03489949670250105 -0.9993908270190958
    outer loop
      vertex 7.5 -0.3487823687206265 4.987820251299121
      vertex -12 -0.3487823687206265 4.987820251299121
      vertex 7.5 0 5
    endloop
  endfacet
  facet normal 9.135131257940486e-21 -0.03489949670250105 0.9993908270190958
    outer loop
      vertex 7.5 0 -5
      vertex 7.5 0.3487823687206265 -4.987820251299121
      vertex -12 0.3487823687206265 -4.987820251299121
    endloop
  endfacet
  facet normal -8.640348446083875e-20 -0.10452846326765337 0.9945218953682733
    outer loop
      vertex 7.5 0.3487823687206265 -4.987820251299121
      vertex 7.5 0.6958655048003272 -4.951340343707852
      vertex -12 0.6958655048003272 -4.951340343707852
    endloop
  endfacet
  facet normal 1.1188965960328964e-20 -0.1736481776669296 0.9848077530122081
    outer loop
      vertex 7.5 0.6958655048003272 -4.951340343707852
      vertex 7.5 1.0395584540887968 -4.8907380036690284
      vertex -12 1.0395584540887968 -4.8907380036690284
    endloop
  endfacet
  facet normal 9.224409357775084e-21 -0.24192189559966815 0.9702957262759964
    outer loop
      vertex 7.5 1.0395584540887968 -4.8907380036690284
      vertex 7.5 1.3781867790849958 -4.8063084796915945
      vertex -12 1.3781867790849958 -4.8063084796915945
    endloop
  endfacet
  facet normal -4.341083052255146e-19 -0.3090169943749461 0.9510565162951541
    outer loop
      vertex 7.5 1.3781867790849958 -4.8063084796915945
      vertex 7.5 1.7101007166283435 -4.698463103929543
      vertex -12 1.7101007166283435 -4.698463103929543
    endloop
  endfacet
  facet normal -4.2376599770287513e-19 -0.37460659341591396 0.9271838545667865
    outer loop
      vertex 7.5 1.7101007166283435 -4.698463103929543
      vertex 7.5 2.033683215379001 -4.567727288213004
      vertex -12 2.033683215379001 -4.567727288213004
    endloop
  endfacet
  facet normal 1.94433849501518e-19 -0.4383711467890761 0.8987940462991677
    outer loop
      vertex 7.5 2.033683215379001 -4.567727288213004
      vertex 7.5 2.347357813929454 -4.414737964294635
      vertex -12 2.347357813929454 -4.414737964294635
    endloop
  endfacet
  facet normal -2.1076201906582365e-21 -0.5000000000000019 0.8660254037844376
    outer loop
      vertex 7.5 2.347357813929454 -4.414737964294635
      vertex 7.5 2.6495963211660243 -4.24024048078213
      vertex -12 2.6495963211660243 -4.24024048078213
    endloop
  endfacet
  facet normal 3.893951963224004e-19 -0.5591929034707452 0.8290375725550428
    outer loop
      vertex 7.5 2.6495963211660243 -4.24024048078213
      vertex 7.5 2.938926261462366 -4.045084971874737
      vertex -12 2.938926261462366 -4.045084971874737
    endloop
  endfacet
  facet normal 8.580389132530082e-20 -0.6156614753256598 0.7880107536067209
    outer loop
      vertex 7.5 2.938926261462366 -4.045084971874737
      vertex 7.5 3.2139380484326963 -3.83022221559489
      vertex -12 3.2139380484326963 -3.83022221559489
    endloop
  endfacet
  facet normal 2.299416594752134e-19 -0.6691306063588573 0.743144825477395
    outer loop
      vertex 7.5 3.2139380484326963 -3.83022221559489
      vertex 7.5 3.4732918522949863 -3.596699001693256
      vertex -12 3.4732918522949863 -3.596699001693256
    endloop
  endfacet
  facet normal 2.113816710869329e-20 -0.7193398003386512 0.694658370458997
    outer loop
      vertex 7.5 3.4732918522949863 -3.596699001693256
      vertex 7.5 3.715724127386971 -3.345653031794291
      vertex -12 3.715724127386971 -3.345653031794291
    endloop
  endfacet
  facet normal -2.4420708941994396e-19 -0.7660444431189786 0.6427876096865388
    outer loop
      vertex 7.5 3.715724127386971 -3.345653031794291
      vertex 7.5 3.9400537680336094 -3.0783073766282913
      vertex -12 3.9400537680336094 -3.0783073766282913
    endloop
  endfacet
  facet normal 2.4420708941994396e-19 -0.7660444431189786 -0.6427876096865388
    outer loop
      vertex 7.5 3.9400537680336094 3.0783073766282913
      vertex 7.5 3.715724127386971 3.345653031794291
      vertex -12 3.715724127386971 3.345653031794291
    endloop
  endfacet
  facet normal 0 -0.03489949670250105 -0.9993908270190958
    outer loop
      vertex 7.5 0 5
      vertex -12 0 5
      vertex 7.5 0.3487823687206265 4.987820251299121
    endloop
  endfacet
  facet normal 0 -0.10452846326765337 -0.9945218953682733
    outer loop
      vertex 7.5 0.3487823687206265 4.987820251299121
      vertex -12 0.3487823687206265 4.987820251299121
      vertex 7.5 0.6958655048003272 4.951340343707852
    endloop
  endfacet
  facet normal 0 -0.1736481776669296 -0.9848077530122081
    outer loop
      vertex 7.5 0.6958655048003272 4.951340343707852
      vertex -12 0.6958655048003272 4.951340343707852
      vertex 7.5 1.0395584540887968 4.8907380036690284
    endloop
  endfacet
  facet normal 0 -0.24192189559966815 -0.9702957262759964
    outer loop
      vertex 7.5 1.0395584540887968 4.8907380036690284
      vertex -12 1.0395584540887968 4.8907380036690284
      vertex 7.5 1.3781867790849958 4.8063084796915945
    endloop
  endfacet
  facet normal 0 -0.3090169943749461 -0.9510565162951541
    outer loop
      vertex 7.5 1.3781867790849958 4.8063084796915945
      vertex -12 1.3781867790849958 4.8063084796915945
      vertex 7.5 1.7101007166283435 4.698463103929543
    endloop
  endfacet
  facet normal 4.2376599770287513e-19 -0.37460659341591396 -0.9271838545667865
    outer loop
      vertex 7.5 2.033683215379001 4.567727288213004
      vertex 7.5 1.7101007166283435 4.698463103929543
      vertex -12 1.7101007166283435 4.698463103929543
    endloop
  endfacet
  facet normal 0 -0.4383711467890761 -0.8987940462991677
    outer loop
      vertex 7.5 2.033683215379001 4.567727288213004
      vertex -12 2.033683215379001 4.567727288213004
      vertex 7.5 2.347357813929454 4.414737964294635
    endloop
  endfacet
  facet normal 0 -0.5000000000000019 -0.8660254037844376
    outer loop
      vertex 7.5 2.347357813929454 4.414737964294635
      vertex -12 2.347357813929454 4.414737964294635
      vertex 7.5 2.6495963211660243 4.24024048078213
    endloop
  endfacet
  facet normal 0 -0.5591929034707452 -0.8290375725550428
    outer loop
      vertex 7.5 2.6495963211660243 4.24024048078213
      vertex -12 2.6495963211660243 4.24024048078213
      vertex 7.5 2.938926261462366 4.045084971874737
    endloop
  endfacet
  facet normal 0 -0.6156614753256598 -0.7880107536067209
    outer loop
      vertex 7.5 2.938926261462366 4.045084971874737
      vertex -12 2.938926261462366 4.045084971874737
      vertex 7.5 3.2139380484326963 3.83022221559489
    endloop
  endfacet
  facet normal -2.299416594752134e-19 -0.6691306063588573 -0.743144825477395
    outer loop
      vertex 7.5 3.4732918522949863 3.596699001693256
      vertex 7.5 3.2139380484326963 3.83022221559489
      vertex -12 3.2139380484326963 3.83022221559489
    endloop
  endfacet
  facet normal 0 -0.7193398003386512 -0.694658370458997
    outer loop
      vertex 7.5 3.4732918522949863 3.596699001693256
      vertex -12 3.4732918522949863 3.596699001693256
      vertex 7.5 3.715724127386971 3.345653031794291
    endloop
  endfacet
  facet normal -2.250977761012036e-19 -0.8090169943749461 0.5877852522924748
    outer loop
      vertex 7.5 3.9400537680336094 -3.0783073766282913
      vertex 7.5 4.145187862775209 -2.7959645173537346
      vertex -12 4.145187862775209 -2.7959645173537346
    endloop
  endfacet
  facet normal -3.580089834654037e-19 -0.8480480961564271 0.5299192642332031
    outer loop
      vertex 7.5 4.145187862775209 -2.7959645173537346
      vertex 7.5 4.330127018922193 -2.5
      vertex -12 4.330127018922193 -2.5
    endloop
  endfacet
  facet normal -1.2765562055476025e-19 -0.8829475928589261 0.46947156278589225
    outer loop
      vertex 7.5 4.330127018922193 -2.5
      vertex 7.5 4.493970231495835 -2.1918557339453875
      vertex -12 4.493970231495835 -2.1918557339453875
    endloop
  endfacet
  facet normal 3.961511680841023e-19 -0.9135454576426011 0.4067366430757999
    outer loop
      vertex 7.5 4.493970231495835 -2.1918557339453875
      vertex 7.5 4.635919272833937 -1.87303296707956
      vertex -12 4.635919272833937 -1.87303296707956
    endloop
  endfacet
  facet normal -4.1735331612676915e-19 -0.939692620785909 0.34202014332566716
    outer loop
      vertex 7.5 4.635919272833937 -1.87303296707956
      vertex 7.5 4.755282581475767 -1.545084971874737
      vertex -12 4.755282581475767 -1.545084971874737
    endloop
  endfacet
  facet normal 3.399427392322502e-19 -0.9612616959383185 0.2756373558170004
    outer loop
      vertex 7.5 4.755282581475767 -1.545084971874737
      vertex 7.5 4.851478631379982 -1.2096094779983386
      vertex -12 4.851478631379982 -1.2096094779983386
    endloop
  endfacet
  facet normal -2.451645412780313e-19 -0.9781476007338059 0.2079116908177581
    outer loop
      vertex 7.5 4.851478631379982 -1.2096094779983386
      vertex 7.5 4.92403876506104 -0.8682408883346516
      vertex -12 4.92403876506104 -0.8682408883346516
    endloop
  endfacet
  facet normal -1.5521624624859207e-20 -0.99026806874157 0.13917310096006696
    outer loop
      vertex 7.5 4.92403876506104 -0.8682408883346516
      vertex 7.5 4.972609476841367 -0.5226423163382674
      vertex -12 4.972609476841367 -0.5226423163382674
    endloop
  endfacet
  facet normal -1.1960744095482357e-20 -0.9975640502598243 0.06975647374412483
    outer loop
      vertex 7.5 4.972609476841367 -0.5226423163382674
      vertex 7.5 4.9969541350954785 -0.17449748351250485
      vertex -12 4.9969541350954785 -0.17449748351250485
    endloop
  endfacet
  facet normal 0 -1 0
    outer loop
      vertex 7.5 4.9969541350954785 -0.17449748351250485
      vertex 7.5 4.9969541350954785 0.17449748351250485
      vertex -12 4.9969541350954785 0.17449748351250485
    endloop
  endfacet
  facet normal 1.1960744095482357e-20 -0.9975640502598243 -0.06975647374412483
    outer loop
      vertex 7.5 4.9969541350954785 0.17449748351250485
      vertex 7.5 4.972609476841367 0.5226423163382674
      vertex -12 4.972609476841367 0.5226423163382674
    endloop
  endfacet
  facet normal 1.5521624624859207e-20 -0.99026806874157 -0.13917310096006696
    outer loop
      vertex 7.5 4.972609476841367 0.5226423163382674
      vertex 7.5 4.92403876506104 0.8682408883346516
      vertex -12 4.92403876506104 0.8682408883346516
    endloop
  endfacet
  facet normal 0 -0.9612616959383185 -0.2756373558170004
    outer loop
      vertex 7.5 4.755282581475767 1.545084971874737
      vertex -12 4.755282581475767 1.545084971874737
      vertex 7.5 4.851478631379982 1.2096094779983386
    endloop
  endfacet
  facet normal 2.451645412780313e-19 -0.9781476007338059 -0.2079116908177581
    outer loop
      vertex 7.5 4.92403876506104 0.8682408883346516
      vertex 7.5 4.851478631379982 1.2096094779983386
      vertex -12 4.851478631379982 1.2096094779983386
    endloop
  endfacet
  facet normal 0 -0.8829475928589261 -0.46947156278589225
    outer loop
      vertex 7.5 4.330127018922193 2.5
      vertex -12 4.330127018922193 2.5
      vertex 7.5 4.493970231495835 2.1918557339453875
    endloop
  endfacet
  facet normal 3.580089834654037e-19 -0.8480480961564271 -0.5299192642332031
    outer loop
      vertex 7.5 4.330127018922193 2.5
      vertex 7.5 4.145187862775209 2.7959645173537346
      vertex -12 4.145187862775209 2.7959645173537346
    endloop
  endfacet
  facet normal 0 -0.8090169943749461 -0.5877852522924748
    outer loop
      vertex 7.5 3.9400537680336094 3.0783073766282913
      vertex -12 3.9400537680336094 3.0783073766282913
      vertex 7.5 4.145187862775209 2.7959645173537346
    endloop
  endfacet
  facet normal 4.1735331612676915e-19 -0.939692620785909 -0.34202014332566716
    outer loop
      vertex 7.5 4.755282581475767 1.545084971874737
      vertex 7.5 4.635919272833937 1.87303296707956
      vertex -12 4.635919272833937 1.87303296707956
    endloop
  endfacet
  facet normal -3.961511680841023e-19 -0.9135454576426011 -0.4067366430757999
    outer loop
      vertex 7.5 4.635919272833937 1.87303296707956
      vertex 7.5 4.493970231495835 2.1918557339453875
      vertex -12 4.493970231495835 2.1918557339453875
    endloop
  endfacet
  facet normal 0 0.30901699437494706 0.9510565162951536
    outer loop
      vertex 7.5 -4.343655820235992 -11.934096283981036
      vertex 9.5 -4.343655820235992 -11.934096283981036
      vertex 7.5 -3.500594418875889 -12.208023538416649
    endloop
  endfacet
  facet normal 8.881784197001262e-16 0.5000000000000006 0.8660254037844383
    outer loop
      vertex 7.5 -6.158763042270492 -11.1
      vertex 8 -6.158763042270493 -11.1
      vertex 7.5 -5.962288847380813 -11.213434429308371
    endloop
  endfacet
  facet normal -2.160332037236455e-16 0.5591929034707469 0.8290375725550417
    outer loop
      vertex 8 -6.729974655761702 -10.770210821186609
      vertex 8 -7.130578672522744 -10.5
      vertex 9.5 -7 -10.588076426734569
    endloop
  endfacet
  facet normal 0 0.49999999999999883 0.8660254037844393
    outer loop
      vertex 7.5 -5.962288847380813 -11.213434429308371
      vertex 8 -6.158763042270493 -11.1
      vertex 9.5 -5.962288847380813 -11.213434429308371
    endloop
  endfacet
  facet normal 2.3607238969028304e-19 0.4383711467890776 0.8987940462991669
    outer loop
      vertex 7.5 -5.165555367062662 -11.60202731206103
      vertex 7.5 -5.962288847380813 -11.213434429308371
      vertex 9.5 -5.962288847380813 -11.213434429308371
    endloop
  endfacet
  facet normal 1 0 0
    outer loop
      vertex 7.5 -6.158763042270492 -11.1
      vertex 7.5 -5.962288847380813 -11.213434429308371
      vertex 7.5 -3.700000000000001 -11.1
    endloop
  endfacet
  facet normal 0 0.4383711467890776 0.8987940462991669
    outer loop
      vertex 7.5 -5.165555367062662 -11.60202731206103
      vertex 9.5 -5.962288847380813 -11.213434429308371
      vertex 9.5 -5.165555367062662 -11.60202731206103
    endloop
  endfacet
  facet normal 1 0 0
    outer loop
      vertex 7.5 -5.165555367062662 -11.60202731206103
      vertex 7.5 -3.700000000000001 -11.1
      vertex 7.5 -5.962288847380813 -11.213434429308371
    endloop
  endfacet
  facet normal 0 0.3746065934159121 0.9271838545667874
    outer loop
      vertex 7.5 -5.165555367062662 -11.60202731206103
      vertex 9.5 -5.165555367062662 -11.60202731206103
      vertex 7.5 -4.343655820235992 -11.934096283981036
    endloop
  endfacet
  facet normal 1 0 0
    outer loop
      vertex 7.5 -5.165555367062662 -11.60202731206103
      vertex 7.5 -4.343655820235992 -11.934096283981036
      vertex 7.5 -3.700000000000001 -11.1
    endloop
  endfacet
  facet normal 0 0.3746065934159121 0.9271838545667874
    outer loop
      vertex 7.5 -4.343655820235992 -11.934096283981036
      vertex 9.5 -5.165555367062662 -11.60202731206103
      vertex 9.5 -4.343655820235992 -11.934096283981036
    endloop
  endfacet
  facet normal 0 0.5591929034707451 0.8290375725550428
    outer loop
      vertex 8 -7.130578672522744 -10.5
      vertex 9.5 -7.130578672522744 -10.5
      vertex 9.5 -7 -10.588076426734569
    endloop
  endfacet
  facet normal 0 0.5000000000000009 0.8660254037844382
    outer loop
      vertex 8 -6.729974655761702 -10.770210821186609
      vertex 12 -6.729974655761702 -10.770210821186609
      vertex 8 -6.158763042270493 -11.1
    endloop
  endfacet
  facet normal -1.4845763643158356e-16 0.4999999999999997 0.8660254037844388
    outer loop
      vertex 8 -6.158763042270493 -11.1
      vertex 9.5 -6.33196812302738 -11
      vertex 9.5 -5.962288847380813 -11.213434429308371
    endloop
  endfacet
  facet normal 0 0.5591929034707477 0.8290375725550411
    outer loop
      vertex 8 -6.729974655761702 -10.770210821186609
      vertex 9.5 -7 -10.588076426734569
      vertex 12 -6.729974655761702 -10.770210821186609
    endloop
  endfacet
  facet normal 9.695723868626507e-17 0.5000000000000014 0.8660254037844378
    outer loop
      vertex 8 -6.158763042270493 -11.1
      vertex 12 -6.729974655761702 -10.770210821186609
      vertex 9.5 -6.33196812302738 -11
    endloop
  endfacet
  facet normal 5.890666248511732e-16 0.559192903470744 0.8290375725550436
    outer loop
      vertex 12 -7 -10.58807642673457
      vertex 12 -6.729974655761702 -10.770210821186609
      vertex 9.5 -7 -10.588076426734569
    endloop
  endfacet
  facet normal -1.7763568394002508e-16 0.5000000000000001 0.8660254037844386
    outer loop
      vertex 9.5 -6.33196812302738 -11
      vertex 12 -6.729974655761702 -10.770210821186609
      vertex 12 -6.331968123027379 -11
    endloop
  endfacet
  facet normal 0 0.24192189559966773 0.9702957262759964
    outer loop
      vertex 7.5 -3.500594418875889 -12.208023538416649
      vertex 9.5 -3.500594418875889 -12.208023538416649
      vertex 7.5 -2.6404784733855435 -12.42247452931933
    endloop
  endfacet
  facet normal 0 0.30901699437494706 0.9510565162951536
    outer loop
      vertex 7.5 -3.500594418875889 -12.208023538416649
      vertex 9.5 -4.343655820235992 -11.934096283981036
      vertex 9.5 -3.500594418875889 -12.208023538416649
    endloop
  endfacet
  facet normal 0 0.17364817766693003 0.9848077530122081
    outer loop
      vertex 7.5 -2.6404784733855435 -12.42247452931933
      vertex 9.5 -2.6404784733855435 -12.42247452931933
      vertex 7.5 -2.2924533857969953 -12.483840742224618
    endloop
  endfacet
  facet normal 0 0.24192189559966773 0.9702957262759964
    outer loop
      vertex 7.5 -2.6404784733855435 -12.42247452931933
      vertex 9.5 -3.500594418875889 -12.208023538416649
      vertex 9.5 -2.6404784733855435 -12.42247452931933
    endloop
  endfacet
  facet normal 3.855764100600517e-17 0.17364817766693025 0.9848077530122081
    outer loop
      vertex 7.5 -2.2924533857969953 -12.483840742224618
      vertex 9.5 -2.6404784733855435 -12.42247452931933
      vertex 9.5 -2.2924533857969958 -12.483840742224618
    endloop
  endfacet
  facet normal 1 0 0
    outer loop
      vertex 7.5 -4.343655820235992 -11.934096283981036
      vertex 7.5 -3.500594418875889 -12.208023538416649
      vertex 7.5 -3.700000000000001 -11.1
    endloop
  endfacet
  facet normal 1 0 0
    outer loop
      vertex 7.5 -3.500594418875889 -12.208023538416649
      vertex 7.5 -3.4732918522949863 -3.596699001693256
      vertex 7.5 -3.700000000000001 -11.1
    endloop
  endfacet
  facet normal 1 0 0
    outer loop
      vertex 7.5 -3.500594418875889 -12.208023538416649
      vertex 7.5 -2.6404784733855435 -12.42247452931933
      vertex 7.5 -2.347357813929454 -4.414737964294635
    endloop
  endfacet
  facet normal 1 0 0
    outer loop
      vertex 7.5 -2.6404784733855435 -12.42247452931933
      vertex 7.5 -2.2924533857969953 -12.483840742224618
      vertex 7.5 -1.7101007166283435 -4.698463103929543
    endloop
  endfacet
  facet normal 1 0 0
    outer loop
      vertex 7.5 -2.2924533857969953 -12.483840742224618
      vertex 7.5 -2.276144744931449 -12.456735570253448
      vertex 7.5 -1.7101007166283435 -4.698463103929543
    endloop
  endfacet
  facet normal 1 0 0
    outer loop
      vertex 7.5 -2.276144744931449 -12.456735570253448
      vertex 7.5 -2.0959456516010007 -12.219687716849975
      vertex 7.5 -1.7101007166283435 -4.698463103929543
    endloop
  endfacet
  facet normal 1 0 0
    outer loop
      vertex 7.5 -3.500594418875889 -12.208023538416649
      vertex 7.5 -3.2139380484326963 -3.83022221559489
      vertex 7.5 -3.4732918522949863 -3.596699001693256
    endloop
  endfacet
  facet normal 1 0 0
    outer loop
      vertex 7.5 -3.500594418875889 -12.208023538416649
      vertex 7.5 -2.938926261462366 -4.045084971874737
      vertex 7.5 -3.2139380484326963 -3.83022221559489
    endloop
  endfacet
  facet normal 1 0 0
    outer loop
      vertex 7.5 -3.500594418875889 -12.208023538416649
      vertex 7.5 -2.6495963211660243 -4.24024048078213
      vertex 7.5 -2.938926261462366 -4.045084971874737
    endloop
  endfacet
  facet normal 1 0 0
    outer loop
      vertex 7.5 -3.700000000000001 -11.1
      vertex 7.5 -3.4732918522949863 -3.596699001693256
      vertex 7.5 -3.700000000000001 -3.361935842361403
    endloop
  endfacet
  facet normal 1 0 0
    outer loop
      vertex 7.5 -3.500594418875889 -12.208023538416649
      vertex 7.5 -2.347357813929454 -4.414737964294635
      vertex 7.5 -2.6495963211660243 -4.24024048078213
    endloop
  endfacet
  facet normal 1 0 0
    outer loop
      vertex 7.5 -2.6404784733855435 -12.42247452931933
      vertex 7.5 -2.033683215379001 -4.567727288213004
      vertex 7.5 -2.347357813929454 -4.414737964294635
    endloop
  endfacet
  facet normal 1 0 0
    outer loop
      vertex 7.5 -2.6404784733855435 -12.42247452931933
      vertex 7.5 -1.7101007166283435 -4.698463103929543
      vertex 7.5 -2.033683215379001 -4.567727288213004
    endloop
  endfacet
  facet normal 1 0 0
    outer loop
      vertex 7.5 -1.8911735118469135 -12.00351239721139
      vertex 7.5 -1.6642290917828542 -11.810744069309479
      vertex 7.5 -1.3022755533022625 -10.592738936467116
    endloop
  endfacet
  facet normal 1 0 0
    outer loop
      vertex 7.5 -1.8911735118469135 -12.00351239721139
      vertex 7.5 -1.3022755533022625 -10.592738936467116
      vertex 7.5 -1.4722431864335457 -10.35
    endloop
  endfacet
  facet normal 1 0 0
    outer loop
      vertex 7.5 -1.8911735118469135 -12.00351239721139
      vertex 7.5 -1.6741731801207536 -9.795201902033781
      vertex 7.5 -1.7 -9.5
    endloop
  endfacet
  facet normal 1 0 0
    outer loop
      vertex 7.5 -1.8911735118469135 -12.00351239721139
      vertex 7.5 -1.4722431864335457 -10.35
      vertex 7.5 -1.5974774553360442 -10.081434243653637
    endloop
  endfacet
  facet normal 1 0 0
    outer loop
      vertex 7.5 -1.8911735118469135 -12.00351239721139
      vertex 7.5 -1.5974774553360442 -10.081434243653637
      vertex 7.5 -1.6741731801207536 -9.795201902033781
    endloop
  endfacet
  facet normal 1 0 0
    outer loop
      vertex 7.5 -1.6642290917828542 -11.810744069309479
      vertex 7.5 -1.41777310723681 -11.64364276553913
      vertex 7.5 -1.3022755533022625 -10.592738936467116
    endloop
  endfacet
  facet normal 1 0 0
    outer loop
      vertex 7.5 -1.41777310723681 -11.64364276553913
      vertex 7.5 -1.0927389364671167 -10.802275553302263
      vertex 7.5 -1.3022755533022625 -10.592738936467116
    endloop
  endfacet
  facet normal 1 0 0
    outer loop
      vertex 7.5 -1.41777310723681 -11.64364276553913
      vertex 7.5 -1.154695029290727 -11.504167595904867
      vertex 7.5 -1.0927389364671167 -10.802275553302263
    endloop
  endfacet
  facet normal 1 0 0
    outer loop
      vertex 7.5 -1.154695029290727 -11.504167595904867
      vertex 7.5 -0.85 -10.972243186433545
      vertex 7.5 -1.0927389364671167 -10.802275553302263
    endloop
  endfacet
  facet normal 1 0 0
    outer loop
      vertex 7.5 -2.0959456516010007 -12.219687716849975
      vertex 7.5 -1.8911735118469135 -12.00351239721139
      vertex 7.5 -1.7101007166283435 -4.698463103929543
    endloop
  endfacet
  facet normal 1 0 0
    outer loop
      vertex 7.5 -1.8911735118469135 -12.00351239721139
      vertex 7.5 -1.7 -9.5
      vertex 7.5 -1.7101007166283435 -4.698463103929543
    endloop
  endfacet
  facet normal 1 0 0
    outer loop
      vertex 7.5 -1.154695029290727 -11.504167595904867
      vertex 7.5 -0.8780792078739449 -11.393953779247294
      vertex 7.5 -0.85 -10.972243186433545
    endloop
  endfacet
  facet normal 1 0 0
    outer loop
      vertex 7.5 -0.8780792078739449 -11.393953779247294
      vertex 7.5 -0.5814342436536368 -11.097477455336044
      vertex 7.5 -0.85 -10.972243186433545
    endloop
  endfacet
  facet normal 1 0 0
    outer loop
      vertex 7.5 -0.8780792078739449 -11.393953779247294
      vertex 7.5 -0.5911687105803166 -11.314293471797262
      vertex 7.5 -0.5814342436536368 -11.097477455336044
    endloop
  endfacet
  facet normal 1 0 0
    outer loop
      vertex 7.5 -0.5911687105803166 -11.314293471797262
      vertex 7.5 -0.29520190203378155 -11.174173180120754
      vertex 7.5 -0.5814342436536368 -11.097477455336044
    endloop
  endfacet
  facet normal 1 0 0
    outer loop
      vertex 7.5 -0.5911687105803166 -11.314293471797262
      vertex 7.5 -0.2973273006658394 -11.26612061782551
      vertex 7.5 -0.29520190203378155 -11.174173180120754
    endloop
  endfacet
  facet normal 1 0 0
    outer loop
      vertex 7.5 -0.2973273006658394 -11.26612061782551
      vertex 7.5 0 -11.2
      vertex 7.5 -0.29520190203378155 -11.174173180120754
    endloop
  endfacet
  facet normal 1 0 0
    outer loop
      vertex 7.5 -0.2973273006658394 -11.26612061782551
      vertex 7.5 0 -11.25
      vertex 7.5 0 -11.2
    endloop
  endfacet
  facet normal 1 0 0
    outer loop
      vertex 7.5 -1.7 -9.5
      vertex 7.5 -1.6741731801207536 -9.204798097966219
      vertex 7.5 -1.3781867790849958 -4.8063084796915945
    endloop
  endfacet
  facet normal 1 0 0
    outer loop
      vertex 7.5 -1.6741731801207536 -9.204798097966219
      vertex 7.5 -1.5974774553360442 -8.918565756346363
      vertex 7.5 -1.3781867790849958 -4.8063084796915945
    endloop
  endfacet
  facet normal 1 0 0
    outer loop
      vertex 7.5 -1.7 -9.5
      vertex 7.5 -1.3781867790849958 -4.8063084796915945
      vertex 7.5 -1.7101007166283435 -4.698463103929543
    endloop
  endfacet
  facet normal 1 0 0
    outer loop
      vertex 7.5 -1.5974774553360442 -8.918565756346363
      vertex 7.5 -1.4722431864335457 -8.65
      vertex 7.5 -1.3781867790849958 -4.8063084796915945
    endloop
  endfacet
  facet normal 1 0 0
    outer loop
      vertex 7.5 -1.4722431864335457 -8.65
      vertex 7.5 -1.3022755533022625 -8.407261063532884
      vertex 7.5 -1.0395584540887968 -4.8907380036690284
    endloop
  endfacet
  facet normal 1 0 0
    outer loop
      vertex 7.5 -1.3022755533022625 -8.407261063532884
      vertex 7.5 -1.0927389364671167 -8.197724446697737
      vertex 7.5 -1.0395584540887968 -4.8907380036690284
    endloop
  endfacet
  facet normal 1 0 0
    outer loop
      vertex 7.5 -1.4722431864335457 -8.65
      vertex 7.5 -1.0395584540887968 -4.8907380036690284
      vertex 7.5 -1.3781867790849958 -4.8063084796915945
    endloop
  endfacet
  facet normal 1 0 0
    outer loop
      vertex 7.5 -1.0927389364671167 -8.197724446697737
      vertex 7.5 -0.85 -8.027756813566455
      vertex 7.5 -0.6958655048003272 -4.951340343707852
    endloop
  endfacet
  facet normal 1 0 0
    outer loop
      vertex 7.5 -0.85 -8.027756813566455
      vertex 7.5 -0.5814342436536368 -7.902522544663956
      vertex 7.5 -0.3487823687206265 -4.987820251299121
    endloop
  endfacet
  facet normal 1 0 0
    outer loop
      vertex 7.5 -0.5814342436536368 -7.902522544663956
      vertex 7.5 -0.29520190203378155 -7.825826819879246
      vertex 7.5 -0.3487823687206265 -4.987820251299121
    endloop
  endfacet
  facet normal 1 0 0
    outer loop
      vertex 7.5 -0.29520190203378155 -7.825826819879246
      vertex 7.5 0 -7.8
      vertex 7.5 0 -5
    endloop
  endfacet
  facet normal 1 0 0
    outer loop
      vertex 7.5 -1.0927389364671167 -8.197724446697737
      vertex 7.5 -0.6958655048003272 -4.951340343707852
      vertex 7.5 -1.0395584540887968 -4.8907380036690284
    endloop
  endfacet
  facet normal 1 0 0
    outer loop
      vertex 7.5 -0.85 -8.027756813566455
      vertex 7.5 -0.3487823687206265 -4.987820251299121
      vertex 7.5 -0.6958655048003272 -4.951340343707852
    endloop
  endfacet
  facet normal 1 0 0
    outer loop
      vertex 7.5 -0.29520190203378155 -7.825826819879246
      vertex 7.5 0 -5
      vertex 7.5 -0.3487823687206265 -4.987820251299121
    endloop
  endfacet
  facet normal 1 0 0
    outer loop
      vertex 7.5 -4.9969541350954785 -0.17449748351250485
      vertex 7.5 -6.331968123027379 11
      vertex 7.5 -7 -3
    endloop
  endfacet
  facet normal 1 0 0
    outer loop
      vertex 7.5 -4.493970231495835 -2.1918557339453875
      vertex 7.5 -4.635919272833937 -1.87303296707956
      vertex 7.5 -7 -3
    endloop
  endfacet
  facet normal 1 0 0
    outer loop
      vertex 7.5 -4.330127018922193 -2.5
      vertex 7.5 -4.493970231495835 -2.1918557339453875
      vertex 7.5 -7 -3
    endloop
  endfacet
  facet normal 1 0 0
    outer loop
      vertex 7.5 -3.9969474074105964 -3
      vertex 7.5 -4.145187862775209 -2.7959645173537346
      vertex 7.5 -7 -3
    endloop
  endfacet
  facet normal 1 0 0
    outer loop
      vertex 7.5 -4.330127018922193 -2.5
      vertex 7.5 -7 -3
      vertex 7.5 -4.145187862775209 -2.7959645173537346
    endloop
  endfacet
  facet normal 1 0 0
    outer loop
      vertex 7.5 -4.851478631379982 -1.2096094779983386
      vertex 7.5 -7 -3
      vertex 7.5 -4.755282581475767 -1.545084971874737
    endloop
  endfacet
  facet normal 1 0 0
    outer loop
      vertex 7.5 -4.972609476841367 -0.5226423163382674
      vertex 7.5 -7 -3
      vertex 7.5 -4.92403876506104 -0.8682408883346516
    endloop
  endfacet
  facet normal 1 0 0
    outer loop
      vertex 7.5 -4.851478631379982 -1.2096094779983386
      vertex 7.5 -4.92403876506104 -0.8682408883346516
      vertex 7.5 -7 -3
    endloop
  endfacet
  facet normal 1 0 0
    outer loop
      vertex 7.5 -4.972609476841367 -0.5226423163382674
      vertex 7.5 -4.9969541350954785 -0.17449748351250485
      vertex 7.5 -7 -3
    endloop
  endfacet
  facet normal 1 0 0
    outer loop
      vertex 7.5 -4.635919272833937 -1.87303296707956
      vertex 7.5 -4.755282581475767 -1.545084971874737
      vertex 7.5 -7 -3
    endloop
  endfacet
  facet normal 1 0 0
    outer loop
      vertex 7.5 -6.331968123027379 11
      vertex 7.5 -7 10.588076426734569
      vertex 7.5 -7 -3
    endloop
  endfacet
  facet normal 1 0 0
    outer loop
      vertex 7.5 -6.729974655761702 10.770210821186609
      vertex 7.5 -7 10.588076426734569
      vertex 7.5 -6.331968123027379 11
    endloop
  endfacet
  facet normal 1 0 0
    outer loop
      vertex 7.5 -4.9969541350954785 -0.17449748351250485
      vertex 7.5 -4.9969541350954785 0.17449748351250485
      vertex 7.5 -6.331968123027379 11
    endloop
  endfacet
  facet normal 1 0 0
    outer loop
      vertex 7.5 -4.9969541350954785 0.17449748351250485
      vertex 7.5 -4.972609476841367 0.5226423163382674
      vertex 7.5 -6.331968123027379 11
    endloop
  endfacet
  facet normal 1 0 0
    outer loop
      vertex 7.5 -4.972609476841367 0.5226423163382674
      vertex 7.5 -4.92403876506104 0.8682408883346516
      vertex 7.5 -6.331968123027379 11
    endloop
  endfacet
  facet normal 1 0 0
    outer loop
      vertex 7.5 -4.92403876506104 0.8682408883346516
      vertex 7.5 -4.851478631379982 1.2096094779983386
      vertex 7.5 -6.331968123027379 11
    endloop
  endfacet
  facet normal 1 0 0
    outer loop
      vertex 7.5 -4.851478631379982 1.2096094779983386
      vertex 7.5 -4.755282581475767 1.545084971874737
      vertex 7.5 -6.331968123027379 11
    endloop
  endfacet
  facet normal 1 0 0
    outer loop
      vertex 7.5 -4.755282581475767 1.545084971874737
      vertex 7.5 -4.635919272833937 1.87303296707956
      vertex 7.5 -6.331968123027379 11
    endloop
  endfacet
  facet normal 1 0 0
    outer loop
      vertex 7.5 -4.635919272833937 1.87303296707956
      vertex 7.5 -4.493970231495835 2.1918557339453875
      vertex 7.5 -6.331968123027379 11
    endloop
  endfacet
  facet normal 1 0 0
    outer loop
      vertex 7.5 -4.493970231495835 2.1918557339453875
      vertex 7.5 -4.330127018922193 2.5
      vertex 7.5 -6.331968123027379 11
    endloop
  endfacet
  facet normal 1 0 0
    outer loop
      vertex 7.5 -4.330127018922193 2.5
      vertex 7.5 -4.145187862775209 2.7959645173537346
      vertex 7.5 -6.331968123027379 11
    endloop
  endfacet
  facet normal 1 0 0
    outer loop
      vertex 7.5 -4.145187862775209 2.7959645173537346
      vertex 7.5 -3.9400537680336094 3.0783073766282913
      vertex 7.5 -6.331968123027379 11
    endloop
  endfacet
  facet normal 1 0 0
    outer loop
      vertex 7.5 -3.9400537680336094 3.0783073766282913
      vertex 7.5 -3.715724127386971 3.345653031794291
      vertex 7.5 -6.331968123027379 11
    endloop
  endfacet
  facet normal 1 0 0
    outer loop
      vertex 7.5 -3.715724127386971 3.345653031794291
      vertex 7.5 -3.4732918522949863 3.596699001693256
      vertex 7.5 -6.331968123027379 11
    endloop
  endfacet
  facet normal 1 0 0
    outer loop
      vertex 7.5 -3.4732918522949863 3.596699001693256
      vertex 7.5 -3.2139380484326963 3.83022221559489
      vertex 7.5 -6.331968123027379 11
    endloop
  endfacet
  facet normal 1 0 0
    outer loop
      vertex 7.5 -3.2139380484326963 3.83022221559489
      vertex 7.5 -2.938926261462366 4.045084971874737
      vertex 7.5 -6.331968123027379 11
    endloop
  endfacet
  facet normal 1.898418701819241e-18 0.5591929034707478 -0.8290375725550411
    outer loop
      vertex 7.5 -6.729974655761702 10.770210821186609
      vertex 12 -7 10.588076426734569
      vertex 7.5 -7 10.588076426734569
    endloop
  endfacet
  facet normal 0 0.5000000000000001 -0.8660254037844387
    outer loop
      vertex 7.5 -6.729974655761702 10.770210821186609
      vertex 7.5 -6.331968123027379 11
      vertex 12 -6.729974655761702 10.770210821186609
    endloop
  endfacet
  facet normal 0 0.5591929034707478 -0.8290375725550411
    outer loop
      vertex 7.5 -6.729974655761702 10.770210821186609
      vertex 12 -6.729974655761702 10.770210821186609
      vertex 12 -7 10.588076426734569
    endloop
  endfacet
  facet normal -3.036444907176387e-18 0.5000000000000001 -0.8660254037844387
    outer loop
      vertex 12 -6.729974655761702 10.770210821186609
      vertex 7.5 -6.331968123027379 11
      vertex 12 -6.331968123027379 11
    endloop
  endfacet
  facet normal 1 0 0
    outer loop
      vertex 7.5 -2.938926261462366 4.045084971874737
      vertex 7.5 -2.6495963211660243 4.24024048078213
      vertex 7.5 -6.331968123027379 11
    endloop
  endfacet
  facet normal 1 0 0
    outer loop
      vertex 7.5 -2.6495963211660243 4.24024048078213
      vertex 7.5 -2.347357813929454 4.414737964294635
      vertex 7.5 -6.331968123027379 11
    endloop
  endfacet
  facet normal 1 0 0
    outer loop
      vertex 7.5 -2.347357813929454 4.414737964294635
      vertex 7.5 -2.033683215379001 4.567727288213004
      vertex 7.5 -6.331968123027379 11
    endloop
  endfacet
  facet normal 1 0 0
    outer loop
      vertex 7.5 -2.033683215379001 4.567727288213004
      vertex 7.5 -1.7 9.5
      vertex 7.5 -6.331968123027379 11
    endloop
  endfacet
  facet normal 1 0 0
    outer loop
      vertex 7.5 -1.7 9.5
      vertex 7.5 -1.6741731801207536 9.795201902033781
      vertex 7.5 -6.331968123027379 11
    endloop
  endfacet
  facet normal 1 0 0
    outer loop
      vertex 7.5 -1.6741731801207536 9.795201902033781
      vertex 7.5 -1.5974774553360442 10.081434243653637
      vertex 7.5 -6.331968123027379 11
    endloop
  endfacet
  facet normal 1 0 0
    outer loop
      vertex 7.5 -1.5974774553360442 10.081434243653637
      vertex 7.5 -1.4722431864335457 10.35
      vertex 7.5 -6.331968123027379 11
    endloop
  endfacet
  facet normal 1 0 0
    outer loop
      vertex 7.5 -1.4722431864335457 10.35
      vertex 7.5 -1.3022755533022625 10.592738936467116
      vertex 7.5 -6.331968123027379 11
    endloop
  endfacet
  facet normal 1 0 0
    outer loop
      vertex 7.5 -1.3022755533022625 10.592738936467116
      vertex 7.5 -1.0927389364671167 10.802275553302263
      vertex 7.5 -6.331968123027379 11
    endloop
  endfacet
  facet normal 1 0 0
    outer loop
      vertex 7.5 -1.0927389364671167 10.802275553302263
      vertex 7.5 -0.85 10.972243186433545
      vertex 7.5 -6.331968123027379 11
    endloop
  endfacet
  facet normal 1 0 0
    outer loop
      vertex 7.5 -0.85 10.972243186433545
      vertex 7.5 -0.7904753212154435 11
      vertex 7.5 -6.331968123027379 11
    endloop
  endfacet
  facet normal 1 0 0
    outer loop
      vertex 7.5 -2.033683215379001 4.567727288213004
      vertex 7.5 -1.7101007166283435 4.698463103929543
      vertex 7.5 -1.6741731801207536 9.204798097966219
    endloop
  endfacet
  facet normal 1 0 0
    outer loop
      vertex 7.5 -1.7101007166283435 4.698463103929543
      vertex 7.5 -1.3781867790849958 4.8063084796915945
      vertex 7.5 -1.0927389364671167 8.197724446697737
    endloop
  endfacet
  facet normal 1 0 0
    outer loop
      vertex 7.5 -1.3781867790849958 4.8063084796915945
      vertex 7.5 -1.0395584540887968 4.8907380036690284
      vertex 7.5 -0.85 8.027756813566455
    endloop
  endfacet
  facet normal 1 0 0
    outer loop
      vertex 7.5 -1.7101007166283435 4.698463103929543
      vertex 7.5 -1.0927389364671167 8.197724446697737
      vertex 7.5 -1.3022755533022625 8.407261063532884
    endloop
  endfacet
  facet normal 1 0 0
    outer loop
      vertex 7.5 -1.3781867790849958 4.8063084796915945
      vertex 7.5 -0.85 8.027756813566455
      vertex 7.5 -1.0927389364671167 8.197724446697737
    endloop
  endfacet
  facet normal 1 0 0
    outer loop
      vertex 7.5 -1.0395584540887968 4.8907380036690284
      vertex 7.5 -0.6958655048003272 4.951340343707852
      vertex 7.5 -0.5814342436536368 7.902522544663956
    endloop
  endfacet
  facet normal 1 0 0
    outer loop
      vertex 7.5 -1.0395584540887968 4.8907380036690284
      vertex 7.5 -0.5814342436536368 7.902522544663956
      vertex 7.5 -0.85 8.027756813566455
    endloop
  endfacet
  facet normal 1 0 0
    outer loop
      vertex 7.5 -0.6958655048003272 4.951340343707852
      vertex 7.5 -0.29520190203378155 7.825826819879246
      vertex 7.5 -0.5814342436536368 7.902522544663956
    endloop
  endfacet
  facet normal 1 0 0
    outer loop
      vertex 7.5 -0.6958655048003272 4.951340343707852
      vertex 7.5 -0.3487823687206265 4.987820251299121
      vertex 7.5 -0.29520190203378155 7.825826819879246
    endloop
  endfacet
  facet normal 1 0 0
    outer loop
      vertex 7.5 -0.3487823687206265 4.987820251299121
      vertex 7.5 0 5
      vertex 7.5 0 7.8
    endloop
  endfacet
  facet normal 1 0 0
    outer loop
      vertex 7.5 -0.3487823687206265 4.987820251299121
      vertex 7.5 0 7.8
      vertex 7.5 -0.29520190203378155 7.825826819879246
    endloop
  endfacet
  facet normal 1 0 0
    outer loop
      vertex 7.5 -2.033683215379001 4.567727288213004
      vertex 7.5 -1.6741731801207536 9.204798097966219
      vertex 7.5 -1.7 9.5
    endloop
  endfacet
  facet normal 1 0 0
    outer loop
      vertex 7.5 -1.7101007166283435 4.698463103929543
      vertex 7.5 -1.5974774553360442 8.918565756346363
      vertex 7.5 -1.6741731801207536 9.204798097966219
    endloop
  endfacet
  facet normal 1 0 0
    outer loop
      vertex 7.5 -1.7101007166283435 4.698463103929543
      vertex 7.5 -1.4722431864335457 8.65
      vertex 7.5 -1.5974774553360442 8.918565756346363
    endloop
  endfacet
  facet normal 1 0 0
    outer loop
      vertex 7.5 -1.7101007166283435 4.698463103929543
      vertex 7.5 -1.3022755533022625 8.407261063532884
      vertex 7.5 -1.4722431864335457 8.65
    endloop
  endfacet
  facet normal 0 -0.17364817766693025 0.9848077530122081
    outer loop
      vertex 7.5 2.2924533857969958 -12.483840742224618
      vertex 9.5 2.2924533857969958 -12.483840742224618
      vertex 7.5 2.6404784733855435 -12.42247452931933
    endloop
  endfacet
  facet normal 0 -0.24192189559966773 0.9702957262759964
    outer loop
      vertex 7.5 2.6404784733855435 -12.42247452931933
      vertex 9.5 2.6404784733855435 -12.42247452931933
      vertex 7.5 3.500594418875889 -12.208023538416649
    endloop
  endfacet
  facet normal 0 -0.17364817766693025 0.9848077530122081
    outer loop
      vertex 7.5 2.6404784733855435 -12.42247452931933
      vertex 9.5 2.2924533857969958 -12.483840742224618
      vertex 9.5 2.6404784733855435 -12.42247452931933
    endloop
  endfacet
  facet normal 0 -0.30901699437494706 0.9510565162951536
    outer loop
      vertex 7.5 3.500594418875889 -12.208023538416649
      vertex 9.5 3.500594418875889 -12.208023538416649
      vertex 7.5 4.343655820235992 -11.934096283981036
    endloop
  endfacet
  facet normal 0 -0.24192189559966773 0.9702957262759964
    outer loop
      vertex 7.5 3.500594418875889 -12.208023538416649
      vertex 9.5 2.6404784733855435 -12.42247452931933
      vertex 9.5 3.500594418875889 -12.208023538416649
    endloop
  endfacet
  facet normal 1 0 0
    outer loop
      vertex 7.5 0 -11.25
      vertex 7.5 0.29520190203378155 -11.174173180120754
      vertex 7.5 0 -11.2
    endloop
  endfacet
  facet normal 1 0 0
    outer loop
      vertex 7.5 0 -11.25
      vertex 7.5 0.2973273006658394 -11.26612061782551
      vertex 7.5 0.29520190203378155 -11.174173180120754
    endloop
  endfacet
  facet normal 1 0 0
    outer loop
      vertex 7.5 0.2973273006658394 -11.26612061782551
      vertex 7.5 0.5814342436536368 -11.097477455336044
      vertex 7.5 0.29520190203378155 -11.174173180120754
    endloop
  endfacet
  facet normal 1 0 0
    outer loop
      vertex 7.5 0.2973273006658394 -11.26612061782551
      vertex 7.5 0.5911687105803166 -11.314293471797262
      vertex 7.5 0.5814342436536368 -11.097477455336044
    endloop
  endfacet
  facet normal 1 0 0
    outer loop
      vertex 7.5 0.5911687105803166 -11.314293471797262
      vertex 7.5 0.85 -10.972243186433545
      vertex 7.5 0.5814342436536368 -11.097477455336044
    endloop
  endfacet
  facet normal 1 0 0
    outer loop
      vertex 7.5 0.5911687105803166 -11.314293471797262
      vertex 7.5 0.8780792078739449 -11.393953779247294
      vertex 7.5 0.85 -10.972243186433545
    endloop
  endfacet
  facet normal 1 0 0
    outer loop
      vertex 7.5 0.8780792078739449 -11.393953779247294
      vertex 7.5 1.0927389364671167 -10.802275553302263
      vertex 7.5 0.85 -10.972243186433545
    endloop
  endfacet
  facet normal 1 0 0
    outer loop
      vertex 7.5 1.154695029290727 -11.504167595904867
      vertex 7.5 1.0927389364671167 -10.802275553302263
      vertex 7.5 0.8780792078739449 -11.393953779247294
    endloop
  endfacet
  facet normal 1 0 0
    outer loop
      vertex 7.5 1.154695029290727 -11.504167595904867
      vertex 7.5 1.41777310723681 -11.64364276553913
      vertex 7.5 1.0927389364671167 -10.802275553302263
    endloop
  endfacet
  facet normal 1 0 0
    outer loop
      vertex 7.5 1.41777310723681 -11.64364276553913
      vertex 7.5 1.3022755533022625 -10.592738936467116
      vertex 7.5 1.0927389364671167 -10.802275553302263
    endloop
  endfacet
  facet normal 1 0 0
    outer loop
      vertex 7.5 1.41777310723681 -11.64364276553913
      vertex 7.5 1.6642290917828542 -11.810744069309479
      vertex 7.5 1.3022755533022625 -10.592738936467116
    endloop
  endfacet
  facet normal 1 0 0
    outer loop
      vertex 7.5 1.6642290917828542 -11.810744069309479
      vertex 7.5 1.4722431864335457 -10.35
      vertex 7.5 1.3022755533022625 -10.592738936467116
    endloop
  endfacet
  facet normal 1 0 0
    outer loop
      vertex 7.5 1.8911735118469135 -12.00351239721139
      vertex 7.5 1.7 -9.5
      vertex 7.5 1.6642290917828542 -11.810744069309479
    endloop
  endfacet
  facet normal 1 0 0
    outer loop
      vertex 7.5 1.6642290917828542 -11.810744069309479
      vertex 7.5 1.5974774553360442 -10.081434243653637
      vertex 7.5 1.4722431864335457 -10.35
    endloop
  endfacet
  facet normal 1 0 0
    outer loop
      vertex 7.5 1.6642290917828542 -11.810744069309479
      vertex 7.5 1.6741731801207536 -9.795201902033781
      vertex 7.5 1.5974774553360442 -10.081434243653637
    endloop
  endfacet
  facet normal 1 0 0
    outer loop
      vertex 7.5 1.6642290917828542 -11.810744069309479
      vertex 7.5 1.7 -9.5
      vertex 7.5 1.6741731801207536 -9.795201902033781
    endloop
  endfacet
  facet normal 1 0 0
    outer loop
      vertex 7.5 1.8911735118469135 -12.00351239721139
      vertex 7.5 2.033683215379001 -4.567727288213004
      vertex 7.5 1.7 -9.5
    endloop
  endfacet
  facet normal 1 0 0
    outer loop
      vertex 7.5 0 -7.8
      vertex 7.5 0.29520190203378155 -7.825826819879246
      vertex 7.5 0.3487823687206265 -4.987820251299121
    endloop
  endfacet
  facet normal 1 0 0
    outer loop
      vertex 7.5 0.29520190203378155 -7.825826819879246
      vertex 7.5 0.5814342436536368 -7.902522544663956
      vertex 7.5 0.6958655048003272 -4.951340343707852
    endloop
  endfacet
  facet normal 1 0 0
    outer loop
      vertex 7.5 0.5814342436536368 -7.902522544663956
      vertex 7.5 0.85 -8.027756813566455
      vertex 7.5 1.0395584540887968 -4.8907380036690284
    endloop
  endfacet
  facet normal 1 0 0
    outer loop
      vertex 7.5 0 -7.8
      vertex 7.5 0.3487823687206265 -4.987820251299121
      vertex 7.5 0 -5
    endloop
  endfacet
  facet normal 1 0 0
    outer loop
      vertex 7.5 0.29520190203378155 -7.825826819879246
      vertex 7.5 0.6958655048003272 -4.951340343707852
      vertex 7.5 0.3487823687206265 -4.987820251299121
    endloop
  endfacet
  facet normal 1 0 0
    outer loop
      vertex 7.5 0.5814342436536368 -7.902522544663956
      vertex 7.5 1.0395584540887968 -4.8907380036690284
      vertex 7.5 0.6958655048003272 -4.951340343707852
    endloop
  endfacet
  facet normal 1 0 0
    outer loop
      vertex 7.5 1.4722431864335457 -8.65
      vertex 7.5 1.7101007166283435 -4.698463103929543
      vertex 7.5 1.3022755533022625 -8.407261063532884
    endloop
  endfacet
  facet normal 1 0 0
    outer loop
      vertex 7.5 0.85 -8.027756813566455
      vertex 7.5 1.0927389364671167 -8.197724446697737
      vertex 7.5 1.3781867790849958 -4.8063084796915945
    endloop
  endfacet
  facet normal 1 0 0
    outer loop
      vertex 7.5 1.0927389364671167 -8.197724446697737
      vertex 7.5 1.3022755533022625 -8.407261063532884
      vertex 7.5 1.7101007166283435 -4.698463103929543
    endloop
  endfacet
  facet normal 1 0 0
    outer loop
      vertex 7.5 1.6741731801207536 -9.204798097966219
      vertex 7.5 1.7101007166283435 -4.698463103929543
      vertex 7.5 1.5974774553360442 -8.918565756346363
    endloop
  endfacet
  facet normal 1 0 0
    outer loop
      vertex 7.5 1.4722431864335457 -8.65
      vertex 7.5 1.5974774553360442 -8.918565756346363
      vertex 7.5 1.7101007166283435 -4.698463103929543
    endloop
  endfacet
  facet normal 1 0 0
    outer loop
      vertex 7.5 1.7 -9.5
      vertex 7.5 2.033683215379001 -4.567727288213004
      vertex 7.5 1.6741731801207536 -9.204798097966219
    endloop
  endfacet
  facet normal 1 0 0
    outer loop
      vertex 7.5 1.6741731801207536 -9.204798097966219
      vertex 7.5 2.033683215379001 -4.567727288213004
      vertex 7.5 1.7101007166283435 -4.698463103929543
    endloop
  endfacet
  facet normal 1 0 0
    outer loop
      vertex 7.5 0.85 -8.027756813566455
      vertex 7.5 1.3781867790849958 -4.8063084796915945
      vertex 7.5 1.0395584540887968 -4.8907380036690284
    endloop
  endfacet
  facet normal 1 0 0
    outer loop
      vertex 7.5 1.0927389364671167 -8.197724446697737
      vertex 7.5 1.7101007166283435 -4.698463103929543
      vertex 7.5 1.3781867790849958 -4.8063084796915945
    endloop
  endfacet
  facet normal 1 0 0
    outer loop
      vertex 7.5 1.8911735118469135 -12.00351239721139
      vertex 7.5 2.0959456516010007 -12.219687716849975
      vertex 7.5 2.347357813929454 -4.414737964294635
    endloop
  endfacet
  facet normal 1 0 0
    outer loop
      vertex 7.5 2.276144744931449 -12.456735570253448
      vertex 7.5 2.347357813929454 -4.414737964294635
      vertex 7.5 2.0959456516010007 -12.219687716849975
    endloop
  endfacet
  facet normal 1 0 0
    outer loop
      vertex 7.5 2.276144744931449 -12.456735570253448
      vertex 7.5 2.2924533857969958 -12.483840742224618
      vertex 7.5 2.347357813929454 -4.414737964294635
    endloop
  endfacet
  facet normal 1 0 0
    outer loop
      vertex 7.5 2.2924533857969958 -12.483840742224618
      vertex 7.5 2.6404784733855435 -12.42247452931933
      vertex 7.5 2.347357813929454 -4.414737964294635
    endloop
  endfacet
  facet normal 1 0 0
    outer loop
      vertex 7.5 2.6404784733855435 -12.42247452931933
      vertex 7.5 3.500594418875889 -12.208023538416649
      vertex 7.5 2.938926261462366 -4.045084971874737
    endloop
  endfacet
  facet normal 1 0 0
    outer loop
      vertex 7.5 3.500594418875889 -12.208023538416649
      vertex 7.5 4.343655820235992 -11.934096283981036
      vertex 7.5 3.9400537680336094 -3.0783073766282913
    endloop
  endfacet
  facet normal 1 0 0
    outer loop
      vertex 7.5 1.8911735118469135 -12.00351239721139
      vertex 7.5 2.347357813929454 -4.414737964294635
      vertex 7.5 2.033683215379001 -4.567727288213004
    endloop
  endfacet
  facet normal 1 0 0
    outer loop
      vertex 7.5 2.6404784733855435 -12.42247452931933
      vertex 7.5 2.6495963211660243 -4.24024048078213
      vertex 7.5 2.347357813929454 -4.414737964294635
    endloop
  endfacet
  facet normal 1 0 0
    outer loop
      vertex 7.5 2.6404784733855435 -12.42247452931933
      vertex 7.5 2.938926261462366 -4.045084971874737
      vertex 7.5 2.6495963211660243 -4.24024048078213
    endloop
  endfacet
  facet normal 1 0 0
    outer loop
      vertex 7.5 3.500594418875889 -12.208023538416649
      vertex 7.5 3.2139380484326963 -3.83022221559489
      vertex 7.5 2.938926261462366 -4.045084971874737
    endloop
  endfacet
  facet normal 1 0 0
    outer loop
      vertex 7.5 3.500594418875889 -12.208023538416649
      vertex 7.5 3.4732918522949863 -3.596699001693256
      vertex 7.5 3.2139380484326963 -3.83022221559489
    endloop
  endfacet
  facet normal 1 0 0
    outer loop
      vertex 7.5 3.500594418875889 -12.208023538416649
      vertex 7.5 3.715724127386971 -3.345653031794291
      vertex 7.5 3.4732918522949863 -3.596699001693256
    endloop
  endfacet
  facet normal 1 0 0
    outer loop
      vertex 7.5 3.500594418875889 -12.208023538416649
      vertex 7.5 3.9400537680336094 -3.0783073766282913
      vertex 7.5 3.715724127386971 -3.345653031794291
    endloop
  endfacet
  facet normal 0 -0.30901699437494706 0.9510565162951536
    outer loop
      vertex 7.5 4.343655820235992 -11.934096283981036
      vertex 9.5 3.500594418875889 -12.208023538416649
      vertex 9.5 4.343655820235992 -11.934096283981036
    endloop
  endfacet
  facet normal 0 -0.3746065934159121 0.9271838545667874
    outer loop
      vertex 7.5 4.343655820235992 -11.934096283981036
      vertex 9.5 4.343655820235992 -11.934096283981036
      vertex 7.5 5.165555367062662 -11.60202731206103
    endloop
  endfacet
  facet normal 0 -0.3746065934159121 0.9271838545667874
    outer loop
      vertex 7.5 5.165555367062662 -11.60202731206103
      vertex 9.5 4.343655820235992 -11.934096283981036
      vertex 9.5 5.165555367062662 -11.60202731206103
    endloop
  endfacet
  facet normal 1 0 0
    outer loop
      vertex 7.5 4.343655820235992 -11.934096283981036
      vertex 7.5 5.165555367062662 -11.60202731206103
      vertex 7.5 4.755282581475767 -1.545084971874737
    endloop
  endfacet
  facet normal 0 -0.4383711467890776 0.8987940462991669
    outer loop
      vertex 7.5 5.165555367062662 -11.60202731206103
      vertex 9.5 5.165555367062662 -11.60202731206103
      vertex 7.5 5.962288847380813 -11.213434429308371
    endloop
  endfacet
  facet normal 0 -0.4383711467890776 0.8987940462991669
    outer loop
      vertex 7.5 5.962288847380813 -11.213434429308371
      vertex 9.5 5.165555367062662 -11.60202731206103
      vertex 9.5 5.962288847380813 -11.213434429308371
    endloop
  endfacet
  facet normal 1 0 0
    outer loop
      vertex 7.5 4.343655820235992 -11.934096283981036
      vertex 7.5 4.145187862775209 -2.7959645173537346
      vertex 7.5 3.9400537680336094 -3.0783073766282913
    endloop
  endfacet
  facet normal 1 0 0
    outer loop
      vertex 7.5 4.343655820235992 -11.934096283981036
      vertex 7.5 4.330127018922193 -2.5
      vertex 7.5 4.145187862775209 -2.7959645173537346
    endloop
  endfacet
  facet normal 1 0 0
    outer loop
      vertex 7.5 4.343655820235992 -11.934096283981036
      vertex 7.5 4.493970231495835 -2.1918557339453875
      vertex 7.5 4.330127018922193 -2.5
    endloop
  endfacet
  facet normal 1 0 0
    outer loop
      vertex 7.5 4.343655820235992 -11.934096283981036
      vertex 7.5 4.635919272833937 -1.87303296707956
      vertex 7.5 4.493970231495835 -2.1918557339453875
    endloop
  endfacet
  facet normal 1 0 0
    outer loop
      vertex 7.5 4.343655820235992 -11.934096283981036
      vertex 7.5 4.755282581475767 -1.545084971874737
      vertex 7.5 4.635919272833937 -1.87303296707956
    endloop
  endfacet
  facet normal 1 0 0
    outer loop
      vertex 7.5 5.165555367062662 -11.60202731206103
      vertex 7.5 4.851478631379982 -1.2096094779983386
      vertex 7.5 4.755282581475767 -1.545084971874737
    endloop
  endfacet
  facet normal 1 0 0
    outer loop
      vertex 7.5 5.165555367062662 -11.60202731206103
      vertex 7.5 4.92403876506104 -0.8682408883346516
      vertex 7.5 4.851478631379982 -1.2096094779983386
    endloop
  endfacet
  facet normal 1 0 0
    outer loop
      vertex 7.5 5.165555367062662 -11.60202731206103
      vertex 7.5 4.972609476841367 -0.5226423163382674
      vertex 7.5 4.92403876506104 -0.8682408883346516
    endloop
  endfacet
  facet normal 0 -0.5000000000000003 0.8660254037844385
    outer loop
      vertex 7.5 5.962288847380813 -11.213434429308371
      vertex 9.5 5.962288847380813 -11.213434429308371
      vertex 7.5 6.729974655761702 -10.770210821186609
    endloop
  endfacet
  facet normal 1 0 0
    outer loop
      vertex 7.5 6.729974655761702 -10.770210821186609
      vertex 7.5 7.130578672522744 -10.5
      vertex 7.5 7 -10.5
    endloop
  endfacet
  facet normal -1.604549703776319e-16 -0.5591929034707469 0.8290375725550416
    outer loop
      vertex 7.5 6.729974655761702 -10.770210821186609
      vertex 9.5 7 -10.588076426734569
      vertex 7.5 7.130578672522744 -10.5
    endloop
  endfacet
  facet normal 3.003306187158631e-16 -0.4999999999999997 0.8660254037844388
    outer loop
      vertex 7.5 6.729974655761702 -10.770210821186609
      vertex 9.5 5.962288847380813 -11.213434429308371
      vertex 9.5 6.33196812302738 -11
    endloop
  endfacet
  facet normal 0 -0.5591929034707452 0.8290375725550428
    outer loop
      vertex 9.5 7.130578672522744 -10.5
      vertex 7.5 7.130578672522744 -10.5
      vertex 9.5 7 -10.588076426734569
    endloop
  endfacet
  facet normal 0 -0.500000000000001 0.8660254037844383
    outer loop
      vertex 7.5 6.729974655761702 -10.770210821186609
      vertex 9.5 6.33196812302738 -11
      vertex 12 6.729974655761702 -10.770210821186609
    endloop
  endfacet
  facet normal 0 -0.5591929034707478 0.8290375725550411
    outer loop
      vertex 7.5 6.729974655761702 -10.770210821186609
      vertex 12 6.729974655761702 -10.770210821186609
      vertex 9.5 7 -10.588076426734569
    endloop
  endfacet
  facet normal -1.7763568394002508e-16 -0.5000000000000001 0.8660254037844386
    outer loop
      vertex 12 6.331968123027379 -11
      vertex 12 6.729974655761702 -10.770210821186609
      vertex 9.5 6.33196812302738 -11
    endloop
  endfacet
  facet normal 0 -0.5591929034707477 0.8290375725550411
    outer loop
      vertex 9.5 7 -10.588076426734569
      vertex 12 6.729974655761702 -10.770210821186609
      vertex 12 7 -10.588076426734569
    endloop
  endfacet
  facet normal 1 0 0
    outer loop
      vertex 7.5 0 5
      vertex 7.5 0.3487823687206265 4.987820251299121
      vertex 7.5 0.29520190203378155 7.825826819879246
    endloop
  endfacet
  facet normal 1 0 0
    outer loop
      vertex 7.5 0 5
      vertex 7.5 0.29520190203378155 7.825826819879246
      vertex 7.5 0 7.8
    endloop
  endfacet
  facet normal 1 0 0
    outer loop
      vertex 7.5 0.3487823687206265 4.987820251299121
      vertex 7.5 0.5814342436536368 7.902522544663956
      vertex 7.5 0.29520190203378155 7.825826819879246
    endloop
  endfacet
  facet normal 1 0 0
    outer loop
      vertex 7.5 0.3487823687206265 4.987820251299121
      vertex 7.5 0.6958655048003272 4.951340343707852
      vertex 7.5 0.85 8.027756813566455
    endloop
  endfacet
  facet normal 1 0 0
    outer loop
      vertex 7.5 0.6958655048003272 4.951340343707852
      vertex 7.5 1.0395584540887968 4.8907380036690284
      vertex 7.5 1.0927389364671167 8.197724446697737
    endloop
  endfacet
  facet normal 1 0 0
    outer loop
      vertex 7.5 0.3487823687206265 4.987820251299121
      vertex 7.5 0.85 8.027756813566455
      vertex 7.5 0.5814342436536368 7.902522544663956
    endloop
  endfacet
  facet normal 1 0 0
    outer loop
      vertex 7.5 0.6958655048003272 4.951340343707852
      vertex 7.5 1.0927389364671167 8.197724446697737
      vertex 7.5 0.85 8.027756813566455
    endloop
  endfacet
  facet normal 1 0 0
    outer loop
      vertex 7.5 1.0395584540887968 4.8907380036690284
      vertex 7.5 1.3781867790849958 4.8063084796915945
      vertex 7.5 1.4722431864335457 8.65
    endloop
  endfacet
  facet normal 1 0 0
    outer loop
      vertex 7.5 1.0395584540887968 4.8907380036690284
      vertex 7.5 1.3022755533022625 8.407261063532884
      vertex 7.5 1.0927389364671167 8.197724446697737
    endloop
  endfacet
  facet normal 1 0 0
    outer loop
      vertex 7.5 1.3781867790849958 4.8063084796915945
      vertex 7.5 1.7101007166283435 4.698463103929543
      vertex 7.5 1.7 9.5
    endloop
  endfacet
  facet normal 1 0 0
    outer loop
      vertex 7.5 1.0395584540887968 4.8907380036690284
      vertex 7.5 1.4722431864335457 8.65
      vertex 7.5 1.3022755533022625 8.407261063532884
    endloop
  endfacet
  facet normal 1 0 0
    outer loop
      vertex 7.5 1.3781867790849958 4.8063084796915945
      vertex 7.5 1.5974774553360442 8.918565756346363
      vertex 7.5 1.4722431864335457 8.65
    endloop
  endfacet
  facet normal 1 0 0
    outer loop
      vertex 7.5 1.3781867790849958 4.8063084796915945
      vertex 7.5 1.6741731801207536 9.204798097966219
      vertex 7.5 1.5974774553360442 8.918565756346363
    endloop
  endfacet
  facet normal 1 0 0
    outer loop
      vertex 7.5 1.3781867790849958 4.8063084796915945
      vertex 7.5 1.7 9.5
      vertex 7.5 1.6741731801207536 9.204798097966219
    endloop
  endfacet
  facet normal 1 0 0
    outer loop
      vertex 7.5 2.033683215379001 4.567727288213004
      vertex 7.5 6.331968123027379 11
      vertex 7.5 1.7101007166283435 4.698463103929543
    endloop
  endfacet
  facet normal 1 0 0
    outer loop
      vertex 7.5 2.033683215379001 4.567727288213004
      vertex 7.5 2.347357813929454 4.414737964294635
      vertex 7.5 6.331968123027379 11
    endloop
  endfacet
  facet normal 1 0 0
    outer loop
      vertex 7.5 2.347357813929454 4.414737964294635
      vertex 7.5 2.6495963211660243 4.24024048078213
      vertex 7.5 6.331968123027379 11
    endloop
  endfacet
  facet normal 1 0 0
    outer loop
      vertex 7.5 2.6495963211660243 4.24024048078213
      vertex 7.5 2.938926261462366 4.045084971874737
      vertex 7.5 6.331968123027379 11
    endloop
  endfacet
  facet normal 1 0 0
    outer loop
      vertex 7.5 0.85 10.972243186433545
      vertex 7.5 6.331968123027379 11
      vertex 7.5 0.7904753212154435 11
    endloop
  endfacet
  facet normal 1 0 0
    outer loop
      vertex 7.5 0.85 10.972243186433545
      vertex 7.5 1.0927389364671167 10.802275553302263
      vertex 7.5 6.331968123027379 11
    endloop
  endfacet
  facet normal 1 0 0
    outer loop
      vertex 7.5 1.3022755533022625 10.592738936467116
      vertex 7.5 6.331968123027379 11
      vertex 7.5 1.0927389364671167 10.802275553302263
    endloop
  endfacet
  facet normal 1 0 0
    outer loop
      vertex 7.5 1.7101007166283435 4.698463103929543
      vertex 7.5 6.331968123027379 11
      vertex 7.5 1.7 9.5
    endloop
  endfacet
  facet normal 1 0 0
    outer loop
      vertex 7.5 1.7 9.5
      vertex 7.5 6.331968123027379 11
      vertex 7.5 1.6741731801207536 9.795201902033781
    endloop
  endfacet
  facet normal 1 0 0
    outer loop
      vertex 7.5 1.4722431864335457 10.35
      vertex 7.5 1.5974774553360442 10.081434243653637
      vertex 7.5 6.331968123027379 11
    endloop
  endfacet
  facet normal 1 0 0
    outer loop
      vertex 7.5 1.6741731801207536 9.795201902033781
      vertex 7.5 6.331968123027379 11
      vertex 7.5 1.5974774553360442 10.081434243653637
    endloop
  endfacet
  facet normal 1 0 0
    outer loop
      vertex 7.5 1.3022755533022625 10.592738936467116
      vertex 7.5 1.4722431864335457 10.35
      vertex 7.5 6.331968123027379 11
    endloop
  endfacet
  facet normal 1 0 0
    outer loop
      vertex 7.5 5.165555367062662 -11.60202731206103
      vertex 7.5 4.9969541350954785 -0.17449748351250485
      vertex 7.5 4.972609476841367 -0.5226423163382674
    endloop
  endfacet
  facet normal 1 0 0
    outer loop
      vertex 7.5 5.165555367062662 -11.60202731206103
      vertex 7.5 5.962288847380813 -11.213434429308371
      vertex 7.5 6.331968123027379 11
    endloop
  endfacet
  facet normal 1 0 0
    outer loop
      vertex 7.5 5.165555367062662 -11.60202731206103
      vertex 7.5 6.331968123027379 11
      vertex 7.5 4.9969541350954785 -0.17449748351250485
    endloop
  endfacet
  facet normal 1 0 0
    outer loop
      vertex 7.5 5.962288847380813 -11.213434429308371
      vertex 7.5 6.729974655761702 -10.770210821186609
      vertex 7.5 6.729974655761702 10.770210821186609
    endloop
  endfacet
  facet normal 1 0 0
    outer loop
      vertex 7.5 6.729974655761702 -10.770210821186609
      vertex 7.5 7 -10.5
      vertex 7.5 6.729974655761702 10.770210821186609
    endloop
  endfacet
  facet normal 1 0 0
    outer loop
      vertex 7.5 3.4732918522949863 3.596699001693256
      vertex 7.5 6.331968123027379 11
      vertex 7.5 3.2139380484326963 3.83022221559489
    endloop
  endfacet
  facet normal 1 0 0
    outer loop
      vertex 7.5 2.938926261462366 4.045084971874737
      vertex 7.5 3.2139380484326963 3.83022221559489
      vertex 7.5 6.331968123027379 11
    endloop
  endfacet
  facet normal 1 0 0
    outer loop
      vertex 7.5 3.4732918522949863 3.596699001693256
      vertex 7.5 3.715724127386971 3.345653031794291
      vertex 7.5 6.331968123027379 11
    endloop
  endfacet
  facet normal 1 0 0
    outer loop
      vertex 7.5 3.9400537680336094 3.0783073766282913
      vertex 7.5 6.331968123027379 11
      vertex 7.5 3.715724127386971 3.345653031794291
    endloop
  endfacet
  facet normal 1 0 0
    outer loop
      vertex 7.5 3.9400537680336094 3.0783073766282913
      vertex 7.5 4.145187862775209 2.7959645173537346
      vertex 7.5 6.331968123027379 11
    endloop
  endfacet
  facet normal 1 0 0
    outer loop
      vertex 7.5 4.330127018922193 2.5
      vertex 7.5 6.331968123027379 11
      vertex 7.5 4.145187862775209 2.7959645173537346
    endloop
  endfacet
  facet normal 1 0 0
    outer loop
      vertex 7.5 4.9969541350954785 -0.17449748351250485
      vertex 7.5 6.331968123027379 11
      vertex 7.5 4.9969541350954785 0.17449748351250485
    endloop
  endfacet
  facet normal 1 0 0
    outer loop
      vertex 7.5 4.9969541350954785 0.17449748351250485
      vertex 7.5 6.331968123027379 11
      vertex 7.5 4.972609476841367 0.5226423163382674
    endloop
  endfacet
  facet normal 1 0 0
    outer loop
      vertex 7.5 4.972609476841367 0.5226423163382674
      vertex 7.5 6.331968123027379 11
      vertex 7.5 4.92403876506104 0.8682408883346516
    endloop
  endfacet
  facet normal 1 0 0
    outer loop
      vertex 7.5 4.330127018922193 2.5
      vertex 7.5 4.493970231495835 2.1918557339453875
      vertex 7.5 6.331968123027379 11
    endloop
  endfacet
  facet normal 1 0 0
    outer loop
      vertex 7.5 4.635919272833937 1.87303296707956
      vertex 7.5 6.331968123027379 11
      vertex 7.5 4.493970231495835 2.1918557339453875
    endloop
  endfacet
  facet normal 1 0 0
    outer loop
      vertex 7.5 4.755282581475767 1.545084971874737
      vertex 7.5 6.331968123027379 11
      vertex 7.5 4.635919272833937 1.87303296707956
    endloop
  endfacet
  facet normal 1 0 0
    outer loop
      vertex 7.5 4.92403876506104 0.8682408883346516
      vertex 7.5 6.331968123027379 11
      vertex 7.5 4.851478631379982 1.2096094779983386
    endloop
  endfacet
  facet normal 1 0 0
    outer loop
      vertex 7.5 4.755282581475767 1.545084971874737
      vertex 7.5 4.851478631379982 1.2096094779983386
      vertex 7.5 6.331968123027379 11
    endloop
  endfacet
  facet normal 1 0 0
    outer loop
      vertex 7.5 5.962288847380813 -11.213434429308371
      vertex 7.5 6.729974655761702 10.770210821186609
      vertex 7.5 6.331968123027379 11
    endloop
  endfacet
  facet normal 1 0 0
    outer loop
      vertex 7.5 6.729974655761702 10.770210821186609
      vertex 7.5 7 -10.5
      vertex 7.5 7 10.588076426734569
    endloop
  endfacet
  facet normal 1.017229359849681e-16 -0.5000000000000001 -0.8660254037844387
    outer loop
      vertex 7.5 6.729974655761702 10.770210821186609
      vertex 12 6.33196812302738 11
      vertex 7.5 6.331968123027379 11
    endloop
  endfacet
  facet normal 0 -0.5591929034707478 -0.8290375725550411
    outer loop
      vertex 7.5 6.729974655761702 10.770210821186609
      vertex 7.5 7 10.588076426734569
      vertex 12 6.729974655761702 10.770210821186609
    endloop
  endfacet
  facet normal 0 -0.500000000000001 -0.8660254037844383
    outer loop
      vertex 7.5 6.729974655761702 10.770210821186609
      vertex 12 6.729974655761702 10.770210821186609
      vertex 12 6.33196812302738 11
    endloop
  endfacet
  facet normal 3.253608173266103e-16 -0.559192903470744 -0.8290375725550436
    outer loop
      vertex 12 6.729974655761702 10.770210821186609
      vertex 7.5 7 10.588076426734569
      vertex 12 7 10.58807642673457
    endloop
  endfacet
  facet normal 0.6162123376524861 0.5548400809685231 -0.5589587099918037
    outer loop
      vertex -3.408586351113603 -2.860143550055335 -10.767181112391398
      vertex -3.3137335932291174 -3.2000353336824694 -11
      vertex -3.5288846854779736 -2.961085838051719 -11
    endloop
  endfacet
  facet normal 0.5760075878284185 0.5964733181697112 -0.5589587099918035
    outer loop
      vertex -3.2007696776233776 -3.0909473484237524 -10.767181112391398
      vertex -3.082438324009385 -3.4233945788339453 -11
      vertex -3.3137335932291174 -3.2000353336824694 -11
    endloop
  endfacet
  facet normal 0.5760075878284185 0.5964733181697112 -0.5589587099918035
    outer loop
      vertex -2.977359176004013 -3.3066923620115904 -10.767181112391398
      vertex -3.082438324009385 -3.4233945788339453 -11
      vertex -3.2007696776233776 -3.0909473484237524 -10.767181112391398
    endloop
  endfacet
  facet normal 0.6162123376524863 0.5548400809685229 -0.5589587099918034
    outer loop
      vertex -3.408586351113603 -2.860143550055335 -10.767181112391398
      vertex -3.2007696776233776 -3.0909473484237524 -10.767181112391398
      vertex -3.3137335932291174 -3.2000353336824694 -11
    endloop
  endfacet
  facet normal 0.5475246657243593 0.5669783889056225 -0.6154285067637127
    outer loop
      vertex -2.977359176004013 -3.3066923620115904 -10.767181112391398
      vertex -3.2007696776233776 -3.0909473484237524 -10.767181112391398
      vertex -3.030754412200564 -2.926765515059096 -10.464668146724033
    endloop
  endfacet
  facet normal 0.6874342161471796 0.46368023356016846 -0.558958709991803
    outer loop
      vertex -3.7734692701082753 -2.357925297262321 -10.767181112391398
      vertex -3.7268434062614295 -2.707710229865289 -11
      vertex -3.9066453205905685 -2.441142929617035 -11
    endloop
  endfacet
  facet normal 0.718104358984975 0.41459774496622165 -0.5589587099918044
    outer loop
      vertex -3.928757842709282 -2.0889575996825296 -10.767181112391398
      vertex -3.9066453205905685 -2.441142929617035 -11
      vertex -4.067414451612406 -2.1626826263985173 -11
    endloop
  endfacet
  facet normal 0.7181043589849765 0.41459774496622087 -0.558958709991803
    outer loop
      vertex -3.928757842709282 -2.0889575996825296 -10.767181112391398
      vertex -3.7734692701082753 -2.357925297262321 -10.767181112391398
      vertex -3.9066453205905685 -2.441142929617035 -11
    endloop
  endfacet
  facet normal 0.7452759695693979 0.3634953778340129 -0.5589587099918043
    outer loop
      vertex -4.064905902017966 -1.8098127106583684 -10.767181112391398
      vertex -3.928757842709282 -2.0889575996825296 -10.767181112391398
      vertex -4.067414451612406 -2.1626826263985173 -11
    endloop
  endfacet
  facet normal 0.6825949126655863 0.39409635657494624 -0.6154285067637131
    outer loop
      vertex -3.928757842709282 -2.0889575996825296 -10.767181112391398
      vertex -3.5730339235704234 -2.232679392171492 -10.464668146724033
      vertex -3.7734692701082753 -2.357925297262321 -10.767181112391398
    endloop
  endfacet
  facet normal 0.6534149629089563 0.5105037186651887 -0.5589587099918036
    outer loop
      vertex -3.599796734531106 -2.6154054198116725 -10.767181112391398
      vertex -3.5288846854779736 -2.961085838051719 -11
      vertex -3.7268434062614295 -2.707710229865289 -11
    endloop
  endfacet
  facet normal 0.6534149629089561 0.5105037186651887 -0.5589587099918036
    outer loop
      vertex -3.408586351113603 -2.860143550055335 -10.767181112391398
      vertex -3.5288846854779736 -2.961085838051719 -11
      vertex -3.599796734531106 -2.6154054198116725 -10.767181112391398
    endloop
  endfacet
  facet normal 0.6874342161471787 0.4636802335601687 -0.5589587099918035
    outer loop
      vertex -3.599796734531106 -2.6154054198116725 -10.767181112391398
      vertex -3.7268434062614295 -2.707710229865289 -11
      vertex -3.7734692701082753 -2.357925297262321 -10.767181112391398
    endloop
  endfacet
  facet normal 0.621104333876572 0.48525988861879643 -0.6154285067637125
    outer loop
      vertex -3.408586351113603 -2.860143550055335 -10.767181112391398
      vertex -3.599796734531106 -2.6154054198116725 -10.767181112391398
      vertex -3.227532488584058 -2.7082213207835717 -10.464668146724033
    endloop
  endfacet
  facet normal 0.6211043338765722 0.4852598886187963 -0.6154285067637127
    outer loop
      vertex -3.599796734531106 -2.6154054198116725 -10.767181112391398
      vertex -3.4085863511136028 -2.4764829444626457 -10.464668146724033
      vertex -3.227532488584058 -2.7082213207835717 -10.464668146724033
    endloop
  endfacet
  facet normal 0.5857413362563308 0.5274038680776194 -0.6154285067637125
    outer loop
      vertex -3.408586351113603 -2.860143550055335 -10.767181112391398
      vertex -3.227532488584058 -2.7082213207835717 -10.464668146724033
      vertex -3.2007696776233776 -3.0909473484237524 -10.767181112391398
    endloop
  endfacet
  facet normal 0.5857413362563304 0.5274038680776195 -0.6154285067637127
    outer loop
      vertex -3.2007696776233776 -3.0909473484237524 -10.767181112391398
      vertex -3.227532488584058 -2.7082213207835717 -10.464668146724033
      vertex -3.030754412200564 -2.926765515059096 -10.464668146724033
    endloop
  endfacet
  facet normal 0.5857658538584511 0.45765044211804345 -0.6689054023422437
    outer loop
      vertex -3.4085863511136028 -2.4764829444626457 -10.464668146724033
      vertex -3.200769677623377 -2.3254952931433923 -10.179378962475514
      vertex -3.227532488584058 -2.7082213207835717 -10.464668146724033
    endloop
  endfacet
  facet normal 0.5524148766293475 0.49739658904735556 -0.6689054023422435
    outer loop
      vertex -3.030754412200564 -2.926765515059096 -10.464668146724033
      vertex -3.227532488584058 -2.7082213207835717 -10.464668146724033
      vertex -3.030754412200564 -2.543104909466407 -10.179378962475514
    endloop
  endfacet
  facet normal 0.5857658538584515 0.45765044211804334 -0.6689054023422436
    outer loop
      vertex -3.227532488584058 -2.7082213207835717 -10.464668146724033
      vertex -3.200769677623377 -2.3254952931433923 -10.179378962475514
      vertex -3.030754412200564 -2.543104909466407 -10.179378962475514
    endloop
  endfacet
  facet normal 0.6534413736153586 0.4407517717607726 -0.6154285067637126
    outer loop
      vertex -3.599796734531106 -2.6154054198116725 -10.767181112391398
      vertex -3.7734692701082753 -2.357925297262321 -10.767181112391398
      vertex -3.4085863511136028 -2.4764829444626457 -10.464668146724033
    endloop
  endfacet
  facet normal 0.6534413736153587 0.44075177176077196 -0.6154285067637131
    outer loop
      vertex -3.4085863511136028 -2.4764829444626457 -10.464668146724033
      vertex -3.7734692701082753 -2.357925297262321 -10.767181112391398
      vertex -3.5730339235704234 -2.232679392171492 -10.464668146724033
    endloop
  endfacet
  facet normal 0.6162630387285369 0.41567466823759086 -0.6689054023422435
    outer loop
      vertex -3.4085863511136028 -2.4764829444626457 -10.464668146724033
      vertex -3.5730339235704234 -2.232679392171492 -10.464668146724033
      vertex -3.355191114917052 -2.096556097510152 -10.179378962475514
    endloop
  endfacet
  facet normal 0.6825949126655861 0.3940963565749469 -0.6154285067637127
    outer loop
      vertex -3.928757842709282 -2.0889575996825296 -10.767181112391398
      vertex -3.7200740339117235 -1.9779984503098271 -10.464668146724033
      vertex -3.5730339235704234 -2.232679392171492 -10.464668146724033
    endloop
  endfacet
  facet normal 0.6437578520204782 0.37167376915695993 -0.6689054023422437
    outer loop
      vertex -3.7200740339117235 -1.9779984503098271 -10.464668146724033
      vertex -3.4932663983614827 -1.8574026913149246 -10.179378962475514
      vertex -3.5730339235704234 -2.232679392171492 -10.464668146724033
    endloop
  endfacet
  facet normal 0.6437578520204789 0.3716737691569596 -0.6689054023422434
    outer loop
      vertex -3.5730339235704234 -2.232679392171492 -10.464668146724033
      vertex -3.4932663983614827 -1.8574026913149246 -10.179378962475514
      vertex -3.355191114917052 -2.096556097510152 -10.179378962475514
    endloop
  endfacet
  facet normal 0.6162630387285364 0.4156746682375912 -0.6689054023422437
    outer loop
      vertex -3.4085863511136028 -2.4764829444626457 -10.464668146724033
      vertex -3.355191114917052 -2.096556097510152 -10.179378962475514
      vertex -3.200769677623377 -2.3254952931433923 -10.179378962475514
    endloop
  endfacet
  facet normal 0.5475708439409487 0.4278092298652168 -0.7191282456613198
    outer loop
      vertex -3.030754412200564 -2.543104909466407 -10.179378962475514
      vertex -3.200769677623377 -2.3254952931433923 -10.179378962475514
      vertex -2.9773591760040126 -2.1631780625139134 -9.912703459874333
    endloop
  endfacet
  facet normal 0.5760794521965114 0.38857049688446577 -0.7191282456613193
    outer loop
      vertex -3.355191114917052 -2.096556097510152 -10.179378962475514
      vertex -3.1210021524144356 -1.9502185922868243 -9.912703459874333
      vertex -3.200769677623377 -2.3254952931433923 -10.179378962475514
    endloop
  endfacet
  facet normal 0.5760794521965104 0.38857049688446627 -0.7191282456613198
    outer loop
      vertex -3.200769677623377 -2.3254952931433923 -10.179378962475514
      vertex -3.1210021524144356 -1.9502185922868243 -9.912703459874333
      vertex -2.9773591760040126 -2.1631780625139134 -9.912703459874333
    endloop
  endfacet
  facet normal 0.8165981472482283 0.14398828575640765 -0.5589587099917953
    outer loop
      vertex -4.505969606085555 -0.85 -10.972243186433545
      vertex -4.505965834452818 -0.957772604773883 -11
      vertex -4.5354648593434055 -0.7904753212154436 -11
    endloop
  endfacet
  facet normal 0.7688166705449552 0.3106220977594309 -0.558958709991803
    outer loop
      vertex -4.181250148374931 -1.521850596029617 -10.767181112391398
      vertex -4.208367548281056 -1.8736859508162824 -11
      vertex -4.32881790127811 -1.575560865623924 -11
    endloop
  endfacet
  facet normal 0.7452759695693996 0.363495377834012 -0.5589587099918027
    outer loop
      vertex -4.064905902017966 -1.8098127106583684 -10.767181112391398
      vertex -4.067414451612406 -2.1626826263985173 -11
      vertex -4.208367548281056 -1.8736859508162824 -11
    endloop
  endfacet
  facet normal 0.7688166705449553 0.3106220977594308 -0.5589587099918027
    outer loop
      vertex -4.064905902017966 -1.8098127106583684 -10.767181112391398
      vertex -4.208367548281056 -1.8736859508162824 -11
      vertex -4.181250148374931 -1.521850596029617 -10.767181112391398
    endloop
  endfacet
  facet normal 0.70842291791551 0.34552094355431096 -0.6154285067637126
    outer loop
      vertex -4.064905902017966 -1.8098127106583684 -10.767181112391398
      vertex -3.7200740339117235 -1.9779984503098271 -10.464668146724033
      vertex -3.928757842709282 -2.0889575996825296 -10.767181112391398
    endloop
  endfacet
  facet normal 0.70842291791551 0.34552094355431184 -0.6154285067637122
    outer loop
      vertex -4.064905902017966 -1.8098127106583684 -10.767181112391398
      vertex -3.8489903175003395 -1.7136808988259613 -10.464668146724033
      vertex -3.7200740339117235 -1.9779984503098271 -10.464668146724033
    endloop
  endfacet
  facet normal 0.7307995579197704 0.29526218722832714 -0.6154285067637122
    outer loop
      vertex -4.064905902017966 -1.8098127106583684 -10.767181112391398
      vertex -4.181250148374931 -1.521850596029617 -10.767181112391398
      vertex -3.8489903175003395 -1.7136808988259613 -10.464668146724033
    endloop
  endfacet
  facet normal 0.7307995579197704 0.2952621872283267 -0.6154285067637124
    outer loop
      vertex -3.8489903175003395 -1.7136808988259613 -10.464668146724033
      vertex -4.181250148374931 -1.521850596029617 -10.767181112391398
      vertex -3.959154707161248 -1.441014466261617 -10.464668146724033
    endloop
  endfacet
  facet normal 0.68921983585663 0.27846288905188127 -0.6689054023422442
    outer loop
      vertex -3.8489903175003395 -1.7136808988259613 -10.464668146724033
      vertex -3.959154707161248 -1.441014466261617 -10.464668146724033
      vertex -3.614322839055006 -1.6092002059130763 -10.179378962475514
    endloop
  endfacet
  facet normal 0.6892198358566303 0.27846288905188493 -0.6689054023422425
    outer loop
      vertex -3.614322839055006 -1.6092002059130763 -10.179378962475514
      vertex -3.959154707161248 -1.441014466261617 -10.464668146724033
      vertex -3.83524912868264 -1.4722431864335457 -10.35
    endloop
  endfacet
  facet normal 0.7886117739827995 0.25623549804818513 -0.558958709991803
    outer loop
      vertex -4.277223764306809 -1.2264741782728965 -10.767181112391398
      vertex -4.32881790127811 -1.575560865623924 -11
      vertex -4.42817868859139 -1.2697598062690703 -11
    endloop
  endfacet
  facet normal 0.8045648401287765 0.20060054474714986 -0.5589587099918054
    outer loop
      vertex -4.443953810688267 -0.9445915422202905 -10.906009475520017
      vertex -4.42817868859139 -1.2697598062690703 -11
      vertex -4.505965834452818 -0.957772604773883 -11
    endloop
  endfacet
  facet normal 0.7886117739827997 0.2562354980481851 -0.5589587099918029
    outer loop
      vertex -4.277223764306809 -1.2264741782728965 -10.767181112391398
      vertex -4.181250148374931 -1.521850596029617 -10.767181112391398
      vertex -4.32881790127811 -1.575560865623924 -11
    endloop
  endfacet
  facet normal 0.7496158159375609 0.24356494320581493 -0.6154285067637125
    outer loop
      vertex -4.277223764306809 -1.2264741782728965 -10.767181112391398
      vertex -3.959154707161248 -1.441014466261617 -10.464668146724033
      vertex -4.181250148374931 -1.521850596029617 -10.767181112391398
    endloop
  endfacet
  facet normal 0.8045648401287776 0.20060054474715122 -0.558958709991803
    outer loop
      vertex -4.277223764306809 -1.2264741782728965 -10.767181112391398
      vertex -4.42817868859139 -1.2697598062690703 -11
      vertex -4.334949013362085 -1.0927389364671167 -10.802275553302263
    endloop
  endfacet
  facet normal 0.8045648401287792 0.2006005447471489 -0.5589587099918016
    outer loop
      vertex -4.334949013362085 -1.0927389364671167 -10.802275553302263
      vertex -4.42817868859139 -1.2697598062690703 -11
      vertex -4.443953810688267 -0.9445915422202905 -10.906009475520017
    endloop
  endfacet
  facet normal 0.7647800210512203 0.19068107526306227 -0.6154285067637163
    outer loop
      vertex -4.277223764306809 -1.2264741782728965 -10.767181112391398
      vertex -4.30181767819279 -1.1278333773779812 -10.767181112391398
      vertex -4.216269210222573 -1.2089957411482561 -10.686018748621123
    endloop
  endfacet
  facet normal 0.8045648401287707 0.20060054474714498 -0.5589587099918154
    outer loop
      vertex -4.277223764306809 -1.2264741782728965 -10.767181112391398
      vertex -4.334949013362085 -1.0927389364671167 -10.802275553302263
      vertex -4.30181767819279 -1.1278333773779812 -10.767181112391398
    endloop
  endfacet
  facet normal 0.7496158159375621 0.24356494320580133 -0.6154285067637166
    outer loop
      vertex -4.277223764306809 -1.2264741782728965 -10.767181112391398
      vertex -4.216269210222573 -1.2089957411482561 -10.686018748621123
      vertex -4.109378792556475 -1.3022755533022625 -10.592738936467116
    endloop
  endfacet
  facet normal 0.7496158159375574 0.24356494320580863 -0.6154285067637192
    outer loop
      vertex -4.109378792556475 -1.3022755533022625 -10.592738936467116
      vertex -3.9750961709160975 -1.3919516857048402 -10.464668146724033
      vertex -3.959154707161248 -1.441014466261617 -10.464668146724033
    endloop
  endfacet
  facet normal 0.706965520185411 0.2297070220657779 -0.668905402342247
    outer loop
      vertex -3.9750961709160975 -1.3919516857048402 -10.464668146724033
      vertex -3.91797869470898 -1.426027623363217 -10.416002664279354
      vertex -3.959154707161248 -1.441014466261617 -10.464668146724033
    endloop
  endfacet
  facet normal 0.7496158159375623 0.24356494320582636 -0.6154285067637062
    outer loop
      vertex -4.277223764306809 -1.2264741782728965 -10.767181112391398
      vertex -4.109378792556475 -1.3022755533022625 -10.592738936467116
      vertex -3.959154707161248 -1.441014466261617 -10.464668146724033
    endloop
  endfacet
  facet normal 0.6892198358566313 0.2784628890518707 -0.6689054023422473
    outer loop
      vertex -3.959154707161248 -1.441014466261617 -10.464668146724033
      vertex -3.91797869470898 -1.426027623363217 -10.416002664279354
      vertex -3.83524912868264 -1.4722431864335457 -10.35
    endloop
  endfacet
  facet normal 0.6681163417676909 0.32586211283350897 -0.6689054023422442
    outer loop
      vertex -3.7200740339117235 -1.9779984503098271 -10.464668146724033
      vertex -3.8489903175003395 -1.7136808988259613 -10.464668146724033
      vertex -3.614322839055006 -1.6092002059130763 -10.179378962475514
    endloop
  endfacet
  facet normal 0.6681163417676916 0.3258621128335083 -0.6689054023422437
    outer loop
      vertex -3.7200740339117235 -1.9779984503098271 -10.464668146724033
      vertex -3.614322839055006 -1.6092002059130763 -10.179378962475514
      vertex -3.4932663983614827 -1.8574026913149246 -10.179378962475514
    endloop
  endfacet
  facet normal 0.6892198358566298 0.27846288905188227 -0.668905402342244
    outer loop
      vertex -3.614322839055006 -1.6092002059130763 -10.179378962475514
      vertex -3.83524912868264 -1.4722431864335457 -10.35
      vertex -3.6375119739980044 -1.5518050828735648 -10.179378962475514
    endloop
  endfacet
  facet normal 0.6442790830072024 0.26030564629193736 -0.719128245661325
    outer loop
      vertex -3.614322839055006 -1.6092002059130763 -10.179378962475514
      vertex -3.6375119739980044 -1.5518050828735648 -10.179378962475514
      vertex -3.5531439377945135 -1.5819616041362465 -10.1147080939292
    endloop
  endfacet
  facet normal 0.6245516475613405 0.3046141917581646 -0.719128245661325
    outer loop
      vertex -3.4932663983614827 -1.8574026913149246 -10.179378962475514
      vertex -3.614322839055006 -1.6092002059130763 -10.179378962475514
      vertex -3.5531439377945135 -1.5819616041362465 -10.1147080939292
    endloop
  endfacet
  facet normal 0.6245516475613557 0.3046141917581649 -0.719128245661312
    outer loop
      vertex -3.4932663983614827 -1.8574026913149246 -10.179378962475514
      vertex -3.5531439377945135 -1.5819616041362465 -10.1147080939292
      vertex -3.507263802565322 -1.5974774553360442 -10.081434243653637
    endloop
  endfacet
  facet normal 0.6245516475613461 0.3046141917581671 -0.7191282456613194
    outer loop
      vertex -3.4932663983614827 -1.8574026913149246 -10.179378962475514
      vertex -3.507263802565322 -1.5974774553360442 -10.081434243653637
      vertex -3.29093090242122 -1.642688732587979 -9.912703459874333
    endloop
  endfacet
  facet normal 0.6017814592682751 0.34743868750186524 -0.7191282456613192
    outer loop
      vertex -3.355191114917052 -2.096556097510152 -10.179378962475514
      vertex -3.4932663983614827 -1.8574026913149246 -10.179378962475514
      vertex -3.2494399200603348 -1.7277578531134015 -9.912703459874333
    endloop
  endfacet
  facet normal 0.6017814592682748 0.3474386875018654 -0.7191282456613193
    outer loop
      vertex -3.355191114917052 -2.096556097510152 -10.179378962475514
      vertex -3.2494399200603348 -1.7277578531134015 -9.912703459874333
      vertex -3.1210021524144356 -1.9502185922868243 -9.912703459874333
    endloop
  endfacet
  facet normal 0.6245516475613466 0.30461419175816634 -0.7191282456613192
    outer loop
      vertex -3.4932663983614827 -1.8574026913149246 -10.179378962475514
      vertex -3.29093090242122 -1.642688732587979 -9.912703459874333
      vertex -3.2494399200603348 -1.7277578531134015 -9.912703459874333
    endloop
  endfacet
  facet normal 0.5568694423941338 0.32150872246973106 -0.7658515296736881
    outer loop
      vertex -3.1210021524144356 -1.9502185922868243 -9.912703459874333
      vertex -3.2494399200603348 -1.7277578531134015 -9.912703459874333
      vertex -3.1412579387521884 -1.6702364733160344 -9.809893891843496
    endloop
  endfacet
  facet normal 0.5568694423941322 0.32150872246973133 -0.7658515296736891
    outer loop
      vertex -3.1210021524144356 -1.9502185922868243 -9.912703459874333
      vertex -3.1412579387521884 -1.6702364733160344 -9.809893891843496
      vertex -3.1187794770297663 -1.6741731801207536 -9.795201902033781
    endloop
  endfacet
  facet normal 0.5568694423941297 0.321508722469732 -0.7658515296736906
    outer loop
      vertex -3.1210021524144356 -1.9502185922868243 -9.912703459874333
      vertex -3.1187794770297663 -1.6741731801207536 -9.795201902033781
      vertex -2.93448013321342 -1.6854820563574373 -9.66594085516303
    endloop
  endfacet
  facet normal 0.5779402511780906 0.2818802947434916 -0.7658515296736882
    outer loop
      vertex -3.29093090242122 -1.642688732587979 -9.912703459874333
      vertex -3.1412579387521884 -1.6702364733160344 -9.809893891843496
      vertex -3.2494399200603348 -1.7277578531134015 -9.912703459874333
    endloop
  endfacet
  facet normal 0.816598147248221 0.1439882857564102 -0.5589587099918053
    outer loop
      vertex -4.505969606085555 -0.85 -10.972243186433545
      vertex -4.443953810688267 -0.9445915422202905 -10.906009475520017
      vertex -4.505965834452818 -0.957772604773883 -11
    endloop
  endfacet
  facet normal 0.487388880249722 0.670833243014403 -0.5589587099918034
    outer loop
      vertex -2.7394432797622548 -3.506327502799261 -10.767181112391398
      vertex -2.7398827557294756 -3.700000000000001 -11
      vertex -2.8361257251206955 -3.630075389715761 -11
    endloop
  endfacet
  facet normal 0.487388880249721 0.6708332430144033 -0.5589587099918039
    outer loop
      vertex -2.4956815123169798 -3.700000000000001 -10.787066614304747
      vertex -2.7398827557294756 -3.700000000000001 -11
      vertex -2.7394432797622548 -3.506327502799261 -10.767181112391398
    endloop
  endfacet
  facet normal 0.4873888802497222 0.6708332430144046 -0.5589587099918013
    outer loop
      vertex -2.4956815123169798 -3.700000000000001 -10.787066614304747
      vertex -2.7394432797622548 -3.506327502799261 -10.767181112391398
      vertex -2.488181091229371 -3.6888801684481027 -10.767181112391398
    endloop
  endfacet
  facet normal 0.43940666393049277 0.7031976565787007 -0.5589587099918013
    outer loop
      vertex -2.4956815123169798 -3.700000000000001 -10.787066614304747
      vertex -2.488181091229371 -3.6888801684481027 -10.767181112391398
      vertex -2.470385640839748 -3.700000000000001 -10.767181112391398
    endloop
  endfacet
  facet normal 0.4632880527538993 0.6376612997807596 -0.6154285067637121
    outer loop
      vertex -2.488181091229371 -3.6888801684481027 -10.767181112391398
      vertex -2.7394432797622548 -3.506327502799261 -10.767181112391398
      vertex -2.593932286086088 -3.320081924051351 -10.464668146724033
    endloop
  endfacet
  facet normal 0.46328805275389917 0.6376612997807597 -0.6154285067637122
    outer loop
      vertex -2.488181091229371 -3.6888801684481027 -10.767181112391398
      vertex -2.593932286086088 -3.320081924051351 -10.464668146724033
      vertex -2.35601638984433 -3.4929379407594996 -10.464668146724033
    endloop
  endfacet
  facet normal 0.4176785026263649 0.6684253297911315 -0.615428506763714
    outer loop
      vertex -2.470385640839748 -3.700000000000001 -10.767181112391398
      vertex -2.488181091229371 -3.6888801684481027 -10.767181112391398
      vertex -2.136195996001616 -3.700000000000001 -10.540373564617504
    endloop
  endfacet
  facet normal 0.41767850262636386 0.6684253297911338 -0.6154285067637123
    outer loop
      vertex -2.488181091229371 -3.6888801684481027 -10.767181112391398
      vertex -2.35601638984433 -3.4929379407594996 -10.464668146724033
      vertex -2.136195996001616 -3.700000000000001 -10.540373564617504
    endloop
  endfacet
  facet normal 0.5329965869365308 0.6352005973220648 -0.5589587099918035
    outer loop
      vertex -2.977359176004013 -3.3066923620115904 -10.767181112391398
      vertex -2.8361257251206955 -3.630075389715761 -11
      vertex -3.082438324009385 -3.4233945788339453 -11
    endloop
  endfacet
  facet normal 0.5329965869365307 0.6352005973220649 -0.5589587099918036
    outer loop
      vertex -2.977359176004013 -3.3066923620115904 -10.767181112391398
      vertex -2.7394432797622548 -3.506327502799261 -10.767181112391398
      vertex -2.8361257251206955 -3.630075389715761 -11
    endloop
  endfacet
  facet normal 0.5066405100579657 0.6037906480153458 -0.6154285067637126
    outer loop
      vertex -2.977359176004013 -3.3066923620115904 -10.767181112391398
      vertex -2.819210804971196 -3.1310508019426933 -10.464668146724033
      vertex -2.7394432797622548 -3.506327502799261 -10.767181112391398
    endloop
  endfacet
  facet normal 0.5066405100579666 0.6037906480153457 -0.6154285067637121
    outer loop
      vertex -2.7394432797622548 -3.506327502799261 -10.767181112391398
      vertex -2.819210804971196 -3.1310508019426933 -10.464668146724033
      vertex -2.593932286086088 -3.320081924051351 -10.464668146724033
    endloop
  endfacet
  facet normal 0.5475246657243596 0.5669783889056224 -0.6154285067637126
    outer loop
      vertex -2.977359176004013 -3.3066923620115904 -10.767181112391398
      vertex -3.030754412200564 -2.926765515059096 -10.464668146724033
      vertex -2.819210804971196 -3.1310508019426933 -10.464668146724033
    endloop
  endfacet
  facet normal 0.47781458731917553 0.5694372510315482 -0.6689054023422443
    outer loop
      vertex -2.593932286086088 -3.320081924051351 -10.464668146724033
      vertex -2.819210804971196 -3.1310508019426933 -10.464668146724033
      vertex -2.647327522282639 -2.940155077098858 -10.179378962475514
    endloop
  endfacet
  facet normal 0.4369287203488358 0.6013807912227406 -0.668905402342244
    outer loop
      vertex -2.593932286086088 -3.320081924051351 -10.464668146724033
      vertex -2.4357839150532716 -3.1176612399029313 -10.179378962475514
      vertex -2.35601638984433 -3.4929379407594996 -10.464668146724033
    endloop
  endfacet
  facet normal 0.43692872034883595 0.6013807912227404 -0.6689054023422439
    outer loop
      vertex -2.35601638984433 -3.4929379407594996 -10.464668146724033
      vertex -2.4357839150532716 -3.1176612399029313 -10.179378962475514
      vertex -2.2123734134339075 -3.2799784705324107 -10.179378962475514
    endloop
  endfacet
  facet normal 0.4778145873191757 0.5694372510315481 -0.668905402342244
    outer loop
      vertex -2.593932286086088 -3.320081924051351 -10.464668146724033
      vertex -2.647327522282639 -2.940155077098858 -10.179378962475514
      vertex -2.4357839150532716 -3.1176612399029313 -10.179378962475514
    endloop
  endfacet
  facet normal 0.40843867317889954 0.5621676053846693 -0.7191282456613194
    outer loop
      vertex -2.2123734134339075 -3.2799784705324107 -10.179378962475514
      vertex -2.4357839150532716 -3.1176612399029313 -10.179378962475514
      vertex -2.2657686496304583 -2.9000516235799165 -9.912703459874333
    endloop
  endfacet
  facet normal 0.37003406481893014 0.69593285878464 -0.6154285067637167
    outer loop
      vertex -2.136195996001616 -3.700000000000001 -10.540373564617504
      vertex -2.1066222185771895 -3.6487767149291606 -10.464668146724033
      vertex -2.0102852307024803 -3.700000000000001 -10.464668146724033
    endloop
  endfacet
  facet normal 0.41767850262636036 0.6684253297911318 -0.6154285067637167
    outer loop
      vertex -2.136195996001616 -3.700000000000001 -10.540373564617504
      vertex -2.35601638984433 -3.4929379407594996 -10.464668146724033
      vertex -2.1066222185771895 -3.6487767149291606 -10.464668146724033
    endloop
  endfacet
  facet normal 0.3489805305052796 0.6563369196118805 -0.6689054023422456
    outer loop
      vertex -2.1066222185771895 -3.6487767149291606 -10.464668146724033
      vertex -1.8046105776936878 -3.700000000000001 -10.357363811511364
      vertex -2.0102852307024803 -3.700000000000001 -10.464668146724033
    endloop
  endfacet
  facet normal 0.3489805305052793 0.6563369196118823 -0.6689054023422438
    outer loop
      vertex -2.1066222185771895 -3.6487767149291606 -10.464668146724033
      vertex -1.9781844509312907 -3.4263159757557378 -10.179378962475514
      vertex -1.8046105776936878 -3.700000000000001 -10.357363811511364
    endloop
  endfacet
  facet normal 0.3489805305052822 0.656336919611883 -0.6689054023422419
    outer loop
      vertex -1.8046105776936878 -3.700000000000001 -10.357363811511364
      vertex -1.9781844509312907 -3.4263159757557378 -10.179378962475514
      vertex -1.7343579726301428 -3.555960813957262 -10.179378962475514
    endloop
  endfacet
  facet normal 0.3023466823724643 0.6790817670764896 -0.6689054023422419
    outer loop
      vertex -1.8046105776936878 -3.700000000000001 -10.357363811511364
      vertex -1.7343579726301428 -3.555960813957262 -10.179378962475514
      vertex -1.4948970355900804 -3.700000000000001 -10.217372623500388
    endloop
  endfacet
  facet normal 0.30234668237246026 0.6790817670764847 -0.6689054023422488
    outer loop
      vertex -1.7343579726301428 -3.555960813957262 -10.179378962475514
      vertex -1.4820818766233943 -3.6682813685171163 -10.179378962475514
      vertex -1.4948970355900804 -3.700000000000001 -10.217372623500388
    endloop
  endfacet
  facet normal 0.2826320908583402 0.634802069553271 -0.7191282456613196
    outer loop
      vertex -1.7343579726301428 -3.555960813957262 -10.179378962475514
      vertex -1.613301531936619 -3.3077583285554133 -9.912703459874333
      vertex -1.4820818766233943 -3.6682813685171163 -10.179378962475514
    endloop
  endfacet
  facet normal 0.3939141805728733 0.6303944646496846 -0.668905402342244
    outer loop
      vertex -2.1066222185771895 -3.6487767149291606 -10.464668146724033
      vertex -2.35601638984433 -3.4929379407594996 -10.464668146724033
      vertex -2.2123734134339075 -3.2799784705324107 -10.179378962475514
    endloop
  endfacet
  facet normal 0.3939141805728737 0.6303944646496845 -0.6689054023422439
    outer loop
      vertex -2.1066222185771895 -3.6487767149291606 -10.464668146724033
      vertex -2.2123734134339075 -3.2799784705324107 -10.179378962475514
      vertex -1.9781844509312907 -3.4263159757557378 -10.179378962475514
    endloop
  endfacet
  facet normal 0.36822890729427527 0.5892894349340879 -0.7191282456613197
    outer loop
      vertex -2.2123734134339075 -3.2799784705324107 -10.179378962475514
      vertex -2.0579519761402323 -3.0510392748991704 -9.912703459874333
      vertex -1.9781844509312907 -3.4263159757557378 -10.179378962475514
    endloop
  endfacet
  facet normal 0.40843867317889876 0.5621676053846694 -0.7191282456613198
    outer loop
      vertex -2.2123734134339075 -3.2799784705324107 -10.179378962475514
      vertex -2.2657686496304583 -2.9000516235799165 -9.912703459874333
      vertex -2.0579519761402323 -3.0510392748991704 -9.912703459874333
    endloop
  endfacet
  facet normal 0.36822890729427693 0.5892894349340877 -0.7191282456613189
    outer loop
      vertex -1.9781844509312907 -3.4263159757557378 -10.179378962475514
      vertex -2.0579519761402323 -3.0510392748991704 -9.912703459874333
      vertex -1.8401091674868602 -3.1871625695605106 -9.912703459874333
    endloop
  endfacet
  facet normal 0.32622516718756 0.613540305591672 -0.7191282456613189
    outer loop
      vertex -1.9781844509312907 -3.4263159757557378 -10.179378962475514
      vertex -1.8401091674868602 -3.1871625695605106 -9.912703459874333
      vertex -1.7343579726301428 -3.555960813957262 -10.179378962475514
    endloop
  endfacet
  facet normal 0.32622516718755856 0.613540305591672 -0.7191282456613196
    outer loop
      vertex -1.7343579726301428 -3.555960813957262 -10.179378962475514
      vertex -1.8401091674868602 -3.1871625695605106 -9.912703459874333
      vertex -1.613301531936619 -3.3077583285554133 -9.912703459874333
    endloop
  endfacet
  facet normal 0.34074733131143314 0.5453097199762774 -0.7658515296736895
    outer loop
      vertex -1.8401091674868602 -3.1871625695605106 -9.912703459874333
      vertex -2.0579519761402323 -3.0510392748991704 -9.912703459874333
      vertex -1.8935044036834114 -2.807235722608017 -9.66594085516303
    endloop
  endfacet
  facet normal 0.3018784047743184 0.567750705175592 -0.7658515296736899
    outer loop
      vertex -1.8401091674868602 -3.1871625695605106 -9.912703459874333
      vertex -1.6930690571455602 -2.932481627698845 -9.66594085516303
      vertex -1.613301531936619 -3.3077583285554133 -9.912703459874333
    endloop
  endfacet
  facet normal 0.30187840477431893 0.567750705175592 -0.7658515296736897
    outer loop
      vertex -1.613301531936619 -3.3077583285554133 -9.912703459874333
      vertex -1.6930690571455602 -2.932481627698845 -9.66594085516303
      vertex -1.4843852483480027 -3.0434407770715475 -9.66594085516303
    endloop
  endfacet
  facet normal 0.5163725896498531 0.5347194697929609 -0.6689054023422438
    outer loop
      vertex -3.030754412200564 -2.926765515059096 -10.464668146724033
      vertex -2.845973615931878 -2.7483247743025134 -10.179378962475514
      vertex -2.819210804971196 -3.1310508019426933 -10.464668146724033
    endloop
  endfacet
  facet normal 0.5163725896498524 0.5347194697929613 -0.6689054023422442
    outer loop
      vertex -2.819210804971196 -3.1310508019426933 -10.464668146724033
      vertex -2.845973615931878 -2.7483247743025134 -10.179378962475514
      vertex -2.647327522282639 -2.940155077098858 -10.179378962475514
    endloop
  endfacet
  facet normal 0.552414876629347 0.49739658904735584 -0.6689054023422438
    outer loop
      vertex -3.030754412200564 -2.926765515059096 -10.464668146724033
      vertex -3.030754412200564 -2.543104909466407 -10.179378962475514
      vertex -2.845973615931878 -2.7483247743025134 -10.179378962475514
    endloop
  endfacet
  facet normal 0.516394525575336 0.4649637192812965 -0.7191282456613196
    outer loop
      vertex -2.845973615931878 -2.7483247743025134 -10.179378962475514
      vertex -3.030754412200564 -2.543104909466407 -10.179378962475514
      vertex -2.819210804971196 -2.365598746662333 -9.912703459874333
    endloop
  endfacet
  facet normal 0.4827023849889156 0.4998529521950286 -0.7191282456613196
    outer loop
      vertex -2.845973615931878 -2.7483247743025134 -10.179378962475514
      vertex -2.647327522282639 -2.5564944715061686 -9.912703459874333
      vertex -2.647327522282639 -2.940155077098858 -10.179378962475514
    endloop
  endfacet
  facet normal 0.5163945255753363 0.46496371928129643 -0.7191282456613196
    outer loop
      vertex -2.845973615931878 -2.7483247743025134 -10.179378962475514
      vertex -2.819210804971196 -2.365598746662333 -9.912703459874333
      vertex -2.647327522282639 -2.5564944715061686 -9.912703459874333
    endloop
  endfacet
  facet normal 0.44665856690390404 0.5323069517707094 -0.7191282456613192
    outer loop
      vertex -2.647327522282639 -2.940155077098858 -10.179378962475514
      vertex -2.462546726013953 -2.734935212262752 -9.912703459874333
      vertex -2.4357839150532716 -3.1176612399029313 -10.179378962475514
    endloop
  endfacet
  facet normal 0.4466585669039032 0.5323069517707095 -0.7191282456613195
    outer loop
      vertex -2.462546726013953 -2.734935212262752 -9.912703459874333
      vertex -2.2657686496304583 -2.9000516235799165 -9.912703459874333
      vertex -2.4357839150532716 -3.1176612399029313 -10.179378962475514
    endloop
  endfacet
  facet normal 0.4827023849889167 0.4998529521950283 -0.7191282456613192
    outer loop
      vertex -2.647327522282639 -2.940155077098858 -10.179378962475514
      vertex -2.647327522282639 -2.5564944715061686 -9.912703459874333
      vertex -2.462546726013953 -2.734935212262752 -9.912703459874333
    endloop
  endfacet
  facet normal 0.5475708439409488 0.4278092298652166 -0.7191282456613197
    outer loop
      vertex -3.030754412200564 -2.543104909466407 -10.179378962475514
      vertex -2.9773591760040126 -2.1631780625139134 -9.912703459874333
      vertex -2.819210804971196 -2.365598746662333 -9.912703459874333
    endloop
  endfacet
  facet normal 0.446677450478353 0.4625480404570195 -0.7658515296736893
    outer loop
      vertex -2.647327522282639 -2.5564944715061686 -9.912703459874333
      vertex -2.4357839150532716 -2.3522091846225717 -9.66594085516303
      vertex -2.462546726013953 -2.734935212262752 -9.912703459874333
    endloop
  endfacet
  facet normal 0.41332364641937985 0.4925799405244364 -0.7658515296736895
    outer loop
      vertex -2.462546726013953 -2.734935212262752 -9.912703459874333
      vertex -2.2657686496304583 -2.5163910179872278 -9.66594085516303
      vertex -2.2657686496304583 -2.9000516235799165 -9.912703459874333
    endloop
  endfacet
  facet normal 0.44667745047835233 0.4625480404570198 -0.7658515296736896
    outer loop
      vertex -2.462546726013953 -2.734935212262752 -9.912703459874333
      vertex -2.4357839150532716 -2.3522091846225717 -9.66594085516303
      vertex -2.2657686496304583 -2.5163910179872278 -9.66594085516303
    endloop
  endfacet
  facet normal 0.4778550868984544 0.4302626528316635 -0.7658515296736894
    outer loop
      vertex -2.647327522282639 -2.5564944715061686 -9.912703459874333
      vertex -2.819210804971196 -2.365598746662333 -9.912703459874333
      vertex -2.593932286086088 -2.176567624553675 -9.66594085516303
    endloop
  endfacet
  facet normal 0.5067046613690118 0.39588106881156293 -0.7658515296736892
    outer loop
      vertex -2.9773591760040126 -2.1631780625139134 -9.912703459874333
      vertex -2.7394432797622548 -1.9903220458057655 -9.66594085516303
      vertex -2.819210804971196 -2.365598746662333 -9.912703459874333
    endloop
  endfacet
  facet normal 0.5067046613690114 0.39588106881156315 -0.7658515296736895
    outer loop
      vertex -2.819210804971196 -2.365598746662333 -9.912703459874333
      vertex -2.7394432797622548 -1.9903220458057655 -9.66594085516303
      vertex -2.593932286086088 -2.176567624553675 -9.66594085516303
    endloop
  endfacet
  facet normal 0.4778550868984549 0.4302626528316634 -0.7658515296736894
    outer loop
      vertex -2.647327522282639 -2.5564944715061686 -9.912703459874333
      vertex -2.593932286086088 -2.176567624553675 -9.66594085516303
      vertex -2.4357839150532716 -2.3522091846225717 -9.66594085516303
    endloop
  endfacet
  facet normal 0.40847279012587917 0.42298595653396115 -0.8088466234718603
    outer loop
      vertex -2.2657686496304583 -2.5163910179872278 -9.66594085516303
      vertex -2.4357839150532716 -2.3522091846225717 -9.66594085516303
      vertex -2.2123734134339075 -2.136464171034734 -9.440293350947272
    endloop
  endfacet
  facet normal 0.43698377970999874 0.3934619625434381 -0.8088466234718604
    outer loop
      vertex -2.593932286086088 -2.176567624553675 -9.66594085516303
      vertex -2.35601638984433 -1.9769324837660038 -9.440293350947272
      vertex -2.4357839150532716 -2.3522091846225717 -9.66594085516303
    endloop
  endfacet
  facet normal 0.4369837797099987 0.3934619625434381 -0.8088466234718603
    outer loop
      vertex -2.4357839150532716 -2.3522091846225717 -9.66594085516303
      vertex -2.35601638984433 -1.9769324837660038 -9.440293350947272
      vertex -2.2123734134339075 -2.136464171034734 -9.440293350947272
    endloop
  endfacet
  facet normal 0.37795617110220175 0.5202120406355787 -0.7658515296736895
    outer loop
      vertex -2.2657686496304583 -2.9000516235799165 -9.912703459874333
      vertex -2.0847147871009137 -2.66831324725899 -9.66594085516303
      vertex -2.0579519761402323 -3.0510392748991704 -9.912703459874333
    endloop
  endfacet
  facet normal 0.3779561711022018 0.5202120406355787 -0.7658515296736895
    outer loop
      vertex -2.0579519761402323 -3.0510392748991704 -9.912703459874333
      vertex -2.0847147871009137 -2.66831324725899 -9.66594085516303
      vertex -1.8935044036834114 -2.807235722608017 -9.66594085516303
    endloop
  endfacet
  facet normal 0.41332364641937985 0.4925799405244364 -0.7658515296736895
    outer loop
      vertex -2.2657686496304583 -2.9000516235799165 -9.912703459874333
      vertex -2.2657686496304583 -2.5163910179872278 -9.66594085516303
      vertex -2.0847147871009137 -2.66831324725899 -9.66594085516303
    endloop
  endfacet
  facet normal 0.3456292937780449 0.47571791114131967 -0.8088466234718603
    outer loop
      vertex -2.0847147871009137 -2.66831324725899 -9.66594085516303
      vertex -1.8935044036834114 -2.4235751170153277 -9.440293350947272
      vertex -1.8935044036834114 -2.807235722608017 -9.66594085516303
    endloop
  endfacet
  facet normal 0.34074733131143226 0.5453097199762775 -0.76585152967369
    outer loop
      vertex -1.8401091674868602 -3.1871625695605106 -9.912703459874333
      vertex -1.8935044036834114 -2.807235722608017 -9.66594085516303
      vertex -1.6930690571455602 -2.932481627698845 -9.66594085516303
    endloop
  endfacet
  facet normal 0.3116029542115283 0.49866896697590785 -0.8088466234718602
    outer loop
      vertex -1.8935044036834114 -2.807235722608017 -9.66594085516303
      vertex -1.7198318681062423 -2.5497556000586656 -9.440293350947272
      vertex -1.6930690571455602 -2.932481627698845 -9.66594085516303
    endloop
  endfacet
  facet normal 0.2760585163743154 0.5191905577294166 -0.8088466234718602
    outer loop
      vertex -1.6930690571455602 -2.932481627698845 -9.66594085516303
      vertex -1.537780484544554 -2.663513930119054 -9.440293350947272
      vertex -1.4843852483480027 -3.0434407770715475 -9.66594085516303
    endloop
  endfacet
  facet normal 0.34562929377804547 0.4757179111413196 -0.8088466234718602
    outer loop
      vertex -1.8935044036834114 -2.807235722608017 -9.66594085516303
      vertex -1.8935044036834114 -2.4235751170153277 -9.440293350947272
      vertex -1.7198318681062423 -2.5497556000586656 -9.440293350947272
    endloop
  endfacet
  facet normal 0.31160295421152817 0.49866896697590796 -0.8088466234718602
    outer loop
      vertex -1.6930690571455602 -2.932481627698845 -9.66594085516303
      vertex -1.7198318681062423 -2.5497556000586656 -9.440293350947272
      vertex -1.537780484544554 -2.663513930119054 -9.440293350947272
    endloop
  endfacet
  facet normal 0.3779717621678076 0.4504492054626503 -0.8088466234718602
    outer loop
      vertex -2.2657686496304583 -2.5163910179872278 -9.66594085516303
      vertex -2.0579519761402323 -2.2855872196188107 -9.440293350947272
      vertex -2.0847147871009137 -2.66831324725899 -9.66594085516303
    endloop
  endfacet
  facet normal 0.4084727901258793 0.422985956533961 -0.8088466234718603
    outer loop
      vertex -2.2657686496304583 -2.5163910179872278 -9.66594085516303
      vertex -2.2123734134339075 -2.136464171034734 -9.440293350947272
      vertex -2.0579519761402323 -2.2855872196188107 -9.440293350947272
    endloop
  endfacet
  facet normal 0.37797176216780753 0.4504492054626504 -0.8088466234718603
    outer loop
      vertex -2.0847147871009137 -2.66831324725899 -9.66594085516303
      vertex -2.0579519761402323 -2.2855872196188107 -9.440293350947272
      vertex -1.8935044036834114 -2.4235751170153277 -9.440293350947272
    endloop
  endfacet
  facet normal 0.3407748207261961 0.4061196168660933 -0.8479029297953665
    outer loop
      vertex -1.8935044036834114 -2.4235751170153277 -9.440293350947272
      vertex -2.0579519761402323 -2.2855872196188107 -9.440293350947272
      vertex -1.8401091674868602 -2.043648270062834 -9.236860279185588
    endloop
  endfacet
  facet normal 0.36827418278108426 0.3813590800562616 -0.8479029297953665
    outer loop
      vertex -2.0579519761402323 -2.2855872196188107 -9.440293350947272
      vertex -2.2123734134339075 -2.136464171034734 -9.440293350947272
      vertex -1.9781844509312907 -1.9103105187622424 -9.236860279185588
    endloop
  endfacet
  facet normal 0.36827418278108404 0.3813590800562616 -0.8479029297953665
    outer loop
      vertex -2.0579519761402323 -2.2855872196188107 -9.440293350947272
      vertex -1.9781844509312907 -1.9103105187622424 -9.236860279185588
      vertex -1.8401091674868602 -2.043648270062834 -9.236860279185588
    endloop
  endfacet
  facet normal 0.31161523799929763 0.4289015797255533 -0.8479029297953664
    outer loop
      vertex -1.8935044036834114 -2.4235751170153277 -9.440293350947272
      vertex -1.6930690571455602 -2.1670295724184854 -9.236860279185588
      vertex -1.7198318681062423 -2.5497556000586656 -9.440293350947272
    endloop
  endfacet
  facet normal 0.2809374971563171 0.4495939772016279 -0.8479029297953666
    outer loop
      vertex -1.7198318681062423 -2.5497556000586656 -9.440293350947272
      vertex -1.537780484544554 -2.2798533245263646 -9.236860279185588
      vertex -1.537780484544554 -2.663513930119054 -9.440293350947272
    endloop
  endfacet
  facet normal 0.3116152379992967 0.42890157972555343 -0.8479029297953665
    outer loop
      vertex -1.7198318681062423 -2.5497556000586656 -9.440293350947272
      vertex -1.6930690571455602 -2.1670295724184854 -9.236860279185588
      vertex -1.537780484544554 -2.2798533245263646 -9.236860279185588
    endloop
  endfacet
  facet normal 0.3407748207261971 0.4061196168660931 -0.8479029297953664
    outer loop
      vertex -1.8935044036834114 -2.4235751170153277 -9.440293350947272
      vertex -1.8401091674868602 -2.043648270062834 -9.236860279185588
      vertex -1.6930690571455602 -2.1670295724184854 -9.236860279185588
    endloop
  endfacet
  facet normal 0.3019138756741733 0.3598069459887376 -0.8828289603845455
    outer loop
      vertex -1.8401091674868602 -2.043648270062834 -9.236860279185588
      vertex -1.6133015319366188 -1.7917528715619178 -9.05663274535458
      vertex -1.6930690571455602 -2.1670295724184854 -9.236860279185588
    endloop
  endfacet
  facet normal 0.2760795648663521 0.3799909216935953 -0.8828289603845455
    outer loop
      vertex -1.6930690571455602 -2.1670295724184854 -9.236860279185588
      vertex -1.4843852483480027 -1.8999264775738711 -9.05663274535458
      vertex -1.537780484544554 -2.2798533245263646 -9.236860279185588
    endloop
  endfacet
  facet normal 0.25423983159490676 0.6985181964329547 -0.6689054023422488
    outer loop
      vertex -1.4948970355900804 -3.700000000000001 -10.217372623500388
      vertex -1.4820818766233943 -3.6682813685171163 -10.179378962475514
      vertex -1.3949356528481656 -3.700000000000001 -10.179378962475514
    endloop
  endfacet
  facet normal 0.23766205939253993 0.6529711416420891 -0.719128245661317
    outer loop
      vertex -1.4820818766233943 -3.6682813685171163 -10.179378962475514
      vertex -1.2022028760617536 -3.700000000000001 -10.115683413149151
      vertex -1.3949356528481656 -3.700000000000001 -10.179378962475514
    endloop
  endfacet
  facet normal 0.23766205939254026 0.6529711416420861 -0.7191282456613197
    outer loop
      vertex -1.4820818766233943 -3.6682813685171163 -10.179378962475514
      vertex -1.378634053491285 -3.4122390214682983 -9.912703459874333
      vertex -1.2022028760617536 -3.700000000000001 -10.115683413149151
    endloop
  endfacet
  facet normal 0.23766205939253954 0.6529711416420858 -0.71912824566132
    outer loop
      vertex -1.378634053491285 -3.4122390214682983 -9.912703459874333
      vertex -1.1372500085171524 -3.500095628865657 -9.912703459874333
      vertex -1.2022028760617536 -3.700000000000001 -10.115683413149151
    endloop
  endfacet
  facet normal 0.1915341622630861 0.6679590039652508 -0.7191282456613202
    outer loop
      vertex -1.2022028760617536 -3.700000000000001 -10.115683413149151
      vertex -1.1372500085171524 -3.500095628865657 -9.912703459874333
      vertex -0.9225136105197689 -3.700000000000001 -10.041190373148618
    endloop
  endfacet
  facet normal 0.14447312994802994 0.6796926371641014 -0.7191282456613206
    outer loop
      vertex -0.9225136105197689 -3.700000000000001 -10.041190373148618
      vertex -0.8903253958174954 -3.5709001221875645 -9.912703459874333
      vertex -0.6524098286213205 -3.700000000000001 -9.986926423683272
    endloop
  endfacet
  facet normal 0.28263209085833985 0.6348020695532708 -0.7191282456613196
    outer loop
      vertex -1.4820818766233943 -3.6682813685171163 -10.179378962475514
      vertex -1.613301531936619 -3.3077583285554133 -9.912703459874333
      vertex -1.378634053491285 -3.4122390214682983 -9.912703459874333
    endloop
  endfacet
  facet normal 0.19153416226308545 0.6679590039652504 -0.7191282456613206
    outer loop
      vertex -0.9225136105197689 -3.700000000000001 -10.041190373148618
      vertex -1.1372500085171524 -3.500095628865657 -9.912703459874333
      vertex -0.8903253958174954 -3.5709001221875645 -9.912703459874333
    endloop
  endfacet
  facet normal 0.2615387569938529 0.5874256660093939 -0.7658515296736897
    outer loop
      vertex -1.613301531936619 -3.3077583285554133 -9.912703459874333
      vertex -1.4843852483480027 -3.0434407770715475 -9.66594085516303
      vertex -1.378634053491285 -3.4122390214682983 -9.912703459874333
    endloop
  endfacet
  facet normal 0.21992491867909886 0.6042387480462184 -0.7658515296736897
    outer loop
      vertex -1.378634053491285 -3.4122390214682983 -9.912703459874333
      vertex -1.2684696638303767 -3.139572588903954 -9.66594085516303
      vertex -1.1372500085171524 -3.500095628865657 -9.912703459874333
    endloop
  endfacet
  facet normal 0.21992491867909875 0.6042387480462184 -0.7658515296736897
    outer loop
      vertex -1.1372500085171524 -3.500095628865657 -9.912703459874333
      vertex -1.2684696638303767 -3.139572588903954 -9.66594085516303
      vertex -1.046374222616694 -3.2204087186719534 -9.66594085516303
    endloop
  endfacet
  facet normal 0.2615387569938528 0.5874256660093939 -0.7658515296736897
    outer loop
      vertex -1.378634053491285 -3.4122390214682983 -9.912703459874333
      vertex -1.4843852483480027 -3.0434407770715475 -9.66594085516303
      vertex -1.2684696638303767 -3.139572588903954 -9.66594085516303
    endloop
  endfacet
  facet normal 0.2011145739612667 0.5525577506818172 -0.8088466234718601
    outer loop
      vertex -1.046374222616694 -3.2204087186719534 -9.66594085516303
      vertex -1.2684696638303767 -3.139572588903954 -9.66594085516303
      vertex -1.1521254174734117 -2.851610474275203 -9.440293350947272
    endloop
  endfacet
  facet normal 0.17723962826731574 0.6181080396404283 -0.7658515296736897
    outer loop
      vertex -0.8903253958174954 -3.5709001221875645 -9.912703459874333
      vertex -1.1372500085171524 -3.500095628865657 -9.912703459874333
      vertex -1.046374222616694 -3.2204087186719534 -9.66594085516303
    endloop
  endfacet
  facet normal 0.13369084420267754 0.6289659709975135 -0.7658515296736895
    outer loop
      vertex -0.8903253958174954 -3.5709001221875645 -9.912703459874333
      vertex -0.8191809513715922 -3.285555340876936 -9.66594085516303
      vertex -0.6390632072846111 -3.624307549059799 -9.912703459874333
    endloop
  endfacet
  facet normal 0.17723962826731604 0.6181080396404283 -0.7658515296736895
    outer loop
      vertex -0.8903253958174954 -3.5709001221875645 -9.912703459874333
      vertex -1.046374222616694 -3.2204087186719534 -9.66594085516303
      vertex -0.8191809513715922 -3.285555340876936 -9.66594085516303
    endloop
  endfacet
  facet normal 0.162080188739532 0.5652407912707016 -0.80884662347186
    outer loop
      vertex -1.046374222616694 -3.2204087186719534 -9.66594085516303
      vertex -0.9504006066848166 -2.9250323009152335 -9.440293350947272
      vertex -0.8191809513715922 -3.285555340876936 -9.66594085516303
    endloop
  endfacet
  facet normal 0.1620801887395307 0.5652407912707015 -0.8088466234718604
    outer loop
      vertex -0.8191809513715922 -3.285555340876936 -9.66594085516303
      vertex -0.9504006066848166 -2.9250323009152335 -9.440293350947272
      vertex -0.744045539674388 -2.9842036642084233 -9.440293350947272
    endloop
  endfacet
  facet normal 0.1444731299480306 0.6796926371641022 -0.7191282456613197
    outer loop
      vertex -0.8903253958174954 -3.5709001221875645 -9.912703459874333
      vertex -0.6390632072846111 -3.624307549059799 -9.912703459874333
      vertex -0.6524098286213205 -3.700000000000001 -9.986926423683272
    endloop
  endfacet
  facet normal 0.09670823906625985 0.6881148761571543 -0.7191282456613198
    outer loop
      vertex -0.6524098286213205 -3.700000000000001 -9.986926423683272
      vertex -0.6390632072846111 -3.624307549059799 -9.912703459874333
      vertex -0.38888567048300304 -3.700000000000001 -9.951487741586257
    endloop
  endfacet
  facet normal 0.09670823906625947 0.6881148761571534 -0.7191282456613206
    outer loop
      vertex -0.6390632072846111 -3.624307549059799 -9.912703459874333
      vertex -0.38468756704424534 -3.6600577138671353 -9.912703459874333
      vertex -0.38888567048300304 -3.700000000000001 -9.951487741586257
    endloop
  endfacet
  facet normal 0.08949073178364297 0.6367596433673365 -0.7658515296736897
    outer loop
      vertex -0.6390632072846111 -3.624307549059799 -9.912703459874333
      vertex -0.587996712875189 -3.3346950677240335 -9.66594085516303
      vertex -0.38468756704424534 -3.6600577138671353 -9.912703459874333
    endloop
  endfacet
  facet normal 0.048472195364833326 0.6931846886426336 -0.7191282456613205
    outer loop
      vertex -0.38888567048300304 -3.700000000000001 -9.951487741586257
      vertex -0.38468756704424534 -3.6600577138671353 -9.912703459874333
      vertex -0.12920684711946662 -3.700000000000001 -9.93398432305955
    endloop
  endfacet
  facet normal 0.04847219536483461 0.6931846886426389 -0.7191282456613152
    outer loop
      vertex -0.38468756704424534 -3.6600577138671353 -9.912703459874333
      vertex -0.12843776764589895 -3.6779764454002257 -9.912703459874333
      vertex -0.12920684711946662 -3.700000000000001 -9.93398432305955
    endloop
  endfacet
  facet normal 0.044854629514933846 0.6414510867615297 -0.7658515296736896
    outer loop
      vertex -0.38468756704424534 -3.6600577138671353 -9.912703459874333
      vertex -0.35394781349888077 -3.367588495403556 -9.66594085516303
      vertex -0.12843776764589895 -3.6779764454002257 -9.912703459874333
    endloop
  endfacet
  facet normal 0 0.6948773750037334 -0.7191282456613154
    outer loop
      vertex -0.12920684711946662 -3.700000000000001 -9.93398432305955
      vertex -0.12843776764589895 -3.6779764454002257 -9.912703459874333
      vertex 0.12920684711946662 -3.700000000000001 -9.93398432305955
    endloop
  endfacet
  facet normal 0 0.6430174449394586 -0.7658515296736897
    outer loop
      vertex -0.12843776764589895 -3.6779764454002257 -9.912703459874333
      vertex -0.1181745159539158 -3.384075370442284 -9.66594085516303
      vertex 0.12843776764589895 -3.6779764454002257 -9.912703459874333
    endloop
  endfacet
  facet normal 0.13369084420267724 0.6289659709975135 -0.7658515296736896
    outer loop
      vertex -0.8191809513715922 -3.285555340876936 -9.66594085516303
      vertex -0.587996712875189 -3.3346950677240335 -9.66594085516303
      vertex -0.6390632072846111 -3.624307549059799 -9.912703459874333
    endloop
  endfacet
  facet normal 0.08949073178364297 0.6367596433673366 -0.7658515296736896
    outer loop
      vertex -0.587996712875189 -3.3346950677240335 -9.66594085516303
      vertex -0.35394781349888077 -3.367588495403556 -9.66594085516303
      vertex -0.38468756704424534 -3.6600577138671353 -9.912703459874333
    endloop
  endfacet
  facet normal 0.12225616513049914 0.5751700355423208 -0.8088466234718604
    outer loop
      vertex -0.8191809513715922 -3.285555340876936 -9.66594085516303
      vertex -0.744045539674388 -2.9842036642084233 -9.440293350947272
      vertex -0.587996712875189 -3.3346950677240335 -9.66594085516303
    endloop
  endfacet
  facet normal 0.12225616513050094 0.5751700355423213 -0.8088466234718599
    outer loop
      vertex -0.587996712875189 -3.3346950677240335 -9.66594085516303
      vertex -0.744045539674388 -2.9842036642084233 -9.440293350947272
      vertex -0.5340655575858618 -3.0288362872206935 -9.440293350947272
    endloop
  endfacet
  facet normal 0.08183652177410053 0.5822971092166683 -0.8088466234718599
    outer loop
      vertex -0.587996712875189 -3.3346950677240335 -9.66594085516303
      vertex -0.5340655575858618 -3.0288362872206935 -9.440293350947272
      vertex -0.35394781349888077 -3.367588495403556 -9.66594085516303
    endloop
  endfacet
  facet normal 0.08183652177410011 0.5822971092166681 -0.8088466234718601
    outer loop
      vertex -0.35394781349888077 -3.367588495403556 -9.66594085516303
      vertex -0.5340655575858618 -3.0288362872206935 -9.440293350947272
      vertex -0.32148366178485954 -3.058712724299183 -9.440293350947272
    endloop
  endfacet
  facet normal 0.04485462951493409 0.6414510867615298 -0.7658515296736896
    outer loop
      vertex -0.12843776764589895 -3.6779764454002257 -9.912703459874333
      vertex -0.35394781349888077 -3.367588495403556 -9.66594085516303
      vertex -0.1181745159539158 -3.384075370442284 -9.66594085516303
    endloop
  endfacet
  facet normal 0.04101817910979519 0.5865872899072123 -0.8088466234718601
    outer loop
      vertex -0.35394781349888077 -3.367588495403556 -9.66594085516303
      vertex -0.32148366178485954 -3.058712724299183 -9.440293350947272
      vertex -0.1181745159539158 -3.384075370442284 -9.66594085516303
    endloop
  endfacet
  facet normal 0 0.5880196762848768 -0.8088466234718599
    outer loop
      vertex -0.1181745159539158 -3.384075370442284 -9.66594085516303
      vertex -0.107335529899066 -3.0736874204456153 -9.440293350947272
      vertex 0.1181745159539158 -3.384075370442284 -9.66594085516303
    endloop
  endfacet
  facet normal 0.041018179109795515 0.5865872899072123 -0.8088466234718598
    outer loop
      vertex -0.1181745159539158 -3.384075370442284 -9.66594085516303
      vertex -0.32148366178485954 -3.058712724299183 -9.440293350947272
      vertex -0.107335529899066 -3.0736874204456153 -9.440293350947272
    endloop
  endfacet
  facet normal 0.23916914919462878 0.5371827042745221 -0.80884662347186
    outer loop
      vertex -1.4843852483480027 -3.0434407770715475 -9.66594085516303
      vertex -1.3482371890393186 -2.764295888047387 -9.440293350947272
      vertex -1.2684696638303767 -3.139572588903954 -9.66594085516303
    endloop
  endfacet
  facet normal 0.276058516374316 0.5191905577294165 -0.8088466234718599
    outer loop
      vertex -1.4843852483480027 -3.0434407770715475 -9.66594085516303
      vertex -1.537780484544554 -2.663513930119054 -9.440293350947272
      vertex -1.3482371890393186 -2.764295888047387 -9.440293350947272
    endloop
  endfacet
  facet normal 0.23916914919462826 0.537182704274522 -0.8088466234718601
    outer loop
      vertex -1.2684696638303767 -3.139572588903954 -9.66594085516303
      vertex -1.3482371890393186 -2.764295888047387 -9.440293350947272
      vertex -1.1521254174734117 -2.851610474275203 -9.440293350947272
    endloop
  endfacet
  facet normal 0.2488910570669336 0.46809599801380314 -0.8479029297953665
    outer loop
      vertex -1.537780484544554 -2.663513930119054 -9.440293350947272
      vertex -1.375 -2.381569860407206 -9.236860279185588
      vertex -1.3482371890393186 -2.764295888047387 -9.440293350947272
    endloop
  endfacet
  facet normal 0.21563204476595682 0.48431750217650194 -0.8479029297953666
    outer loop
      vertex -1.3482371890393186 -2.764295888047387 -9.440293350947272
      vertex -1.205520653669963 -2.4716836273227094 -9.236860279185588
      vertex -1.1521254174734117 -2.851610474275203 -9.440293350947272
    endloop
  endfacet
  facet normal 0.2488910570669327 0.4680959980138031 -0.8479029297953665
    outer loop
      vertex -1.3482371890393186 -2.764295888047387 -9.440293350947272
      vertex -1.375 -2.381569860407206 -9.236860279185588
      vertex -1.205520653669963 -2.4716836273227094 -9.236860279185588
    endloop
  endfacet
  facet normal 0.21563204476595704 0.48431750217650194 -0.8479029297953665
    outer loop
      vertex -1.1521254174734117 -2.851610474275203 -9.440293350947272
      vertex -1.205520653669963 -2.4716836273227094 -9.236860279185588
      vertex -1.030168131893758 -2.549755600058665 -9.236860279185588
    endloop
  endfacet
  facet normal 0.20111457396126706 0.5525577506818171 -0.80884662347186
    outer loop
      vertex -1.046374222616694 -3.2204087186719534 -9.66594085516303
      vertex -1.1521254174734117 -2.851610474275203 -9.440293350947272
      vertex -0.9504006066848166 -2.9250323009152335 -9.440293350947272
    endloop
  endfacet
  facet normal 0.18132249481814142 0.49817946015202064 -0.8479029297953665
    outer loop
      vertex -1.1521254174734117 -2.851610474275203 -9.440293350947272
      vertex -1.030168131893758 -2.549755600058665 -9.236860279185588
      vertex -0.9504006066848166 -2.9250323009152335 -9.440293350947272
    endloop
  endfacet
  facet normal 0.14612955990204354 0.5096143378745034 -0.8479029297953667
    outer loop
      vertex -0.9504006066848166 -2.9250323009152335 -9.440293350947272
      vertex -0.8497967345311054 -2.615405419811672 -9.236860279185588
      vertex -0.744045539674388 -2.9842036642084233 -9.440293350947272
    endloop
  endfacet
  facet normal 0.1461295599020442 0.5096143378745035 -0.8479029297953665
    outer loop
      vertex -0.744045539674388 -2.9842036642084233 -9.440293350947272
      vertex -0.8497967345311054 -2.615405419811672 -9.236860279185588
      vertex -0.6652852128990863 -2.66831324725899 -9.236860279185588
    endloop
  endfacet
  facet normal 0.18132249481814086 0.4981794601520206 -0.8479029297953666
    outer loop
      vertex -0.9504006066848166 -2.9250323009152335 -9.440293350947272
      vertex -1.030168131893758 -2.549755600058665 -9.236860279185588
      vertex -0.8497967345311054 -2.615405419811672 -9.236860279185588
    endloop
  endfacet
  facet normal 0.12946538035459926 0.4514994374259858 -0.8828289603845453
    outer loop
      vertex -0.8497967345311054 -2.615405419811672 -9.236860279185588
      vertex -0.7450527381080277 -2.2930365464024227 -9.05663274535458
      vertex -0.6652852128990863 -2.66831324725899 -9.236860279185588
    endloop
  endfacet
  facet normal 0.2809374971563178 0.4495939772016278 -0.8479029297953664
    outer loop
      vertex -1.537780484544554 -2.663513930119054 -9.440293350947272
      vertex -1.537780484544554 -2.2798533245263646 -9.236860279185588
      vertex -1.375 -2.381569860407206 -9.236860279185588
    endloop
  endfacet
  facet normal 0.22050826261044498 0.4147157253190015 -0.8828289603845456
    outer loop
      vertex -1.375 -2.381569860407206 -9.236860279185588
      vertex -1.205520653669963 -2.08802302173002 -9.05663274535458
      vertex -1.205520653669963 -2.4716836273227094 -9.236860279185588
    endloop
  endfacet
  facet normal 0.24890022216992258 0.3983236198245163 -0.8828289603845455
    outer loop
      vertex -1.375 -2.381569860407206 -9.236860279185588
      vertex -1.537780484544554 -2.2798533245263646 -9.236860279185588
      vertex -1.3482371890393186 -1.9988438327670266 -9.05663274535458
    endloop
  endfacet
  facet normal 0.2760795648663526 0.37999092169359516 -0.8828289603845455
    outer loop
      vertex -1.537780484544554 -2.2798533245263646 -9.236860279185588
      vertex -1.4843852483480027 -1.8999264775738711 -9.05663274535458
      vertex -1.3482371890393186 -1.9988438327670266 -9.05663274535458
    endloop
  endfacet
  facet normal 0.24890022216992222 0.39832361982451636 -0.8828289603845456
    outer loop
      vertex -1.375 -2.381569860407206 -9.236860279185588
      vertex -1.3482371890393186 -1.9988438327670266 -9.05663274535458
      vertex -1.205520653669963 -2.08802302173002 -9.05663274535458
    endloop
  endfacet
  facet normal 0.22050826261044534 0.41471572531900147 -0.8828289603845455
    outer loop
      vertex -1.205520653669963 -2.4716836273227094 -9.236860279185588
      vertex -1.205520653669963 -2.08802302173002 -9.05663274535458
      vertex -1.05693094285444 -2.167029572418486 -9.05663274535458
    endloop
  endfacet
  facet normal 0.19104200896094037 0.4290873774868129 -0.8828289603845455
    outer loop
      vertex -1.205520653669963 -2.4716836273227094 -9.236860279185588
      vertex -1.05693094285444 -2.167029572418486 -9.05663274535458
      vertex -1.030168131893758 -2.549755600058665 -9.236860279185588
    endloop
  endfacet
  facet normal 0.19104200896093995 0.42908737748681286 -0.8828289603845456
    outer loop
      vertex -1.030168131893758 -2.549755600058665 -9.236860279185588
      vertex -1.05693094285444 -2.167029572418486 -9.05663274535458
      vertex -0.9031919707276566 -2.235478572859179 -9.05663274535458
    endloop
  endfacet
  facet normal 0.16064501784725532 0.4413685590832196 -0.8828289603845454
    outer loop
      vertex -1.030168131893758 -2.549755600058665 -9.236860279185588
      vertex -0.9031919707276566 -2.235478572859179 -9.05663274535458
      vertex -0.8497967345311054 -2.615405419811672 -9.236860279185588
    endloop
  endfacet
  facet normal 0.16064501784725593 0.44136855908321965 -0.8828289603845454
    outer loop
      vertex -0.8497967345311054 -2.615405419811672 -9.236860279185588
      vertex -0.9031919707276566 -2.235478572859179 -9.05663274535458
      vertex -0.7450527381080277 -2.2930365464024227 -9.05663274535458
    endloop
  endfacet
  facet normal 0.19104841055705907 0.3593098018970106 -0.9134533217873545
    outer loop
      vertex -1.205520653669963 -2.08802302173002 -9.05663274535458
      vertex -1.030168131893758 -1.7843035447783053 -8.90048879988267
      vertex -1.05693094285444 -2.167029572418486 -9.05663274535458
    endloop
  endfacet
  facet normal 0.16551884146896412 0.371761404713318 -0.9134533217873547
    outer loop
      vertex -1.05693094285444 -2.167029572418486 -9.05663274535458
      vertex -0.9031919707276567 -1.8518179672664896 -8.90048879988267
      vertex -0.9031919707276566 -2.235478572859179 -9.05663274535458
    endloop
  endfacet
  facet normal 0.1391828812231312 0.382401823335187 -0.9134533217873545
    outer loop
      vertex -0.9031919707276566 -2.235478572859179 -9.05663274535458
      vertex -0.7718155490687093 -1.9103105187622427 -8.90048879988267
      vertex -0.7450527381080277 -2.2930365464024227 -9.05663274535458
    endloop
  endfacet
  facet normal 0.11022469645899664 0.5185664257691157 -0.8479029297953666
    outer loop
      vertex -0.744045539674388 -2.9842036642084233 -9.440293350947272
      vertex -0.6652852128990863 -2.66831324725899 -9.236860279185588
      vertex -0.5340655575858618 -3.0288362872206935 -9.440293350947272
    endloop
  endfacet
  facet normal 0.07378282937454746 0.5249921101634957 -0.8479029297953666
    outer loop
      vertex -0.5340655575858618 -3.0288362872206935 -9.440293350947272
      vertex -0.4775324885840584 -2.708221320783572 -9.236860279185588
      vertex -0.32148366178485954 -3.058712724299183 -9.440293350947272
    endloop
  endfacet
  facet normal 0.11022469645899635 0.5185664257691155 -0.8479029297953666
    outer loop
      vertex -0.5340655575858618 -3.0288362872206935 -9.440293350947272
      vertex -0.6652852128990863 -2.66831324725899 -9.236860279185588
      vertex -0.4775324885840584 -2.708221320783572 -9.236860279185588
    endloop
  endfacet
  facet normal 0.0976550005426697 0.45943065589417703 -0.8828289603845455
    outer loop
      vertex -0.6652852128990863 -2.66831324725899 -9.236860279185588
      vertex -0.583283683440776 -2.3394230763868213 -9.05663274535458
      vertex -0.4775324885840584 -2.708221320783572 -9.236860279185588
    endloop
  endfacet
  facet normal 0.06536885538434178 0.4651235743886601 -0.8828289603845456
    outer loop
      vertex -0.4775324885840584 -2.708221320783572 -9.236860279185588
      vertex -0.4186729292992714 -2.374412172301049 -9.05663274535458
      vertex -0.28745327398604703 -2.7349352122627515 -9.236860279185588
    endloop
  endfacet
  facet normal 0.0369814997620107 0.5288600857691813 -0.8479029297953666
    outer loop
      vertex -0.32148366178485954 -3.058712724299183 -9.440293350947272
      vertex -0.28745327398604703 -2.7349352122627515 -9.236860279185588
      vertex -0.107335529899066 -3.0736874204456153 -9.440293350947272
    endloop
  endfacet
  facet normal 0.073782829374547 0.5249921101634955 -0.8479029297953666
    outer loop
      vertex -0.32148366178485954 -3.058712724299183 -9.440293350947272
      vertex -0.4775324885840584 -2.708221320783572 -9.236860279185588
      vertex -0.28745327398604703 -2.7349352122627515 -9.236860279185588
    endloop
  endfacet
  facet normal 0 0.5301515081978299 -0.8479029297953665
    outer loop
      vertex -0.107335529899066 -3.0736874204456153 -9.440293350947272
      vertex -0.09597361593187767 -2.7483247743025134 -9.236860279185588
      vertex 0.107335529899066 -3.0736874204456153 -9.440293350947272
    endloop
  endfacet
  facet normal 0.03698149976201134 0.5288600857691815 -0.8479029297953665
    outer loop
      vertex -0.107335529899066 -3.0736874204456153 -9.440293350947272
      vertex -0.28745327398604703 -2.7349352122627515 -9.236860279185588
      vertex -0.09597361593187767 -2.7483247743025134 -9.236860279185588
    endloop
  endfacet
  facet normal 0.03276423973343768 0.4685504575827799 -0.8828289603845454
    outer loop
      vertex -0.28745327398604703 -2.7349352122627515 -9.236860279185588
      vertex -0.25202244273107666 -2.397833370786903 -9.05663274535458
      vertex -0.09597361593187767 -2.7483247743025134 -9.236860279185588
    endloop
  endfacet
  facet normal 0.06536885538434258 0.46512357438866037 -0.8828289603845455
    outer loop
      vertex -0.28745327398604703 -2.7349352122627515 -9.236860279185588
      vertex -0.4186729292992714 -2.374412172301049 -9.05663274535458
      vertex -0.25202244273107666 -2.397833370786903 -9.05663274535458
    endloop
  endfacet
  facet normal 0 0.4696946100460834 -0.8828289603845454
    outer loop
      vertex -0.09597361593187767 -2.7483247743025134 -9.236860279185588
      vertex -0.08414412815510337 -2.4095725661196505 -9.05663274535458
      vertex 0.09597361593187767 -2.7483247743025134 -9.236860279185588
    endloop
  endfacet
  facet normal 0.03276423973343716 0.46855045758277974 -0.8828289603845455
    outer loop
      vertex -0.25202244273107666 -2.397833370786903 -9.05663274535458
      vertex -0.08414412815510337 -2.4095725661196505 -9.05663274535458
      vertex -0.09597361593187767 -2.7483247743025134 -9.236860279185588
    endloop
  endfacet
  facet normal 0.1294653803545986 0.45149943742598575 -0.8828289603845455
    outer loop
      vertex -0.6652852128990863 -2.66831324725899 -9.236860279185588
      vertex -0.7450527381080277 -2.2930365464024227 -9.05663274535458
      vertex -0.583283683440776 -2.3394230763868213 -9.05663274535458
    endloop
  endfacet
  facet normal 0.09765500054266946 0.459430655894177 -0.8828289603845456
    outer loop
      vertex -0.4775324885840584 -2.708221320783572 -9.236860279185588
      vertex -0.583283683440776 -2.3394230763868213 -9.05663274535458
      vertex -0.4186729292992714 -2.374412172301049 -9.05663274535458
    endloop
  endfacet
  facet normal 0.11216883597059149 0.39117921871266387 -0.9134533217873545
    outer loop
      vertex -0.7450527381080277 -2.2930365464024227 -9.05663274535458
      vertex -0.636678919637327 -1.9594962294343277 -8.90048879988267
      vertex -0.583283683440776 -2.3394230763868213 -9.05663274535458
    endloop
  endfacet
  facet normal 0.13918288122313038 0.382401823335187 -0.9134533217873546
    outer loop
      vertex -0.7450527381080277 -2.2930365464024227 -9.05663274535458
      vertex -0.7718155490687093 -1.9103105187622427 -8.90048879988267
      vertex -0.636678919637327 -1.9594962294343277 -8.90048879988267
    endloop
  endfacet
  facet normal 0.11216883597059224 0.3911792187126639 -0.9134533217873545
    outer loop
      vertex -0.583283683440776 -2.3394230763868213 -9.05663274535458
      vertex -0.636678919637327 -1.9594962294343277 -8.90048879988267
      vertex -0.49844045450821295 -1.9991354714444811 -8.90048879988267
    endloop
  endfacet
  facet normal 0.08460831542437627 0.3980508282577704 -0.9134533217873545
    outer loop
      vertex -0.583283683440776 -2.3394230763868213 -9.05663274535458
      vertex -0.49844045450821295 -1.9991354714444811 -8.90048879988267
      vertex -0.4186729292992714 -2.374412172301049 -9.05663274535458
    endloop
  endfacet
  facet normal 0.08460831542437541 0.39805082825777033 -0.9134533217873546
    outer loop
      vertex -0.4186729292992714 -2.374412172301049 -9.05663274535458
      vertex -0.49844045450821295 -1.9991354714444811 -8.90048879988267
      vertex -0.35777363758779407 -2.0290351263901516 -8.90048879988267
    endloop
  endfacet
  facet normal 0.056635591670211226 0.4029831741795341 -0.9134533217873547
    outer loop
      vertex -0.25202244273107666 -2.397833370786903 -9.05663274535458
      vertex -0.4186729292992714 -2.374412172301049 -9.05663274535458
      vertex -0.35777363758779407 -2.0290351263901516 -8.90048879988267
    endloop
  endfacet
  facet normal 0.028386945006418526 0.40595222658442204 -0.9134533217873546
    outer loop
      vertex -0.25202244273107666 -2.397833370786903 -9.05663274535458
      vertex -0.21536378346832777 -2.049049526157947 -8.90048879988267
      vertex -0.08414412815510337 -2.4095725661196505 -9.05663274535458
    endloop
  endfacet
  facet normal 0 0.4069435205475663 -0.9134533217873547
    outer loop
      vertex -0.08414412815510337 -2.4095725661196505 -9.05663274535458
      vertex -0.07190469864409559 -2.0590811626040395 -8.90048879988267
      vertex 0.08414412815510337 -2.4095725661196505 -9.05663274535458
    endloop
  endfacet
  facet normal 0.056635591670210705 0.4029831741795339 -0.9134533217873547
    outer loop
      vertex -0.25202244273107666 -2.397833370786903 -9.05663274535458
      vertex -0.35777363758779407 -2.0290351263901516 -8.90048879988267
      vertex -0.21536378346832777 -2.049049526157947 -8.90048879988267
    endloop
  endfacet
  facet normal 0.028386945006418855 0.4059522265844222 -0.9134533217873547
    outer loop
      vertex -0.08414412815510337 -2.4095725661196505 -9.05663274535458
      vertex -0.21536378346832777 -2.049049526157947 -8.90048879988267
      vertex -0.07190469864409559 -2.0590811626040395 -8.90048879988267
    endloop
  endfacet
  facet normal 0.5330856216631535 0.3595707920180371 -0.7658515296736899
    outer loop
      vertex -2.9773591760040126 -2.1631780625139134 -9.912703459874333
      vertex -3.1210021524144356 -1.9502185922868243 -9.912703459874333
      vertex -2.871607981147295 -1.7943798181171624 -9.66594085516303
    endloop
  endfacet
  facet normal 0.5330856216631551 0.35957079201803627 -0.7658515296736893
    outer loop
      vertex -2.9773591760040126 -2.1631780625139134 -9.912703459874333
      vertex -2.871607981147295 -1.7943798181171624 -9.66594085516303
      vertex -2.7394432797622548 -1.9903220458057655 -9.66594085516303
    endloop
  endfacet
  facet normal 0.5568694423941324 0.3215087224697294 -0.7658515296736897
    outer loop
      vertex -3.1210021524144356 -1.9502185922868243 -9.912703459874333
      vertex -2.93448013321342 -1.6854820563574373 -9.66594085516303
      vertex -2.871607981147295 -1.7943798181171624 -9.66594085516303
    endloop
  endfacet
  facet normal 0.48749040504181335 0.32881643007966593 -0.8088466234718625
    outer loop
      vertex -2.871607981147295 -1.7943798181171624 -9.66594085516303
      vertex -2.7160003868482963 -1.6971454015153775 -9.532628209982617
      vertex -2.7394432797622548 -1.9903220458057655 -9.66594085516303
    endloop
  endfacet
  facet normal 0.4874904050418163 0.32881643007966715 -0.8088466234718604
    outer loop
      vertex -2.7394432797622548 -1.9903220458057655 -9.66594085516303
      vertex -2.6599380396210726 -1.7 -9.5
      vertex -2.4881810912293707 -1.8077693801569246 -9.440293350947272
    endloop
  endfacet
  facet normal 0.4874904050418263 0.328816430079662 -0.8088466234718562
    outer loop
      vertex -2.7394432797622548 -1.9903220458057655 -9.66594085516303
      vertex -2.7160003868482963 -1.6971454015153775 -9.532628209982617
      vertex -2.6599380396210726 -1.7 -9.5
    endloop
  endfacet
  facet normal 0.5092399775878022 0.29400983814243675 -0.8088466234718625
    outer loop
      vertex -2.871607981147295 -1.7943798181171624 -9.66594085516303
      vertex -2.93448013321342 -1.6854820563574373 -9.66594085516303
      vertex -2.7160003868482963 -1.6971454015153775 -9.532628209982617
    endloop
  endfacet
  facet normal 0.4633658282448256 0.3620210614220635 -0.8088466234718603
    outer loop
      vertex -2.7394432797622548 -1.9903220458057655 -9.66594085516303
      vertex -2.4881810912293707 -1.8077693801569246 -9.440293350947272
      vertex -2.593932286086088 -2.176567624553675 -9.66594085516303
    endloop
  endfacet
  facet normal 0.46336582824482536 0.36202106142206353 -0.8088466234718602
    outer loop
      vertex -2.593932286086088 -2.176567624553675 -9.66594085516303
      vertex -2.4881810912293707 -1.8077693801569246 -9.440293350947272
      vertex -2.35601638984433 -1.9769324837660038 -9.440293350947272
    endloop
  endfacet
  facet normal 0.41776508950071495 0.32639385968320195 -0.847902929795364
    outer loop
      vertex -2.4881810912293707 -1.8077693801569246 -9.440293350947272
      vertex -2.316711392873957 -1.6831893520374654 -9.307853414544924
      vertex -2.35601638984433 -1.9769324837660038 -9.440293350947272
    endloop
  endfacet
  facet normal 0.4177650895007075 0.3263938596832042 -0.8479029297953669
    outer loop
      vertex -2.35601638984433 -1.9769324837660038 -9.440293350947272
      vertex -2.316711392873957 -1.6831893520374654 -9.307853414544924
      vertex -2.1066222185771895 -1.7676659266379828 -9.236860279185588
    endloop
  endfacet
  facet normal 0.4874904050418168 0.3288164300796686 -0.8088466234718592
    outer loop
      vertex -2.6599380396210726 -1.7 -9.5
      vertex -2.56439585573886 -1.6947763450707654 -9.440293350947272
      vertex -2.4881810912293707 -1.8077693801569246 -9.440293350947272
    endloop
  endfacet
  facet normal 0.4395155194427271 0.29645696114854164 -0.847902929795364
    outer loop
      vertex -2.4881810912293707 -1.8077693801569246 -9.440293350947272
      vertex -2.56439585573886 -1.6947763450707654 -9.440293350947272
      vertex -2.316711392873957 -1.6831893520374654 -9.307853414544924
    endloop
  endfacet
  facet normal 0.39397935003625406 0.3547406001424766 -0.8479029297953666
    outer loop
      vertex -2.2123734134339075 -2.136464171034734 -9.440293350947272
      vertex -2.35601638984433 -1.9769324837660038 -9.440293350947272
      vertex -2.1066222185771895 -1.7676659266379828 -9.236860279185588
    endloop
  endfacet
  facet normal 0.39397935003625423 0.35474060014247644 -0.8479029297953665
    outer loop
      vertex -2.2123734134339075 -2.136464171034734 -9.440293350947272
      vertex -2.1066222185771895 -1.7676659266379828 -9.236860279185588
      vertex -1.9781844509312907 -1.9103105187622424 -9.236860279185588
    endloop
  endfacet
  facet normal 0.3490511190103709 0.3142870392236236 -0.882828960384545
    outer loop
      vertex -2.1066222185771895 -1.7676659266379828 -9.236860279185588
      vertex -1.976627536623734 -1.6585874369558307 -9.146631312601006
      vertex -1.9781844509312907 -1.9103105187622424 -9.236860279185588
    endloop
  endfacet
  facet normal 0.4177650895007058 0.32639385968319656 -0.8479029297953705
    outer loop
      vertex -2.316711392873957 -1.6831893520374654 -9.307853414544924
      vertex -2.1774751909719035 -1.6769782575053622 -9.236860279185588
      vertex -2.1066222185771895 -1.7676659266379828 -9.236860279185588
    endloop
  endfacet
  facet normal 0.37012440362742494 0.28917287657348034 -0.8828289603845478
    outer loop
      vertex -2.1774751909719035 -1.6769782575053622 -9.236860279185588
      vertex -2.1031913297950133 -1.6741731801207536 -9.204798097966219
      vertex -2.1066222185771895 -1.7676659266379828 -9.236860279185588
    endloop
  endfacet
  facet normal 0.3701244036274334 0.28917287657347895 -0.8828289603845448
    outer loop
      vertex -2.1066222185771895 -1.7676659266379828 -9.236860279185588
      vertex -2.1031913297950133 -1.6741731801207536 -9.204798097966219
      vertex -1.976627536623734 -1.6585874369558307 -9.146631312601006
    endloop
  endfacet
  facet normal 0.34905111901036917 0.31428703922362383 -0.8828289603845455
    outer loop
      vertex -1.9781844509312907 -1.9103105187622424 -9.236860279185588
      vertex -1.976627536623734 -1.6585874369558307 -9.146631312601006
      vertex -1.7707141558936645 -1.6344723935421928 -9.05663274535458
    endloop
  endfacet
  facet normal 0.32627729242798653 0.3378700270106904 -0.8828289603845456
    outer loop
      vertex -1.8401091674868602 -2.043648270062834 -9.236860279185588
      vertex -1.9781844509312907 -1.9103105187622424 -9.236860279185588
      vertex -1.7343579726301428 -1.6748500256660834 -9.05663274535458
    endloop
  endfacet
  facet normal 0.3262772924279865 0.3378700270106904 -0.8828289603845455
    outer loop
      vertex -1.8401091674868602 -2.043648270062834 -9.236860279185588
      vertex -1.7343579726301428 -1.6748500256660834 -9.05663274535458
      vertex -1.6133015319366188 -1.7917528715619178 -9.05663274535458
    endloop
  endfacet
  facet normal 0.301913875674173 0.3598069459887377 -0.8828289603845455
    outer loop
      vertex -1.6930690571455602 -2.1670295724184854 -9.236860279185588
      vertex -1.6133015319366188 -1.7917528715619178 -9.05663274535458
      vertex -1.4843852483480027 -1.8999264775738711 -9.05663274535458
    endloop
  endfacet
  facet normal 0.2615782528501963 0.31173682257873847 -0.9134533217873538
    outer loop
      vertex -1.6133015319366188 -1.7917528715619178 -9.05663274535458
      vertex -1.4446042014475087 -1.6043955051024357 -8.944384269563825
      vertex -1.4843852483480027 -1.8999264775738711 -9.05663274535458
    endloop
  endfacet
  facet normal 0.3490511190103684 0.3142870392236242 -0.8828289603845457
    outer loop
      vertex -1.9781844509312907 -1.9103105187622424 -9.236860279185588
      vertex -1.7707141558936645 -1.6344723935421928 -9.05663274535458
      vertex -1.7343579726301428 -1.6748500256660834 -9.05663274535458
    endloop
  endfacet
  facet normal 0.30241797155647504 0.27229836465780083 -0.9134533217873555
    outer loop
      vertex -1.7343579726301428 -1.6748500256660834 -9.05663274535458
      vertex -1.7707141558936645 -1.6344723935421928 -9.05663274535458
      vertex -1.6838760955727932 -1.62610024366061 -9.025387456627932
    endloop
  endfacet
  facet normal 0.2826867228524183 0.29273067081979254 -0.9134533217873556
    outer loop
      vertex -1.7343579726301428 -1.6748500256660834 -9.05663274535458
      vertex -1.6838760955727932 -1.62610024366061 -9.025387456627932
      vertex -1.6133015319366188 -1.7917528715619178 -9.05663274535458
    endloop
  endfacet
  facet normal 0.2826867228524228 0.29273067081979415 -0.9134533217873538
    outer loop
      vertex -1.6838760955727932 -1.62610024366061 -9.025387456627932
      vertex -1.4446042014475087 -1.6043955051024357 -8.944384269563825
      vertex -1.6133015319366188 -1.7917528715619178 -9.05663274535458
    endloop
  endfacet
  facet normal 0.23919539989383917 0.32922422387375166 -0.9134533217873545
    outer loop
      vertex -1.3482371890393186 -1.9988438327670266 -9.05663274535458
      vertex -1.4843852483480027 -1.8999264775738711 -9.05663274535458
      vertex -1.268469663830377 -1.6235671319104585 -8.90048879988267
    endloop
  endfacet
  facet normal 0.2156472109930361 0.3451076778435574 -0.9134533217873546
    outer loop
      vertex -1.3482371890393186 -1.9988438327670266 -9.05663274535458
      vertex -1.152125417473412 -1.7080961747775265 -8.90048879988267
      vertex -1.205520653669963 -2.08802302173002 -9.05663274535458
    endloop
  endfacet
  facet normal 0.23919539989383876 0.3292242238737517 -0.9134533217873546
    outer loop
      vertex -1.3482371890393186 -1.9988438327670266 -9.05663274535458
      vertex -1.268469663830377 -1.6235671319104585 -8.90048879988267
      vertex -1.152125417473412 -1.7080961747775265 -8.90048879988267
    endloop
  endfacet
  facet normal 0.2156472109930361 0.34510767784355745 -0.9134533217873546
    outer loop
      vertex -1.205520653669963 -2.08802302173002 -9.05663274535458
      vertex -1.152125417473412 -1.7080961747775265 -8.90048879988267
      vertex -1.030168131893758 -1.7843035447783053 -8.90048879988267
    endloop
  endfacet
  facet normal 0.261578252850195 0.31173682257873864 -0.9134533217873541
    outer loop
      vertex -1.4843852483480027 -1.8999264775738711 -9.05663274535458
      vertex -1.4446042014475087 -1.6043955051024357 -8.944384269563825
      vertex -1.3626883862908232 -1.5974774553360442 -8.918565756346363
    endloop
  endfacet
  facet normal 0.26157825285018593 0.3117368225787429 -0.9134533217873552
    outer loop
      vertex -1.4843852483480027 -1.8999264775738711 -9.05663274535458
      vertex -1.3626883862908232 -1.5974774553360442 -8.918565756346363
      vertex -1.3096079250415489 -1.5890480321008897 -8.90048879988267
    endloop
  endfacet
  facet normal 0.2615782528501946 0.3117368225787377 -0.9134533217873545
    outer loop
      vertex -1.4843852483480027 -1.8999264775738711 -9.05663274535458
      vertex -1.3096079250415489 -1.5890480321008897 -8.90048879988267
      vertex -1.268469663830377 -1.6235671319104585 -8.90048879988267
    endloop
  endfacet
  facet normal 0.20114258964657736 0.27684902382630105 -0.9396256045025023
    outer loop
      vertex -1.268469663830377 -1.6235671319104585 -8.90048879988267
      vertex -1.234097239151058 -1.5795724345639774 -8.880168315388799
      vertex -1.152125417473412 -1.7080961747775265 -8.90048879988267
    endloop
  endfacet
  facet normal 0.21996462806921482 0.2621436357451372 -0.9396256045025022
    outer loop
      vertex -1.3096079250415489 -1.5890480321008897 -8.90048879988267
      vertex -1.234097239151058 -1.5795724345639774 -8.880168315388799
      vertex -1.268469663830377 -1.6235671319104585 -8.90048879988267
    endloop
  endfacet
  facet normal 0.20114258964659174 0.2768490238263094 -0.9396256045024968
    outer loop
      vertex -1.152125417473412 -1.7080961747775265 -8.90048879988267
      vertex -1.234097239151058 -1.5795724345639774 -8.880168315388799
      vertex -1.0511557298314764 -1.55840245687667 -8.834769151731335
    endloop
  endfacet
  facet normal 0.19104841055705846 0.35930980189701067 -0.9134533217873546
    outer loop
      vertex -1.05693094285444 -2.167029572418486 -9.05663274535458
      vertex -1.030168131893758 -1.7843035447783053 -8.90048879988267
      vertex -0.9031919707276567 -1.8518179672664896 -8.90048879988267
    endloop
  endfacet
  facet normal 0.16551884146896526 0.3717614047133179 -0.9134533217873545
    outer loop
      vertex -0.9031919707276566 -2.235478572859179 -9.05663274535458
      vertex -0.9031919707276567 -1.8518179672664896 -8.90048879988267
      vertex -0.7718155490687093 -1.9103105187622427 -8.90048879988267
    endloop
  endfacet
  facet normal 0.13918699282321725 0.31261910433008805 -0.9396256045024972
    outer loop
      vertex -0.9031919707276567 -1.8518179672664896 -8.90048879988267
      vertex -0.7451955485605752 -1.5278772959415385 -8.769307732856277
      vertex -0.7718155490687093 -1.9103105187622427 -8.90048879988267
    endloop
  endfacet
  facet normal 0.1813406047459708 0.2902056312921633 -0.9396256045024968
    outer loop
      vertex -1.152125417473412 -1.7080961747775265 -8.90048879988267
      vertex -1.0511557298314764 -1.55840245687667 -8.834769151731335
      vertex -1.030168131893758 -1.7843035447783053 -8.90048879988267
    endloop
  endfacet
  facet normal 0.16065514664732777 0.30214838609372463 -0.9396256045024971
    outer loop
      vertex -1.030168131893758 -1.7843035447783053 -8.90048879988267
      vertex -0.8899594658272465 -1.5414550114896488 -8.798425237813909
      vertex -0.9031919707276567 -1.8518179672664896 -8.90048879988267
    endloop
  endfacet
  facet normal 0.18134060474596925 0.29020563129216326 -0.9396256045024971
    outer loop
      vertex -1.030168131893758 -1.7843035447783053 -8.90048879988267
      vertex -1.0511557298314764 -1.55840245687667 -8.834769151731335
      vertex -0.8899594658272465 -1.5414550114896488 -8.798425237813909
    endloop
  endfacet
  facet normal 0.16065514664732736 0.30214838609372474 -0.9396256045024972
    outer loop
      vertex -0.9031919707276567 -1.8518179672664896 -8.90048879988267
      vertex -0.8899594658272465 -1.5414550114896488 -8.798425237813909
      vertex -0.7451955485605752 -1.5278772959415385 -8.769307732856277
    endloop
  endfacet
  facet normal 0.11704073396109933 0.32156677371451736 -0.9396256045024973
    outer loop
      vertex -0.7718155490687093 -1.9103105187622427 -8.90048879988267
      vertex -0.636678919637327 -1.5758356238416384 -8.769189160376655
      vertex -0.636678919637327 -1.9594962294343277 -8.90048879988267
    endloop
  endfacet
  facet normal 0.07114825652018059 0.33472622986174105 -0.9396256045024972
    outer loop
      vertex -0.49844045450821295 -1.9991354714444811 -8.90048879988267
      vertex -0.41116887378434525 -1.6491082794376581 -8.769189160376655
      vertex -0.35777363758779407 -2.0290351263901516 -8.90048879988267
    endloop
  endfacet
  facet normal 0.09432426440801771 0.3289478021011889 -0.9396256045024972
    outer loop
      vertex -0.49844045450821295 -1.9991354714444811 -8.90048879988267
      vertex -0.636678919637327 -1.9594962294343277 -8.90048879988267
      vertex -0.5252032654688945 -1.616409443804301 -8.769189160376655
    endloop
  endfacet
  facet normal 0.09432426440801743 0.3289478021011889 -0.9396256045024973
    outer loop
      vertex -0.49844045450821295 -1.9991354714444811 -8.90048879988267
      vertex -0.5252032654688945 -1.616409443804301 -8.769189160376655
      vertex -0.41116887378434525 -1.6491082794376581 -8.769189160376655
    endloop
  endfacet
  facet normal 0.13918699282321528 0.3126191043300882 -0.9396256045024973
    outer loop
      vertex -0.7718155490687093 -1.9103105187622427 -8.90048879988267
      vertex -0.7451955485605752 -1.5278772959415385 -8.769307732856277
      vertex -0.636678919637327 -1.5758356238416384 -8.769189160376655
    endloop
  endfacet
  facet normal 0.11704073396109994 0.3215667737145173 -0.9396256045024972
    outer loop
      vertex -0.636678919637327 -1.9594962294343277 -8.90048879988267
      vertex -0.636678919637327 -1.5758356238416384 -8.769189160376655
      vertex -0.5252032654688945 -1.616409443804301 -8.769189160376655
    endloop
  endfacet
  facet normal 0.13918699282306432 0.31261910432974616 -0.9396256045026337
    outer loop
      vertex -0.7451955485605752 -1.5278772959415385 -8.769307732856277
      vertex -0.7445192739085742 -1.5278220046862445 -8.769189160376655
      vertex -0.636678919637327 -1.5758356238416384 -8.769189160376655
    endloop
  endfacet
  facet normal 0.11217495356316085 0.25194907081385826 -0.9612171687548741
    outer loop
      vertex -0.7445192739085742 -1.5278220046862445 -8.769189160376655
      vertex -0.6140111861275477 -1.5197310146348395 -8.751837976217644
      vertex -0.636678919637327 -1.5758356238416384 -8.769189160376655
    endloop
  endfacet
  facet normal 0.0943266222710914 0.2591602647432486 -0.9612171687548742
    outer loop
      vertex -0.5252032654688945 -1.616409443804301 -8.769189160376655
      vertex -0.636678919637327 -1.5758356238416384 -8.769189160376655
      vertex -0.6140111861275477 -1.5197310146348395 -8.751837976217644
    endloop
  endfacet
  facet normal 0.07601874115699934 0.26510885591352296 -0.96121716875487
    outer loop
      vertex -0.5252032654688945 -1.616409443804301 -8.769189160376655
      vertex -0.4917106449089416 -1.5133297568900765 -8.738110434684033
      vertex -0.41116887378434525 -1.6491082794376581 -8.769189160376655
    endloop
  endfacet
  facet normal 0.09432662227110443 0.25916026474325976 -0.9612171687548698
    outer loop
      vertex -0.5252032654688945 -1.616409443804301 -8.769189160376655
      vertex -0.6140111861275477 -1.5197310146348395 -8.751837976217644
      vertex -0.4917106449089416 -1.5133297568900765 -8.738110434684033
    endloop
  endfacet
  facet normal 0.07601874115698691 0.26510885591351624 -0.9612171687548727
    outer loop
      vertex -0.41116887378434525 -1.6491082794376581 -8.769189160376655
      vertex -0.4917106449089416 -1.5133297568900765 -8.738110434684033
      vertex -0.37609552790023787 -1.5084367724903722 -8.727617395776923
    endloop
  endfacet
  facet normal 0.047625621478376096 0.33887390507696974 -0.9396256045024972
    outer loop
      vertex -0.35777363758779407 -2.0290351263901516 -8.90048879988267
      vertex -0.2951313086772692 -1.6737728253013795 -8.769189160376655
      vertex -0.21536378346832777 -2.049049526157947 -8.90048879988267
    endloop
  endfacet
  facet normal 0.071148256520181 0.3347262298617411 -0.9396256045024973
    outer loop
      vertex -0.41116887378434525 -1.6491082794376581 -8.769189160376655
      vertex -0.2951313086772692 -1.6737728253013795 -8.769189160376655
      vertex -0.35777363758779407 -2.0290351263901516 -8.90048879988267
    endloop
  endfacet
  facet normal 0.04762562147837583 0.33887390507696963 -0.9396256045024972
    outer loop
      vertex -0.21536378346832777 -2.049049526157947 -8.90048879988267
      vertex -0.2951313086772692 -1.6737728253013795 -8.769189160376655
      vertex -0.17765589350081304 -1.6902829182072885 -8.769189160376655
    endloop
  endfacet
  facet normal 0.023870959196039952 0.34137062069014895 -0.9396256045024972
    outer loop
      vertex -0.21536378346832777 -2.049049526157947 -8.90048879988267
      vertex -0.17765589350081304 -1.6902829182072885 -8.769189160376655
      vertex -0.07190469864409559 -2.0590811626040395 -8.90048879988267
    endloop
  endfacet
  facet normal 0 0.34220421295378084 -0.9396256045024972
    outer loop
      vertex -0.07190469864409559 -2.0590811626040395 -8.90048879988267
      vertex -0.05931495666912881 -1.6985581226423367 -8.769189160376655
      vertex 0.07190469864409559 -2.0590811626040395 -8.90048879988267
    endloop
  endfacet
  facet normal 0.023870959196040147 0.34137062069014906 -0.9396256045024973
    outer loop
      vertex -0.07190469864409559 -2.0590811626040395 -8.90048879988267
      vertex -0.17765589350081304 -1.6902829182072885 -8.769189160376655
      vertex -0.05931495666912881 -1.6985581226423367 -8.769189160376655
    endloop
  endfacet
  facet normal 0.0573405043773606 0.2697658633864125 -0.9612171687548726
    outer loop
      vertex -0.41116887378434525 -1.6491082794376581 -8.769189160376655
      vertex -0.37609552790023787 -1.5084367724903722 -8.727617395776923
      vertex -0.2951313086772692 -1.6737728253013795 -8.769189160376655
    endloop
  endfacet
  facet normal 0.05734050437736295 0.2697658633864135 -0.9612171687548722
    outer loop
      vertex -0.2951313086772692 -1.6737728253013795 -8.769189160376655
      vertex -0.37609552790023787 -1.5084367724903722 -8.727617395776923
      vertex -0.26535313023583584 -1.5048923832851462 -8.720016428597336
    endloop
  endfacet
  facet normal 0.038382910424245464 0.2731085986896638 -0.9612171687548723
    outer loop
      vertex -0.2951313086772692 -1.6737728253013795 -8.769189160376655
      vertex -0.26535313023583584 -1.5048923832851462 -8.720016428597336
      vertex -0.17765589350081304 -1.6902829182072885 -8.769189160376655
    endloop
  endfacet
  facet normal 0.03838291042424279 0.2731085986896626 -0.9612171687548726
    outer loop
      vertex -0.17765589350081304 -1.6902829182072885 -8.769189160376655
      vertex -0.26535313023583584 -1.5048923832851462 -8.720016428597336
      vertex -0.1579282146875591 -1.5025865921421453 -8.715071643533921
    endloop
  endfacet
  facet normal 0.019238318789780707 0.2751207763528764 -0.9612171687548725
    outer loop
      vertex -0.17765589350081304 -1.6902829182072885 -8.769189160376655
      vertex -0.1579282146875591 -1.5025865921421453 -8.715071643533921
      vertex -0.05931495666912881 -1.6985581226423367 -8.769189160376655
    endloop
  endfacet
  facet normal 0 0.275792593248739 -0.9612171687548738
    outer loop
      vertex -0.05931495666912881 -1.6985581226423367 -8.769189160376655
      vertex -0.05243180158297885 -1.5014503502097578 -8.712634964846544
      vertex 0.05931495666912881 -1.6985581226423367 -8.769189160376655
    endloop
  endfacet
  facet normal 0.01923831878977239 0.2751207763528726 -0.9612171687548738
    outer loop
      vertex -0.05931495666912881 -1.6985581226423367 -8.769189160376655
      vertex -0.1579282146875591 -1.5025865921421453 -8.715071643533921
      vertex -0.05243180158297885 -1.5014503502097578 -8.712634964846544
    endloop
  endfacet
  facet normal 0.8165981472482245 -0.14398828575640252 -0.5589587099918022
    outer loop
      vertex -4.505969606085555 0.85 -10.972243186433545
      vertex -4.5354648593434055 0.7904753212154436 -11
      vertex -4.505965834452819 0.9577726047738832 -11
    endloop
  endfacet
  facet normal 0.8165981472482234 -0.1439882857564029 -0.5589587099918035
    outer loop
      vertex -4.505969606085555 0.85 -10.972243186433545
      vertex -4.505965834452819 0.9577726047738832 -11
      vertex -4.443953810688267 0.9445915422202904 -10.906009475520015
    endloop
  endfacet
  facet normal 0.804564840128777 -0.20060054474715247 -0.5589587099918036
    outer loop
      vertex -4.443953810688267 0.9445915422202904 -10.906009475520015
      vertex -4.505965834452819 0.9577726047738832 -11
      vertex -4.334949013362085 1.0927389364671167 -10.802275553302263
    endloop
  endfacet
  facet normal 0.8045648401287775 -0.20060054474715247 -0.5589587099918031
    outer loop
      vertex -4.277223764306809 1.2264741782728965 -10.767181112391398
      vertex -4.505965834452819 0.9577726047738832 -11
      vertex -4.42817868859139 1.2697598062690703 -11
    endloop
  endfacet
  facet normal 0.7886117739827996 -0.2562354980481852 -0.5589587099918029
    outer loop
      vertex -4.181250148374931 1.521850596029617 -10.767181112391398
      vertex -4.42817868859139 1.2697598062690703 -11
      vertex -4.32881790127811 1.575560865623924 -11
    endloop
  endfacet
  facet normal 0.8045648401287736 -0.2006005447471279 -0.5589587099918172
    outer loop
      vertex -4.334949013362085 1.0927389364671167 -10.802275553302263
      vertex -4.505965834452819 0.9577726047738832 -11
      vertex -4.301817678192791 1.1278333773779807 -10.767181112391398
    endloop
  endfacet
  facet normal 0.8045648401287776 -0.20060054474715305 -0.5589587099918024
    outer loop
      vertex -4.301817678192791 1.1278333773779807 -10.767181112391398
      vertex -4.505965834452819 0.9577726047738832 -11
      vertex -4.277223764306809 1.2264741782728965 -10.767181112391398
    endloop
  endfacet
  facet normal 0.7647800210512188 -0.1906810752630679 -0.6154285067637162
    outer loop
      vertex -4.301817678192791 1.1278333773779807 -10.767181112391398
      vertex -4.277223764306809 1.2264741782728965 -10.767181112391398
      vertex -4.216269210222573 1.2089957411482561 -10.686018748621123
    endloop
  endfacet
  facet normal 0.7496158159375621 -0.24356494320580135 -0.6154285067637165
    outer loop
      vertex -4.277223764306809 1.2264741782728965 -10.767181112391398
      vertex -4.109378792556475 1.3022755533022625 -10.592738936467116
      vertex -4.216269210222573 1.2089957411482561 -10.686018748621123
    endloop
  endfacet
  facet normal 0.7886117739827996 -0.2562354980481851 -0.558958709991803
    outer loop
      vertex -4.277223764306809 1.2264741782728965 -10.767181112391398
      vertex -4.42817868859139 1.2697598062690703 -11
      vertex -4.181250148374931 1.521850596029617 -10.767181112391398
    endloop
  endfacet
  facet normal 0.7496158159375609 -0.24356494320581493 -0.6154285067637125
    outer loop
      vertex -4.277223764306809 1.2264741782728965 -10.767181112391398
      vertex -4.181250148374931 1.521850596029617 -10.767181112391398
      vertex -3.959154707161248 1.441014466261617 -10.464668146724033
    endloop
  endfacet
  facet normal 0.7496158159375624 -0.24356494320582642 -0.6154285067637059
    outer loop
      vertex -4.277223764306809 1.2264741782728965 -10.767181112391398
      vertex -3.959154707161248 1.441014466261617 -10.464668146724033
      vertex -4.109378792556475 1.3022755533022625 -10.592738936467116
    endloop
  endfacet
  facet normal 0.7496158159375566 -0.2435649432058049 -0.6154285067637221
    outer loop
      vertex -4.109378792556475 1.3022755533022625 -10.592738936467116
      vertex -3.959154707161248 1.441014466261617 -10.464668146724033
      vertex -3.9750961709160975 1.3919516857048395 -10.464668146724033
    endloop
  endfacet
  facet normal 0.7069655201854156 -0.22970702206577626 -0.6689054023422429
    outer loop
      vertex -3.9750961709160975 1.3919516857048395 -10.464668146724033
      vertex -3.959154707161248 1.441014466261617 -10.464668146724033
      vertex -3.9179786947089803 1.4260276233632172 -10.416002664279354
    endloop
  endfacet
  facet normal 0.6892198358566305 -0.27846288905188343 -0.6689054023422429
    outer loop
      vertex -3.959154707161248 1.441014466261617 -10.464668146724033
      vertex -3.83524912868264 1.4722431864335457 -10.35
      vertex -3.9179786947089803 1.4260276233632172 -10.416002664279354
    endloop
  endfacet
  facet normal 0.7688166705449552 -0.3106220977594309 -0.5589587099918027
    outer loop
      vertex -4.064905902017966 1.8098127106583684 -10.767181112391398
      vertex -4.32881790127811 1.575560865623924 -11
      vertex -4.208367548281056 1.8736859508162824 -11
    endloop
  endfacet
  facet normal 0.7688166705449552 -0.3106220977594307 -0.5589587099918029
    outer loop
      vertex -4.181250148374931 1.521850596029617 -10.767181112391398
      vertex -4.32881790127811 1.575560865623924 -11
      vertex -4.064905902017966 1.8098127106583684 -10.767181112391398
    endloop
  endfacet
  facet normal 0.7307995579197704 -0.2952621872283267 -0.6154285067637124
    outer loop
      vertex -4.181250148374931 1.521850596029617 -10.767181112391398
      vertex -3.8489903175003395 1.7136808988259613 -10.464668146724033
      vertex -3.959154707161248 1.441014466261617 -10.464668146724033
    endloop
  endfacet
  facet normal 0.7307995579197704 -0.29526218722832714 -0.6154285067637122
    outer loop
      vertex -4.181250148374931 1.521850596029617 -10.767181112391398
      vertex -4.064905902017966 1.8098127106583684 -10.767181112391398
      vertex -3.8489903175003395 1.7136808988259613 -10.464668146724033
    endloop
  endfacet
  facet normal 0.6892198358566304 -0.27846288905188504 -0.6689054023422424
    outer loop
      vertex -3.959154707161248 1.441014466261617 -10.464668146724033
      vertex -3.614322839055006 1.6092002059130763 -10.179378962475514
      vertex -3.83524912868264 1.4722431864335457 -10.35
    endloop
  endfacet
  facet normal 0.68921983585663 -0.27846288905188127 -0.6689054023422442
    outer loop
      vertex -3.959154707161248 1.441014466261617 -10.464668146724033
      vertex -3.8489903175003395 1.7136808988259613 -10.464668146724033
      vertex -3.614322839055006 1.6092002059130763 -10.179378962475514
    endloop
  endfacet
  facet normal 0.7452759695693989 -0.3634953778340134 -0.5589587099918026
    outer loop
      vertex -4.064905902017966 1.8098127106583684 -10.767181112391398
      vertex -4.208367548281056 1.8736859508162824 -11
      vertex -3.928757842709282 2.0889575996825296 -10.767181112391398
    endloop
  endfacet
  facet normal 0.70842291791551 -0.34552094355431184 -0.6154285067637122
    outer loop
      vertex -4.064905902017966 1.8098127106583684 -10.767181112391398
      vertex -3.7200740339117235 1.9779984503098271 -10.464668146724033
      vertex -3.8489903175003395 1.7136808988259613 -10.464668146724033
    endloop
  endfacet
  facet normal 0.70842291791551 -0.34552094355431096 -0.6154285067637126
    outer loop
      vertex -4.064905902017966 1.8098127106583684 -10.767181112391398
      vertex -3.928757842709282 2.0889575996825296 -10.767181112391398
      vertex -3.7200740339117235 1.9779984503098271 -10.464668146724033
    endloop
  endfacet
  facet normal 0.6892198358566293 -0.278462889051879 -0.6689054023422459
    outer loop
      vertex -3.83524912868264 1.4722431864335457 -10.35
      vertex -3.614322839055006 1.6092002059130763 -10.179378962475514
      vertex -3.637511973998004 1.5518050828735652 -10.179378962475514
    endloop
  endfacet
  facet normal 0.6442790830072055 -0.26030564629193564 -0.7191282456613229
    outer loop
      vertex -3.637511973998004 1.5518050828735652 -10.179378962475514
      vertex -3.614322839055006 1.6092002059130763 -10.179378962475514
      vertex -3.553143937794514 1.5819616041362465 -10.1147080939292
    endloop
  endfacet
  facet normal 0.6245516475613424 -0.30461419175816556 -0.7191282456613229
    outer loop
      vertex -3.553143937794514 1.5819616041362465 -10.1147080939292
      vertex -3.614322839055006 1.6092002059130763 -10.179378962475514
      vertex -3.4932663983614827 1.8574026913149246 -10.179378962475514
    endloop
  endfacet
  facet normal 0.624551647561352 -0.30461419175816573 -0.7191282456613147
    outer loop
      vertex -3.553143937794514 1.5819616041362465 -10.1147080939292
      vertex -3.4932663983614827 1.8574026913149246 -10.179378962475514
      vertex -3.507263802565322 1.5974774553360442 -10.081434243653637
    endloop
  endfacet
  facet normal 0.6245516475613456 -0.3046141917581672 -0.7191282456613196
    outer loop
      vertex -3.507263802565322 1.5974774553360442 -10.081434243653637
      vertex -3.4932663983614827 1.8574026913149246 -10.179378962475514
      vertex -3.29093090242122 1.6426887325879787 -9.912703459874333
    endloop
  endfacet
  facet normal 0.6681163417676909 -0.32586211283350897 -0.6689054023422442
    outer loop
      vertex -3.8489903175003395 1.7136808988259613 -10.464668146724033
      vertex -3.7200740339117235 1.9779984503098271 -10.464668146724033
      vertex -3.614322839055006 1.6092002059130763 -10.179378962475514
    endloop
  endfacet
  facet normal 0.6681163417676917 -0.3258621128335083 -0.6689054023422437
    outer loop
      vertex -3.7200740339117235 1.9779984503098271 -10.464668146724033
      vertex -3.4932663983614827 1.8574026913149246 -10.179378962475514
      vertex -3.614322839055006 1.6092002059130763 -10.179378962475514
    endloop
  endfacet
  facet normal 0.6245516475613472 -0.30461419175816506 -0.719128245661319
    outer loop
      vertex -3.4932663983614827 1.8574026913149246 -10.179378962475514
      vertex -3.2494399200603348 1.7277578531134015 -9.912703459874333
      vertex -3.29093090242122 1.6426887325879787 -9.912703459874333
    endloop
  endfacet
  facet normal 0.6017814592682751 -0.34743868750186524 -0.7191282456613192
    outer loop
      vertex -3.4932663983614827 1.8574026913149246 -10.179378962475514
      vertex -3.355191114917052 2.096556097510152 -10.179378962475514
      vertex -3.2494399200603348 1.7277578531134015 -9.912703459874333
    endloop
  endfacet
  facet normal 0.6017814592682746 -0.3474386875018654 -0.7191282456613193
    outer loop
      vertex -3.355191114917052 2.096556097510152 -10.179378962475514
      vertex -3.1210021524144356 1.9502185922868243 -9.912703459874333
      vertex -3.2494399200603348 1.7277578531134015 -9.912703459874333
    endloop
  endfacet
  facet normal 0.5779402511780912 -0.28188029474349036 -0.7658515296736881
    outer loop
      vertex -3.29093090242122 1.6426887325879787 -9.912703459874333
      vertex -3.2494399200603348 1.7277578531134015 -9.912703459874333
      vertex -3.1412579387521884 1.6702364733160344 -9.809893891843496
    endloop
  endfacet
  facet normal 0.5568694423941338 -0.32150872246973106 -0.7658515296736881
    outer loop
      vertex -3.2494399200603348 1.7277578531134015 -9.912703459874333
      vertex -3.1210021524144356 1.9502185922868243 -9.912703459874333
      vertex -3.1412579387521884 1.6702364733160344 -9.809893891843496
    endloop
  endfacet
  facet normal 0.5568694423941322 -0.3215087224697313 -0.7658515296736891
    outer loop
      vertex -3.1412579387521884 1.6702364733160344 -9.809893891843496
      vertex -3.1210021524144356 1.9502185922868243 -9.912703459874333
      vertex -3.1187794770297663 1.6741731801207536 -9.795201902033781
    endloop
  endfacet
  facet normal 0.5568694423941298 -0.32150872246973194 -0.7658515296736905
    outer loop
      vertex -3.1187794770297663 1.6741731801207536 -9.795201902033781
      vertex -3.1210021524144356 1.9502185922868243 -9.912703459874333
      vertex -2.93448013321342 1.6854820563574375 -9.66594085516303
    endloop
  endfacet
  facet normal 0.7452759695693987 -0.3634953778340115 -0.5589587099918043
    outer loop
      vertex -3.928757842709282 2.0889575996825296 -10.767181112391398
      vertex -4.208367548281056 1.8736859508162824 -11
      vertex -4.067414451612406 2.1626826263985173 -11
    endloop
  endfacet
  facet normal 0.7181043589849758 -0.4145977449662221 -0.5589587099918031
    outer loop
      vertex -3.7734692701082753 2.357925297262321 -10.767181112391398
      vertex -4.067414451612406 2.1626826263985173 -11
      vertex -3.9066453205905685 2.441142929617035 -11
    endloop
  endfacet
  facet normal 0.7181043589849756 -0.4145977449662204 -0.5589587099918043
    outer loop
      vertex -3.928757842709282 2.0889575996825296 -10.767181112391398
      vertex -4.067414451612406 2.1626826263985173 -11
      vertex -3.7734692701082753 2.357925297262321 -10.767181112391398
    endloop
  endfacet
  facet normal 0.6825949126655863 -0.39409635657494624 -0.6154285067637131
    outer loop
      vertex -3.928757842709282 2.0889575996825296 -10.767181112391398
      vertex -3.7734692701082753 2.357925297262321 -10.767181112391398
      vertex -3.5730339235704234 2.232679392171492 -10.464668146724033
    endloop
  endfacet
  facet normal 0.6874342161471791 -0.463680233560169 -0.558958709991803
    outer loop
      vertex -3.7734692701082753 2.357925297262321 -10.767181112391398
      vertex -3.9066453205905685 2.441142929617035 -11
      vertex -3.599796734531106 2.6154054198116725 -10.767181112391398
    endloop
  endfacet
  facet normal 0.6825949126655861 -0.39409635657494696 -0.6154285067637127
    outer loop
      vertex -3.7200740339117235 1.9779984503098271 -10.464668146724033
      vertex -3.928757842709282 2.0889575996825296 -10.767181112391398
      vertex -3.5730339235704234 2.232679392171492 -10.464668146724033
    endloop
  endfacet
  facet normal 0.6437578520204782 -0.37167376915695993 -0.6689054023422437
    outer loop
      vertex -3.7200740339117235 1.9779984503098271 -10.464668146724033
      vertex -3.5730339235704234 2.232679392171492 -10.464668146724033
      vertex -3.4932663983614827 1.8574026913149246 -10.179378962475514
    endloop
  endfacet
  facet normal 0.6437578520204789 -0.3716737691569596 -0.6689054023422434
    outer loop
      vertex -3.5730339235704234 2.232679392171492 -10.464668146724033
      vertex -3.355191114917052 2.096556097510152 -10.179378962475514
      vertex -3.4932663983614827 1.8574026913149246 -10.179378962475514
    endloop
  endfacet
  facet normal 0.6534413736153587 -0.44075177176077196 -0.615428506763713
    outer loop
      vertex -3.7734692701082753 2.357925297262321 -10.767181112391398
      vertex -3.4085863511136028 2.4764829444626457 -10.464668146724033
      vertex -3.5730339235704234 2.232679392171492 -10.464668146724033
    endloop
  endfacet
  facet normal 0.6534413736153586 -0.4407517717607726 -0.6154285067637127
    outer loop
      vertex -3.7734692701082753 2.357925297262321 -10.767181112391398
      vertex -3.599796734531106 2.6154054198116725 -10.767181112391398
      vertex -3.4085863511136028 2.4764829444626457 -10.464668146724033
    endloop
  endfacet
  facet normal 0.6162630387285369 -0.41567466823759086 -0.6689054023422434
    outer loop
      vertex -3.5730339235704234 2.232679392171492 -10.464668146724033
      vertex -3.4085863511136028 2.4764829444626457 -10.464668146724033
      vertex -3.355191114917052 2.096556097510152 -10.179378962475514
    endloop
  endfacet
  facet normal 0.5760794521965114 -0.3885704968844657 -0.7191282456613194
    outer loop
      vertex -3.355191114917052 2.096556097510152 -10.179378962475514
      vertex -3.200769677623377 2.3254952931433923 -10.179378962475514
      vertex -3.1210021524144356 1.9502185922868243 -9.912703459874333
    endloop
  endfacet
  facet normal 0.5760794521965104 -0.38857049688446627 -0.7191282456613198
    outer loop
      vertex -3.1210021524144356 1.9502185922868243 -9.912703459874333
      vertex -3.200769677623377 2.3254952931433923 -10.179378962475514
      vertex -2.9773591760040126 2.1631780625139134 -9.912703459874333
    endloop
  endfacet
  facet normal 0.6162630387285364 -0.4156746682375912 -0.6689054023422437
    outer loop
      vertex -3.355191114917052 2.096556097510152 -10.179378962475514
      vertex -3.4085863511136028 2.4764829444626457 -10.464668146724033
      vertex -3.200769677623377 2.3254952931433923 -10.179378962475514
    endloop
  endfacet
  facet normal 0.5475708439409486 -0.42780922986521674 -0.7191282456613198
    outer loop
      vertex -3.200769677623377 2.3254952931433923 -10.179378962475514
      vertex -3.030754412200564 2.543104909466407 -10.179378962475514
      vertex -2.9773591760040126 2.1631780625139134 -9.912703459874333
    endloop
  endfacet
  facet normal 0.6874342161471791 -0.4636802335601682 -0.5589587099918036
    outer loop
      vertex -3.599796734531106 2.6154054198116725 -10.767181112391398
      vertex -3.9066453205905685 2.441142929617035 -11
      vertex -3.7268434062614295 2.707710229865289 -11
    endloop
  endfacet
  facet normal 0.6534149629089562 -0.5105037186651887 -0.5589587099918037
    outer loop
      vertex -3.408586351113603 2.860143550055335 -10.767181112391398
      vertex -3.7268434062614295 2.707710229865289 -11
      vertex -3.5288846854779736 2.961085838051719 -11
    endloop
  endfacet
  facet normal 0.6534149629089562 -0.5105037186651888 -0.5589587099918036
    outer loop
      vertex -3.599796734531106 2.6154054198116725 -10.767181112391398
      vertex -3.7268434062614295 2.707710229865289 -11
      vertex -3.408586351113603 2.860143550055335 -10.767181112391398
    endloop
  endfacet
  facet normal 0.6211043338765722 -0.4852598886187963 -0.6154285067637126
    outer loop
      vertex -3.599796734531106 2.6154054198116725 -10.767181112391398
      vertex -3.227532488584058 2.7082213207835717 -10.464668146724033
      vertex -3.4085863511136028 2.4764829444626457 -10.464668146724033
    endloop
  endfacet
  facet normal 0.621104333876572 -0.48525988861879643 -0.6154285067637125
    outer loop
      vertex -3.599796734531106 2.6154054198116725 -10.767181112391398
      vertex -3.408586351113603 2.860143550055335 -10.767181112391398
      vertex -3.227532488584058 2.7082213207835717 -10.464668146724033
    endloop
  endfacet
  facet normal 0.6162123376524863 -0.5548400809685229 -0.5589587099918037
    outer loop
      vertex -3.408586351113603 2.860143550055335 -10.767181112391398
      vertex -3.5288846854779736 2.961085838051719 -11
      vertex -3.2007696776233776 3.0909473484237524 -10.767181112391398
    endloop
  endfacet
  facet normal 0.5857658538584511 -0.45765044211804345 -0.6689054023422437
    outer loop
      vertex -3.4085863511136028 2.4764829444626457 -10.464668146724033
      vertex -3.227532488584058 2.7082213207835717 -10.464668146724033
      vertex -3.200769677623377 2.3254952931433923 -10.179378962475514
    endloop
  endfacet
  facet normal 0.5857658538584515 -0.45765044211804334 -0.6689054023422435
    outer loop
      vertex -3.200769677623377 2.3254952931433923 -10.179378962475514
      vertex -3.227532488584058 2.7082213207835717 -10.464668146724033
      vertex -3.030754412200564 2.543104909466407 -10.179378962475514
    endloop
  endfacet
  facet normal 0.5524148766293475 -0.49739658904735556 -0.6689054023422435
    outer loop
      vertex -3.227532488584058 2.7082213207835717 -10.464668146724033
      vertex -3.030754412200564 2.926765515059096 -10.464668146724033
      vertex -3.030754412200564 2.543104909466407 -10.179378962475514
    endloop
  endfacet
  facet normal 0.5857413362563308 -0.5274038680776194 -0.6154285067637125
    outer loop
      vertex -3.408586351113603 2.860143550055335 -10.767181112391398
      vertex -3.2007696776233776 3.0909473484237524 -10.767181112391398
      vertex -3.227532488584058 2.7082213207835717 -10.464668146724033
    endloop
  endfacet
  facet normal 0.5857413362563304 -0.5274038680776196 -0.6154285067637127
    outer loop
      vertex -3.227532488584058 2.7082213207835717 -10.464668146724033
      vertex -3.2007696776233776 3.0909473484237524 -10.767181112391398
      vertex -3.030754412200564 2.926765515059096 -10.464668146724033
    endloop
  endfacet
  facet normal 0.6162123376524861 -0.5548400809685231 -0.5589587099918034
    outer loop
      vertex -3.2007696776233776 3.0909473484237524 -10.767181112391398
      vertex -3.5288846854779736 2.961085838051719 -11
      vertex -3.3137335932291174 3.2000353336824694 -11
    endloop
  endfacet
  facet normal 0.5760075878284185 -0.5964733181697113 -0.5589587099918035
    outer loop
      vertex -2.977359176004013 3.3066923620115904 -10.767181112391398
      vertex -3.3137335932291174 3.2000353336824694 -11
      vertex -3.082438324009385 3.4233945788339453 -11
    endloop
  endfacet
  facet normal 0.5475246657243593 -0.5669783889056225 -0.6154285067637127
    outer loop
      vertex -3.2007696776233776 3.0909473484237524 -10.767181112391398
      vertex -2.977359176004013 3.3066923620115904 -10.767181112391398
      vertex -3.030754412200564 2.926765515059096 -10.464668146724033
    endloop
  endfacet
  facet normal 0.5760075878284187 -0.5964733181697113 -0.5589587099918035
    outer loop
      vertex -3.2007696776233776 3.0909473484237524 -10.767181112391398
      vertex -3.3137335932291174 3.2000353336824694 -11
      vertex -2.977359176004013 3.3066923620115904 -10.767181112391398
    endloop
  endfacet
  facet normal 0.509239977587802 -0.2940098381424373 -0.8088466234718622
    outer loop
      vertex -2.93448013321342 1.6854820563574375 -9.66594085516303
      vertex -2.871607981147295 1.7943798181171624 -9.66594085516303
      vertex -2.7160003868482963 1.6971454015153777 -9.532628209982617
    endloop
  endfacet
  facet normal 0.556869442394132 -0.32150872246972984 -0.7658515296736899
    outer loop
      vertex -3.1210021524144356 1.9502185922868243 -9.912703459874333
      vertex -2.871607981147295 1.7943798181171624 -9.66594085516303
      vertex -2.93448013321342 1.6854820563574375 -9.66594085516303
    endloop
  endfacet
  facet normal 0.5330856216631535 -0.3595707920180371 -0.7658515296736899
    outer loop
      vertex -3.1210021524144356 1.9502185922868243 -9.912703459874333
      vertex -2.9773591760040126 2.1631780625139134 -9.912703459874333
      vertex -2.871607981147295 1.7943798181171624 -9.66594085516303
    endloop
  endfacet
  facet normal 0.5330856216631551 -0.3595707920180362 -0.7658515296736892
    outer loop
      vertex -2.871607981147295 1.7943798181171624 -9.66594085516303
      vertex -2.9773591760040126 2.1631780625139134 -9.912703459874333
      vertex -2.7394432797622548 1.9903220458057655 -9.66594085516303
    endloop
  endfacet
  facet normal 0.4874904050418135 -0.32881643007966604 -0.8088466234718623
    outer loop
      vertex -2.871607981147295 1.7943798181171624 -9.66594085516303
      vertex -2.7394432797622548 1.9903220458057655 -9.66594085516303
      vertex -2.7160003868482963 1.6971454015153777 -9.532628209982617
    endloop
  endfacet
  facet normal 0.4874904050418254 -0.32881643007966255 -0.8088466234718565
    outer loop
      vertex -2.7160003868482963 1.6971454015153777 -9.532628209982617
      vertex -2.7394432797622548 1.9903220458057655 -9.66594085516303
      vertex -2.6599380396210726 1.7 -9.5
    endloop
  endfacet
  facet normal 0.4874904050418191 -0.3288164300796656 -0.8088466234718591
    outer loop
      vertex -2.6599380396210726 1.7 -9.5
      vertex -2.7394432797622548 1.9903220458057655 -9.66594085516303
      vertex -2.5643958557388604 1.6947763450707654 -9.440293350947272
    endloop
  endfacet
  facet normal 0.43951551944272294 -0.29645696114854053 -0.8479029297953665
    outer loop
      vertex -2.5643958557388604 1.6947763450707654 -9.440293350947272
      vertex -2.4881810912293707 1.8077693801569246 -9.440293350947272
      vertex -2.3167113928739576 1.683189352037466 -9.307853414544926
    endloop
  endfacet
  facet normal 0.4177650895007121 -0.3263938596831992 -0.8479029297953664
    outer loop
      vertex -2.4881810912293707 1.8077693801569246 -9.440293350947272
      vertex -2.1774751909719035 1.6769782575053622 -9.236860279185588
      vertex -2.3167113928739576 1.683189352037466 -9.307853414544926
    endloop
  endfacet
  facet normal 0.48749040504181484 -0.3288164300796692 -0.8088466234718603
    outer loop
      vertex -2.5643958557388604 1.6947763450707654 -9.440293350947272
      vertex -2.7394432797622548 1.9903220458057655 -9.66594085516303
      vertex -2.4881810912293707 1.8077693801569246 -9.440293350947272
    endloop
  endfacet
  facet normal 0.46336582824482553 -0.3620210614220635 -0.8088466234718603
    outer loop
      vertex -2.4881810912293707 1.8077693801569246 -9.440293350947272
      vertex -2.7394432797622548 1.9903220458057655 -9.66594085516303
      vertex -2.593932286086088 2.176567624553675 -9.66594085516303
    endloop
  endfacet
  facet normal 0.46336582824482536 -0.36202106142206353 -0.8088466234718602
    outer loop
      vertex -2.4881810912293707 1.8077693801569246 -9.440293350947272
      vertex -2.593932286086088 2.176567624553675 -9.66594085516303
      vertex -2.35601638984433 1.9769324837660038 -9.440293350947272
    endloop
  endfacet
  facet normal 0.41776508950071184 -0.3263938596831995 -0.8479029297953663
    outer loop
      vertex -2.4881810912293707 1.8077693801569246 -9.440293350947272
      vertex -2.35601638984433 1.9769324837660038 -9.440293350947272
      vertex -2.1774751909719035 1.6769782575053622 -9.236860279185588
    endloop
  endfacet
  facet normal 0.37012440362742494 -0.28917287657348034 -0.8828289603845478
    outer loop
      vertex -2.1774751909719035 1.6769782575053622 -9.236860279185588
      vertex -2.1066222185771895 1.7676659266379828 -9.236860279185588
      vertex -2.1031913297950133 1.6741731801207536 -9.204798097966219
    endloop
  endfacet
  facet normal 0.3701244036274335 -0.28917287657347907 -0.8828289603845448
    outer loop
      vertex -2.1031913297950133 1.6741731801207536 -9.204798097966219
      vertex -2.1066222185771895 1.7676659266379828 -9.236860279185588
      vertex -1.976627536623734 1.6585874369558307 -9.146631312601006
    endloop
  endfacet
  facet normal 0.3490511190103685 -0.31428703922362394 -0.8828289603845457
    outer loop
      vertex -1.976627536623734 1.6585874369558307 -9.146631312601006
      vertex -1.9781844509312907 1.9103105187622424 -9.236860279185588
      vertex -1.770714155893664 1.6344723935421928 -9.05663274535458
    endloop
  endfacet
  facet normal 0.4177650895007106 -0.32639385968320045 -0.8479029297953666
    outer loop
      vertex -2.35601638984433 1.9769324837660038 -9.440293350947272
      vertex -2.1066222185771895 1.7676659266379828 -9.236860279185588
      vertex -2.1774751909719035 1.6769782575053622 -9.236860279185588
    endloop
  endfacet
  facet normal 0.393979350036254 -0.35474060014247655 -0.8479029297953667
    outer loop
      vertex -2.35601638984433 1.9769324837660038 -9.440293350947272
      vertex -2.2123734134339075 2.136464171034734 -9.440293350947272
      vertex -2.1066222185771895 1.7676659266379828 -9.236860279185588
    endloop
  endfacet
  facet normal 0.3939793500362542 -0.35474060014247644 -0.8479029297953665
    outer loop
      vertex -2.2123734134339075 2.136464171034734 -9.440293350947272
      vertex -1.9781844509312907 1.9103105187622424 -9.236860279185588
      vertex -2.1066222185771895 1.7676659266379828 -9.236860279185588
    endloop
  endfacet
  facet normal 0.3490511190103709 -0.3142870392236236 -0.882828960384545
    outer loop
      vertex -2.1066222185771895 1.7676659266379828 -9.236860279185588
      vertex -1.9781844509312907 1.9103105187622424 -9.236860279185588
      vertex -1.976627536623734 1.6585874369558307 -9.146631312601006
    endloop
  endfacet
  facet normal 0.3490511190103705 -0.3142870392236223 -0.8828289603845457
    outer loop
      vertex -1.9781844509312907 1.9103105187622424 -9.236860279185588
      vertex -1.7343579726301428 1.6748500256660834 -9.05663274535458
      vertex -1.770714155893664 1.6344723935421928 -9.05663274535458
    endloop
  endfacet
  facet normal 0.3024179715564894 -0.2722983646578104 -0.9134533217873481
    outer loop
      vertex -1.770714155893664 1.6344723935421928 -9.05663274535458
      vertex -1.7343579726301428 1.6748500256660834 -9.05663274535458
      vertex -1.6838760955727927 1.6261002436606098 -9.02538745662793
    endloop
  endfacet
  facet normal 0.28268672285243013 -0.2927306708198048 -0.9134533217873481
    outer loop
      vertex -1.7343579726301428 1.6748500256660834 -9.05663274535458
      vertex -1.6133015319366188 1.7917528715619178 -9.05663274535458
      vertex -1.6838760955727927 1.6261002436606098 -9.02538745662793
    endloop
  endfacet
  facet normal 0.32627729242798653 -0.3378700270106904 -0.8828289603845456
    outer loop
      vertex -1.7343579726301428 1.6748500256660834 -9.05663274535458
      vertex -1.8401091674868602 2.043648270062834 -9.236860279185588
      vertex -1.6133015319366188 1.7917528715619178 -9.05663274535458
    endloop
  endfacet
  facet normal 0.32627729242798653 -0.3378700270106904 -0.8828289603845456
    outer loop
      vertex -1.9781844509312907 1.9103105187622424 -9.236860279185588
      vertex -1.8401091674868602 2.043648270062834 -9.236860279185588
      vertex -1.7343579726301428 1.6748500256660834 -9.05663274535458
    endloop
  endfacet
  facet normal 0.3019138756741731 -0.35980694598873775 -0.8828289603845456
    outer loop
      vertex -1.6930690571455602 2.1670295724184854 -9.236860279185588
      vertex -1.4843852483480027 1.8999264775738711 -9.05663274535458
      vertex -1.6133015319366188 1.7917528715619178 -9.05663274535458
    endloop
  endfacet
  facet normal 0.2826867228524161 -0.2927306708197999 -0.9134533217873541
    outer loop
      vertex -1.6838760955727927 1.6261002436606098 -9.02538745662793
      vertex -1.6133015319366188 1.7917528715619178 -9.05663274535458
      vertex -1.4446042014475087 1.6043955051024354 -8.944384269563825
    endloop
  endfacet
  facet normal 0.26157825285019587 -0.3117368225787386 -0.913453321787354
    outer loop
      vertex -1.4446042014475087 1.6043955051024354 -8.944384269563825
      vertex -1.6133015319366188 1.7917528715619178 -9.05663274535458
      vertex -1.3626883862908232 1.5974774553360442 -8.918565756346363
    endloop
  endfacet
  facet normal 0.2615782528501861 -0.3117368225787428 -0.9134533217873552
    outer loop
      vertex -1.4843852483480027 1.8999264775738711 -9.05663274535458
      vertex -1.3096079250415489 1.5890480321008897 -8.90048879988267
      vertex -1.3626883862908232 1.5974774553360442 -8.918565756346363
    endloop
  endfacet
  facet normal 0.26157825285019465 -0.3117368225787377 -0.9134533217873546
    outer loop
      vertex -1.4843852483480027 1.8999264775738711 -9.05663274535458
      vertex -1.268469663830377 1.6235671319104585 -8.90048879988267
      vertex -1.3096079250415489 1.5890480321008897 -8.90048879988267
    endloop
  endfacet
  facet normal 0.21996462806921482 -0.2621436357451372 -0.9396256045025023
    outer loop
      vertex -1.234097239151058 1.5795724345639774 -8.880168315388799
      vertex -1.3096079250415489 1.5890480321008897 -8.90048879988267
      vertex -1.268469663830377 1.6235671319104585 -8.90048879988267
    endloop
  endfacet
  facet normal 0.20114258964659254 -0.2768490238263098 -0.9396256045024964
    outer loop
      vertex -1.234097239151058 1.5795724345639774 -8.880168315388799
      vertex -1.152125417473412 1.7080961747775265 -8.90048879988267
      vertex -1.0511557298314766 1.5584024568766703 -8.834769151731335
    endloop
  endfacet
  facet normal 0.20114258964657736 -0.27684902382630105 -0.9396256045025023
    outer loop
      vertex -1.234097239151058 1.5795724345639774 -8.880168315388799
      vertex -1.268469663830377 1.6235671319104585 -8.90048879988267
      vertex -1.152125417473412 1.7080961747775265 -8.90048879988267
    endloop
  endfacet
  facet normal 0.26157825285019615 -0.3117368225787382 -0.913453321787354
    outer loop
      vertex -1.6133015319366188 1.7917528715619178 -9.05663274535458
      vertex -1.4843852483480027 1.8999264775738711 -9.05663274535458
      vertex -1.3626883862908232 1.5974774553360442 -8.918565756346363
    endloop
  endfacet
  facet normal 0.23919539989383917 -0.32922422387375166 -0.9134533217873545
    outer loop
      vertex -1.4843852483480027 1.8999264775738711 -9.05663274535458
      vertex -1.3482371890393186 1.9988438327670266 -9.05663274535458
      vertex -1.268469663830377 1.6235671319104585 -8.90048879988267
    endloop
  endfacet
  facet normal 0.23919539989383873 -0.3292242238737517 -0.9134533217873546
    outer loop
      vertex -1.268469663830377 1.6235671319104585 -8.90048879988267
      vertex -1.3482371890393186 1.9988438327670266 -9.05663274535458
      vertex -1.152125417473412 1.7080961747775265 -8.90048879988267
    endloop
  endfacet
  facet normal 0.21564721099303608 -0.3451076778435574 -0.9134533217873546
    outer loop
      vertex -1.152125417473412 1.7080961747775265 -8.90048879988267
      vertex -1.205520653669963 2.08802302173002 -9.05663274535458
      vertex -1.030168131893758 1.7843035447783053 -8.90048879988267
    endloop
  endfacet
  facet normal 0.2156472109930361 -0.3451076778435574 -0.9134533217873545
    outer loop
      vertex -1.3482371890393186 1.9988438327670266 -9.05663274535458
      vertex -1.205520653669963 2.08802302173002 -9.05663274535458
      vertex -1.152125417473412 1.7080961747775265 -8.90048879988267
    endloop
  endfacet
  facet normal 0.18134060474597122 -0.29020563129216403 -0.9396256045024964
    outer loop
      vertex -1.0511557298314766 1.5584024568766703 -8.834769151731335
      vertex -1.152125417473412 1.7080961747775265 -8.90048879988267
      vertex -1.030168131893758 1.7843035447783053 -8.90048879988267
    endloop
  endfacet
  facet normal 0.18134060474596655 -0.29020563129216387 -0.9396256045024974
    outer loop
      vertex -1.0511557298314766 1.5584024568766703 -8.834769151731335
      vertex -1.030168131893758 1.7843035447783053 -8.90048879988267
      vertex -0.889959465827246 1.5414550114896481 -8.798425237813909
    endloop
  endfacet
  facet normal 0.16065514664732952 -0.30214838609372263 -0.9396256045024974
    outer loop
      vertex -0.889959465827246 1.5414550114896481 -8.798425237813909
      vertex -1.030168131893758 1.7843035447783053 -8.90048879988267
      vertex -0.7451955485605752 1.5278772959415385 -8.769307732856277
    endloop
  endfacet
  facet normal 0.16065514664732763 -0.3021483860937245 -0.9396256045024971
    outer loop
      vertex -0.7451955485605752 1.5278772959415385 -8.769307732856277
      vertex -1.030168131893758 1.7843035447783053 -8.90048879988267
      vertex -0.9031919707276567 1.8518179672664896 -8.90048879988267
    endloop
  endfacet
  facet normal 0.1391869928230274 -0.3126191043301797 -0.9396256045024948
    outer loop
      vertex -0.7451955485605752 1.5278772959415385 -8.769307732856277
      vertex -0.9031919707276567 1.8518179672664896 -8.90048879988267
      vertex -0.7445192739085743 1.5278220046862445 -8.769189160376655
    endloop
  endfacet
  facet normal 0.19104841055705854 -0.35930980189701067 -0.9134533217873546
    outer loop
      vertex -1.030168131893758 1.7843035447783053 -8.90048879988267
      vertex -1.05693094285444 2.167029572418486 -9.05663274535458
      vertex -0.9031919707276567 1.8518179672664896 -8.90048879988267
    endloop
  endfacet
  facet normal 0.13918699282321714 -0.31261910433008777 -0.9396256045024972
    outer loop
      vertex -0.7445192739085743 1.5278220046862445 -8.769189160376655
      vertex -0.9031919707276567 1.8518179672664896 -8.90048879988267
      vertex -0.7718155490687093 1.9103105187622427 -8.90048879988267
    endloop
  endfacet
  facet normal 0.16551884146896523 -0.37176140471331787 -0.9134533217873545
    outer loop
      vertex -0.9031919707276567 1.8518179672664896 -8.90048879988267
      vertex -0.9031919707276566 2.235478572859179 -9.05663274535458
      vertex -0.7718155490687093 1.9103105187622427 -8.90048879988267
    endloop
  endfacet
  facet normal 0.1121749535631611 -0.25194907081385903 -0.961217168754874
    outer loop
      vertex -0.7445192739085743 1.5278220046862445 -8.769189160376655
      vertex -0.636678919637327 1.5758356238416384 -8.769189160376655
      vertex -0.6140111861275477 1.5197310146348397 -8.751837976217644
    endloop
  endfacet
  facet normal 0.09432662227109172 -0.2591602647432494 -0.9612171687548738
    outer loop
      vertex -0.6140111861275477 1.5197310146348397 -8.751837976217644
      vertex -0.636678919637327 1.5758356238416384 -8.769189160376655
      vertex -0.5252032654688945 1.616409443804301 -8.769189160376655
    endloop
  endfacet
  facet normal 0.1391869928232163 -0.3126191043300878 -0.9396256045024973
    outer loop
      vertex -0.7445192739085743 1.5278220046862445 -8.769189160376655
      vertex -0.7718155490687093 1.9103105187622427 -8.90048879988267
      vertex -0.636678919637327 1.5758356238416384 -8.769189160376655
    endloop
  endfacet
  facet normal 0.1170407339611 -0.3215667737145173 -0.9396256045024972
    outer loop
      vertex -0.636678919637327 1.5758356238416384 -8.769189160376655
      vertex -0.636678919637327 1.9594962294343277 -8.90048879988267
      vertex -0.5252032654688945 1.616409443804301 -8.769189160376655
    endloop
  endfacet
  facet normal 0.09432662227109197 -0.25916026474324966 -0.9612171687548737
    outer loop
      vertex -0.6140111861275477 1.5197310146348397 -8.751837976217644
      vertex -0.5252032654688945 1.616409443804301 -8.769189160376655
      vertex -0.49171064490894173 1.513329756890077 -8.738110434684035
    endloop
  endfacet
  facet normal 0.07601874115700215 -0.2651088559135079 -0.9612171687548738
    outer loop
      vertex -0.49171064490894173 1.513329756890077 -8.738110434684035
      vertex -0.5252032654688945 1.616409443804301 -8.769189160376655
      vertex -0.376095527900238 1.5084367724903727 -8.727617395776923
    endloop
  endfacet
  facet normal 0.07601874115699692 -0.2651088559135145 -0.9612171687548725
    outer loop
      vertex -0.376095527900238 1.5084367724903727 -8.727617395776923
      vertex -0.5252032654688945 1.616409443804301 -8.769189160376655
      vertex -0.41116887378434525 1.6491082794376581 -8.769189160376655
    endloop
  endfacet
  facet normal 0.11704073396109935 -0.32156677371451736 -0.9396256045024973
    outer loop
      vertex -0.636678919637327 1.5758356238416384 -8.769189160376655
      vertex -0.7718155490687093 1.9103105187622427 -8.90048879988267
      vertex -0.636678919637327 1.9594962294343277 -8.90048879988267
    endloop
  endfacet
  facet normal 0.09432426440801739 -0.32894780210118885 -0.9396256045024973
    outer loop
      vertex -0.5252032654688945 1.616409443804301 -8.769189160376655
      vertex -0.49844045450821295 1.9991354714444811 -8.90048879988267
      vertex -0.41116887378434525 1.6491082794376581 -8.769189160376655
    endloop
  endfacet
  facet normal 0.09432426440801771 -0.3289478021011889 -0.9396256045024972
    outer loop
      vertex -0.636678919637327 1.9594962294343277 -8.90048879988267
      vertex -0.49844045450821295 1.9991354714444811 -8.90048879988267
      vertex -0.5252032654688945 1.616409443804301 -8.769189160376655
    endloop
  endfacet
  facet normal 0.07114825652018059 -0.33472622986174105 -0.9396256045024972
    outer loop
      vertex -0.41116887378434525 1.6491082794376581 -8.769189160376655
      vertex -0.49844045450821295 1.9991354714444811 -8.90048879988267
      vertex -0.35777363758779407 2.0290351263901516 -8.90048879988267
    endloop
  endfacet
  facet normal 0.05734050437736297 -0.26976586338641273 -0.9612171687548724
    outer loop
      vertex -0.376095527900238 1.5084367724903727 -8.727617395776923
      vertex -0.41116887378434525 1.6491082794376581 -8.769189160376655
      vertex -0.2653531302358359 1.5048923832851466 -8.720016428597336
    endloop
  endfacet
  facet normal 0.05734050437736109 -0.2697658633864145 -0.9612171687548721
    outer loop
      vertex -0.2653531302358359 1.5048923832851466 -8.720016428597336
      vertex -0.41116887378434525 1.6491082794376581 -8.769189160376655
      vertex -0.2951313086772692 1.6737728253013795 -8.769189160376655
    endloop
  endfacet
  facet normal 0.03838291042424275 -0.27310859868966486 -0.961217168754872
    outer loop
      vertex -0.2653531302358359 1.5048923832851466 -8.720016428597336
      vertex -0.2951313086772692 1.6737728253013795 -8.769189160376655
      vertex -0.15792821468755916 1.5025865921421457 -8.715071643533921
    endloop
  endfacet
  facet normal 0.03838291042424535 -0.27310859868966303 -0.9612171687548726
    outer loop
      vertex -0.15792821468755916 1.5025865921421457 -8.715071643533921
      vertex -0.2951313086772692 1.6737728253013795 -8.769189160376655
      vertex -0.17765589350081304 1.6902829182072885 -8.769189160376655
    endloop
  endfacet
  facet normal 0.019238318789771138 -0.27512077635287807 -0.9612171687548724
    outer loop
      vertex -0.15792821468755916 1.5025865921421457 -8.715071643533921
      vertex -0.17765589350081304 1.6902829182072885 -8.769189160376655
      vertex -0.05243180158297885 1.5014503502097578 -8.712634964846544
    endloop
  endfacet
  facet normal 0 -0.275792593248739 -0.961217168754874
    outer loop
      vertex -0.05243180158297885 1.5014503502097578 -8.712634964846544
      vertex -0.05931495666912881 1.6985581226423367 -8.769189160376655
      vertex 0.05243180158297885 1.5014503502097578 -8.712634964846544
    endloop
  endfacet
  facet normal 0.019238318789780412 -0.27512077635287235 -0.9612171687548738
    outer loop
      vertex -0.05243180158297885 1.5014503502097578 -8.712634964846544
      vertex -0.17765589350081304 1.6902829182072885 -8.769189160376655
      vertex -0.05931495666912881 1.6985581226423367 -8.769189160376655
    endloop
  endfacet
  facet normal 0.071148256520181 -0.3347262298617411 -0.9396256045024973
    outer loop
      vertex -0.41116887378434525 1.6491082794376581 -8.769189160376655
      vertex -0.35777363758779407 2.0290351263901516 -8.90048879988267
      vertex -0.2951313086772692 1.6737728253013795 -8.769189160376655
    endloop
  endfacet
  facet normal 0.04762562147837587 -0.3388739050769697 -0.9396256045024972
    outer loop
      vertex -0.2951313086772692 1.6737728253013795 -8.769189160376655
      vertex -0.21536378346832777 2.049049526157947 -8.90048879988267
      vertex -0.17765589350081304 1.6902829182072885 -8.769189160376655
    endloop
  endfacet
  facet normal 0.047625621478376054 -0.33887390507696974 -0.9396256045024973
    outer loop
      vertex -0.2951313086772692 1.6737728253013795 -8.769189160376655
      vertex -0.35777363758779407 2.0290351263901516 -8.90048879988267
      vertex -0.21536378346832777 2.049049526157947 -8.90048879988267
    endloop
  endfacet
  facet normal 0.02387095919604013 -0.341370620690149 -0.9396256045024973
    outer loop
      vertex -0.17765589350081304 1.6902829182072885 -8.769189160376655
      vertex -0.07190469864409559 2.0590811626040395 -8.90048879988267
      vertex -0.05931495666912881 1.6985581226423367 -8.769189160376655
    endloop
  endfacet
  facet normal 0.02387095919603998 -0.341370620690149 -0.9396256045024973
    outer loop
      vertex -0.17765589350081304 1.6902829182072885 -8.769189160376655
      vertex -0.21536378346832777 2.049049526157947 -8.90048879988267
      vertex -0.07190469864409559 2.0590811626040395 -8.90048879988267
    endloop
  endfacet
  facet normal -1.193547548832511e-17 -0.3422042129537809 -0.9396256045024973
    outer loop
      vertex -0.05931495666912881 1.6985581226423367 -8.769189160376655
      vertex -0.07190469864409559 2.0590811626040395 -8.90048879988267
      vertex 0.07190469864409559 2.0590811626040395 -8.90048879988267
    endloop
  endfacet
  facet normal 0.5475708439409488 -0.42780922986521663 -0.7191282456613196
    outer loop
      vertex -2.9773591760040126 2.1631780625139134 -9.912703459874333
      vertex -3.030754412200564 2.543104909466407 -10.179378962475514
      vertex -2.819210804971196 2.365598746662333 -9.912703459874333
    endloop
  endfacet
  facet normal 0.516394525575336 -0.4649637192812965 -0.7191282456613197
    outer loop
      vertex -2.819210804971196 2.365598746662333 -9.912703459874333
      vertex -3.030754412200564 2.543104909466407 -10.179378962475514
      vertex -2.845973615931878 2.7483247743025134 -10.179378962475514
    endloop
  endfacet
  facet normal 0.552414876629347 -0.49739658904735584 -0.6689054023422438
    outer loop
      vertex -3.030754412200564 2.926765515059096 -10.464668146724033
      vertex -2.845973615931878 2.7483247743025134 -10.179378962475514
      vertex -3.030754412200564 2.543104909466407 -10.179378962475514
    endloop
  endfacet
  facet normal 0.5163945255753363 -0.46496371928129643 -0.7191282456613196
    outer loop
      vertex -2.819210804971196 2.365598746662333 -9.912703459874333
      vertex -2.845973615931878 2.7483247743025134 -10.179378962475514
      vertex -2.647327522282639 2.5564944715061686 -9.912703459874333
    endloop
  endfacet
  facet normal 0.4827023849889156 -0.4998529521950286 -0.7191282456613196
    outer loop
      vertex -2.845973615931878 2.7483247743025134 -10.179378962475514
      vertex -2.647327522282639 2.940155077098858 -10.179378962475514
      vertex -2.647327522282639 2.5564944715061686 -9.912703459874333
    endloop
  endfacet
  facet normal 0.5163725896498531 -0.5347194697929609 -0.6689054023422438
    outer loop
      vertex -3.030754412200564 2.926765515059096 -10.464668146724033
      vertex -2.819210804971196 3.1310508019426933 -10.464668146724033
      vertex -2.845973615931878 2.7483247743025134 -10.179378962475514
    endloop
  endfacet
  facet normal 0.5163725896498523 -0.5347194697929611 -0.6689054023422443
    outer loop
      vertex -2.819210804971196 3.1310508019426933 -10.464668146724033
      vertex -2.647327522282639 2.940155077098858 -10.179378962475514
      vertex -2.845973615931878 2.7483247743025134 -10.179378962475514
    endloop
  endfacet
  facet normal 0.4827023849889167 -0.4998529521950283 -0.7191282456613192
    outer loop
      vertex -2.647327522282639 2.5564944715061686 -9.912703459874333
      vertex -2.647327522282639 2.940155077098858 -10.179378962475514
      vertex -2.462546726013953 2.734935212262752 -9.912703459874333
    endloop
  endfacet
  facet normal 0.44665856690390404 -0.5323069517707094 -0.7191282456613192
    outer loop
      vertex -2.462546726013953 2.734935212262752 -9.912703459874333
      vertex -2.647327522282639 2.940155077098858 -10.179378962475514
      vertex -2.4357839150532716 3.1176612399029313 -10.179378962475514
    endloop
  endfacet
  facet normal 0.4466585669039032 -0.5323069517707095 -0.7191282456613193
    outer loop
      vertex -2.462546726013953 2.734935212262752 -9.912703459874333
      vertex -2.4357839150532716 3.1176612399029313 -10.179378962475514
      vertex -2.2657686496304583 2.9000516235799165 -9.912703459874333
    endloop
  endfacet
  facet normal 0.5067046613690118 -0.39588106881156293 -0.7658515296736892
    outer loop
      vertex -2.9773591760040126 2.1631780625139134 -9.912703459874333
      vertex -2.819210804971196 2.365598746662333 -9.912703459874333
      vertex -2.7394432797622548 1.9903220458057655 -9.66594085516303
    endloop
  endfacet
  facet normal 0.5067046613690114 -0.39588106881156315 -0.7658515296736895
    outer loop
      vertex -2.7394432797622548 1.9903220458057655 -9.66594085516303
      vertex -2.819210804971196 2.365598746662333 -9.912703459874333
      vertex -2.593932286086088 2.176567624553675 -9.66594085516303
    endloop
  endfacet
  facet normal 0.4778550868984544 -0.4302626528316635 -0.7658515296736894
    outer loop
      vertex -2.819210804971196 2.365598746662333 -9.912703459874333
      vertex -2.647327522282639 2.5564944715061686 -9.912703459874333
      vertex -2.593932286086088 2.176567624553675 -9.66594085516303
    endloop
  endfacet
  facet normal 0.43698377970999874 -0.3934619625434381 -0.8088466234718604
    outer loop
      vertex -2.593932286086088 2.176567624553675 -9.66594085516303
      vertex -2.4357839150532716 2.3522091846225717 -9.66594085516303
      vertex -2.35601638984433 1.9769324837660038 -9.440293350947272
    endloop
  endfacet
  facet normal 0.43698377970999874 -0.39346196254343824 -0.8088466234718604
    outer loop
      vertex -2.35601638984433 1.9769324837660038 -9.440293350947272
      vertex -2.4357839150532716 2.3522091846225717 -9.66594085516303
      vertex -2.2123734134339075 2.136464171034734 -9.440293350947272
    endloop
  endfacet
  facet normal 0.4778550868984549 -0.4302626528316634 -0.7658515296736894
    outer loop
      vertex -2.593932286086088 2.176567624553675 -9.66594085516303
      vertex -2.647327522282639 2.5564944715061686 -9.912703459874333
      vertex -2.4357839150532716 2.3522091846225717 -9.66594085516303
    endloop
  endfacet
  facet normal 0.40847279012587917 -0.42298595653396115 -0.8088466234718603
    outer loop
      vertex -2.4357839150532716 2.3522091846225717 -9.66594085516303
      vertex -2.2657686496304583 2.5163910179872278 -9.66594085516303
      vertex -2.2123734134339075 2.136464171034734 -9.440293350947272
    endloop
  endfacet
  facet normal 0.446677450478353 -0.4625480404570195 -0.7658515296736893
    outer loop
      vertex -2.647327522282639 2.5564944715061686 -9.912703459874333
      vertex -2.462546726013953 2.734935212262752 -9.912703459874333
      vertex -2.4357839150532716 2.3522091846225717 -9.66594085516303
    endloop
  endfacet
  facet normal 0.44667745047835233 -0.46254804045701986 -0.7658515296736896
    outer loop
      vertex -2.462546726013953 2.734935212262752 -9.912703459874333
      vertex -2.2657686496304583 2.5163910179872278 -9.66594085516303
      vertex -2.4357839150532716 2.3522091846225717 -9.66594085516303
    endloop
  endfacet
  facet normal 0.4133236464193798 -0.4925799405244363 -0.7658515296736896
    outer loop
      vertex -2.462546726013953 2.734935212262752 -9.912703459874333
      vertex -2.2657686496304583 2.9000516235799165 -9.912703459874333
      vertex -2.2657686496304583 2.5163910179872278 -9.66594085516303
    endloop
  endfacet
  facet normal 0.36827418278108426 -0.3813590800562616 -0.8479029297953665
    outer loop
      vertex -2.2123734134339075 2.136464171034734 -9.440293350947272
      vertex -2.0579519761402323 2.2855872196188107 -9.440293350947272
      vertex -1.9781844509312907 1.9103105187622424 -9.236860279185588
    endloop
  endfacet
  facet normal 0.3682741827810841 -0.38135908005626173 -0.8479029297953666
    outer loop
      vertex -2.0579519761402323 2.2855872196188107 -9.440293350947272
      vertex -1.8401091674868602 2.043648270062834 -9.236860279185588
      vertex -1.9781844509312907 1.9103105187622424 -9.236860279185588
    endloop
  endfacet
  facet normal 0.4084727901258793 -0.4229859565339611 -0.8088466234718602
    outer loop
      vertex -2.2123734134339075 2.136464171034734 -9.440293350947272
      vertex -2.2657686496304583 2.5163910179872278 -9.66594085516303
      vertex -2.0579519761402323 2.2855872196188107 -9.440293350947272
    endloop
  endfacet
  facet normal 0.37797176216780753 -0.45044920546265027 -0.8088466234718602
    outer loop
      vertex -2.0579519761402323 2.2855872196188107 -9.440293350947272
      vertex -2.2657686496304583 2.5163910179872278 -9.66594085516303
      vertex -2.0847147871009137 2.66831324725899 -9.66594085516303
    endloop
  endfacet
  facet normal 0.37797176216780753 -0.4504492054626504 -0.8088466234718603
    outer loop
      vertex -2.0579519761402323 2.2855872196188107 -9.440293350947272
      vertex -2.0847147871009137 2.66831324725899 -9.66594085516303
      vertex -1.8935044036834114 2.4235751170153277 -9.440293350947272
    endloop
  endfacet
  facet normal 0.3407748207261961 -0.4061196168660933 -0.8479029297953665
    outer loop
      vertex -2.0579519761402323 2.2855872196188107 -9.440293350947272
      vertex -1.8935044036834114 2.4235751170153277 -9.440293350947272
      vertex -1.8401091674868602 2.043648270062834 -9.236860279185588
    endloop
  endfacet
  facet normal 0.3019138756741733 -0.3598069459887376 -0.8828289603845455
    outer loop
      vertex -1.8401091674868602 2.043648270062834 -9.236860279185588
      vertex -1.6930690571455602 2.1670295724184854 -9.236860279185588
      vertex -1.6133015319366188 1.7917528715619178 -9.05663274535458
    endloop
  endfacet
  facet normal 0.3407748207261971 -0.4061196168660931 -0.8479029297953663
    outer loop
      vertex -1.8935044036834114 2.4235751170153277 -9.440293350947272
      vertex -1.6930690571455602 2.1670295724184854 -9.236860279185588
      vertex -1.8401091674868602 2.043648270062834 -9.236860279185588
    endloop
  endfacet
  facet normal 0.2760795648663521 -0.3799909216935953 -0.8828289603845455
    outer loop
      vertex -1.6930690571455602 2.1670295724184854 -9.236860279185588
      vertex -1.537780484544554 2.2798533245263646 -9.236860279185588
      vertex -1.4843852483480027 1.8999264775738711 -9.05663274535458
    endloop
  endfacet
  facet normal 0.31161523799929763 -0.4289015797255533 -0.8479029297953664
    outer loop
      vertex -1.8935044036834114 2.4235751170153277 -9.440293350947272
      vertex -1.7198318681062423 2.5497556000586656 -9.440293350947272
      vertex -1.6930690571455602 2.1670295724184854 -9.236860279185588
    endloop
  endfacet
  facet normal 0.3116152379992967 -0.42890157972555343 -0.8479029297953666
    outer loop
      vertex -1.7198318681062423 2.5497556000586656 -9.440293350947272
      vertex -1.537780484544554 2.2798533245263646 -9.236860279185588
      vertex -1.6930690571455602 2.1670295724184854 -9.236860279185588
    endloop
  endfacet
  facet normal 0.2809374971563171 -0.4495939772016279 -0.8479029297953666
    outer loop
      vertex -1.7198318681062423 2.5497556000586656 -9.440293350947272
      vertex -1.537780484544554 2.663513930119054 -9.440293350947272
      vertex -1.537780484544554 2.2798533245263646 -9.236860279185588
    endloop
  endfacet
  facet normal 0.41332364641937985 -0.4925799405244364 -0.7658515296736895
    outer loop
      vertex -2.2657686496304583 2.5163910179872278 -9.66594085516303
      vertex -2.2657686496304583 2.9000516235799165 -9.912703459874333
      vertex -2.0847147871009137 2.66831324725899 -9.66594085516303
    endloop
  endfacet
  facet normal 0.3456292937780449 -0.47571791114131967 -0.8088466234718603
    outer loop
      vertex -2.0847147871009137 2.66831324725899 -9.66594085516303
      vertex -1.8935044036834114 2.807235722608017 -9.66594085516303
      vertex -1.8935044036834114 2.4235751170153277 -9.440293350947272
    endloop
  endfacet
  facet normal 0.3779561711022017 -0.5202120406355787 -0.7658515296736895
    outer loop
      vertex -2.0847147871009137 2.66831324725899 -9.66594085516303
      vertex -2.2657686496304583 2.9000516235799165 -9.912703459874333
      vertex -2.0579519761402323 3.0510392748991704 -9.912703459874333
    endloop
  endfacet
  facet normal 0.3779561711022018 -0.5202120406355787 -0.7658515296736895
    outer loop
      vertex -2.0847147871009137 2.66831324725899 -9.66594085516303
      vertex -2.0579519761402323 3.0510392748991704 -9.912703459874333
      vertex -1.8935044036834114 2.807235722608017 -9.66594085516303
    endloop
  endfacet
  facet normal 0.34562929377804547 -0.4757179111413196 -0.8088466234718602
    outer loop
      vertex -1.8935044036834114 2.4235751170153277 -9.440293350947272
      vertex -1.8935044036834114 2.807235722608017 -9.66594085516303
      vertex -1.7198318681062423 2.5497556000586656 -9.440293350947272
    endloop
  endfacet
  facet normal 0.3116029542115281 -0.4986689669759079 -0.8088466234718603
    outer loop
      vertex -1.7198318681062423 2.5497556000586656 -9.440293350947272
      vertex -1.6930690571455602 2.932481627698845 -9.66594085516303
      vertex -1.537780484544554 2.663513930119054 -9.440293350947272
    endloop
  endfacet
  facet normal 0.3116029542115283 -0.49866896697590785 -0.8088466234718602
    outer loop
      vertex -1.7198318681062423 2.5497556000586656 -9.440293350947272
      vertex -1.8935044036834114 2.807235722608017 -9.66594085516303
      vertex -1.6930690571455602 2.932481627698845 -9.66594085516303
    endloop
  endfacet
  facet normal 0.34074733131143226 -0.5453097199762776 -0.76585152967369
    outer loop
      vertex -1.8935044036834114 2.807235722608017 -9.66594085516303
      vertex -1.8401091674868602 3.1871625695605106 -9.912703459874333
      vertex -1.6930690571455602 2.932481627698845 -9.66594085516303
    endloop
  endfacet
  facet normal 0.2760585163743154 -0.5191905577294166 -0.8088466234718602
    outer loop
      vertex -1.6930690571455602 2.932481627698845 -9.66594085516303
      vertex -1.4843852483480027 3.0434407770715475 -9.66594085516303
      vertex -1.537780484544554 2.663513930119054 -9.440293350947272
    endloop
  endfacet
  facet normal 0.5329965869365308 -0.6352005973220648 -0.5589587099918034
    outer loop
      vertex -2.977359176004013 3.3066923620115904 -10.767181112391398
      vertex -3.082438324009385 3.4233945788339453 -11
      vertex -2.8361257251206955 3.630075389715761 -11
    endloop
  endfacet
  facet normal 0.5475246657243596 -0.5669783889056224 -0.6154285067637126
    outer loop
      vertex -3.030754412200564 2.926765515059096 -10.464668146724033
      vertex -2.977359176004013 3.3066923620115904 -10.767181112391398
      vertex -2.819210804971196 3.1310508019426933 -10.464668146724033
    endloop
  endfacet
  facet normal 0.47781458731917553 -0.5694372510315482 -0.6689054023422443
    outer loop
      vertex -2.819210804971196 3.1310508019426933 -10.464668146724033
      vertex -2.593932286086088 3.320081924051351 -10.464668146724033
      vertex -2.647327522282639 2.940155077098858 -10.179378962475514
    endloop
  endfacet
  facet normal 0.5066405100579657 -0.6037906480153459 -0.6154285067637126
    outer loop
      vertex -2.819210804971196 3.1310508019426933 -10.464668146724033
      vertex -2.977359176004013 3.3066923620115904 -10.767181112391398
      vertex -2.7394432797622548 3.506327502799261 -10.767181112391398
    endloop
  endfacet
  facet normal 0.5329965869365307 -0.6352005973220649 -0.5589587099918036
    outer loop
      vertex -2.977359176004013 3.3066923620115904 -10.767181112391398
      vertex -2.8361257251206955 3.630075389715761 -11
      vertex -2.7394432797622548 3.506327502799261 -10.767181112391398
    endloop
  endfacet
  facet normal 0.5066405100579666 -0.6037906480153457 -0.6154285067637121
    outer loop
      vertex -2.819210804971196 3.1310508019426933 -10.464668146724033
      vertex -2.7394432797622548 3.506327502799261 -10.767181112391398
      vertex -2.593932286086088 3.320081924051351 -10.464668146724033
    endloop
  endfacet
  facet normal 0.47781458731917575 -0.5694372510315481 -0.668905402342244
    outer loop
      vertex -2.647327522282639 2.940155077098858 -10.179378962475514
      vertex -2.593932286086088 3.320081924051351 -10.464668146724033
      vertex -2.4357839150532716 3.1176612399029313 -10.179378962475514
    endloop
  endfacet
  facet normal 0.40843867317889954 -0.5621676053846693 -0.7191282456613194
    outer loop
      vertex -2.4357839150532716 3.1176612399029313 -10.179378962475514
      vertex -2.2123734134339075 3.2799784705324107 -10.179378962475514
      vertex -2.2657686496304583 2.9000516235799165 -9.912703459874333
    endloop
  endfacet
  facet normal 0.4369287203488358 -0.6013807912227405 -0.6689054023422442
    outer loop
      vertex -2.4357839150532716 3.1176612399029313 -10.179378962475514
      vertex -2.593932286086088 3.320081924051351 -10.464668146724033
      vertex -2.35601638984433 3.4929379407594996 -10.464668146724033
    endloop
  endfacet
  facet normal 0.43692872034883595 -0.6013807912227404 -0.6689054023422439
    outer loop
      vertex -2.4357839150532716 3.1176612399029313 -10.179378962475514
      vertex -2.35601638984433 3.4929379407594996 -10.464668146724033
      vertex -2.2123734134339075 3.2799784705324107 -10.179378962475514
    endloop
  endfacet
  facet normal 0.4873888802497215 -0.6708332430144031 -0.5589587099918039
    outer loop
      vertex -2.488181091229371 3.6888801684481027 -10.767181112391398
      vertex -2.8361257251206955 3.630075389715761 -11
      vertex -2.5759958067855795 3.8190708381927854 -11
    endloop
  endfacet
  facet normal 0.43940666393048883 -0.7031976565787023 -0.5589587099918025
    outer loop
      vertex -2.2247967345311057 3.8534609807212026 -10.767181112391398
      vertex -2.5759958067855795 3.8190708381927854 -11
      vertex -2.303315895817996 3.9894601574377915 -11
    endloop
  endfacet
  facet normal 0.48738888024972127 -0.6708332430144034 -0.5589587099918035
    outer loop
      vertex -2.7394432797622548 3.506327502799261 -10.767181112391398
      vertex -2.8361257251206955 3.630075389715761 -11
      vertex -2.488181091229371 3.6888801684481027 -10.767181112391398
    endloop
  endfacet
  facet normal 0.4632880527538993 -0.6376612997807596 -0.6154285067637121
    outer loop
      vertex -2.7394432797622548 3.506327502799261 -10.767181112391398
      vertex -2.488181091229371 3.6888801684481027 -10.767181112391398
      vertex -2.593932286086088 3.320081924051351 -10.464668146724033
    endloop
  endfacet
  facet normal 0.4632880527538992 -0.6376612997807596 -0.6154285067637122
    outer loop
      vertex -2.593932286086088 3.320081924051351 -10.464668146724033
      vertex -2.488181091229371 3.6888801684481027 -10.767181112391398
      vertex -2.35601638984433 3.4929379407594996 -10.464668146724033
    endloop
  endfacet
  facet normal 0.4176785026263634 -0.6684253297911341 -0.6154285067637121
    outer loop
      vertex -2.488181091229371 3.6888801684481027 -10.767181112391398
      vertex -2.2247967345311057 3.8534609807212026 -10.767181112391398
      vertex -2.35601638984433 3.4929379407594996 -10.464668146724033
    endloop
  endfacet
  facet normal 0.4394066639304895 -0.7031976565787008 -0.5589587099918037
    outer loop
      vertex -2.488181091229371 3.6888801684481027 -10.767181112391398
      vertex -2.5759958067855795 3.8190708381927854 -11
      vertex -2.2247967345311057 3.8534609807212026 -10.767181112391398
    endloop
  endfacet
  facet normal 0.40843867317889876 -0.5621676053846694 -0.7191282456613198
    outer loop
      vertex -2.2657686496304583 2.9000516235799165 -9.912703459874333
      vertex -2.2123734134339075 3.2799784705324107 -10.179378962475514
      vertex -2.0579519761402323 3.0510392748991704 -9.912703459874333
    endloop
  endfacet
  facet normal 0.36822890729427704 -0.5892894349340877 -0.7191282456613189
    outer loop
      vertex -2.0579519761402323 3.0510392748991704 -9.912703459874333
      vertex -1.9781844509312907 3.4263159757557378 -10.179378962475514
      vertex -1.8401091674868602 3.1871625695605106 -9.912703459874333
    endloop
  endfacet
  facet normal 0.36822890729427527 -0.5892894349340879 -0.7191282456613197
    outer loop
      vertex -2.0579519761402323 3.0510392748991704 -9.912703459874333
      vertex -2.2123734134339075 3.2799784705324107 -10.179378962475514
      vertex -1.9781844509312907 3.4263159757557378 -10.179378962475514
    endloop
  endfacet
  facet normal 0.3939141805728733 -0.6303944646496846 -0.668905402342244
    outer loop
      vertex -2.35601638984433 3.4929379407594996 -10.464668146724033
      vertex -2.1066222185771895 3.6487767149291606 -10.464668146724033
      vertex -2.2123734134339075 3.2799784705324107 -10.179378962475514
    endloop
  endfacet
  facet normal 0.39391418057287353 -0.6303944646496845 -0.6689054023422439
    outer loop
      vertex -2.1066222185771895 3.6487767149291606 -10.464668146724033
      vertex -1.9781844509312907 3.4263159757557378 -10.179378962475514
      vertex -2.2123734134339075 3.2799784705324107 -10.179378962475514
    endloop
  endfacet
  facet normal 0.32622516718755856 -0.613540305591672 -0.7191282456613196
    outer loop
      vertex -1.7343579726301428 3.555960813957262 -10.179378962475514
      vertex -1.613301531936619 3.3077583285554133 -9.912703459874333
      vertex -1.8401091674868602 3.1871625695605106 -9.912703459874333
    endloop
  endfacet
  facet normal 0.32622516718756 -0.613540305591672 -0.7191282456613189
    outer loop
      vertex -1.9781844509312907 3.4263159757557378 -10.179378962475514
      vertex -1.7343579726301428 3.555960813957262 -10.179378962475514
      vertex -1.8401091674868602 3.1871625695605106 -9.912703459874333
    endloop
  endfacet
  facet normal 0.4176785026263619 -0.6684253297911342 -0.615428506763713
    outer loop
      vertex -2.35601638984433 3.4929379407594996 -10.464668146724033
      vertex -2.2247967345311057 3.8534609807212026 -10.767181112391398
      vertex -2.1066222185771895 3.6487767149291606 -10.464668146724033
    endloop
  endfacet
  facet normal 0.3489805305052809 -0.6563369196118816 -0.6689054023422438
    outer loop
      vertex -2.1066222185771895 3.6487767149291606 -10.464668146724033
      vertex -1.8469647956180664 3.7868390157174407 -10.464668146724033
      vertex -1.9781844509312907 3.4263159757557378 -10.179378962475514
    endloop
  endfacet
  facet normal 0.3700340648189315 -0.6959328587846426 -0.615428506763713
    outer loop
      vertex -2.1066222185771895 3.6487767149291606 -10.464668146724033
      vertex -2.2247967345311057 3.8534609807212026 -10.767181112391398
      vertex -1.950573391777991 3.9992681184447725 -10.767181112391398
    endloop
  endfacet
  facet normal 0.389283702513596 -0.7321361618453265 -0.5589587099918025
    outer loop
      vertex -2.2247967345311057 3.8534609807212026 -10.767181112391398
      vertex -2.303315895817996 3.9894601574377915 -11
      vertex -1.950573391777991 3.9992681184447725 -10.767181112391398
    endloop
  endfacet
  facet normal 0.3700340648189322 -0.6959328587846426 -0.6154285067637125
    outer loop
      vertex -2.1066222185771895 3.6487767149291606 -10.464668146724033
      vertex -1.950573391777991 3.9992681184447725 -10.767181112391398
      vertex -1.8469647956180664 3.7868390157174407 -10.464668146724033
    endloop
  endfacet
  facet normal 0.3489805305052815 -0.6563369196118817 -0.6689054023422436
    outer loop
      vertex -1.8469647956180664 3.7868390157174407 -10.464668146724033
      vertex -1.7343579726301428 3.555960813957262 -10.179378962475514
      vertex -1.9781844509312907 3.4263159757557378 -10.179378962475514
    endloop
  endfacet
  facet normal 0.30234668237246265 -0.6790817670764886 -0.6689054023422436
    outer loop
      vertex -1.8469647956180664 3.7868390157174407 -10.464668146724033
      vertex -1.5783091458309435 3.906452217472872 -10.464668146724033
      vertex -1.7343579726301428 3.555960813957262 -10.179378962475514
    endloop
  endfacet
  facet normal 0.2826320908583402 -0.634802069553271 -0.7191282456613196
    outer loop
      vertex -1.7343579726301428 3.555960813957262 -10.179378962475514
      vertex -1.4820818766233943 3.6682813685171163 -10.179378962475514
      vertex -1.613301531936619 3.3077583285554133 -9.912703459874333
    endloop
  endfacet
  facet normal 0.302346682372462 -0.6790817670764886 -0.6689054023422439
    outer loop
      vertex -1.7343579726301428 3.555960813957262 -10.179378962475514
      vertex -1.5783091458309435 3.906452217472872 -10.464668146724033
      vertex -1.4820818766233943 3.6682813685171163 -10.179378962475514
    endloop
  endfacet
  facet normal 0.32058685824339356 -0.7200498728450809 -0.6154285067637126
    outer loop
      vertex -1.8469647956180664 3.7868390157174407 -10.464668146724033
      vertex -1.950573391777991 3.9992681184447725 -10.767181112391398
      vertex -1.6668470515310854 4.1255912239003045 -10.767181112391398
    endloop
  endfacet
  facet normal 0.32058685824339406 -0.7200498728450809 -0.6154285067637124
    outer loop
      vertex -1.8469647956180664 3.7868390157174407 -10.464668146724033
      vertex -1.6668470515310854 4.1255912239003045 -10.767181112391398
      vertex -1.5783091458309435 3.906452217472872 -10.464668146724033
    endloop
  endfacet
  facet normal 0.34074733131143314 -0.5453097199762774 -0.7658515296736895
    outer loop
      vertex -2.0579519761402323 3.0510392748991704 -9.912703459874333
      vertex -1.8401091674868602 3.1871625695605106 -9.912703459874333
      vertex -1.8935044036834114 2.807235722608017 -9.66594085516303
    endloop
  endfacet
  facet normal 0.3018784047743184 -0.567750705175592 -0.7658515296736899
    outer loop
      vertex -1.6930690571455602 2.932481627698845 -9.66594085516303
      vertex -1.8401091674868602 3.1871625695605106 -9.912703459874333
      vertex -1.613301531936619 3.3077583285554133 -9.912703459874333
    endloop
  endfacet
  facet normal 0.30187840477431904 -0.567750705175592 -0.7658515296736897
    outer loop
      vertex -1.6930690571455602 2.932481627698845 -9.66594085516303
      vertex -1.613301531936619 3.3077583285554133 -9.912703459874333
      vertex -1.4843852483480027 3.0434407770715475 -9.66594085516303
    endloop
  endfacet
  facet normal 0.27607956486635266 -0.37999092169359516 -0.8828289603845455
    outer loop
      vertex -1.4843852483480027 1.8999264775738711 -9.05663274535458
      vertex -1.537780484544554 2.2798533245263646 -9.236860279185588
      vertex -1.3482371890393186 1.9988438327670266 -9.05663274535458
    endloop
  endfacet
  facet normal 0.24890022216992258 -0.3983236198245163 -0.8828289603845455
    outer loop
      vertex -1.537780484544554 2.2798533245263646 -9.236860279185588
      vertex -1.375 2.381569860407206 -9.236860279185588
      vertex -1.3482371890393186 1.9988438327670266 -9.05663274535458
    endloop
  endfacet
  facet normal 0.24890022216992222 -0.39832361982451636 -0.8828289603845456
    outer loop
      vertex -1.3482371890393186 1.9988438327670266 -9.05663274535458
      vertex -1.375 2.381569860407206 -9.236860279185588
      vertex -1.205520653669963 2.08802302173002 -9.05663274535458
    endloop
  endfacet
  facet normal 0.22050826261044537 -0.41471572531900147 -0.8828289603845455
    outer loop
      vertex -1.205520653669963 2.08802302173002 -9.05663274535458
      vertex -1.205520653669963 2.4716836273227094 -9.236860279185588
      vertex -1.05693094285444 2.167029572418486 -9.05663274535458
    endloop
  endfacet
  facet normal 0.2809374971563177 -0.4495939772016278 -0.8479029297953664
    outer loop
      vertex -1.537780484544554 2.663513930119054 -9.440293350947272
      vertex -1.375 2.381569860407206 -9.236860279185588
      vertex -1.537780484544554 2.2798533245263646 -9.236860279185588
    endloop
  endfacet
  facet normal 0.22050826261044504 -0.4147157253190015 -0.8828289603845455
    outer loop
      vertex -1.205520653669963 2.08802302173002 -9.05663274535458
      vertex -1.375 2.381569860407206 -9.236860279185588
      vertex -1.205520653669963 2.4716836273227094 -9.236860279185588
    endloop
  endfacet
  facet normal 0.19104200896093998 -0.42908737748681286 -0.8828289603845455
    outer loop
      vertex -1.05693094285444 2.167029572418486 -9.05663274535458
      vertex -1.030168131893758 2.549755600058665 -9.236860279185588
      vertex -0.9031919707276566 2.235478572859179 -9.05663274535458
    endloop
  endfacet
  facet normal 0.19104200896094042 -0.4290873774868129 -0.8828289603845455
    outer loop
      vertex -1.05693094285444 2.167029572418486 -9.05663274535458
      vertex -1.205520653669963 2.4716836273227094 -9.236860279185588
      vertex -1.030168131893758 2.549755600058665 -9.236860279185588
    endloop
  endfacet
  facet normal 0.1606450178472554 -0.4413685590832196 -0.8828289603845454
    outer loop
      vertex -0.9031919707276566 2.235478572859179 -9.05663274535458
      vertex -1.030168131893758 2.549755600058665 -9.236860279185588
      vertex -0.8497967345311054 2.615405419811672 -9.236860279185588
    endloop
  endfacet
  facet normal 0.16064501784725593 -0.44136855908321965 -0.8828289603845454
    outer loop
      vertex -0.9031919707276566 2.235478572859179 -9.05663274535458
      vertex -0.8497967345311054 2.615405419811672 -9.236860279185588
      vertex -0.7450527381080277 2.2930365464024227 -9.05663274535458
    endloop
  endfacet
  facet normal 0.19104841055705904 -0.3593098018970106 -0.9134533217873545
    outer loop
      vertex -1.030168131893758 1.7843035447783053 -8.90048879988267
      vertex -1.205520653669963 2.08802302173002 -9.05663274535458
      vertex -1.05693094285444 2.167029572418486 -9.05663274535458
    endloop
  endfacet
  facet normal 0.16551884146896412 -0.371761404713318 -0.9134533217873547
    outer loop
      vertex -0.9031919707276567 1.8518179672664896 -8.90048879988267
      vertex -1.05693094285444 2.167029572418486 -9.05663274535458
      vertex -0.9031919707276566 2.235478572859179 -9.05663274535458
    endloop
  endfacet
  facet normal 0.13918288122313116 -0.3824018233351869 -0.9134533217873544
    outer loop
      vertex -0.9031919707276566 2.235478572859179 -9.05663274535458
      vertex -0.7450527381080277 2.2930365464024227 -9.05663274535458
      vertex -0.7718155490687093 1.9103105187622427 -8.90048879988267
    endloop
  endfacet
  facet normal 0.2488910570669336 -0.46809599801380314 -0.8479029297953665
    outer loop
      vertex -1.537780484544554 2.663513930119054 -9.440293350947272
      vertex -1.3482371890393186 2.764295888047387 -9.440293350947272
      vertex -1.375 2.381569860407206 -9.236860279185588
    endloop
  endfacet
  facet normal 0.2488910570669327 -0.4680959980138031 -0.8479029297953666
    outer loop
      vertex -1.3482371890393186 2.764295888047387 -9.440293350947272
      vertex -1.205520653669963 2.4716836273227094 -9.236860279185588
      vertex -1.375 2.381569860407206 -9.236860279185588
    endloop
  endfacet
  facet normal 0.2156320447659571 -0.48431750217650194 -0.8479029297953665
    outer loop
      vertex -1.1521254174734117 2.851610474275203 -9.440293350947272
      vertex -1.030168131893758 2.549755600058665 -9.236860279185588
      vertex -1.205520653669963 2.4716836273227094 -9.236860279185588
    endloop
  endfacet
  facet normal 0.21563204476595682 -0.48431750217650194 -0.8479029297953666
    outer loop
      vertex -1.3482371890393186 2.764295888047387 -9.440293350947272
      vertex -1.1521254174734117 2.851610474275203 -9.440293350947272
      vertex -1.205520653669963 2.4716836273227094 -9.236860279185588
    endloop
  endfacet
  facet normal 0.2760585163743161 -0.5191905577294165 -0.8088466234718601
    outer loop
      vertex -1.537780484544554 2.663513930119054 -9.440293350947272
      vertex -1.4843852483480027 3.0434407770715475 -9.66594085516303
      vertex -1.3482371890393186 2.764295888047387 -9.440293350947272
    endloop
  endfacet
  facet normal 0.2391691491946287 -0.5371827042745221 -0.80884662347186
    outer loop
      vertex -1.3482371890393186 2.764295888047387 -9.440293350947272
      vertex -1.4843852483480027 3.0434407770715475 -9.66594085516303
      vertex -1.2684696638303767 3.139572588903954 -9.66594085516303
    endloop
  endfacet
  facet normal 0.23916914919462826 -0.537182704274522 -0.8088466234718601
    outer loop
      vertex -1.3482371890393186 2.764295888047387 -9.440293350947272
      vertex -1.2684696638303767 3.139572588903954 -9.66594085516303
      vertex -1.1521254174734117 2.851610474275203 -9.440293350947272
    endloop
  endfacet
  facet normal 0.1813224948181408 -0.4981794601520206 -0.8479029297953667
    outer loop
      vertex -0.9504006066848166 2.9250323009152335 -9.440293350947272
      vertex -0.8497967345311054 2.615405419811672 -9.236860279185588
      vertex -1.030168131893758 2.549755600058665 -9.236860279185588
    endloop
  endfacet
  facet normal 0.12946538035459926 -0.4514994374259858 -0.8828289603845453
    outer loop
      vertex -0.8497967345311054 2.615405419811672 -9.236860279185588
      vertex -0.6652852128990863 2.66831324725899 -9.236860279185588
      vertex -0.7450527381080277 2.2930365464024227 -9.05663274535458
    endloop
  endfacet
  facet normal 0.20111457396126706 -0.5525577506818171 -0.80884662347186
    outer loop
      vertex -1.1521254174734117 2.851610474275203 -9.440293350947272
      vertex -1.046374222616694 3.2204087186719534 -9.66594085516303
      vertex -0.9504006066848166 2.9250323009152335 -9.440293350947272
    endloop
  endfacet
  facet normal 0.18132249481814142 -0.49817946015202064 -0.8479029297953665
    outer loop
      vertex -1.1521254174734117 2.851610474275203 -9.440293350947272
      vertex -0.9504006066848166 2.9250323009152335 -9.440293350947272
      vertex -1.030168131893758 2.549755600058665 -9.236860279185588
    endloop
  endfacet
  facet normal 0.14612955990204354 -0.5096143378745034 -0.8479029297953667
    outer loop
      vertex -0.9504006066848166 2.9250323009152335 -9.440293350947272
      vertex -0.744045539674388 2.9842036642084233 -9.440293350947272
      vertex -0.8497967345311054 2.615405419811672 -9.236860279185588
    endloop
  endfacet
  facet normal 0.1461295599020442 -0.5096143378745035 -0.8479029297953665
    outer loop
      vertex -0.744045539674388 2.9842036642084233 -9.440293350947272
      vertex -0.6652852128990863 2.66831324725899 -9.236860279185588
      vertex -0.8497967345311054 2.615405419811672 -9.236860279185588
    endloop
  endfacet
  facet normal 0.12946538035459856 -0.4514994374259857 -0.8828289603845455
    outer loop
      vertex -0.7450527381080277 2.2930365464024227 -9.05663274535458
      vertex -0.6652852128990863 2.66831324725899 -9.236860279185588
      vertex -0.583283683440776 2.3394230763868213 -9.05663274535458
    endloop
  endfacet
  facet normal 0.09765500054266946 -0.459430655894177 -0.8828289603845456
    outer loop
      vertex -0.583283683440776 2.3394230763868213 -9.05663274535458
      vertex -0.4775324885840584 2.708221320783572 -9.236860279185588
      vertex -0.4186729292992714 2.374412172301049 -9.05663274535458
    endloop
  endfacet
  facet normal 0.13918288122313038 -0.382401823335187 -0.9134533217873546
    outer loop
      vertex -0.7718155490687093 1.9103105187622427 -8.90048879988267
      vertex -0.7450527381080277 2.2930365464024227 -9.05663274535458
      vertex -0.636678919637327 1.9594962294343277 -8.90048879988267
    endloop
  endfacet
  facet normal 0.11216883597059225 -0.3911792187126639 -0.9134533217873545
    outer loop
      vertex -0.636678919637327 1.9594962294343277 -8.90048879988267
      vertex -0.583283683440776 2.3394230763868213 -9.05663274535458
      vertex -0.49844045450821295 1.9991354714444811 -8.90048879988267
    endloop
  endfacet
  facet normal 0.11216883597059146 -0.3911792187126639 -0.9134533217873546
    outer loop
      vertex -0.636678919637327 1.9594962294343277 -8.90048879988267
      vertex -0.7450527381080277 2.2930365464024227 -9.05663274535458
      vertex -0.583283683440776 2.3394230763868213 -9.05663274535458
    endloop
  endfacet
  facet normal 0.08460831542437627 -0.3980508282577704 -0.9134533217873545
    outer loop
      vertex -0.583283683440776 2.3394230763868213 -9.05663274535458
      vertex -0.4186729292992714 2.374412172301049 -9.05663274535458
      vertex -0.49844045450821295 1.9991354714444811 -8.90048879988267
    endloop
  endfacet
  facet normal 0.08460831542437544 -0.39805082825777033 -0.9134533217873546
    outer loop
      vertex -0.4186729292992714 2.374412172301049 -9.05663274535458
      vertex -0.35777363758779407 2.0290351263901516 -8.90048879988267
      vertex -0.49844045450821295 1.9991354714444811 -8.90048879988267
    endloop
  endfacet
  facet normal 0.05663559167021066 -0.40298317417953383 -0.9134533217873547
    outer loop
      vertex -0.35777363758779407 2.0290351263901516 -8.90048879988267
      vertex -0.25202244273107666 2.397833370786903 -9.05663274535458
      vertex -0.21536378346832777 2.049049526157947 -8.90048879988267
    endloop
  endfacet
  facet normal 0.028386945006418786 -0.40595222658442215 -0.9134533217873546
    outer loop
      vertex -0.21536378346832777 2.049049526157947 -8.90048879988267
      vertex -0.08414412815510337 2.4095725661196505 -9.05663274535458
      vertex -0.07190469864409559 2.0590811626040395 -8.90048879988267
    endloop
  endfacet
  facet normal 0.056635591670211226 -0.4029831741795341 -0.9134533217873547
    outer loop
      vertex -0.4186729292992714 2.374412172301049 -9.05663274535458
      vertex -0.25202244273107666 2.397833370786903 -9.05663274535458
      vertex -0.35777363758779407 2.0290351263901516 -8.90048879988267
    endloop
  endfacet
  facet normal 0.028386945006418536 -0.4059522265844221 -0.9134533217873546
    outer loop
      vertex -0.21536378346832777 2.049049526157947 -8.90048879988267
      vertex -0.25202244273107666 2.397833370786903 -9.05663274535458
      vertex -0.08414412815510337 2.4095725661196505 -9.05663274535458
    endloop
  endfacet
  facet normal -5.042285715943899e-17 -0.4069435205475663 -0.9134533217873548
    outer loop
      vertex -0.07190469864409559 2.0590811626040395 -8.90048879988267
      vertex -0.08414412815510337 2.4095725661196505 -9.05663274535458
      vertex 0.08414412815510337 2.4095725661196505 -9.05663274535458
    endloop
  endfacet
  facet normal 0.09765500054266966 -0.45943065589417703 -0.8828289603845455
    outer loop
      vertex -0.583283683440776 2.3394230763868213 -9.05663274535458
      vertex -0.6652852128990863 2.66831324725899 -9.236860279185588
      vertex -0.4775324885840584 2.708221320783572 -9.236860279185588
    endloop
  endfacet
  facet normal 0.06536885538434184 -0.4651235743886601 -0.8828289603845456
    outer loop
      vertex -0.4186729292992714 2.374412172301049 -9.05663274535458
      vertex -0.4775324885840584 2.708221320783572 -9.236860279185588
      vertex -0.28745327398604703 2.7349352122627515 -9.236860279185588
    endloop
  endfacet
  facet normal 0.11022469645899664 -0.5185664257691157 -0.8479029297953666
    outer loop
      vertex -0.744045539674388 2.9842036642084233 -9.440293350947272
      vertex -0.5340655575858618 3.0288362872206935 -9.440293350947272
      vertex -0.6652852128990863 2.66831324725899 -9.236860279185588
    endloop
  endfacet
  facet normal 0.1102246964589963 -0.5185664257691156 -0.8479029297953667
    outer loop
      vertex -0.5340655575858618 3.0288362872206935 -9.440293350947272
      vertex -0.4775324885840584 2.708221320783572 -9.236860279185588
      vertex -0.6652852128990863 2.66831324725899 -9.236860279185588
    endloop
  endfacet
  facet normal 0.07378282937454746 -0.5249921101634957 -0.8479029297953666
    outer loop
      vertex -0.5340655575858618 3.0288362872206935 -9.440293350947272
      vertex -0.32148366178485954 3.058712724299183 -9.440293350947272
      vertex -0.4775324885840584 2.708221320783572 -9.236860279185588
    endloop
  endfacet
  facet normal 0.06536885538434252 -0.46512357438866025 -0.8828289603845454
    outer loop
      vertex -0.4186729292992714 2.374412172301049 -9.05663274535458
      vertex -0.28745327398604703 2.7349352122627515 -9.236860279185588
      vertex -0.25202244273107666 2.397833370786903 -9.05663274535458
    endloop
  endfacet
  facet normal 0.03276423973343762 -0.4685504575827799 -0.8828289603845454
    outer loop
      vertex -0.25202244273107666 2.397833370786903 -9.05663274535458
      vertex -0.28745327398604703 2.7349352122627515 -9.236860279185588
      vertex -0.09597361593187767 2.7483247743025134 -9.236860279185588
    endloop
  endfacet
  facet normal 0.03276423973343716 -0.46855045758277974 -0.8828289603845455
    outer loop
      vertex -0.25202244273107666 2.397833370786903 -9.05663274535458
      vertex -0.09597361593187767 2.7483247743025134 -9.236860279185588
      vertex -0.08414412815510337 2.4095725661196505 -9.05663274535458
    endloop
  endfacet
  facet normal -1.0554703016697561e-17 -0.46969461004608354 -0.8828289603845456
    outer loop
      vertex -0.08414412815510337 2.4095725661196505 -9.05663274535458
      vertex -0.09597361593187767 2.7483247743025134 -9.236860279185588
      vertex 0.09597361593187767 2.7483247743025134 -9.236860279185588
    endloop
  endfacet
  facet normal 0.07378282937454704 -0.5249921101634956 -0.8479029297953666
    outer loop
      vertex -0.32148366178485954 3.058712724299183 -9.440293350947272
      vertex -0.28745327398604703 2.7349352122627515 -9.236860279185588
      vertex -0.4775324885840584 2.708221320783572 -9.236860279185588
    endloop
  endfacet
  facet normal 0.0369814997620107 -0.5288600857691813 -0.8479029297953669
    outer loop
      vertex -0.32148366178485954 3.058712724299183 -9.440293350947272
      vertex -0.107335529899066 3.0736874204456153 -9.440293350947272
      vertex -0.28745327398604703 2.7349352122627515 -9.236860279185588
    endloop
  endfacet
  facet normal 0.03698149976201125 -0.5288600857691814 -0.8479029297953665
    outer loop
      vertex -0.107335529899066 3.0736874204456153 -9.440293350947272
      vertex -0.09597361593187767 2.7483247743025134 -9.236860279185588
      vertex -0.28745327398604703 2.7349352122627515 -9.236860279185588
    endloop
  endfacet
  facet normal 0 -0.5301515081978299 -0.8479029297953665
    outer loop
      vertex -0.107335529899066 3.0736874204456153 -9.440293350947272
      vertex 0.107335529899066 3.0736874204456153 -9.440293350947272
      vertex -0.09597361593187767 2.7483247743025134 -9.236860279185588
    endloop
  endfacet
  facet normal 0.28263209085833985 -0.6348020695532708 -0.7191282456613196
    outer loop
      vertex -1.613301531936619 3.3077583285554133 -9.912703459874333
      vertex -1.4820818766233943 3.6682813685171163 -10.179378962475514
      vertex -1.378634053491285 3.4122390214682983 -9.912703459874333
    endloop
  endfacet
  facet normal 0.23766205939253887 -0.6529711416420866 -0.7191282456613197
    outer loop
      vertex -1.378634053491285 3.4122390214682983 -9.912703459874333
      vertex -1.4820818766233943 3.6682813685171163 -10.179378962475514
      vertex -1.222585226692086 3.762730424983909 -10.179378962475514
    endloop
  endfacet
  facet normal 0.23766205939253982 -0.6529711416420867 -0.7191282456613193
    outer loop
      vertex -1.378634053491285 3.4122390214682983 -9.912703459874333
      vertex -1.222585226692086 3.762730424983909 -10.179378962475514
      vertex -1.1372500085171524 3.500095628865657 -9.912703459874333
    endloop
  endfacet
  facet normal 0.25423983159490743 -0.698518196432959 -0.6689054023422438
    outer loop
      vertex -1.5783091458309435 3.906452217472872 -10.464668146724033
      vertex -1.301964132536413 4.007033576699978 -10.464668146724033
      vertex -1.4820818766233943 3.6682813685171163 -10.179378962475514
    endloop
  endfacet
  facet normal 0.2542398315949082 -0.6985181964329592 -0.6689054023422435
    outer loop
      vertex -1.4820818766233943 3.6682813685171163 -10.179378962475514
      vertex -1.301964132536413 4.007033576699978 -10.464668146724033
      vertex -1.222585226692086 3.762730424983909 -10.179378962475514
    endloop
  endfacet
  facet normal 0.2048943499139243 -0.7145515153512109 -0.6689054023422434
    outer loop
      vertex -1.222585226692086 3.762730424983909 -10.179378962475514
      vertex -1.301964132536413 4.007033576699978 -10.464668146724033
      vertex -1.0192760808611425 4.08809307112701 -10.464668146724033
    endloop
  endfacet
  facet normal 0.19153416226308606 -0.6679590039652515 -0.7191282456613192
    outer loop
      vertex -1.222585226692086 3.762730424983909 -10.179378962475514
      vertex -0.9571322644301715 3.83884783704852 -10.179378962475514
      vertex -1.1372500085171524 3.500095628865657 -9.912703459874333
    endloop
  endfacet
  facet normal 0.1915341622630858 -0.6679590039652517 -0.7191282456613196
    outer loop
      vertex -1.1372500085171524 3.500095628865657 -9.912703459874333
      vertex -0.9571322644301715 3.83884783704852 -10.179378962475514
      vertex -0.8903253958174954 3.5709001221875645 -9.912703459874333
    endloop
  endfacet
  facet normal 0.2048943499139247 -0.714551515351211 -0.6689054023422433
    outer loop
      vertex -1.222585226692086 3.762730424983909 -10.179378962475514
      vertex -1.0192760808611425 4.08809307112701 -10.464668146724033
      vertex -0.9571322644301715 3.83884783704852 -10.179378962475514
    endloop
  endfacet
  facet normal 0.14447312994803105 -0.6796926371641027 -0.7191282456613195
    outer loop
      vertex -0.9571322644301715 3.83884783704852 -10.179378962475514
      vertex -0.6870162499865515 3.896262768330666 -10.179378962475514
      vertex -0.8903253958174954 3.5709001221875645 -9.912703459874333
    endloop
  endfacet
  facet normal 0.15455064355606518 -0.7271036111131391 -0.6689054023422437
    outer loop
      vertex -0.9571322644301715 3.83884783704852 -10.179378962475514
      vertex -0.7316222185771895 4.149235787045189 -10.464668146724033
      vertex -0.6870162499865515 3.896262768330666 -10.179378962475514
    endloop
  endfacet
  facet normal 0.14447312994803066 -0.6796926371641024 -0.7191282456613195
    outer loop
      vertex -0.8903253958174954 3.5709001221875645 -9.912703459874333
      vertex -0.6870162499865515 3.896262768330666 -10.179378962475514
      vertex -0.6390632072846111 3.624307549059799 -9.912703459874333
    endloop
  endfacet
  facet normal 0.09670823906625971 -0.6881148761571546 -0.7191282456613194
    outer loop
      vertex -0.41355316143162935 3.9346954990564686 -10.179378962475514
      vertex -0.38468756704424534 3.6600577138671353 -9.912703459874333
      vertex -0.6390632072846111 3.624307549059799 -9.912703459874333
    endloop
  endfacet
  facet normal 0.09670823906625928 -0.6881148761571545 -0.7191282456613196
    outer loop
      vertex -0.6870162499865515 3.896262768330666 -10.179378962475514
      vertex -0.41355316143162935 3.9346954990564686 -10.179378962475514
      vertex -0.6390632072846111 3.624307549059799 -9.912703459874333
    endloop
  endfacet
  facet normal 0.048472195364834554 -0.6931846886426346 -0.7191282456613194
    outer loop
      vertex -0.41355316143162935 3.9346954990564686 -10.179378962475514
      vertex -0.13807528344443054 3.953958788825077 -10.179378962475514
      vertex -0.38468756704424534 3.6600577138671353 -9.912703459874333
    endloop
  endfacet
  facet normal 0.04847219536483434 -0.6931846886426346 -0.7191282456613194
    outer loop
      vertex -0.13807528344443054 3.953958788825077 -10.179378962475514
      vertex -0.12843776764589895 3.6779764454002257 -9.912703459874333
      vertex -0.38468756704424534 3.6600577138671353 -9.912703459874333
    endloop
  endfacet
  facet normal 0 -0.6948773750037288 -0.7191282456613196
    outer loop
      vertex -0.13807528344443054 3.953958788825077 -10.179378962475514
      vertex 0.13807528344443054 3.953958788825077 -10.179378962475514
      vertex -0.12843776764589895 3.6779764454002257 -9.912703459874333
    endloop
  endfacet
  facet normal 0.26153875699385276 -0.5874256660093938 -0.7658515296736897
    outer loop
      vertex -1.4843852483480027 3.0434407770715475 -9.66594085516303
      vertex -1.378634053491285 3.4122390214682983 -9.912703459874333
      vertex -1.2684696638303767 3.139572588903954 -9.66594085516303
    endloop
  endfacet
  facet normal 0.2011145739612667 -0.5525577506818172 -0.8088466234718601
    outer loop
      vertex -1.2684696638303767 3.139572588903954 -9.66594085516303
      vertex -1.046374222616694 3.2204087186719534 -9.66594085516303
      vertex -1.1521254174734117 2.851610474275203 -9.440293350947272
    endloop
  endfacet
  facet normal 0.2615387569938529 -0.5874256660093938 -0.7658515296736896
    outer loop
      vertex -1.4843852483480027 3.0434407770715475 -9.66594085516303
      vertex -1.613301531936619 3.3077583285554133 -9.912703459874333
      vertex -1.378634053491285 3.4122390214682983 -9.912703459874333
    endloop
  endfacet
  facet normal 0.2199249186790988 -0.6042387480462182 -0.7658515296736897
    outer loop
      vertex -1.2684696638303767 3.139572588903954 -9.66594085516303
      vertex -1.378634053491285 3.4122390214682983 -9.912703459874333
      vertex -1.1372500085171524 3.500095628865657 -9.912703459874333
    endloop
  endfacet
  facet normal 0.21992491867909875 -0.6042387480462182 -0.7658515296736897
    outer loop
      vertex -1.2684696638303767 3.139572588903954 -9.66594085516303
      vertex -1.1372500085171524 3.500095628865657 -9.912703459874333
      vertex -1.046374222616694 3.2204087186719534 -9.66594085516303
    endloop
  endfacet
  facet normal 0.1620801887395321 -0.5652407912707016 -0.80884662347186
    outer loop
      vertex -0.9504006066848166 2.9250323009152335 -9.440293350947272
      vertex -1.046374222616694 3.2204087186719534 -9.66594085516303
      vertex -0.8191809513715922 3.285555340876936 -9.66594085516303
    endloop
  endfacet
  facet normal 0.16208018873953062 -0.5652407912707014 -0.8088466234718604
    outer loop
      vertex -0.9504006066848166 2.9250323009152335 -9.440293350947272
      vertex -0.8191809513715922 3.285555340876936 -9.66594085516303
      vertex -0.744045539674388 2.9842036642084233 -9.440293350947272
    endloop
  endfacet
  facet normal 0.17723962826731574 -0.6181080396404283 -0.7658515296736897
    outer loop
      vertex -1.046374222616694 3.2204087186719534 -9.66594085516303
      vertex -1.1372500085171524 3.500095628865657 -9.912703459874333
      vertex -0.8903253958174954 3.5709001221875645 -9.912703459874333
    endloop
  endfacet
  facet normal 0.17723962826731607 -0.6181080396404283 -0.7658515296736895
    outer loop
      vertex -1.046374222616694 3.2204087186719534 -9.66594085516303
      vertex -0.8903253958174954 3.5709001221875645 -9.912703459874333
      vertex -0.8191809513715922 3.285555340876936 -9.66594085516303
    endloop
  endfacet
  facet normal 0.1336908442026776 -0.6289659709975135 -0.7658515296736895
    outer loop
      vertex -0.8191809513715922 3.285555340876936 -9.66594085516303
      vertex -0.8903253958174954 3.5709001221875645 -9.912703459874333
      vertex -0.6390632072846111 3.624307549059799 -9.912703459874333
    endloop
  endfacet
  facet normal 0.12225616513050096 -0.5751700355423214 -0.8088466234718598
    outer loop
      vertex -0.744045539674388 2.9842036642084233 -9.440293350947272
      vertex -0.587996712875189 3.3346950677240335 -9.66594085516303
      vertex -0.5340655575858618 3.0288362872206935 -9.440293350947272
    endloop
  endfacet
  facet normal 0.1222561651304992 -0.5751700355423208 -0.8088466234718604
    outer loop
      vertex -0.744045539674388 2.9842036642084233 -9.440293350947272
      vertex -0.8191809513715922 3.285555340876936 -9.66594085516303
      vertex -0.587996712875189 3.3346950677240335 -9.66594085516303
    endloop
  endfacet
  facet normal 0.08183652177410058 -0.5822971092166683 -0.8088466234718599
    outer loop
      vertex -0.5340655575858618 3.0288362872206935 -9.440293350947272
      vertex -0.587996712875189 3.3346950677240335 -9.66594085516303
      vertex -0.35394781349888077 3.367588495403556 -9.66594085516303
    endloop
  endfacet
  facet normal 0.08183652177410008 -0.5822971092166682 -0.8088466234718601
    outer loop
      vertex -0.5340655575858618 3.0288362872206935 -9.440293350947272
      vertex -0.35394781349888077 3.367588495403556 -9.66594085516303
      vertex -0.32148366178485954 3.058712724299183 -9.440293350947272
    endloop
  endfacet
  facet normal 0.13369084420267724 -0.6289659709975135 -0.7658515296736896
    outer loop
      vertex -0.8191809513715922 3.285555340876936 -9.66594085516303
      vertex -0.6390632072846111 3.624307549059799 -9.912703459874333
      vertex -0.587996712875189 3.3346950677240335 -9.66594085516303
    endloop
  endfacet
  facet normal 0.08949073178364297 -0.6367596433673366 -0.7658515296736896
    outer loop
      vertex -0.587996712875189 3.3346950677240335 -9.66594085516303
      vertex -0.38468756704424534 3.6600577138671353 -9.912703459874333
      vertex -0.35394781349888077 3.367588495403556 -9.66594085516303
    endloop
  endfacet
  facet normal 0.041018179109795466 -0.5865872899072123 -0.8088466234718599
    outer loop
      vertex -0.32148366178485954 3.058712724299183 -9.440293350947272
      vertex -0.1181745159539158 3.384075370442284 -9.66594085516303
      vertex -0.107335529899066 3.0736874204456153 -9.440293350947272
    endloop
  endfacet
  facet normal 0.04101817910979524 -0.5865872899072123 -0.8088466234718599
    outer loop
      vertex -0.32148366178485954 3.058712724299183 -9.440293350947272
      vertex -0.35394781349888077 3.367588495403556 -9.66594085516303
      vertex -0.1181745159539158 3.384075370442284 -9.66594085516303
    endloop
  endfacet
  facet normal 0.04485462951493402 -0.6414510867615297 -0.7658515296736896
    outer loop
      vertex -0.35394781349888077 3.367588495403556 -9.66594085516303
      vertex -0.12843776764589895 3.6779764454002257 -9.912703459874333
      vertex -0.1181745159539158 3.384075370442284 -9.66594085516303
    endloop
  endfacet
  facet normal -4.331227661988553e-17 -0.5880196762848768 -0.80884662347186
    outer loop
      vertex -0.107335529899066 3.0736874204456153 -9.440293350947272
      vertex -0.1181745159539158 3.384075370442284 -9.66594085516303
      vertex 0.1181745159539158 3.384075370442284 -9.66594085516303
    endloop
  endfacet
  facet normal 0.08949073178364295 -0.6367596433673365 -0.7658515296736897
    outer loop
      vertex -0.587996712875189 3.3346950677240335 -9.66594085516303
      vertex -0.6390632072846111 3.624307549059799 -9.912703459874333
      vertex -0.38468756704424534 3.6600577138671353 -9.912703459874333
    endloop
  endfacet
  facet normal 0.04485462951493388 -0.6414510867615297 -0.7658515296736897
    outer loop
      vertex -0.35394781349888077 3.367588495403556 -9.66594085516303
      vertex -0.38468756704424534 3.6600577138671353 -9.912703459874333
      vertex -0.12843776764589895 3.6779764454002257 -9.912703459874333
    endloop
  endfacet
  facet normal -6.311536445685238e-17 -0.6430174449394587 -0.7658515296736897
    outer loop
      vertex -0.1181745159539158 3.384075370442284 -9.66594085516303
      vertex -0.12843776764589895 3.6779764454002257 -9.912703459874333
      vertex 0.12843776764589895 3.6779764454002257 -9.912703459874333
    endloop
  endfacet
  facet normal 0.3892837025135967 -0.7321361618453254 -0.5589587099918035
    outer loop
      vertex -1.950573391777991 3.9992681184447725 -10.767181112391398
      vertex -2.303315895817996 3.9894601574377915 -11
      vertex -2.019414461334492 4.140413227814895 -11
    endloop
  endfacet
  facet normal 0.3372641900287131 -0.7575077733255123 -0.5589587099918029
    outer loop
      vertex -1.6668470515310854 4.1255912239003045 -10.767181112391398
      vertex -2.019414461334492 4.140413227814895 -11
      vertex -1.7256746425861984 4.271194621138965 -11
    endloop
  endfacet
  facet normal 0.2836015603116915 -0.7791888830784702 -0.5589587099918025
    outer loop
      vertex -1.375 4.231814863615974 -10.767181112391398
      vertex -1.7256746425861984 4.271194621138965 -11
      vertex -1.4235275104434333 4.381167183607828 -11
    endloop
  endfacet
  facet normal 0.33726419002871366 -0.7575077733255114 -0.5589587099918036
    outer loop
      vertex -1.950573391777991 3.9992681184447725 -10.767181112391398
      vertex -2.019414461334492 4.140413227814895 -11
      vertex -1.6668470515310854 4.1255912239003045 -10.767181112391398
    endloop
  endfacet
  facet normal 0.26957778471977395 -0.7406588763041771 -0.6154285067637124
    outer loop
      vertex -1.6668470515310854 4.1255912239003045 -10.767181112391398
      vertex -1.375 4.231814863615974 -10.767181112391398
      vertex -1.5783091458309435 3.906452217472872 -10.464668146724033
    endloop
  endfacet
  facet normal 0.2836015603116917 -0.7791888830784701 -0.5589587099918029
    outer loop
      vertex -1.6668470515310854 4.1255912239003045 -10.767181112391398
      vertex -1.7256746425861984 4.271194621138965 -11
      vertex -1.375 4.231814863615974 -10.767181112391398
    endloop
  endfacet
  facet normal 0.22855725230035945 -0.7970738629168628 -0.5589587099918027
    outer loop
      vertex -1.0764540866834316 4.317421526696649 -10.767181112391398
      vertex -1.4235275104434333 4.381167183607828 -11
      vertex -1.1144450953622727 4.46979513995154 -11
    endloop
  endfacet
  facet normal 0.17239943633031335 -0.8110755790167082 -0.5589587099918042
    outer loop
      vertex -0.7726637972613277 4.381994146084952 -10.767181112391398
      vertex -1.1144450953622727 4.46979513995154 -11
      vertex -0.7999332158001363 4.536646703675643 -11
    endloop
  endfacet
  facet normal 0.2695777847197715 -0.7406588763041769 -0.6154285067637137
    outer loop
      vertex -1.5783091458309435 3.906452217472872 -10.464668146724033
      vertex -1.375 4.231814863615974 -10.767181112391398
      vertex -1.301964132536413 4.007033576699978 -10.464668146724033
    endloop
  endfacet
  facet normal 0.21725535532686244 -0.7576594641686886 -0.6154285067637137
    outer loop
      vertex -1.301964132536413 4.007033576699978 -10.464668146724033
      vertex -1.375 4.231814863615974 -10.767181112391398
      vertex -1.0764540866834316 4.317421526696649 -10.767181112391398
    endloop
  endfacet
  facet normal 0.21725535532686302 -0.7576594641686888 -0.6154285067637135
    outer loop
      vertex -1.301964132536413 4.007033576699978 -10.464668146724033
      vertex -1.0764540866834316 4.317421526696649 -10.767181112391398
      vertex -1.0192760808611425 4.08809307112701 -10.464668146724033
    endloop
  endfacet
  facet normal 0.2285572523003592 -0.7970738629168629 -0.5589587099918024
    outer loop
      vertex -1.375 4.231814863615974 -10.767181112391398
      vertex -1.4235275104434333 4.381167183607828 -11
      vertex -1.0764540866834316 4.317421526696649 -10.767181112391398
    endloop
  endfacet
  facet normal 0.16387447968123142 -0.7709688112834353 -0.6154285067637121
    outer loop
      vertex -1.0192760808611425 4.08809307112701 -10.464668146724033
      vertex -0.7726637972613277 4.381994146084952 -10.767181112391398
      vertex -0.7316222185771895 4.149235787045189 -10.464668146724033
    endloop
  endfacet
  facet normal 0.15455064355606607 -0.7271036111131394 -0.6689054023422433
    outer loop
      vertex -0.9571322644301715 3.83884783704852 -10.179378962475514
      vertex -1.0192760808611425 4.08809307112701 -10.464668146724033
      vertex -0.7316222185771895 4.149235787045189 -10.464668146724033
    endloop
  endfacet
  facet normal 0.16387447968122903 -0.7709688112834348 -0.6154285067637134
    outer loop
      vertex -1.0192760808611425 4.08809307112701 -10.464668146724033
      vertex -1.0764540866834316 4.317421526696649 -10.767181112391398
      vertex -0.7726637972613277 4.381994146084952 -10.767181112391398
    endloop
  endfacet
  facet normal 0.17239943633031202 -0.8110755790167095 -0.5589587099918026
    outer loop
      vertex -1.0764540866834316 4.317421526696649 -10.767181112391398
      vertex -1.1144450953622727 4.46979513995154 -11
      vertex -0.7726637972613277 4.381994146084952 -10.767181112391398
    endloop
  endfacet
  facet normal 0.1034539819981796 -0.7361133311699235 -0.6689054023422436
    outer loop
      vertex -0.6870162499865515 3.896262768330666 -10.179378962475514
      vertex -0.7316222185771895 4.149235787045189 -10.464668146724033
      vertex -0.44040396638673684 4.190163843288607 -10.464668146724033
    endloop
  endfacet
  facet normal 0.10345398199817898 -0.7361133311699233 -0.668905402342244
    outer loop
      vertex -0.6870162499865515 3.896262768330666 -10.179378962475514
      vertex -0.44040396638673684 4.190163843288607 -10.464668146724033
      vertex -0.41355316143162935 3.9346954990564686 -10.179378962475514
    endloop
  endfacet
  facet normal 0.10969522404319923 -0.7805220758471216 -0.6154285067637122
    outer loop
      vertex -0.7316222185771895 4.149235787045189 -10.464668146724033
      vertex -0.7726637972613277 4.381994146084952 -10.767181112391398
      vertex -0.46510916748686015 4.425218130470041 -10.767181112391398
    endloop
  endfacet
  facet normal 0.11540170763599984 -0.8211258164246168 -0.5589587099918042
    outer loop
      vertex -0.7726637972613277 4.381994146084952 -10.767181112391398
      vertex -0.7999332158001363 4.536646703675643 -11
      vertex -0.46510916748686015 4.425218130470041 -10.767181112391398
    endloop
  endfacet
  facet normal 0.1096952240431984 -0.7805220758471213 -0.6154285067637125
    outer loop
      vertex -0.7316222185771895 4.149235787045189 -10.464668146724033
      vertex -0.46510916748686015 4.425218130470041 -10.767181112391398
      vertex -0.44040396638673684 4.190163843288607 -10.464668146724033
    endloop
  endfacet
  facet normal 0.051853303039153885 -0.7415367810711011 -0.6689054023422439
    outer loop
      vertex -0.41355316143162935 3.9346954990564686 -10.179378962475514
      vertex -0.44040396638673684 4.190163843288607 -10.464668146724033
      vertex -0.1470401103412998 4.210677842481319 -10.464668146724033
    endloop
  endfacet
  facet normal 0.05185330303915524 -0.7415367810711018 -0.6689054023422433
    outer loop
      vertex -0.41355316143162935 3.9346954990564686 -10.179378962475514
      vertex -0.1470401103412998 4.210677842481319 -10.464668146724033
      vertex -0.13807528344443054 3.953958788825077 -10.179378962475514
    endloop
  endfacet
  facet normal -2.296232435596967e-17 -0.743347538313918 -0.6689054023422433
    outer loop
      vertex -0.13807528344443054 3.953958788825077 -10.179378962475514
      vertex -0.1470401103412998 4.210677842481319 -10.464668146724033
      vertex 0.1470401103412998 4.210677842481319 -10.464668146724033
    endloop
  endfacet
  facet normal 0.05498154430015055 -0.7862727153150855 -0.6154285067637126
    outer loop
      vertex -0.44040396638673684 4.190163843288607 -10.464668146724033
      vertex -0.46510916748686015 4.425218130470041 -10.767181112391398
      vertex -0.1552885726010065 4.44688289694485 -10.767181112391398
    endloop
  endfacet
  facet normal 0.05498154430015013 -0.7862727153150852 -0.6154285067637129
    outer loop
      vertex -0.44040396638673684 4.190163843288607 -10.464668146724033
      vertex -0.1552885726010065 4.44688289694485 -10.767181112391398
      vertex -0.1470401103412998 4.210677842481319 -10.464668146724033
    endloop
  endfacet
  facet normal 0.05784175342221852 -0.8271756113941839 -0.5589587099918036
    outer loop
      vertex -0.46510916748686015 4.425218130470041 -10.767181112391398
      vertex -0.48152414201962745 4.581396180681572 -11
      vertex -0.1552885726010065 4.44688289694485 -10.767181112391398
    endloop
  endfacet
  facet normal -2.3495973468744314e-18 -0.7881927131498913 -0.6154285067637129
    outer loop
      vertex -0.1470401103412998 4.210677842481319 -10.464668146724033
      vertex -0.1552885726010065 4.44688289694485 -10.767181112391398
      vertex 0.1552885726010065 4.44688289694485 -10.767181112391398
    endloop
  endfacet
  facet normal 0 -0.8291954899324385 -0.5589587099918053
    outer loop
      vertex -0.1552885726010065 4.44688289694485 -10.767181112391398
      vertex -0.16076913102183643 4.603825556015553 -11
      vertex 0.1552885726010065 4.44688289694485 -10.767181112391398
    endloop
  endfacet
  facet normal 0.11540170763599934 -0.8211258164246171 -0.5589587099918036
    outer loop
      vertex -0.46510916748686015 4.425218130470041 -10.767181112391398
      vertex -0.7999332158001363 4.536646703675643 -11
      vertex -0.48152414201962745 4.581396180681572 -11
    endloop
  endfacet
  facet normal 0.05784175342222012 -0.8271756113941828 -0.5589587099918052
    outer loop
      vertex -0.1552885726010065 4.44688289694485 -10.767181112391398
      vertex -0.48152414201962745 4.581396180681572 -11
      vertex -0.16076913102183643 4.603825556015553 -11
    endloop
  endfacet
  facet normal -0.14447312994802977 0.6796926371641026 -0.7191282456613198
    outer loop
      vertex 0.6524098286213205 -3.700000000000001 -9.986926423683272
      vertex 0.6390632072846111 -3.624307549059799 -9.912703459874333
      vertex 0.9225136105197689 -3.700000000000001 -10.041190373148618
    endloop
  endfacet
  facet normal -0.1915341622630862 0.6679590039652501 -0.7191282456613206
    outer loop
      vertex 0.9225136105197689 -3.700000000000001 -10.041190373148618
      vertex 0.8903253958174954 -3.5709001221875645 -9.912703459874333
      vertex 1.2022028760617536 -3.700000000000001 -10.115683413149151
    endloop
  endfacet
  facet normal -0.19153416226308564 0.6679590039652508 -0.7191282456613202
    outer loop
      vertex 1.2022028760617536 -3.700000000000001 -10.115683413149151
      vertex 0.8903253958174954 -3.5709001221875645 -9.912703459874333
      vertex 1.1372500085171524 -3.500095628865657 -9.912703459874333
    endloop
  endfacet
  facet normal -0.237662059392541 0.6529711416420855 -0.7191282456613202
    outer loop
      vertex 1.2022028760617536 -3.700000000000001 -10.115683413149151
      vertex 1.1372500085171524 -3.500095628865657 -9.912703459874333
      vertex 1.3949356528481656 -3.700000000000001 -10.179378962475514
    endloop
  endfacet
  facet normal -0.2376620593925397 0.6529711416420864 -0.7191282456613197
    outer loop
      vertex 1.1372500085171524 -3.500095628865657 -9.912703459874333
      vertex 1.378634053491285 -3.4122390214682983 -9.912703459874333
      vertex 1.3949356528481656 -3.700000000000001 -10.179378962475514
    endloop
  endfacet
  facet normal -0.25423983159490676 0.6985181964329547 -0.6689054023422488
    outer loop
      vertex 1.3949356528481656 -3.700000000000001 -10.179378962475514
      vertex 1.4820818766233943 -3.6682813685171163 -10.179378962475514
      vertex 1.4948970355900804 -3.700000000000001 -10.217372623500388
    endloop
  endfacet
  facet normal -0.23766205939253895 0.6529711416420865 -0.7191282456613196
    outer loop
      vertex 1.3949356528481656 -3.700000000000001 -10.179378962475514
      vertex 1.378634053491285 -3.4122390214682983 -9.912703459874333
      vertex 1.4820818766233943 -3.6682813685171163 -10.179378962475514
    endloop
  endfacet
  facet normal -0.28263209085833985 0.6348020695532708 -0.7191282456613196
    outer loop
      vertex 1.4820818766233943 -3.6682813685171163 -10.179378962475514
      vertex 1.378634053491285 -3.4122390214682983 -9.912703459874333
      vertex 1.613301531936619 -3.3077583285554133 -9.912703459874333
    endloop
  endfacet
  facet normal 0 0.6948773750037333 -0.7191282456613152
    outer loop
      vertex -0.12843776764589895 -3.6779764454002257 -9.912703459874333
      vertex 0.12843776764589895 -3.6779764454002257 -9.912703459874333
      vertex 0.12920684711946662 -3.700000000000001 -9.93398432305955
    endloop
  endfacet
  facet normal -0.04847219536483298 0.693184688642639 -0.7191282456613154
    outer loop
      vertex 0.38888567048300304 -3.700000000000001 -9.951487741586257
      vertex 0.12920684711946662 -3.700000000000001 -9.93398432305955
      vertex 0.12843776764589895 -3.6779764454002257 -9.912703459874333
    endloop
  endfacet
  facet normal -0.048472195364834235 0.6931846886426335 -0.7191282456613205
    outer loop
      vertex 0.38888567048300304 -3.700000000000001 -9.951487741586257
      vertex 0.12843776764589895 -3.6779764454002257 -9.912703459874333
      vertex 0.38468756704424534 -3.6600577138671353 -9.912703459874333
    endloop
  endfacet
  facet normal -0.044854629514933846 0.6414510867615297 -0.7658515296736896
    outer loop
      vertex 0.12843776764589895 -3.6779764454002257 -9.912703459874333
      vertex 0.35394781349888077 -3.367588495403556 -9.66594085516303
      vertex 0.38468756704424534 -3.6600577138671353 -9.912703459874333
    endloop
  endfacet
  facet normal -0.09670823906625993 0.6881148761571533 -0.7191282456613206
    outer loop
      vertex 0.38888567048300304 -3.700000000000001 -9.951487741586257
      vertex 0.38468756704424534 -3.6600577138671353 -9.912703459874333
      vertex 0.6524098286213205 -3.700000000000001 -9.986926423683272
    endloop
  endfacet
  facet normal -0.0967082390662596 0.6881148761571542 -0.7191282456613197
    outer loop
      vertex 0.38468756704424534 -3.6600577138671353 -9.912703459874333
      vertex 0.6390632072846111 -3.624307549059799 -9.912703459874333
      vertex 0.6524098286213205 -3.700000000000001 -9.986926423683272
    endloop
  endfacet
  facet normal -0.08949073178364297 0.6367596433673365 -0.7658515296736897
    outer loop
      vertex 0.38468756704424534 -3.6600577138671353 -9.912703459874333
      vertex 0.587996712875189 -3.3346950677240335 -9.66594085516303
      vertex 0.6390632072846111 -3.624307549059799 -9.912703459874333
    endloop
  endfacet
  facet normal 0 0.6430174449394586 -0.7658515296736896
    outer loop
      vertex -0.1181745159539158 -3.384075370442284 -9.66594085516303
      vertex 0.1181745159539158 -3.384075370442284 -9.66594085516303
      vertex 0.12843776764589895 -3.6779764454002257 -9.912703459874333
    endloop
  endfacet
  facet normal -0.044854629514934054 0.6414510867615298 -0.7658515296736895
    outer loop
      vertex 0.12843776764589895 -3.6779764454002257 -9.912703459874333
      vertex 0.1181745159539158 -3.384075370442284 -9.66594085516303
      vertex 0.35394781349888077 -3.367588495403556 -9.66594085516303
    endloop
  endfacet
  facet normal -0.04101817910979519 0.5865872899072123 -0.8088466234718601
    outer loop
      vertex 0.1181745159539158 -3.384075370442284 -9.66594085516303
      vertex 0.32148366178485954 -3.058712724299183 -9.440293350947272
      vertex 0.35394781349888077 -3.367588495403556 -9.66594085516303
    endloop
  endfacet
  facet normal 0 0.5880196762848768 -0.8088466234718599
    outer loop
      vertex -0.107335529899066 -3.0736874204456153 -9.440293350947272
      vertex 0.107335529899066 -3.0736874204456153 -9.440293350947272
      vertex 0.1181745159539158 -3.384075370442284 -9.66594085516303
    endloop
  endfacet
  facet normal -0.041018179109795515 0.5865872899072123 -0.8088466234718598
    outer loop
      vertex 0.1181745159539158 -3.384075370442284 -9.66594085516303
      vertex 0.107335529899066 -3.0736874204456153 -9.440293350947272
      vertex 0.32148366178485954 -3.058712724299183 -9.440293350947272
    endloop
  endfacet
  facet normal -0.08949073178364296 0.6367596433673366 -0.7658515296736896
    outer loop
      vertex 0.38468756704424534 -3.6600577138671353 -9.912703459874333
      vertex 0.35394781349888077 -3.367588495403556 -9.66594085516303
      vertex 0.587996712875189 -3.3346950677240335 -9.66594085516303
    endloop
  endfacet
  facet normal -0.13369084420267732 0.6289659709975135 -0.7658515296736896
    outer loop
      vertex 0.6390632072846111 -3.624307549059799 -9.912703459874333
      vertex 0.587996712875189 -3.3346950677240335 -9.66594085516303
      vertex 0.8191809513715922 -3.285555340876936 -9.66594085516303
    endloop
  endfacet
  facet normal -0.08183652177410014 0.5822971092166681 -0.8088466234718601
    outer loop
      vertex 0.35394781349888077 -3.367588495403556 -9.66594085516303
      vertex 0.32148366178485954 -3.058712724299183 -9.440293350947272
      vertex 0.5340655575858618 -3.0288362872206935 -9.440293350947272
    endloop
  endfacet
  facet normal -0.08183652177410053 0.5822971092166683 -0.8088466234718599
    outer loop
      vertex 0.35394781349888077 -3.367588495403556 -9.66594085516303
      vertex 0.5340655575858618 -3.0288362872206935 -9.440293350947272
      vertex 0.587996712875189 -3.3346950677240335 -9.66594085516303
    endloop
  endfacet
  facet normal -0.12225616513049915 0.5751700355423208 -0.8088466234718603
    outer loop
      vertex 0.587996712875189 -3.3346950677240335 -9.66594085516303
      vertex 0.744045539674388 -2.9842036642084233 -9.440293350947272
      vertex 0.8191809513715922 -3.285555340876936 -9.66594085516303
    endloop
  endfacet
  facet normal -0.12225616513050098 0.5751700355423213 -0.8088466234718599
    outer loop
      vertex 0.587996712875189 -3.3346950677240335 -9.66594085516303
      vertex 0.5340655575858618 -3.0288362872206935 -9.440293350947272
      vertex 0.744045539674388 -2.9842036642084233 -9.440293350947272
    endloop
  endfacet
  facet normal -0.1444731299480304 0.6796926371641013 -0.7191282456613205
    outer loop
      vertex 0.6390632072846111 -3.624307549059799 -9.912703459874333
      vertex 0.8903253958174954 -3.5709001221875645 -9.912703459874333
      vertex 0.9225136105197689 -3.700000000000001 -10.041190373148618
    endloop
  endfacet
  facet normal -0.13369084420267754 0.6289659709975135 -0.7658515296736895
    outer loop
      vertex 0.6390632072846111 -3.624307549059799 -9.912703459874333
      vertex 0.8191809513715922 -3.285555340876936 -9.66594085516303
      vertex 0.8903253958174954 -3.5709001221875645 -9.912703459874333
    endloop
  endfacet
  facet normal -0.17723962826731607 0.6181080396404283 -0.7658515296736895
    outer loop
      vertex 0.8903253958174954 -3.5709001221875645 -9.912703459874333
      vertex 0.8191809513715922 -3.285555340876936 -9.66594085516303
      vertex 1.046374222616694 -3.2204087186719534 -9.66594085516303
    endloop
  endfacet
  facet normal -0.17723962826731574 0.6181080396404282 -0.7658515296736897
    outer loop
      vertex 0.8903253958174954 -3.5709001221875645 -9.912703459874333
      vertex 1.046374222616694 -3.2204087186719534 -9.66594085516303
      vertex 1.1372500085171524 -3.500095628865657 -9.912703459874333
    endloop
  endfacet
  facet normal -0.16208018873953073 0.5652407912707015 -0.8088466234718604
    outer loop
      vertex 0.8191809513715922 -3.285555340876936 -9.66594085516303
      vertex 0.744045539674388 -2.9842036642084233 -9.440293350947272
      vertex 0.9504006066848166 -2.9250323009152335 -9.440293350947272
    endloop
  endfacet
  facet normal -0.162080188739532 0.5652407912707016 -0.80884662347186
    outer loop
      vertex 0.8191809513715922 -3.285555340876936 -9.66594085516303
      vertex 0.9504006066848166 -2.9250323009152335 -9.440293350947272
      vertex 1.046374222616694 -3.2204087186719534 -9.66594085516303
    endloop
  endfacet
  facet normal -0.21992491867909875 0.6042387480462182 -0.7658515296736897
    outer loop
      vertex 1.1372500085171524 -3.500095628865657 -9.912703459874333
      vertex 1.046374222616694 -3.2204087186719534 -9.66594085516303
      vertex 1.2684696638303767 -3.139572588903954 -9.66594085516303
    endloop
  endfacet
  facet normal -0.2199249186790988 0.6042387480462182 -0.7658515296736897
    outer loop
      vertex 1.1372500085171524 -3.500095628865657 -9.912703459874333
      vertex 1.2684696638303767 -3.139572588903954 -9.66594085516303
      vertex 1.378634053491285 -3.4122390214682983 -9.912703459874333
    endloop
  endfacet
  facet normal -0.2615387569938529 0.5874256660093939 -0.7658515296736897
    outer loop
      vertex 1.378634053491285 -3.4122390214682983 -9.912703459874333
      vertex 1.4843852483480027 -3.0434407770715475 -9.66594085516303
      vertex 1.613301531936619 -3.3077583285554133 -9.912703459874333
    endloop
  endfacet
  facet normal -0.20111457396126667 0.5525577506818171 -0.8088466234718601
    outer loop
      vertex 1.046374222616694 -3.2204087186719534 -9.66594085516303
      vertex 1.1521254174734117 -2.851610474275203 -9.440293350947272
      vertex 1.2684696638303767 -3.139572588903954 -9.66594085516303
    endloop
  endfacet
  facet normal -0.2615387569938528 0.5874256660093938 -0.7658515296736897
    outer loop
      vertex 1.378634053491285 -3.4122390214682983 -9.912703459874333
      vertex 1.2684696638303767 -3.139572588903954 -9.66594085516303
      vertex 1.4843852483480027 -3.0434407770715475 -9.66594085516303
    endloop
  endfacet
  facet normal 0 0.5301515081978299 -0.8479029297953665
    outer loop
      vertex -0.09597361593187767 -2.7483247743025134 -9.236860279185588
      vertex 0.09597361593187767 -2.7483247743025134 -9.236860279185588
      vertex 0.107335529899066 -3.0736874204456153 -9.440293350947272
    endloop
  endfacet
  facet normal -0.03698149976201125 0.5288600857691814 -0.8479029297953665
    outer loop
      vertex 0.107335529899066 -3.0736874204456153 -9.440293350947272
      vertex 0.09597361593187767 -2.7483247743025134 -9.236860279185588
      vertex 0.28745327398604703 -2.7349352122627515 -9.236860279185588
    endloop
  endfacet
  facet normal -0.0369814997620107 0.5288600857691813 -0.8479029297953669
    outer loop
      vertex 0.107335529899066 -3.0736874204456153 -9.440293350947272
      vertex 0.28745327398604703 -2.7349352122627515 -9.236860279185588
      vertex 0.32148366178485954 -3.058712724299183 -9.440293350947272
    endloop
  endfacet
  facet normal -0.07378282937454704 0.5249921101634956 -0.8479029297953666
    outer loop
      vertex 0.32148366178485954 -3.058712724299183 -9.440293350947272
      vertex 0.28745327398604703 -2.7349352122627515 -9.236860279185588
      vertex 0.4775324885840584 -2.708221320783572 -9.236860279185588
    endloop
  endfacet
  facet normal 0 0.46969461004608354 -0.8828289603845456
    outer loop
      vertex -0.08414412815510337 -2.4095725661196505 -9.05663274535458
      vertex 0.08414412815510337 -2.4095725661196505 -9.05663274535458
      vertex 0.09597361593187767 -2.7483247743025134 -9.236860279185588
    endloop
  endfacet
  facet normal -0.03276423973343708 0.4685504575827797 -0.8828289603845455
    outer loop
      vertex 0.09597361593187767 -2.7483247743025134 -9.236860279185588
      vertex 0.08414412815510337 -2.4095725661196505 -9.05663274535458
      vertex 0.25202244273107666 -2.397833370786903 -9.05663274535458
    endloop
  endfacet
  facet normal -0.03276423973343768 0.4685504575827799 -0.8828289603845454
    outer loop
      vertex 0.09597361593187767 -2.7483247743025134 -9.236860279185588
      vertex 0.25202244273107666 -2.397833370786903 -9.05663274535458
      vertex 0.28745327398604703 -2.7349352122627515 -9.236860279185588
    endloop
  endfacet
  facet normal -0.0653688553843426 0.46512357438866037 -0.8828289603845455
    outer loop
      vertex 0.28745327398604703 -2.7349352122627515 -9.236860279185588
      vertex 0.25202244273107666 -2.397833370786903 -9.05663274535458
      vertex 0.4186729292992714 -2.374412172301049 -9.05663274535458
    endloop
  endfacet
  facet normal -0.07378282937454746 0.5249921101634957 -0.8479029297953666
    outer loop
      vertex 0.32148366178485954 -3.058712724299183 -9.440293350947272
      vertex 0.4775324885840584 -2.708221320783572 -9.236860279185588
      vertex 0.5340655575858618 -3.0288362872206935 -9.440293350947272
    endloop
  endfacet
  facet normal -0.1102246964589963 0.5185664257691156 -0.8479029297953667
    outer loop
      vertex 0.5340655575858618 -3.0288362872206935 -9.440293350947272
      vertex 0.4775324885840584 -2.708221320783572 -9.236860279185588
      vertex 0.6652852128990863 -2.66831324725899 -9.236860279185588
    endloop
  endfacet
  facet normal -0.11022469645899664 0.5185664257691157 -0.8479029297953666
    outer loop
      vertex 0.5340655575858618 -3.0288362872206935 -9.440293350947272
      vertex 0.6652852128990863 -2.66831324725899 -9.236860279185588
      vertex 0.744045539674388 -2.9842036642084233 -9.440293350947272
    endloop
  endfacet
  facet normal -0.06536885538434177 0.46512357438866 -0.8828289603845456
    outer loop
      vertex 0.28745327398604703 -2.7349352122627515 -9.236860279185588
      vertex 0.4186729292992714 -2.374412172301049 -9.05663274535458
      vertex 0.4775324885840584 -2.708221320783572 -9.236860279185588
    endloop
  endfacet
  facet normal -0.0976550005426697 0.45943065589417703 -0.8828289603845455
    outer loop
      vertex 0.4775324885840584 -2.708221320783572 -9.236860279185588
      vertex 0.583283683440776 -2.3394230763868213 -9.05663274535458
      vertex 0.6652852128990863 -2.66831324725899 -9.236860279185588
    endloop
  endfacet
  facet normal -0.09765500054266942 0.459430655894177 -0.8828289603845456
    outer loop
      vertex 0.4775324885840584 -2.708221320783572 -9.236860279185588
      vertex 0.4186729292992714 -2.374412172301049 -9.05663274535458
      vertex 0.583283683440776 -2.3394230763868213 -9.05663274535458
    endloop
  endfacet
  facet normal -0.1294653803545986 0.4514994374259857 -0.8828289603845455
    outer loop
      vertex 0.6652852128990863 -2.66831324725899 -9.236860279185588
      vertex 0.583283683440776 -2.3394230763868213 -9.05663274535458
      vertex 0.7450527381080277 -2.2930365464024227 -9.05663274535458
    endloop
  endfacet
  facet normal -0.028386945006418533 0.40595222658442215 -0.9134533217873547
    outer loop
      vertex 0.08414412815510337 -2.4095725661196505 -9.05663274535458
      vertex 0.21536378346832777 -2.049049526157947 -8.90048879988267
      vertex 0.25202244273107666 -2.397833370786903 -9.05663274535458
    endloop
  endfacet
  facet normal -0.056635591670211226 0.4029831741795341 -0.9134533217873547
    outer loop
      vertex 0.25202244273107666 -2.397833370786903 -9.05663274535458
      vertex 0.35777363758779407 -2.0290351263901516 -8.90048879988267
      vertex 0.4186729292992714 -2.374412172301049 -9.05663274535458
    endloop
  endfacet
  facet normal 0 0.4069435205475662 -0.9134533217873547
    outer loop
      vertex -0.07190469864409559 -2.0590811626040395 -8.90048879988267
      vertex 0.07190469864409559 -2.0590811626040395 -8.90048879988267
      vertex 0.08414412815510337 -2.4095725661196505 -9.05663274535458
    endloop
  endfacet
  facet normal -0.028386945006418803 0.4059522265844222 -0.9134533217873547
    outer loop
      vertex 0.08414412815510337 -2.4095725661196505 -9.05663274535458
      vertex 0.07190469864409559 -2.0590811626040395 -8.90048879988267
      vertex 0.21536378346832777 -2.049049526157947 -8.90048879988267
    endloop
  endfacet
  facet normal -0.05663559167021071 0.4029831741795339 -0.9134533217873547
    outer loop
      vertex 0.25202244273107666 -2.397833370786903 -9.05663274535458
      vertex 0.21536378346832777 -2.049049526157947 -8.90048879988267
      vertex 0.35777363758779407 -2.0290351263901516 -8.90048879988267
    endloop
  endfacet
  facet normal -0.08460831542437545 0.39805082825777033 -0.9134533217873546
    outer loop
      vertex 0.35777363758779407 -2.0290351263901516 -8.90048879988267
      vertex 0.49844045450821295 -1.9991354714444811 -8.90048879988267
      vertex 0.4186729292992714 -2.374412172301049 -9.05663274535458
    endloop
  endfacet
  facet normal -0.08460831542437627 0.3980508282577704 -0.9134533217873545
    outer loop
      vertex 0.4186729292992714 -2.374412172301049 -9.05663274535458
      vertex 0.49844045450821295 -1.9991354714444811 -8.90048879988267
      vertex 0.583283683440776 -2.3394230763868213 -9.05663274535458
    endloop
  endfacet
  facet normal -0.11216883597059149 0.39117921871266387 -0.9134533217873546
    outer loop
      vertex 0.583283683440776 -2.3394230763868213 -9.05663274535458
      vertex 0.636678919637327 -1.9594962294343277 -8.90048879988267
      vertex 0.7450527381080277 -2.2930365464024227 -9.05663274535458
    endloop
  endfacet
  facet normal -0.11216883597059221 0.3911792187126639 -0.9134533217873545
    outer loop
      vertex 0.583283683440776 -2.3394230763868213 -9.05663274535458
      vertex 0.49844045450821295 -1.9991354714444811 -8.90048879988267
      vertex 0.636678919637327 -1.9594962294343277 -8.90048879988267
    endloop
  endfacet
  facet normal -0.13918288122313036 0.382401823335187 -0.9134533217873546
    outer loop
      vertex 0.7450527381080277 -2.2930365464024227 -9.05663274535458
      vertex 0.636678919637327 -1.9594962294343277 -8.90048879988267
      vertex 0.7718155490687093 -1.9103105187622427 -8.90048879988267
    endloop
  endfacet
  facet normal -0.20111457396126706 0.5525577506818171 -0.8088466234718601
    outer loop
      vertex 1.046374222616694 -3.2204087186719534 -9.66594085516303
      vertex 0.9504006066848166 -2.9250323009152335 -9.440293350947272
      vertex 1.1521254174734117 -2.851610474275203 -9.440293350947272
    endloop
  endfacet
  facet normal -0.1461295599020442 0.5096143378745035 -0.8479029297953665
    outer loop
      vertex 0.744045539674388 -2.9842036642084233 -9.440293350947272
      vertex 0.6652852128990863 -2.66831324725899 -9.236860279185588
      vertex 0.8497967345311054 -2.615405419811672 -9.236860279185588
    endloop
  endfacet
  facet normal -0.14612955990204354 0.5096143378745034 -0.8479029297953667
    outer loop
      vertex 0.744045539674388 -2.9842036642084233 -9.440293350947272
      vertex 0.8497967345311054 -2.615405419811672 -9.236860279185588
      vertex 0.9504006066848166 -2.9250323009152335 -9.440293350947272
    endloop
  endfacet
  facet normal -0.18132249481814142 0.49817946015202064 -0.8479029297953666
    outer loop
      vertex 0.9504006066848166 -2.9250323009152335 -9.440293350947272
      vertex 1.030168131893758 -2.549755600058665 -9.236860279185588
      vertex 1.1521254174734117 -2.851610474275203 -9.440293350947272
    endloop
  endfacet
  facet normal -0.12946538035459926 0.4514994374259858 -0.8828289603845453
    outer loop
      vertex 0.6652852128990863 -2.66831324725899 -9.236860279185588
      vertex 0.7450527381080277 -2.2930365464024227 -9.05663274535458
      vertex 0.8497967345311054 -2.615405419811672 -9.236860279185588
    endloop
  endfacet
  facet normal -0.1813224948181408 0.4981794601520206 -0.8479029297953667
    outer loop
      vertex 0.9504006066848166 -2.9250323009152335 -9.440293350947272
      vertex 0.8497967345311054 -2.615405419811672 -9.236860279185588
      vertex 1.030168131893758 -2.549755600058665 -9.236860279185588
    endloop
  endfacet
  facet normal -0.23916914919462826 0.537182704274522 -0.8088466234718601
    outer loop
      vertex 1.1521254174734117 -2.851610474275203 -9.440293350947272
      vertex 1.3482371890393186 -2.764295888047387 -9.440293350947272
      vertex 1.2684696638303767 -3.139572588903954 -9.66594085516303
    endloop
  endfacet
  facet normal -0.23916914919462878 0.5371827042745221 -0.80884662347186
    outer loop
      vertex 1.2684696638303767 -3.139572588903954 -9.66594085516303
      vertex 1.3482371890393186 -2.764295888047387 -9.440293350947272
      vertex 1.4843852483480027 -3.0434407770715475 -9.66594085516303
    endloop
  endfacet
  facet normal -0.27605851637431605 0.5191905577294166 -0.8088466234718599
    outer loop
      vertex 1.4843852483480027 -3.0434407770715475 -9.66594085516303
      vertex 1.3482371890393186 -2.764295888047387 -9.440293350947272
      vertex 1.537780484544554 -2.663513930119054 -9.440293350947272
    endloop
  endfacet
  facet normal -0.2156320447659568 0.4843175021765018 -0.8479029297953666
    outer loop
      vertex 1.1521254174734117 -2.851610474275203 -9.440293350947272
      vertex 1.205520653669963 -2.4716836273227094 -9.236860279185588
      vertex 1.3482371890393186 -2.764295888047387 -9.440293350947272
    endloop
  endfacet
  facet normal -0.2156320447659571 0.48431750217650194 -0.8479029297953665
    outer loop
      vertex 1.1521254174734117 -2.851610474275203 -9.440293350947272
      vertex 1.030168131893758 -2.549755600058665 -9.236860279185588
      vertex 1.205520653669963 -2.4716836273227094 -9.236860279185588
    endloop
  endfacet
  facet normal -0.2488910570669327 0.4680959980138031 -0.8479029297953666
    outer loop
      vertex 1.3482371890393186 -2.764295888047387 -9.440293350947272
      vertex 1.205520653669963 -2.4716836273227094 -9.236860279185588
      vertex 1.375 -2.381569860407206 -9.236860279185588
    endloop
  endfacet
  facet normal -0.2488910570669336 0.46809599801380314 -0.8479029297953665
    outer loop
      vertex 1.3482371890393186 -2.764295888047387 -9.440293350947272
      vertex 1.375 -2.381569860407206 -9.236860279185588
      vertex 1.537780484544554 -2.663513930119054 -9.440293350947272
    endloop
  endfacet
  facet normal -0.16064501784725593 0.44136855908321965 -0.8828289603845454
    outer loop
      vertex 0.7450527381080277 -2.2930365464024227 -9.05663274535458
      vertex 0.9031919707276566 -2.235478572859179 -9.05663274535458
      vertex 0.8497967345311054 -2.615405419811672 -9.236860279185588
    endloop
  endfacet
  facet normal -0.16064501784725538 0.44136855908321976 -0.8828289603845456
    outer loop
      vertex 0.8497967345311054 -2.615405419811672 -9.236860279185588
      vertex 0.9031919707276566 -2.235478572859179 -9.05663274535458
      vertex 1.030168131893758 -2.549755600058665 -9.236860279185588
    endloop
  endfacet
  facet normal -0.19104200896094037 0.4290873774868129 -0.8828289603845455
    outer loop
      vertex 1.030168131893758 -2.549755600058665 -9.236860279185588
      vertex 1.05693094285444 -2.167029572418486 -9.05663274535458
      vertex 1.205520653669963 -2.4716836273227094 -9.236860279185588
    endloop
  endfacet
  facet normal -0.19104200896094 0.42908737748681286 -0.8828289603845456
    outer loop
      vertex 1.030168131893758 -2.549755600058665 -9.236860279185588
      vertex 0.9031919707276566 -2.235478572859179 -9.05663274535458
      vertex 1.05693094285444 -2.167029572418486 -9.05663274535458
    endloop
  endfacet
  facet normal -0.220508262610445 0.4147157253190016 -0.8828289603845456
    outer loop
      vertex 1.205520653669963 -2.4716836273227094 -9.236860279185588
      vertex 1.205520653669963 -2.08802302173002 -9.05663274535458
      vertex 1.375 -2.381569860407206 -9.236860279185588
    endloop
  endfacet
  facet normal -0.2809374971563177 0.4495939772016278 -0.8479029297953664
    outer loop
      vertex 1.537780484544554 -2.663513930119054 -9.440293350947272
      vertex 1.375 -2.381569860407206 -9.236860279185588
      vertex 1.537780484544554 -2.2798533245263646 -9.236860279185588
    endloop
  endfacet
  facet normal -0.22050826261044548 0.41471572531900147 -0.8828289603845455
    outer loop
      vertex 1.205520653669963 -2.4716836273227094 -9.236860279185588
      vertex 1.05693094285444 -2.167029572418486 -9.05663274535458
      vertex 1.205520653669963 -2.08802302173002 -9.05663274535458
    endloop
  endfacet
  facet normal -0.24890022216992222 0.3983236198245163 -0.8828289603845454
    outer loop
      vertex 1.375 -2.381569860407206 -9.236860279185588
      vertex 1.205520653669963 -2.08802302173002 -9.05663274535458
      vertex 1.3482371890393186 -1.9988438327670266 -9.05663274535458
    endloop
  endfacet
  facet normal -0.24890022216992258 0.3983236198245163 -0.8828289603845455
    outer loop
      vertex 1.375 -2.381569860407206 -9.236860279185588
      vertex 1.3482371890393186 -1.9988438327670266 -9.05663274535458
      vertex 1.537780484544554 -2.2798533245263646 -9.236860279185588
    endloop
  endfacet
  facet normal -0.27607956486635266 0.37999092169359516 -0.8828289603845454
    outer loop
      vertex 1.3482371890393186 -1.9988438327670266 -9.05663274535458
      vertex 1.4843852483480027 -1.8999264775738711 -9.05663274535458
      vertex 1.537780484544554 -2.2798533245263646 -9.236860279185588
    endloop
  endfacet
  facet normal -0.13918288122313116 0.3824018233351869 -0.9134533217873544
    outer loop
      vertex 0.7450527381080277 -2.2930365464024227 -9.05663274535458
      vertex 0.7718155490687093 -1.9103105187622427 -8.90048879988267
      vertex 0.9031919707276566 -2.235478572859179 -9.05663274535458
    endloop
  endfacet
  facet normal -0.16551884146896412 0.371761404713318 -0.9134533217873547
    outer loop
      vertex 0.9031919707276566 -2.235478572859179 -9.05663274535458
      vertex 0.9031919707276567 -1.8518179672664896 -8.90048879988267
      vertex 1.05693094285444 -2.167029572418486 -9.05663274535458
    endloop
  endfacet
  facet normal -0.1910484105570591 0.35930980189701067 -0.9134533217873546
    outer loop
      vertex 1.05693094285444 -2.167029572418486 -9.05663274535458
      vertex 1.030168131893758 -1.7843035447783053 -8.90048879988267
      vertex 1.205520653669963 -2.08802302173002 -9.05663274535458
    endloop
  endfacet
  facet normal -0.3023466823724673 0.6790817670764816 -0.6689054023422487
    outer loop
      vertex 1.4948970355900804 -3.700000000000001 -10.217372623500388
      vertex 1.4820818766233943 -3.6682813685171163 -10.179378962475514
      vertex 1.8046105776936878 -3.700000000000001 -10.357363811511364
    endloop
  endfacet
  facet normal -0.30234668237246276 0.6790817670764904 -0.6689054023422418
    outer loop
      vertex 1.4820818766233943 -3.6682813685171163 -10.179378962475514
      vertex 1.7343579726301428 -3.555960813957262 -10.179378962475514
      vertex 1.8046105776936878 -3.700000000000001 -10.357363811511364
    endloop
  endfacet
  facet normal -0.2826320908583402 0.634802069553271 -0.7191282456613196
    outer loop
      vertex 1.4820818766233943 -3.6682813685171163 -10.179378962475514
      vertex 1.613301531936619 -3.3077583285554133 -9.912703459874333
      vertex 1.7343579726301428 -3.555960813957262 -10.179378962475514
    endloop
  endfacet
  facet normal -0.3489805305052777 0.6563369196118853 -0.6689054023422419
    outer loop
      vertex 2.0102852307024803 -3.700000000000001 -10.464668146724033
      vertex 1.8046105776936878 -3.700000000000001 -10.357363811511364
      vertex 1.7343579726301428 -3.555960813957262 -10.179378962475514
    endloop
  endfacet
  facet normal -0.37003406481893014 0.69593285878464 -0.6154285067637167
    outer loop
      vertex 2.0102852307024803 -3.700000000000001 -10.464668146724033
      vertex 2.1066222185771895 -3.6487767149291606 -10.464668146724033
      vertex 2.136195996001616 -3.700000000000001 -10.540373564617504
    endloop
  endfacet
  facet normal -0.41767850262636674 0.6684253297911279 -0.6154285067637165
    outer loop
      vertex 2.1066222185771895 -3.6487767149291606 -10.464668146724033
      vertex 2.470385640839748 -3.700000000000001 -10.767181112391398
      vertex 2.136195996001616 -3.700000000000001 -10.540373564617504
    endloop
  endfacet
  facet normal -0.34898053050528144 0.6563369196118816 -0.6689054023422436
    outer loop
      vertex 2.0102852307024803 -3.700000000000001 -10.464668146724033
      vertex 1.7343579726301428 -3.555960813957262 -10.179378962475514
      vertex 1.9781844509312907 -3.4263159757557378 -10.179378962475514
    endloop
  endfacet
  facet normal -0.34898053050528044 0.6563369196118819 -0.6689054023422439
    outer loop
      vertex 2.0102852307024803 -3.700000000000001 -10.464668146724033
      vertex 1.9781844509312907 -3.4263159757557378 -10.179378962475514
      vertex 2.1066222185771895 -3.6487767149291606 -10.464668146724033
    endloop
  endfacet
  facet normal -0.32622516718756 0.613540305591672 -0.7191282456613188
    outer loop
      vertex 1.7343579726301428 -3.555960813957262 -10.179378962475514
      vertex 1.8401091674868602 -3.1871625695605106 -9.912703459874333
      vertex 1.9781844509312907 -3.4263159757557378 -10.179378962475514
    endloop
  endfacet
  facet normal -0.32622516718755856 0.613540305591672 -0.7191282456613196
    outer loop
      vertex 1.613301531936619 -3.3077583285554133 -9.912703459874333
      vertex 1.8401091674868602 -3.1871625695605106 -9.912703459874333
      vertex 1.7343579726301428 -3.555960813957262 -10.179378962475514
    endloop
  endfacet
  facet normal -0.39391418057287353 0.6303944646496845 -0.6689054023422439
    outer loop
      vertex 2.1066222185771895 -3.6487767149291606 -10.464668146724033
      vertex 1.9781844509312907 -3.4263159757557378 -10.179378962475514
      vertex 2.2123734134339075 -3.2799784705324107 -10.179378962475514
    endloop
  endfacet
  facet normal -0.3939141805728733 0.6303944646496846 -0.668905402342244
    outer loop
      vertex 2.1066222185771895 -3.6487767149291606 -10.464668146724033
      vertex 2.2123734134339075 -3.2799784705324107 -10.179378962475514
      vertex 2.35601638984433 -3.4929379407594996 -10.464668146724033
    endloop
  endfacet
  facet normal -0.36822890729427527 0.5892894349340879 -0.7191282456613197
    outer loop
      vertex 1.9781844509312907 -3.4263159757557378 -10.179378962475514
      vertex 2.0579519761402323 -3.0510392748991704 -9.912703459874333
      vertex 2.2123734134339075 -3.2799784705324107 -10.179378962475514
    endloop
  endfacet
  facet normal -0.36822890729427704 0.5892894349340877 -0.7191282456613189
    outer loop
      vertex 1.9781844509312907 -3.4263159757557378 -10.179378962475514
      vertex 1.8401091674868602 -3.1871625695605106 -9.912703459874333
      vertex 2.0579519761402323 -3.0510392748991704 -9.912703459874333
    endloop
  endfacet
  facet normal -0.40843867317889876 0.5621676053846694 -0.7191282456613198
    outer loop
      vertex 2.2123734134339075 -3.2799784705324107 -10.179378962475514
      vertex 2.0579519761402323 -3.0510392748991704 -9.912703459874333
      vertex 2.2657686496304583 -2.9000516235799165 -9.912703459874333
    endloop
  endfacet
  facet normal -0.48738888024972155 0.6708332430144025 -0.5589587099918045
    outer loop
      vertex 2.4956815123169798 -3.700000000000001 -10.787066614304747
      vertex 2.8361257251206955 -3.630075389715761 -11
      vertex 2.7398827557294756 -3.700000000000001 -11
    endloop
  endfacet
  facet normal -0.4176785026263622 0.6684253297911348 -0.6154285067637122
    outer loop
      vertex 2.1066222185771895 -3.6487767149291606 -10.464668146724033
      vertex 2.35601638984433 -3.4929379407594996 -10.464668146724033
      vertex 2.470385640839748 -3.700000000000001 -10.767181112391398
    endloop
  endfacet
  facet normal -0.43940666393049277 0.7031976565787007 -0.5589587099918013
    outer loop
      vertex 2.470385640839748 -3.700000000000001 -10.767181112391398
      vertex 2.488181091229371 -3.6888801684481027 -10.767181112391398
      vertex 2.4956815123169798 -3.700000000000001 -10.787066614304747
    endloop
  endfacet
  facet normal -0.4873888802497203 0.6708332430144059 -0.5589587099918014
    outer loop
      vertex 2.488181091229371 -3.6888801684481027 -10.767181112391398
      vertex 2.8361257251206955 -3.630075389715761 -11
      vertex 2.4956815123169798 -3.700000000000001 -10.787066614304747
    endloop
  endfacet
  facet normal -0.41767850262636547 0.6684253297911328 -0.6154285067637122
    outer loop
      vertex 2.35601638984433 -3.4929379407594996 -10.464668146724033
      vertex 2.488181091229371 -3.6888801684481027 -10.767181112391398
      vertex 2.470385640839748 -3.700000000000001 -10.767181112391398
    endloop
  endfacet
  facet normal -0.4632880527538992 0.6376612997807596 -0.6154285067637122
    outer loop
      vertex 2.35601638984433 -3.4929379407594996 -10.464668146724033
      vertex 2.593932286086088 -3.320081924051351 -10.464668146724033
      vertex 2.488181091229371 -3.6888801684481027 -10.767181112391398
    endloop
  endfacet
  facet normal -0.4632880527538993 0.6376612997807596 -0.6154285067637121
    outer loop
      vertex 2.488181091229371 -3.6888801684481027 -10.767181112391398
      vertex 2.593932286086088 -3.320081924051351 -10.464668146724033
      vertex 2.7394432797622548 -3.506327502799261 -10.767181112391398
    endloop
  endfacet
  facet normal -0.4873888802497213 0.6708332430144035 -0.5589587099918035
    outer loop
      vertex 2.488181091229371 -3.6888801684481027 -10.767181112391398
      vertex 2.7394432797622548 -3.506327502799261 -10.767181112391398
      vertex 2.8361257251206955 -3.630075389715761 -11
    endloop
  endfacet
  facet normal -0.5329965869365308 0.6352005973220648 -0.5589587099918034
    outer loop
      vertex 2.977359176004013 -3.3066923620115904 -10.767181112391398
      vertex 3.082438324009385 -3.4233945788339453 -11
      vertex 2.8361257251206955 -3.630075389715761 -11
    endloop
  endfacet
  facet normal -0.43692872034883595 0.6013807912227404 -0.6689054023422439
    outer loop
      vertex 2.35601638984433 -3.4929379407594996 -10.464668146724033
      vertex 2.2123734134339075 -3.2799784705324107 -10.179378962475514
      vertex 2.4357839150532716 -3.1176612399029313 -10.179378962475514
    endloop
  endfacet
  facet normal -0.4369287203488358 0.6013807912227406 -0.668905402342244
    outer loop
      vertex 2.35601638984433 -3.4929379407594996 -10.464668146724033
      vertex 2.4357839150532716 -3.1176612399029313 -10.179378962475514
      vertex 2.593932286086088 -3.320081924051351 -10.464668146724033
    endloop
  endfacet
  facet normal -0.40843867317889954 0.5621676053846693 -0.7191282456613194
    outer loop
      vertex 2.2123734134339075 -3.2799784705324107 -10.179378962475514
      vertex 2.2657686496304583 -2.9000516235799165 -9.912703459874333
      vertex 2.4357839150532716 -3.1176612399029313 -10.179378962475514
    endloop
  endfacet
  facet normal -0.4778145873191757 0.5694372510315481 -0.668905402342244
    outer loop
      vertex 2.593932286086088 -3.320081924051351 -10.464668146724033
      vertex 2.4357839150532716 -3.1176612399029313 -10.179378962475514
      vertex 2.647327522282639 -2.940155077098858 -10.179378962475514
    endloop
  endfacet
  facet normal -0.5066405100579666 0.6037906480153457 -0.6154285067637121
    outer loop
      vertex 2.593932286086088 -3.320081924051351 -10.464668146724033
      vertex 2.819210804971196 -3.1310508019426933 -10.464668146724033
      vertex 2.7394432797622548 -3.506327502799261 -10.767181112391398
    endloop
  endfacet
  facet normal -0.5329965869365307 0.6352005973220649 -0.5589587099918036
    outer loop
      vertex 2.7394432797622548 -3.506327502799261 -10.767181112391398
      vertex 2.977359176004013 -3.3066923620115904 -10.767181112391398
      vertex 2.8361257251206955 -3.630075389715761 -11
    endloop
  endfacet
  facet normal -0.5066405100579657 0.6037906480153458 -0.6154285067637125
    outer loop
      vertex 2.7394432797622548 -3.506327502799261 -10.767181112391398
      vertex 2.819210804971196 -3.1310508019426933 -10.464668146724033
      vertex 2.977359176004013 -3.3066923620115904 -10.767181112391398
    endloop
  endfacet
  facet normal -0.5475246657243596 0.5669783889056224 -0.6154285067637126
    outer loop
      vertex 2.977359176004013 -3.3066923620115904 -10.767181112391398
      vertex 2.819210804971196 -3.1310508019426933 -10.464668146724033
      vertex 3.030754412200564 -2.926765515059096 -10.464668146724033
    endloop
  endfacet
  facet normal -0.47781458731917553 0.5694372510315482 -0.6689054023422442
    outer loop
      vertex 2.593932286086088 -3.320081924051351 -10.464668146724033
      vertex 2.647327522282639 -2.940155077098858 -10.179378962475514
      vertex 2.819210804971196 -3.1310508019426933 -10.464668146724033
    endloop
  endfacet
  facet normal -0.30187840477431904 0.567750705175592 -0.7658515296736897
    outer loop
      vertex 1.613301531936619 -3.3077583285554133 -9.912703459874333
      vertex 1.4843852483480027 -3.0434407770715475 -9.66594085516303
      vertex 1.6930690571455602 -2.932481627698845 -9.66594085516303
    endloop
  endfacet
  facet normal -0.3018784047743184 0.567750705175592 -0.76585152967369
    outer loop
      vertex 1.613301531936619 -3.3077583285554133 -9.912703459874333
      vertex 1.6930690571455602 -2.932481627698845 -9.66594085516303
      vertex 1.8401091674868602 -3.1871625695605106 -9.912703459874333
    endloop
  endfacet
  facet normal -0.34074733131143325 0.5453097199762776 -0.7658515296736896
    outer loop
      vertex 1.8401091674868602 -3.1871625695605106 -9.912703459874333
      vertex 1.8935044036834114 -2.807235722608017 -9.66594085516303
      vertex 2.0579519761402323 -3.0510392748991704 -9.912703459874333
    endloop
  endfacet
  facet normal -0.4466585669039032 0.5323069517707095 -0.7191282456613195
    outer loop
      vertex 2.4357839150532716 -3.1176612399029313 -10.179378962475514
      vertex 2.2657686496304583 -2.9000516235799165 -9.912703459874333
      vertex 2.462546726013953 -2.734935212262752 -9.912703459874333
    endloop
  endfacet
  facet normal -0.44665856690390404 0.5323069517707094 -0.7191282456613192
    outer loop
      vertex 2.4357839150532716 -3.1176612399029313 -10.179378962475514
      vertex 2.462546726013953 -2.734935212262752 -9.912703459874333
      vertex 2.647327522282639 -2.940155077098858 -10.179378962475514
    endloop
  endfacet
  facet normal -0.48270238498891666 0.4998529521950282 -0.7191282456613189
    outer loop
      vertex 2.647327522282639 -2.940155077098858 -10.179378962475514
      vertex 2.462546726013953 -2.734935212262752 -9.912703459874333
      vertex 2.647327522282639 -2.5564944715061686 -9.912703459874333
    endloop
  endfacet
  facet normal -0.5163725896498523 0.5347194697929611 -0.6689054023422443
    outer loop
      vertex 2.819210804971196 -3.1310508019426933 -10.464668146724033
      vertex 2.647327522282639 -2.940155077098858 -10.179378962475514
      vertex 2.845973615931878 -2.7483247743025134 -10.179378962475514
    endloop
  endfacet
  facet normal -0.5163725896498531 0.5347194697929609 -0.6689054023422438
    outer loop
      vertex 2.819210804971196 -3.1310508019426933 -10.464668146724033
      vertex 2.845973615931878 -2.7483247743025134 -10.179378962475514
      vertex 3.030754412200564 -2.926765515059096 -10.464668146724033
    endloop
  endfacet
  facet normal -0.4827023849889156 0.4998529521950286 -0.7191282456613196
    outer loop
      vertex 2.647327522282639 -2.940155077098858 -10.179378962475514
      vertex 2.647327522282639 -2.5564944715061686 -9.912703459874333
      vertex 2.845973615931878 -2.7483247743025134 -10.179378962475514
    endloop
  endfacet
  facet normal -0.5163945255753363 0.46496371928129643 -0.7191282456613196
    outer loop
      vertex 2.647327522282639 -2.5564944715061686 -9.912703459874333
      vertex 2.819210804971196 -2.365598746662333 -9.912703459874333
      vertex 2.845973615931878 -2.7483247743025134 -10.179378962475514
    endloop
  endfacet
  facet normal -0.552414876629347 0.49739658904735584 -0.6689054023422438
    outer loop
      vertex 3.030754412200564 -2.926765515059096 -10.464668146724033
      vertex 2.845973615931878 -2.7483247743025134 -10.179378962475514
      vertex 3.030754412200564 -2.543104909466407 -10.179378962475514
    endloop
  endfacet
  facet normal -0.516394525575336 0.4649637192812965 -0.7191282456613196
    outer loop
      vertex 2.845973615931878 -2.7483247743025134 -10.179378962475514
      vertex 2.819210804971196 -2.365598746662333 -9.912703459874333
      vertex 3.030754412200564 -2.543104909466407 -10.179378962475514
    endloop
  endfacet
  facet normal -0.5475708439409488 0.42780922986521663 -0.7191282456613196
    outer loop
      vertex 3.030754412200564 -2.543104909466407 -10.179378962475514
      vertex 2.819210804971196 -2.365598746662333 -9.912703459874333
      vertex 2.9773591760040126 -2.1631780625139134 -9.912703459874333
    endloop
  endfacet
  facet normal -0.2760585163743154 0.5191905577294166 -0.8088466234718602
    outer loop
      vertex 1.4843852483480027 -3.0434407770715475 -9.66594085516303
      vertex 1.537780484544554 -2.663513930119054 -9.440293350947272
      vertex 1.6930690571455602 -2.932481627698845 -9.66594085516303
    endloop
  endfacet
  facet normal -0.3407473313114322 0.5453097199762776 -0.76585152967369
    outer loop
      vertex 1.8401091674868602 -3.1871625695605106 -9.912703459874333
      vertex 1.6930690571455602 -2.932481627698845 -9.66594085516303
      vertex 1.8935044036834114 -2.807235722608017 -9.66594085516303
    endloop
  endfacet
  facet normal -0.3116029542115283 0.49866896697590785 -0.8088466234718602
    outer loop
      vertex 1.6930690571455602 -2.932481627698845 -9.66594085516303
      vertex 1.7198318681062423 -2.5497556000586656 -9.440293350947272
      vertex 1.8935044036834114 -2.807235722608017 -9.66594085516303
    endloop
  endfacet
  facet normal -0.3116029542115281 0.4986689669759079 -0.8088466234718603
    outer loop
      vertex 1.537780484544554 -2.663513930119054 -9.440293350947272
      vertex 1.7198318681062423 -2.5497556000586656 -9.440293350947272
      vertex 1.6930690571455602 -2.932481627698845 -9.66594085516303
    endloop
  endfacet
  facet normal -0.34562929377804547 0.4757179111413196 -0.8088466234718602
    outer loop
      vertex 1.8935044036834114 -2.807235722608017 -9.66594085516303
      vertex 1.7198318681062423 -2.5497556000586656 -9.440293350947272
      vertex 1.8935044036834114 -2.4235751170153277 -9.440293350947272
    endloop
  endfacet
  facet normal -0.3779561711022018 0.5202120406355787 -0.7658515296736895
    outer loop
      vertex 1.8935044036834114 -2.807235722608017 -9.66594085516303
      vertex 2.0847147871009137 -2.66831324725899 -9.66594085516303
      vertex 2.0579519761402323 -3.0510392748991704 -9.912703459874333
    endloop
  endfacet
  facet normal -0.37795617110220175 0.5202120406355787 -0.7658515296736895
    outer loop
      vertex 2.0579519761402323 -3.0510392748991704 -9.912703459874333
      vertex 2.0847147871009137 -2.66831324725899 -9.66594085516303
      vertex 2.2657686496304583 -2.9000516235799165 -9.912703459874333
    endloop
  endfacet
  facet normal -0.3456292937780449 0.47571791114131967 -0.8088466234718603
    outer loop
      vertex 1.8935044036834114 -2.807235722608017 -9.66594085516303
      vertex 1.8935044036834114 -2.4235751170153277 -9.440293350947272
      vertex 2.0847147871009137 -2.66831324725899 -9.66594085516303
    endloop
  endfacet
  facet normal -0.41332364641937985 0.4925799405244364 -0.7658515296736895
    outer loop
      vertex 2.2657686496304583 -2.9000516235799165 -9.912703459874333
      vertex 2.0847147871009137 -2.66831324725899 -9.66594085516303
      vertex 2.2657686496304583 -2.5163910179872278 -9.66594085516303
    endloop
  endfacet
  facet normal -0.2809374971563171 0.4495939772016279 -0.8479029297953666
    outer loop
      vertex 1.537780484544554 -2.663513930119054 -9.440293350947272
      vertex 1.537780484544554 -2.2798533245263646 -9.236860279185588
      vertex 1.7198318681062423 -2.5497556000586656 -9.440293350947272
    endloop
  endfacet
  facet normal -0.3116152379992967 0.42890157972555343 -0.8479029297953666
    outer loop
      vertex 1.537780484544554 -2.2798533245263646 -9.236860279185588
      vertex 1.6930690571455602 -2.1670295724184854 -9.236860279185588
      vertex 1.7198318681062423 -2.5497556000586656 -9.440293350947272
    endloop
  endfacet
  facet normal -0.31161523799929763 0.4289015797255533 -0.8479029297953664
    outer loop
      vertex 1.7198318681062423 -2.5497556000586656 -9.440293350947272
      vertex 1.6930690571455602 -2.1670295724184854 -9.236860279185588
      vertex 1.8935044036834114 -2.4235751170153277 -9.440293350947272
    endloop
  endfacet
  facet normal -0.2760795648663521 0.3799909216935953 -0.8828289603845455
    outer loop
      vertex 1.537780484544554 -2.2798533245263646 -9.236860279185588
      vertex 1.4843852483480027 -1.8999264775738711 -9.05663274535458
      vertex 1.6930690571455602 -2.1670295724184854 -9.236860279185588
    endloop
  endfacet
  facet normal -0.3407748207261971 0.4061196168660931 -0.8479029297953663
    outer loop
      vertex 1.8935044036834114 -2.4235751170153277 -9.440293350947272
      vertex 1.6930690571455602 -2.1670295724184854 -9.236860279185588
      vertex 1.8401091674868602 -2.043648270062834 -9.236860279185588
    endloop
  endfacet
  facet normal -0.3019138756741734 0.35980694598873764 -0.8828289603845455
    outer loop
      vertex 1.6133015319366188 -1.7917528715619178 -9.05663274535458
      vertex 1.8401091674868602 -2.043648270062834 -9.236860279185588
      vertex 1.6930690571455602 -2.1670295724184854 -9.236860279185588
    endloop
  endfacet
  facet normal -0.37797176216780753 0.4504492054626504 -0.8088466234718603
    outer loop
      vertex 1.8935044036834114 -2.4235751170153277 -9.440293350947272
      vertex 2.0579519761402323 -2.2855872196188107 -9.440293350947272
      vertex 2.0847147871009137 -2.66831324725899 -9.66594085516303
    endloop
  endfacet
  facet normal -0.37797176216780753 0.45044920546265027 -0.8088466234718602
    outer loop
      vertex 2.0847147871009137 -2.66831324725899 -9.66594085516303
      vertex 2.0579519761402323 -2.2855872196188107 -9.440293350947272
      vertex 2.2657686496304583 -2.5163910179872278 -9.66594085516303
    endloop
  endfacet
  facet normal -0.4084727901258793 0.422985956533961 -0.8088466234718603
    outer loop
      vertex 2.2657686496304583 -2.5163910179872278 -9.66594085516303
      vertex 2.0579519761402323 -2.2855872196188107 -9.440293350947272
      vertex 2.2123734134339075 -2.136464171034734 -9.440293350947272
    endloop
  endfacet
  facet normal -0.3407748207261961 0.4061196168660933 -0.8479029297953665
    outer loop
      vertex 1.8935044036834114 -2.4235751170153277 -9.440293350947272
      vertex 1.8401091674868602 -2.043648270062834 -9.236860279185588
      vertex 2.0579519761402323 -2.2855872196188107 -9.440293350947272
    endloop
  endfacet
  facet normal -0.3682741827810841 0.38135908005626173 -0.8479029297953666
    outer loop
      vertex 2.0579519761402323 -2.2855872196188107 -9.440293350947272
      vertex 1.8401091674868602 -2.043648270062834 -9.236860279185588
      vertex 1.9781844509312907 -1.9103105187622424 -9.236860279185588
    endloop
  endfacet
  facet normal -0.36827418278108426 0.3813590800562616 -0.8479029297953665
    outer loop
      vertex 2.0579519761402323 -2.2855872196188107 -9.440293350947272
      vertex 1.9781844509312907 -1.9103105187622424 -9.236860279185588
      vertex 2.2123734134339075 -2.136464171034734 -9.440293350947272
    endloop
  endfacet
  facet normal -0.41332364641937985 0.4925799405244364 -0.7658515296736895
    outer loop
      vertex 2.2657686496304583 -2.9000516235799165 -9.912703459874333
      vertex 2.2657686496304583 -2.5163910179872278 -9.66594085516303
      vertex 2.462546726013953 -2.734935212262752 -9.912703459874333
    endloop
  endfacet
  facet normal -0.44667745047835233 0.4625480404570198 -0.7658515296736896
    outer loop
      vertex 2.2657686496304583 -2.5163910179872278 -9.66594085516303
      vertex 2.4357839150532716 -2.3522091846225717 -9.66594085516303
      vertex 2.462546726013953 -2.734935212262752 -9.912703459874333
    endloop
  endfacet
  facet normal -0.44667745047835294 0.4625480404570196 -0.7658515296736893
    outer loop
      vertex 2.4357839150532716 -2.3522091846225717 -9.66594085516303
      vertex 2.647327522282639 -2.5564944715061686 -9.912703459874333
      vertex 2.462546726013953 -2.734935212262752 -9.912703459874333
    endloop
  endfacet
  facet normal -0.4084727901258791 0.42298595653396104 -0.8088466234718603
    outer loop
      vertex 2.2657686496304583 -2.5163910179872278 -9.66594085516303
      vertex 2.2123734134339075 -2.136464171034734 -9.440293350947272
      vertex 2.4357839150532716 -2.3522091846225717 -9.66594085516303
    endloop
  endfacet
  facet normal -0.4778550868984549 0.4302626528316634 -0.7658515296736894
    outer loop
      vertex 2.4357839150532716 -2.3522091846225717 -9.66594085516303
      vertex 2.593932286086088 -2.176567624553675 -9.66594085516303
      vertex 2.647327522282639 -2.5564944715061686 -9.912703459874333
    endloop
  endfacet
  facet normal -0.43698377970999874 0.39346196254343824 -0.8088466234718604
    outer loop
      vertex 2.2123734134339075 -2.136464171034734 -9.440293350947272
      vertex 2.35601638984433 -1.9769324837660038 -9.440293350947272
      vertex 2.4357839150532716 -2.3522091846225717 -9.66594085516303
    endloop
  endfacet
  facet normal -0.43698377970999874 0.3934619625434381 -0.8088466234718604
    outer loop
      vertex 2.4357839150532716 -2.3522091846225717 -9.66594085516303
      vertex 2.35601638984433 -1.9769324837660038 -9.440293350947272
      vertex 2.593932286086088 -2.176567624553675 -9.66594085516303
    endloop
  endfacet
  facet normal -0.4778550868984544 0.4302626528316635 -0.7658515296736894
    outer loop
      vertex 2.647327522282639 -2.5564944715061686 -9.912703459874333
      vertex 2.593932286086088 -2.176567624553675 -9.66594085516303
      vertex 2.819210804971196 -2.365598746662333 -9.912703459874333
    endloop
  endfacet
  facet normal -0.5067046613690114 0.39588106881156315 -0.7658515296736895
    outer loop
      vertex 2.593932286086088 -2.176567624553675 -9.66594085516303
      vertex 2.7394432797622548 -1.9903220458057655 -9.66594085516303
      vertex 2.819210804971196 -2.365598746662333 -9.912703459874333
    endloop
  endfacet
  facet normal -0.5067046613690118 0.39588106881156293 -0.7658515296736892
    outer loop
      vertex 2.819210804971196 -2.365598746662333 -9.912703459874333
      vertex 2.7394432797622548 -1.9903220458057655 -9.66594085516303
      vertex 2.9773591760040126 -2.1631780625139134 -9.912703459874333
    endloop
  endfacet
  facet normal -0.023870959196039952 0.34137062069014895 -0.9396256045024972
    outer loop
      vertex 0.07190469864409559 -2.0590811626040395 -8.90048879988267
      vertex 0.17765589350081304 -1.6902829182072885 -8.769189160376655
      vertex 0.21536378346832777 -2.049049526157947 -8.90048879988267
    endloop
  endfacet
  facet normal 0 0.34220421295378084 -0.9396256045024971
    outer loop
      vertex -0.05931495666912881 -1.6985581226423367 -8.769189160376655
      vertex 0.05931495666912881 -1.6985581226423367 -8.769189160376655
      vertex 0.07190469864409559 -2.0590811626040395 -8.90048879988267
    endloop
  endfacet
  facet normal -0.02387095919604016 0.34137062069014906 -0.9396256045024973
    outer loop
      vertex 0.07190469864409559 -2.0590811626040395 -8.90048879988267
      vertex 0.05931495666912881 -1.6985581226423367 -8.769189160376655
      vertex 0.17765589350081304 -1.6902829182072885 -8.769189160376655
    endloop
  endfacet
  facet normal -0.047625621478376096 0.33887390507696974 -0.9396256045024973
    outer loop
      vertex 0.21536378346832777 -2.049049526157947 -8.90048879988267
      vertex 0.2951313086772692 -1.6737728253013795 -8.769189160376655
      vertex 0.35777363758779407 -2.0290351263901516 -8.90048879988267
    endloop
  endfacet
  facet normal -0.04762562147837581 0.33887390507696963 -0.9396256045024972
    outer loop
      vertex 0.21536378346832777 -2.049049526157947 -8.90048879988267
      vertex 0.17765589350081304 -1.6902829182072885 -8.769189160376655
      vertex 0.2951313086772692 -1.6737728253013795 -8.769189160376655
    endloop
  endfacet
  facet normal -0.07114825652018102 0.3347262298617411 -0.9396256045024971
    outer loop
      vertex 0.35777363758779407 -2.0290351263901516 -8.90048879988267
      vertex 0.2951313086772692 -1.6737728253013795 -8.769189160376655
      vertex 0.41116887378434525 -1.6491082794376581 -8.769189160376655
    endloop
  endfacet
  facet normal -0.01923831878978042 0.2751207763528723 -0.9612171687548738
    outer loop
      vertex 0.05931495666912881 -1.6985581226423367 -8.769189160376655
      vertex 0.05243180158297885 -1.5014503502097578 -8.712634964846544
      vertex 0.17765589350081304 -1.6902829182072885 -8.769189160376655
    endloop
  endfacet
  facet normal 0 0.275792593248739 -0.961217168754874
    outer loop
      vertex -0.05243180158297885 -1.5014503502097578 -8.712634964846544
      vertex 0.05243180158297885 -1.5014503502097578 -8.712634964846544
      vertex 0.05931495666912881 -1.6985581226423367 -8.769189160376655
    endloop
  endfacet
  facet normal -0.019238318789771107 0.27512077635287807 -0.9612171687548724
    outer loop
      vertex 0.17765589350081304 -1.6902829182072885 -8.769189160376655
      vertex 0.05243180158297885 -1.5014503502097578 -8.712634964846544
      vertex 0.15792821468755916 -1.5025865921421457 -8.715071643533921
    endloop
  endfacet
  facet normal -0.03838291042424535 0.27310859868966303 -0.9612171687548726
    outer loop
      vertex 0.17765589350081304 -1.6902829182072885 -8.769189160376655
      vertex 0.15792821468755916 -1.5025865921421457 -8.715071643533921
      vertex 0.2951313086772692 -1.6737728253013795 -8.769189160376655
    endloop
  endfacet
  facet normal -0.03838291042424277 0.27310859868966486 -0.961217168754872
    outer loop
      vertex 0.2951313086772692 -1.6737728253013795 -8.769189160376655
      vertex 0.15792821468755916 -1.5025865921421457 -8.715071643533921
      vertex 0.2653531302358359 -1.5048923832851466 -8.720016428597336
    endloop
  endfacet
  facet normal -0.05734050437736105 0.2697658633864145 -0.9612171687548721
    outer loop
      vertex 0.2951313086772692 -1.6737728253013795 -8.769189160376655
      vertex 0.2653531302358359 -1.5048923832851466 -8.720016428597336
      vertex 0.41116887378434525 -1.6491082794376581 -8.769189160376655
    endloop
  endfacet
  facet normal -0.05734050437736295 0.26976586338641273 -0.9612171687548724
    outer loop
      vertex 0.41116887378434525 -1.6491082794376581 -8.769189160376655
      vertex 0.2653531302358359 -1.5048923832851466 -8.720016428597336
      vertex 0.376095527900238 -1.5084367724903727 -8.727617395776923
    endloop
  endfacet
  facet normal -0.07114825652018059 0.33472622986174105 -0.9396256045024972
    outer loop
      vertex 0.35777363758779407 -2.0290351263901516 -8.90048879988267
      vertex 0.41116887378434525 -1.6491082794376581 -8.769189160376655
      vertex 0.49844045450821295 -1.9991354714444811 -8.90048879988267
    endloop
  endfacet
  facet normal -0.09432426440801771 0.3289478021011889 -0.9396256045024972
    outer loop
      vertex 0.49844045450821295 -1.9991354714444811 -8.90048879988267
      vertex 0.5252032654688945 -1.616409443804301 -8.769189160376655
      vertex 0.636678919637327 -1.9594962294343277 -8.90048879988267
    endloop
  endfacet
  facet normal -0.09432426440801733 0.3289478021011889 -0.9396256045024973
    outer loop
      vertex 0.49844045450821295 -1.9991354714444811 -8.90048879988267
      vertex 0.41116887378434525 -1.6491082794376581 -8.769189160376655
      vertex 0.5252032654688945 -1.616409443804301 -8.769189160376655
    endloop
  endfacet
  facet normal -0.11704073396109933 0.32156677371451736 -0.9396256045024973
    outer loop
      vertex 0.636678919637327 -1.9594962294343277 -8.90048879988267
      vertex 0.636678919637327 -1.5758356238416384 -8.769189160376655
      vertex 0.7718155490687093 -1.9103105187622427 -8.90048879988267
    endloop
  endfacet
  facet normal -0.07601874115699693 0.2651088559135145 -0.9612171687548725
    outer loop
      vertex 0.41116887378434525 -1.6491082794376581 -8.769189160376655
      vertex 0.376095527900238 -1.5084367724903727 -8.727617395776923
      vertex 0.5252032654688945 -1.616409443804301 -8.769189160376655
    endloop
  endfacet
  facet normal -0.07601874115700216 0.2651088559135079 -0.9612171687548738
    outer loop
      vertex 0.5252032654688945 -1.616409443804301 -8.769189160376655
      vertex 0.376095527900238 -1.5084367724903727 -8.727617395776923
      vertex 0.49171064490894173 -1.513329756890077 -8.738110434684035
    endloop
  endfacet
  facet normal -0.09432662227109197 0.25916026474324966 -0.9612171687548737
    outer loop
      vertex 0.5252032654688945 -1.616409443804301 -8.769189160376655
      vertex 0.49171064490894173 -1.513329756890077 -8.738110434684035
      vertex 0.6140111861275477 -1.5197310146348397 -8.751837976217644
    endloop
  endfacet
  facet normal -0.1170407339611 0.3215667737145173 -0.9396256045024972
    outer loop
      vertex 0.5252032654688945 -1.616409443804301 -8.769189160376655
      vertex 0.636678919637327 -1.5758356238416384 -8.769189160376655
      vertex 0.636678919637327 -1.9594962294343277 -8.90048879988267
    endloop
  endfacet
  facet normal -0.13918699282321634 0.3126191043300879 -0.9396256045024973
    outer loop
      vertex 0.7718155490687093 -1.9103105187622427 -8.90048879988267
      vertex 0.636678919637327 -1.5758356238416384 -8.769189160376655
      vertex 0.7445192739085743 -1.5278220046862445 -8.769189160376655
    endloop
  endfacet
  facet normal -0.09432662227109169 0.2591602647432494 -0.9612171687548738
    outer loop
      vertex 0.5252032654688945 -1.616409443804301 -8.769189160376655
      vertex 0.6140111861275477 -1.5197310146348397 -8.751837976217644
      vertex 0.636678919637327 -1.5758356238416384 -8.769189160376655
    endloop
  endfacet
  facet normal -0.11217495356316111 0.2519490708138591 -0.961217168754874
    outer loop
      vertex 0.636678919637327 -1.5758356238416384 -8.769189160376655
      vertex 0.6140111861275477 -1.5197310146348397 -8.751837976217644
      vertex 0.7445192739085743 -1.5278220046862445 -8.769189160376655
    endloop
  endfacet
  facet normal -0.16551884146896523 0.37176140471331787 -0.9134533217873545
    outer loop
      vertex 0.7718155490687093 -1.9103105187622427 -8.90048879988267
      vertex 0.9031919707276567 -1.8518179672664896 -8.90048879988267
      vertex 0.9031919707276566 -2.235478572859179 -9.05663274535458
    endloop
  endfacet
  facet normal -0.13918699282321714 0.31261910433008777 -0.9396256045024973
    outer loop
      vertex 0.7718155490687093 -1.9103105187622427 -8.90048879988267
      vertex 0.7445192739085743 -1.5278220046862445 -8.769189160376655
      vertex 0.9031919707276567 -1.8518179672664896 -8.90048879988267
    endloop
  endfacet
  facet normal -0.1910484105570585 0.35930980189701067 -0.9134533217873547
    outer loop
      vertex 1.05693094285444 -2.167029572418486 -9.05663274535458
      vertex 0.9031919707276567 -1.8518179672664896 -8.90048879988267
      vertex 1.030168131893758 -1.7843035447783053 -8.90048879988267
    endloop
  endfacet
  facet normal -0.13918699282303676 0.3126191043301798 -0.9396256045024933
    outer loop
      vertex 0.9031919707276567 -1.8518179672664896 -8.90048879988267
      vertex 0.7445192739085743 -1.5278220046862445 -8.769189160376655
      vertex 0.7451955485605752 -1.5278772959415385 -8.769307732856277
    endloop
  endfacet
  facet normal -0.16065514664732772 0.3021483860937245 -0.9396256045024971
    outer loop
      vertex 0.9031919707276567 -1.8518179672664896 -8.90048879988267
      vertex 0.7451955485605752 -1.5278772959415385 -8.769307732856277
      vertex 1.030168131893758 -1.7843035447783053 -8.90048879988267
    endloop
  endfacet
  facet normal -0.1606551466473296 0.30214838609372263 -0.9396256045024974
    outer loop
      vertex 1.030168131893758 -1.7843035447783053 -8.90048879988267
      vertex 0.7451955485605752 -1.5278772959415385 -8.769307732856277
      vertex 0.889959465827246 -1.5414550114896481 -8.798425237813909
    endloop
  endfacet
  facet normal -0.18134060474596655 0.29020563129216387 -0.9396256045024974
    outer loop
      vertex 1.030168131893758 -1.7843035447783053 -8.90048879988267
      vertex 0.889959465827246 -1.5414550114896481 -8.798425237813909
      vertex 1.0511557298314766 -1.5584024568766703 -8.834769151731335
    endloop
  endfacet
  facet normal -0.18134060474597125 0.29020563129216403 -0.9396256045024964
    outer loop
      vertex 1.030168131893758 -1.7843035447783053 -8.90048879988267
      vertex 1.0511557298314766 -1.5584024568766703 -8.834769151731335
      vertex 1.152125417473412 -1.7080961747775265 -8.90048879988267
    endloop
  endfacet
  facet normal -0.2156472109930361 0.3451076778435574 -0.9134533217873546
    outer loop
      vertex 1.205520653669963 -2.08802302173002 -9.05663274535458
      vertex 1.152125417473412 -1.7080961747775265 -8.90048879988267
      vertex 1.3482371890393186 -1.9988438327670266 -9.05663274535458
    endloop
  endfacet
  facet normal -0.21564721099303608 0.34510767784355745 -0.9134533217873546
    outer loop
      vertex 1.205520653669963 -2.08802302173002 -9.05663274535458
      vertex 1.030168131893758 -1.7843035447783053 -8.90048879988267
      vertex 1.152125417473412 -1.7080961747775265 -8.90048879988267
    endloop
  endfacet
  facet normal -0.23919539989383876 0.3292242238737518 -0.9134533217873546
    outer loop
      vertex 1.152125417473412 -1.7080961747775265 -8.90048879988267
      vertex 1.268469663830377 -1.6235671319104585 -8.90048879988267
      vertex 1.3482371890393186 -1.9988438327670266 -9.05663274535458
    endloop
  endfacet
  facet normal -0.23919539989383917 0.32922422387375166 -0.9134533217873545
    outer loop
      vertex 1.3482371890393186 -1.9988438327670266 -9.05663274535458
      vertex 1.268469663830377 -1.6235671319104585 -8.90048879988267
      vertex 1.4843852483480027 -1.8999264775738711 -9.05663274535458
    endloop
  endfacet
  facet normal -0.26157825285019615 0.3117368225787382 -0.913453321787354
    outer loop
      vertex 1.4843852483480027 -1.8999264775738711 -9.05663274535458
      vertex 1.3626883862908232 -1.5974774553360442 -8.918565756346363
      vertex 1.6133015319366188 -1.7917528715619178 -9.05663274535458
    endloop
  endfacet
  facet normal -0.20114258964657736 0.27684902382630105 -0.9396256045025023
    outer loop
      vertex 1.152125417473412 -1.7080961747775265 -8.90048879988267
      vertex 1.234097239151058 -1.5795724345639774 -8.880168315388799
      vertex 1.268469663830377 -1.6235671319104585 -8.90048879988267
    endloop
  endfacet
  facet normal -0.20114258964659257 0.2768490238263098 -0.9396256045024964
    outer loop
      vertex 1.152125417473412 -1.7080961747775265 -8.90048879988267
      vertex 1.0511557298314766 -1.5584024568766703 -8.834769151731335
      vertex 1.234097239151058 -1.5795724345639774 -8.880168315388799
    endloop
  endfacet
  facet normal -0.21996462806921482 0.2621436357451372 -0.9396256045025023
    outer loop
      vertex 1.268469663830377 -1.6235671319104585 -8.90048879988267
      vertex 1.234097239151058 -1.5795724345639774 -8.880168315388799
      vertex 1.3096079250415489 -1.5890480321008897 -8.90048879988267
    endloop
  endfacet
  facet normal -0.26157825285019465 0.3117368225787377 -0.9134533217873546
    outer loop
      vertex 1.4843852483480027 -1.8999264775738711 -9.05663274535458
      vertex 1.268469663830377 -1.6235671319104585 -8.90048879988267
      vertex 1.3096079250415489 -1.5890480321008897 -8.90048879988267
    endloop
  endfacet
  facet normal -0.2615782528501861 0.3117368225787428 -0.9134533217873552
    outer loop
      vertex 1.4843852483480027 -1.8999264775738711 -9.05663274535458
      vertex 1.3096079250415489 -1.5890480321008897 -8.90048879988267
      vertex 1.3626883862908232 -1.5974774553360442 -8.918565756346363
    endloop
  endfacet
  facet normal -0.2615782528501959 0.31173682257873864 -0.9134533217873538
    outer loop
      vertex 1.6133015319366188 -1.7917528715619178 -9.05663274535458
      vertex 1.3626883862908232 -1.5974774553360442 -8.918565756346363
      vertex 1.4446042014475087 -1.6043955051024354 -8.944384269563825
    endloop
  endfacet
  facet normal -0.30191387567417305 0.35980694598873775 -0.8828289603845456
    outer loop
      vertex 1.4843852483480027 -1.8999264775738711 -9.05663274535458
      vertex 1.6133015319366188 -1.7917528715619178 -9.05663274535458
      vertex 1.6930690571455602 -2.1670295724184854 -9.236860279185588
    endloop
  endfacet
  facet normal -0.32627729242798653 0.3378700270106904 -0.8828289603845456
    outer loop
      vertex 1.8401091674868602 -2.043648270062834 -9.236860279185588
      vertex 1.7343579726301428 -1.6748500256660834 -9.05663274535458
      vertex 1.9781844509312907 -1.9103105187622424 -9.236860279185588
    endloop
  endfacet
  facet normal -0.32627729242798653 0.3378700270106904 -0.8828289603845456
    outer loop
      vertex 1.6133015319366188 -1.7917528715619178 -9.05663274535458
      vertex 1.7343579726301428 -1.6748500256660834 -9.05663274535458
      vertex 1.8401091674868602 -2.043648270062834 -9.236860279185588
    endloop
  endfacet
  facet normal -0.2826867228524301 0.2927306708198048 -0.9134533217873481
    outer loop
      vertex 1.6133015319366188 -1.7917528715619178 -9.05663274535458
      vertex 1.6838760955727927 -1.6261002436606098 -9.02538745662793
      vertex 1.7343579726301428 -1.6748500256660834 -9.05663274535458
    endloop
  endfacet
  facet normal -0.3024179715564895 0.27229836465781043 -0.9134533217873481
    outer loop
      vertex 1.6838760955727927 -1.6261002436606098 -9.02538745662793
      vertex 1.770714155893664 -1.6344723935421928 -9.05663274535458
      vertex 1.7343579726301428 -1.6748500256660834 -9.05663274535458
    endloop
  endfacet
  facet normal -0.3490511190103706 0.3142870392236222 -0.8828289603845455
    outer loop
      vertex 1.7343579726301428 -1.6748500256660834 -9.05663274535458
      vertex 1.770714155893664 -1.6344723935421928 -9.05663274535458
      vertex 1.9781844509312907 -1.9103105187622424 -9.236860279185588
    endloop
  endfacet
  facet normal -0.3490511190103709 0.3142870392236236 -0.882828960384545
    outer loop
      vertex 1.9781844509312907 -1.9103105187622424 -9.236860279185588
      vertex 1.976627536623734 -1.6585874369558307 -9.146631312601006
      vertex 2.1066222185771895 -1.7676659266379828 -9.236860279185588
    endloop
  endfacet
  facet normal -0.3939793500362542 0.35474060014247644 -0.8479029297953665
    outer loop
      vertex 2.2123734134339075 -2.136464171034734 -9.440293350947272
      vertex 1.9781844509312907 -1.9103105187622424 -9.236860279185588
      vertex 2.1066222185771895 -1.7676659266379828 -9.236860279185588
    endloop
  endfacet
  facet normal -0.393979350036254 0.35474060014247655 -0.8479029297953667
    outer loop
      vertex 2.2123734134339075 -2.136464171034734 -9.440293350947272
      vertex 2.1066222185771895 -1.7676659266379828 -9.236860279185588
      vertex 2.35601638984433 -1.9769324837660038 -9.440293350947272
    endloop
  endfacet
  facet normal -0.4177650895007106 0.32639385968320045 -0.8479029297953666
    outer loop
      vertex 2.35601638984433 -1.9769324837660038 -9.440293350947272
      vertex 2.1066222185771895 -1.7676659266379828 -9.236860279185588
      vertex 2.1774751909719035 -1.6769782575053622 -9.236860279185588
    endloop
  endfacet
  facet normal -0.34905111901036856 0.31428703922362394 -0.8828289603845457
    outer loop
      vertex 1.770714155893664 -1.6344723935421928 -9.05663274535458
      vertex 1.976627536623734 -1.6585874369558307 -9.146631312601006
      vertex 1.9781844509312907 -1.9103105187622424 -9.236860279185588
    endloop
  endfacet
  facet normal -0.37012440362743343 0.289172876573479 -0.8828289603845448
    outer loop
      vertex 1.976627536623734 -1.6585874369558307 -9.146631312601006
      vertex 2.1031913297950133 -1.6741731801207536 -9.204798097966219
      vertex 2.1066222185771895 -1.7676659266379828 -9.236860279185588
    endloop
  endfacet
  facet normal -0.37012440362742494 0.28917287657348034 -0.8828289603845478
    outer loop
      vertex 2.1066222185771895 -1.7676659266379828 -9.236860279185588
      vertex 2.1031913297950133 -1.6741731801207536 -9.204798097966219
      vertex 2.1774751909719035 -1.6769782575053622 -9.236860279185588
    endloop
  endfacet
  facet normal -0.2826867228524161 0.2927306708197999 -0.9134533217873541
    outer loop
      vertex 1.6133015319366188 -1.7917528715619178 -9.05663274535458
      vertex 1.4446042014475087 -1.6043955051024354 -8.944384269563825
      vertex 1.6838760955727927 -1.6261002436606098 -9.02538745662793
    endloop
  endfacet
  facet normal -0.46336582824482536 0.36202106142206353 -0.8088466234718602
    outer loop
      vertex 2.35601638984433 -1.9769324837660038 -9.440293350947272
      vertex 2.4881810912293707 -1.8077693801569246 -9.440293350947272
      vertex 2.593932286086088 -2.176567624553675 -9.66594085516303
    endloop
  endfacet
  facet normal -0.4633658282448256 0.3620210614220635 -0.8088466234718603
    outer loop
      vertex 2.593932286086088 -2.176567624553675 -9.66594085516303
      vertex 2.4881810912293707 -1.8077693801569246 -9.440293350947272
      vertex 2.7394432797622548 -1.9903220458057655 -9.66594085516303
    endloop
  endfacet
  facet normal -0.4874904050418149 0.3288164300796692 -0.8088466234718603
    outer loop
      vertex 2.7394432797622548 -1.9903220458057655 -9.66594085516303
      vertex 2.4881810912293707 -1.8077693801569246 -9.440293350947272
      vertex 2.5643958557388604 -1.6947763450707654 -9.440293350947272
    endloop
  endfacet
  facet normal -0.41776508950071184 0.3263938596831995 -0.8479029297953663
    outer loop
      vertex 2.35601638984433 -1.9769324837660038 -9.440293350947272
      vertex 2.1774751909719035 -1.6769782575053622 -9.236860279185588
      vertex 2.4881810912293707 -1.8077693801569246 -9.440293350947272
    endloop
  endfacet
  facet normal -0.4177650895007121 0.3263938596831992 -0.8479029297953664
    outer loop
      vertex 2.4881810912293707 -1.8077693801569246 -9.440293350947272
      vertex 2.1774751909719035 -1.6769782575053622 -9.236860279185588
      vertex 2.3167113928739576 -1.683189352037466 -9.307853414544926
    endloop
  endfacet
  facet normal -0.43951551944272294 0.29645696114854053 -0.8479029297953665
    outer loop
      vertex 2.4881810912293707 -1.8077693801569246 -9.440293350947272
      vertex 2.3167113928739576 -1.683189352037466 -9.307853414544926
      vertex 2.5643958557388604 -1.6947763450707654 -9.440293350947272
    endloop
  endfacet
  facet normal -0.487490405041819 0.32881643007966566 -0.8088466234718592
    outer loop
      vertex 2.7394432797622548 -1.9903220458057655 -9.66594085516303
      vertex 2.5643958557388604 -1.6947763450707654 -9.440293350947272
      vertex 2.6599380396210726 -1.7 -9.5
    endloop
  endfacet
  facet normal -0.4874904050418254 0.32881643007966255 -0.8088466234718565
    outer loop
      vertex 2.7394432797622548 -1.9903220458057655 -9.66594085516303
      vertex 2.6599380396210726 -1.7 -9.5
      vertex 2.7160003868482963 -1.6971454015153777 -9.532628209982617
    endloop
  endfacet
  facet normal -0.4874904050418135 0.32881643007966604 -0.8088466234718623
    outer loop
      vertex 2.7394432797622548 -1.9903220458057655 -9.66594085516303
      vertex 2.7160003868482963 -1.6971454015153777 -9.532628209982617
      vertex 2.871607981147295 -1.7943798181171624 -9.66594085516303
    endloop
  endfacet
  facet normal -0.5330856216631551 0.3595707920180362 -0.7658515296736892
    outer loop
      vertex 2.7394432797622548 -1.9903220458057655 -9.66594085516303
      vertex 2.871607981147295 -1.7943798181171624 -9.66594085516303
      vertex 2.9773591760040126 -2.1631780625139134 -9.912703459874333
    endloop
  endfacet
  facet normal -0.5330856216631535 0.3595707920180371 -0.7658515296736899
    outer loop
      vertex 2.9773591760040126 -2.1631780625139134 -9.912703459874333
      vertex 2.871607981147295 -1.7943798181171624 -9.66594085516303
      vertex 3.1210021524144356 -1.9502185922868243 -9.912703459874333
    endloop
  endfacet
  facet normal -0.556869442394132 0.3215087224697298 -0.7658515296736899
    outer loop
      vertex 2.871607981147295 -1.7943798181171624 -9.66594085516303
      vertex 2.93448013321342 -1.6854820563574375 -9.66594085516303
      vertex 3.1210021524144356 -1.9502185922868243 -9.912703459874333
    endloop
  endfacet
  facet normal -0.509239977587802 0.29400983814243736 -0.8088466234718623
    outer loop
      vertex 2.7160003868482963 -1.6971454015153777 -9.532628209982617
      vertex 2.93448013321342 -1.6854820563574375 -9.66594085516303
      vertex 2.871607981147295 -1.7943798181171624 -9.66594085516303
    endloop
  endfacet
  facet normal -0.5760075878284185 0.5964733181697113 -0.5589587099918035
    outer loop
      vertex 2.977359176004013 -3.3066923620115904 -10.767181112391398
      vertex 3.3137335932291174 -3.2000353336824694 -11
      vertex 3.082438324009385 -3.4233945788339453 -11
    endloop
  endfacet
  facet normal -0.6162123376524861 0.5548400809685231 -0.5589587099918034
    outer loop
      vertex 3.2007696776233776 -3.0909473484237524 -10.767181112391398
      vertex 3.5288846854779736 -2.961085838051719 -11
      vertex 3.3137335932291174 -3.2000353336824694 -11
    endloop
  endfacet
  facet normal -0.5760075878284187 0.5964733181697113 -0.5589587099918035
    outer loop
      vertex 2.977359176004013 -3.3066923620115904 -10.767181112391398
      vertex 3.2007696776233776 -3.0909473484237524 -10.767181112391398
      vertex 3.3137335932291174 -3.2000353336824694 -11
    endloop
  endfacet
  facet normal -0.5475246657243593 0.5669783889056225 -0.6154285067637127
    outer loop
      vertex 2.977359176004013 -3.3066923620115904 -10.767181112391398
      vertex 3.030754412200564 -2.926765515059096 -10.464668146724033
      vertex 3.2007696776233776 -3.0909473484237524 -10.767181112391398
    endloop
  endfacet
  facet normal -0.6534149629089562 0.5105037186651887 -0.5589587099918037
    outer loop
      vertex 3.408586351113603 -2.860143550055335 -10.767181112391398
      vertex 3.7268434062614295 -2.707710229865289 -11
      vertex 3.5288846854779736 -2.961085838051719 -11
    endloop
  endfacet
  facet normal -0.6874342161471791 0.4636802335601682 -0.5589587099918036
    outer loop
      vertex 3.599796734531106 -2.6154054198116725 -10.767181112391398
      vertex 3.9066453205905685 -2.441142929617035 -11
      vertex 3.7268434062614295 -2.707710229865289 -11
    endloop
  endfacet
  facet normal -0.5857413362563304 0.5274038680776196 -0.6154285067637127
    outer loop
      vertex 3.030754412200564 -2.926765515059096 -10.464668146724033
      vertex 3.227532488584058 -2.7082213207835717 -10.464668146724033
      vertex 3.2007696776233776 -3.0909473484237524 -10.767181112391398
    endloop
  endfacet
  facet normal -0.5857413362563308 0.5274038680776194 -0.6154285067637125
    outer loop
      vertex 3.2007696776233776 -3.0909473484237524 -10.767181112391398
      vertex 3.227532488584058 -2.7082213207835717 -10.464668146724033
      vertex 3.408586351113603 -2.860143550055335 -10.767181112391398
    endloop
  endfacet
  facet normal -0.5524148766293475 0.49739658904735556 -0.6689054023422435
    outer loop
      vertex 3.030754412200564 -2.926765515059096 -10.464668146724033
      vertex 3.030754412200564 -2.543104909466407 -10.179378962475514
      vertex 3.227532488584058 -2.7082213207835717 -10.464668146724033
    endloop
  endfacet
  facet normal -0.5857658538584515 0.4576504421180433 -0.6689054023422435
    outer loop
      vertex 3.227532488584058 -2.7082213207835717 -10.464668146724033
      vertex 3.030754412200564 -2.543104909466407 -10.179378962475514
      vertex 3.200769677623377 -2.3254952931433923 -10.179378962475514
    endloop
  endfacet
  facet normal -0.5857658538584511 0.45765044211804345 -0.6689054023422438
    outer loop
      vertex 3.227532488584058 -2.7082213207835717 -10.464668146724033
      vertex 3.200769677623377 -2.3254952931433923 -10.179378962475514
      vertex 3.4085863511136028 -2.4764829444626457 -10.464668146724033
    endloop
  endfacet
  facet normal -0.6162123376524863 0.5548400809685229 -0.5589587099918036
    outer loop
      vertex 3.2007696776233776 -3.0909473484237524 -10.767181112391398
      vertex 3.408586351113603 -2.860143550055335 -10.767181112391398
      vertex 3.5288846854779736 -2.961085838051719 -11
    endloop
  endfacet
  facet normal -0.6211043338765722 0.48525988861879643 -0.6154285067637126
    outer loop
      vertex 3.227532488584058 -2.7082213207835717 -10.464668146724033
      vertex 3.599796734531106 -2.6154054198116725 -10.767181112391398
      vertex 3.408586351113603 -2.860143550055335 -10.767181112391398
    endloop
  endfacet
  facet normal -0.6211043338765722 0.4852598886187963 -0.6154285067637126
    outer loop
      vertex 3.227532488584058 -2.7082213207835717 -10.464668146724033
      vertex 3.4085863511136028 -2.4764829444626457 -10.464668146724033
      vertex 3.599796734531106 -2.6154054198116725 -10.767181112391398
    endloop
  endfacet
  facet normal -0.6534149629089562 0.5105037186651888 -0.5589587099918036
    outer loop
      vertex 3.408586351113603 -2.860143550055335 -10.767181112391398
      vertex 3.599796734531106 -2.6154054198116725 -10.767181112391398
      vertex 3.7268434062614295 -2.707710229865289 -11
    endloop
  endfacet
  facet normal -0.5475708439409486 0.42780922986521674 -0.7191282456613198
    outer loop
      vertex 3.030754412200564 -2.543104909466407 -10.179378962475514
      vertex 2.9773591760040126 -2.1631780625139134 -9.912703459874333
      vertex 3.200769677623377 -2.3254952931433923 -10.179378962475514
    endloop
  endfacet
  facet normal -0.6162630387285364 0.4156746682375912 -0.6689054023422437
    outer loop
      vertex 3.200769677623377 -2.3254952931433923 -10.179378962475514
      vertex 3.355191114917052 -2.096556097510152 -10.179378962475514
      vertex 3.4085863511136028 -2.4764829444626457 -10.464668146724033
    endloop
  endfacet
  facet normal -0.5760794521965104 0.38857049688446627 -0.7191282456613198
    outer loop
      vertex 3.200769677623377 -2.3254952931433923 -10.179378962475514
      vertex 2.9773591760040126 -2.1631780625139134 -9.912703459874333
      vertex 3.1210021524144356 -1.9502185922868243 -9.912703459874333
    endloop
  endfacet
  facet normal -0.5760794521965114 0.3885704968844657 -0.7191282456613194
    outer loop
      vertex 3.200769677623377 -2.3254952931433923 -10.179378962475514
      vertex 3.1210021524144356 -1.9502185922868243 -9.912703459874333
      vertex 3.355191114917052 -2.096556097510152 -10.179378962475514
    endloop
  endfacet
  facet normal -0.6534413736153586 0.4407517717607726 -0.6154285067637127
    outer loop
      vertex 3.4085863511136028 -2.4764829444626457 -10.464668146724033
      vertex 3.7734692701082753 -2.357925297262321 -10.767181112391398
      vertex 3.599796734531106 -2.6154054198116725 -10.767181112391398
    endloop
  endfacet
  facet normal -0.6534413736153587 0.44075177176077196 -0.6154285067637131
    outer loop
      vertex 3.4085863511136028 -2.4764829444626457 -10.464668146724033
      vertex 3.5730339235704234 -2.232679392171492 -10.464668146724033
      vertex 3.7734692701082753 -2.357925297262321 -10.767181112391398
    endloop
  endfacet
  facet normal -0.6162630387285369 0.41567466823759086 -0.6689054023422435
    outer loop
      vertex 3.4085863511136028 -2.4764829444626457 -10.464668146724033
      vertex 3.355191114917052 -2.096556097510152 -10.179378962475514
      vertex 3.5730339235704234 -2.232679392171492 -10.464668146724033
    endloop
  endfacet
  facet normal -0.6825949126655861 0.39409635657494696 -0.6154285067637127
    outer loop
      vertex 3.5730339235704234 -2.232679392171492 -10.464668146724033
      vertex 3.7200740339117235 -1.9779984503098271 -10.464668146724033
      vertex 3.928757842709282 -2.0889575996825296 -10.767181112391398
    endloop
  endfacet
  facet normal -0.6437578520204789 0.3716737691569596 -0.6689054023422434
    outer loop
      vertex 3.5730339235704234 -2.232679392171492 -10.464668146724033
      vertex 3.355191114917052 -2.096556097510152 -10.179378962475514
      vertex 3.4932663983614827 -1.8574026913149246 -10.179378962475514
    endloop
  endfacet
  facet normal -0.6437578520204782 0.37167376915695993 -0.6689054023422437
    outer loop
      vertex 3.5730339235704234 -2.232679392171492 -10.464668146724033
      vertex 3.4932663983614827 -1.8574026913149246 -10.179378962475514
      vertex 3.7200740339117235 -1.9779984503098271 -10.464668146724033
    endloop
  endfacet
  facet normal -0.7181043589849758 0.4145977449662221 -0.5589587099918031
    outer loop
      vertex 3.7734692701082753 -2.357925297262321 -10.767181112391398
      vertex 4.067414451612406 -2.1626826263985173 -11
      vertex 3.9066453205905685 -2.441142929617035 -11
    endloop
  endfacet
  facet normal -0.7452759695693987 0.3634953778340115 -0.5589587099918043
    outer loop
      vertex 3.928757842709282 -2.0889575996825296 -10.767181112391398
      vertex 4.208367548281056 -1.8736859508162824 -11
      vertex 4.067414451612406 -2.1626826263985173 -11
    endloop
  endfacet
  facet normal -0.6874342161471791 0.463680233560169 -0.5589587099918029
    outer loop
      vertex 3.599796734531106 -2.6154054198116725 -10.767181112391398
      vertex 3.7734692701082753 -2.357925297262321 -10.767181112391398
      vertex 3.9066453205905685 -2.441142929617035 -11
    endloop
  endfacet
  facet normal -0.7181043589849756 0.4145977449662204 -0.5589587099918043
    outer loop
      vertex 3.7734692701082753 -2.357925297262321 -10.767181112391398
      vertex 3.928757842709282 -2.0889575996825296 -10.767181112391398
      vertex 4.067414451612406 -2.1626826263985173 -11
    endloop
  endfacet
  facet normal -0.6825949126655863 0.39409635657494624 -0.6154285067637131
    outer loop
      vertex 3.5730339235704234 -2.232679392171492 -10.464668146724033
      vertex 3.928757842709282 -2.0889575996825296 -10.767181112391398
      vertex 3.7734692701082753 -2.357925297262321 -10.767181112391398
    endloop
  endfacet
  facet normal -0.6017814592682748 0.3474386875018654 -0.7191282456613193
    outer loop
      vertex 3.1210021524144356 -1.9502185922868243 -9.912703459874333
      vertex 3.2494399200603348 -1.7277578531134015 -9.912703459874333
      vertex 3.355191114917052 -2.096556097510152 -10.179378962475514
    endloop
  endfacet
  facet normal -0.6017814592682751 0.34743868750186524 -0.7191282456613192
    outer loop
      vertex 3.2494399200603348 -1.7277578531134015 -9.912703459874333
      vertex 3.4932663983614827 -1.8574026913149246 -10.179378962475514
      vertex 3.355191114917052 -2.096556097510152 -10.179378962475514
    endloop
  endfacet
  facet normal -0.6245516475613473 0.304614191758165 -0.719128245661319
    outer loop
      vertex 3.2494399200603348 -1.7277578531134015 -9.912703459874333
      vertex 3.29093090242122 -1.6426887325879787 -9.912703459874333
      vertex 3.4932663983614827 -1.8574026913149246 -10.179378962475514
    endloop
  endfacet
  facet normal -0.6681163417676917 0.3258621128335083 -0.6689054023422437
    outer loop
      vertex 3.7200740339117235 -1.9779984503098271 -10.464668146724033
      vertex 3.4932663983614827 -1.8574026913149246 -10.179378962475514
      vertex 3.614322839055006 -1.6092002059130763 -10.179378962475514
    endloop
  endfacet
  facet normal -0.6681163417676909 0.32586211283350897 -0.6689054023422442
    outer loop
      vertex 3.7200740339117235 -1.9779984503098271 -10.464668146724033
      vertex 3.614322839055006 -1.6092002059130763 -10.179378962475514
      vertex 3.8489903175003395 -1.7136808988259613 -10.464668146724033
    endloop
  endfacet
  facet normal -0.6245516475613456 0.3046141917581672 -0.7191282456613196
    outer loop
      vertex 3.4932663983614827 -1.8574026913149246 -10.179378962475514
      vertex 3.29093090242122 -1.6426887325879787 -9.912703459874333
      vertex 3.507263802565322 -1.5974774553360442 -10.081434243653637
    endloop
  endfacet
  facet normal -0.6245516475613424 0.30461419175816556 -0.719128245661323
    outer loop
      vertex 3.4932663983614827 -1.8574026913149246 -10.179378962475514
      vertex 3.553143937794514 -1.5819616041362465 -10.1147080939292
      vertex 3.614322839055006 -1.6092002059130763 -10.179378962475514
    endloop
  endfacet
  facet normal -0.6245516475613518 0.30461419175816573 -0.7191282456613147
    outer loop
      vertex 3.4932663983614827 -1.8574026913149246 -10.179378962475514
      vertex 3.507263802565322 -1.5974774553360442 -10.081434243653637
      vertex 3.553143937794514 -1.5819616041362465 -10.1147080939292
    endloop
  endfacet
  facet normal -0.6892198358566293 0.2784628890518788 -0.6689054023422459
    outer loop
      vertex 3.614322839055006 -1.6092002059130763 -10.179378962475514
      vertex 3.637511973998004 -1.5518050828735652 -10.179378962475514
      vertex 3.83524912868264 -1.4722431864335457 -10.35
    endloop
  endfacet
  facet normal -0.6442790830072056 0.2603056462919357 -0.7191282456613229
    outer loop
      vertex 3.614322839055006 -1.6092002059130763 -10.179378962475514
      vertex 3.553143937794514 -1.5819616041362465 -10.1147080939292
      vertex 3.637511973998004 -1.5518050828735652 -10.179378962475514
    endloop
  endfacet
  facet normal -0.7688166705449552 0.3106220977594309 -0.5589587099918027
    outer loop
      vertex 4.064905902017966 -1.8098127106583684 -10.767181112391398
      vertex 4.32881790127811 -1.575560865623924 -11
      vertex 4.208367548281056 -1.8736859508162824 -11
    endloop
  endfacet
  facet normal -0.70842291791551 0.34552094355431096 -0.6154285067637127
    outer loop
      vertex 3.928757842709282 -2.0889575996825296 -10.767181112391398
      vertex 3.7200740339117235 -1.9779984503098271 -10.464668146724033
      vertex 4.064905902017966 -1.8098127106583684 -10.767181112391398
    endloop
  endfacet
  facet normal -0.70842291791551 0.34552094355431173 -0.6154285067637122
    outer loop
      vertex 3.7200740339117235 -1.9779984503098271 -10.464668146724033
      vertex 3.8489903175003395 -1.7136808988259613 -10.464668146724033
      vertex 4.064905902017966 -1.8098127106583684 -10.767181112391398
    endloop
  endfacet
  facet normal -0.7452759695693989 0.3634953778340134 -0.5589587099918026
    outer loop
      vertex 3.928757842709282 -2.0889575996825296 -10.767181112391398
      vertex 4.064905902017966 -1.8098127106583684 -10.767181112391398
      vertex 4.208367548281056 -1.8736859508162824 -11
    endloop
  endfacet
  facet normal -0.7307995579197704 0.29526218722832714 -0.6154285067637122
    outer loop
      vertex 3.8489903175003395 -1.7136808988259613 -10.464668146724033
      vertex 4.181250148374931 -1.521850596029617 -10.767181112391398
      vertex 4.064905902017966 -1.8098127106583684 -10.767181112391398
    endloop
  endfacet
  facet normal -0.7307995579197702 0.29526218722832664 -0.6154285067637124
    outer loop
      vertex 3.8489903175003395 -1.7136808988259613 -10.464668146724033
      vertex 3.959154707161248 -1.441014466261617 -10.464668146724033
      vertex 4.181250148374931 -1.521850596029617 -10.767181112391398
    endloop
  endfacet
  facet normal -0.68921983585663 0.27846288905188127 -0.6689054023422442
    outer loop
      vertex 3.8489903175003395 -1.7136808988259613 -10.464668146724033
      vertex 3.614322839055006 -1.6092002059130763 -10.179378962475514
      vertex 3.959154707161248 -1.441014466261617 -10.464668146724033
    endloop
  endfacet
  facet normal -0.6892198358566306 0.27846288905188454 -0.6689054023422423
    outer loop
      vertex 3.614322839055006 -1.6092002059130763 -10.179378962475514
      vertex 3.83524912868264 -1.4722431864335457 -10.35
      vertex 3.959154707161248 -1.441014466261617 -10.464668146724033
    endloop
  endfacet
  facet normal -0.7688166705449552 0.3106220977594307 -0.5589587099918029
    outer loop
      vertex 4.064905902017966 -1.8098127106583684 -10.767181112391398
      vertex 4.181250148374931 -1.521850596029617 -10.767181112391398
      vertex 4.32881790127811 -1.575560865623924 -11
    endloop
  endfacet
  facet normal -0.7886117739827996 0.2562354980481852 -0.5589587099918029
    outer loop
      vertex 4.181250148374931 -1.521850596029617 -10.767181112391398
      vertex 4.42817868859139 -1.2697598062690703 -11
      vertex 4.32881790127811 -1.575560865623924 -11
    endloop
  endfacet
  facet normal -0.8045648401287775 0.20060054474715247 -0.5589587099918031
    outer loop
      vertex 4.277223764306809 -1.2264741782728965 -10.767181112391398
      vertex 4.505965834452819 -0.9577726047738832 -11
      vertex 4.42817868859139 -1.2697598062690703 -11
    endloop
  endfacet
  facet normal -0.7069655201854156 0.22970702206577626 -0.6689054023422429
    outer loop
      vertex 3.959154707161248 -1.441014466261617 -10.464668146724033
      vertex 3.9179786947089803 -1.4260276233632172 -10.416002664279354
      vertex 3.9750961709160975 -1.3919516857048395 -10.464668146724033
    endloop
  endfacet
  facet normal -0.7496158159375564 0.24356494320580505 -0.615428506763722
    outer loop
      vertex 3.959154707161248 -1.441014466261617 -10.464668146724033
      vertex 3.9750961709160975 -1.3919516857048395 -10.464668146724033
      vertex 4.109378792556475 -1.3022755533022625 -10.592738936467116
    endloop
  endfacet
  facet normal -0.7496158159375624 0.24356494320582625 -0.6154285067637062
    outer loop
      vertex 3.959154707161248 -1.441014466261617 -10.464668146724033
      vertex 4.109378792556475 -1.3022755533022625 -10.592738936467116
      vertex 4.277223764306809 -1.2264741782728965 -10.767181112391398
    endloop
  endfacet
  facet normal -0.6892198358566305 0.27846288905188343 -0.6689054023422429
    outer loop
      vertex 3.959154707161248 -1.441014466261617 -10.464668146724033
      vertex 3.83524912868264 -1.4722431864335457 -10.35
      vertex 3.9179786947089803 -1.4260276233632172 -10.416002664279354
    endloop
  endfacet
  facet normal -0.7496158159375609 0.243564943205815 -0.6154285067637125
    outer loop
      vertex 3.959154707161248 -1.441014466261617 -10.464668146724033
      vertex 4.277223764306809 -1.2264741782728965 -10.767181112391398
      vertex 4.181250148374931 -1.521850596029617 -10.767181112391398
    endloop
  endfacet
  facet normal -0.7886117739827996 0.2562354980481851 -0.5589587099918029
    outer loop
      vertex 4.181250148374931 -1.521850596029617 -10.767181112391398
      vertex 4.277223764306809 -1.2264741782728965 -10.767181112391398
      vertex 4.42817868859139 -1.2697598062690703 -11
    endloop
  endfacet
  facet normal -0.7647800210512188 0.1906810752630679 -0.6154285067637162
    outer loop
      vertex 4.216269210222573 -1.2089957411482561 -10.686018748621123
      vertex 4.301817678192791 -1.1278333773779807 -10.767181112391398
      vertex 4.277223764306809 -1.2264741782728965 -10.767181112391398
    endloop
  endfacet
  facet normal -0.7496158159375621 0.2435649432058012 -0.6154285067637164
    outer loop
      vertex 4.109378792556475 -1.3022755533022625 -10.592738936467116
      vertex 4.216269210222573 -1.2089957411482561 -10.686018748621123
      vertex 4.277223764306809 -1.2264741782728965 -10.767181112391398
    endloop
  endfacet
  facet normal -0.8045648401287776 0.20060054474715305 -0.5589587099918025
    outer loop
      vertex 4.277223764306809 -1.2264741782728965 -10.767181112391398
      vertex 4.301817678192791 -1.1278333773779807 -10.767181112391398
      vertex 4.505965834452819 -0.9577726047738832 -11
    endloop
  endfacet
  facet normal -0.8045648401287736 0.2006005447471279 -0.5589587099918175
    outer loop
      vertex 4.301817678192791 -1.1278333773779807 -10.767181112391398
      vertex 4.334949013362085 -1.0927389364671167 -10.802275553302263
      vertex 4.505965834452819 -0.9577726047738832 -11
    endloop
  endfacet
  facet normal -0.5568694423941298 0.32150872246973194 -0.7658515296736905
    outer loop
      vertex 2.93448013321342 -1.6854820563574375 -9.66594085516303
      vertex 3.1187794770297663 -1.6741731801207536 -9.795201902033781
      vertex 3.1210021524144356 -1.9502185922868243 -9.912703459874333
    endloop
  endfacet
  facet normal -0.5568694423941338 0.32150872246973106 -0.7658515296736881
    outer loop
      vertex 3.1210021524144356 -1.9502185922868243 -9.912703459874333
      vertex 3.1412579387521884 -1.6702364733160344 -9.809893891843496
      vertex 3.2494399200603348 -1.7277578531134015 -9.912703459874333
    endloop
  endfacet
  facet normal -0.5568694423941318 0.32150872246973133 -0.7658515296736893
    outer loop
      vertex 3.1210021524144356 -1.9502185922868243 -9.912703459874333
      vertex 3.1187794770297663 -1.6741731801207536 -9.795201902033781
      vertex 3.1412579387521884 -1.6702364733160344 -9.809893891843496
    endloop
  endfacet
  facet normal -0.5779402511780912 0.28188029474349036 -0.7658515296736881
    outer loop
      vertex 3.1412579387521884 -1.6702364733160344 -9.809893891843496
      vertex 3.29093090242122 -1.6426887325879787 -9.912703459874333
      vertex 3.2494399200603348 -1.7277578531134015 -9.912703459874333
    endloop
  endfacet
  facet normal -0.8165981472482234 0.14398828575640285 -0.5589587099918035
    outer loop
      vertex 4.443953810688267 -0.9445915422202904 -10.906009475520015
      vertex 4.505969606085555 -0.85 -10.972243186433545
      vertex 4.505965834452819 -0.9577726047738832 -11
    endloop
  endfacet
  facet normal -0.804564840128777 0.20060054474715244 -0.5589587099918036
    outer loop
      vertex 4.334949013362085 -1.0927389364671167 -10.802275553302263
      vertex 4.443953810688267 -0.9445915422202904 -10.906009475520015
      vertex 4.505965834452819 -0.9577726047738832 -11
    endloop
  endfacet
  facet normal -0.8165981472482245 0.14398828575640252 -0.5589587099918022
    outer loop
      vertex 4.505969606085555 -0.85 -10.972243186433545
      vertex 4.5354648593434055 -0.7904753212154436 -11
      vertex 4.505965834452819 -0.9577726047738832 -11
    endloop
  endfacet
  facet normal -0.019238318789772398 -0.2751207763528726 -0.9612171687548738
    outer loop
      vertex 0.05243180158297885 1.5014503502097578 -8.712634964846544
      vertex 0.05931495666912881 1.6985581226423367 -8.769189160376655
      vertex 0.1579282146875591 1.5025865921421453 -8.715071643533921
    endloop
  endfacet
  facet normal 0 -0.275792593248739 -0.9612171687548738
    outer loop
      vertex -0.05931495666912881 1.6985581226423367 -8.769189160376655
      vertex 0.05931495666912881 1.6985581226423367 -8.769189160376655
      vertex 0.05243180158297885 1.5014503502097578 -8.712634964846544
    endloop
  endfacet
  facet normal -0.019238318789780696 -0.2751207763528764 -0.9612171687548725
    outer loop
      vertex 0.1579282146875591 1.5025865921421453 -8.715071643533921
      vertex 0.05931495666912881 1.6985581226423367 -8.769189160376655
      vertex 0.17765589350081304 1.6902829182072885 -8.769189160376655
    endloop
  endfacet
  facet normal -0.03838291042424283 -0.27310859868966264 -0.9612171687548726
    outer loop
      vertex 0.1579282146875591 1.5025865921421453 -8.715071643533921
      vertex 0.17765589350081304 1.6902829182072885 -8.769189160376655
      vertex 0.26535313023583584 1.5048923832851462 -8.720016428597336
    endloop
  endfacet
  facet normal -0.03838291042424547 -0.2731085986896638 -0.9612171687548723
    outer loop
      vertex 0.26535313023583584 1.5048923832851462 -8.720016428597336
      vertex 0.17765589350081304 1.6902829182072885 -8.769189160376655
      vertex 0.2951313086772692 1.6737728253013795 -8.769189160376655
    endloop
  endfacet
  facet normal -0.05734050437736296 -0.2697658633864135 -0.9612171687548722
    outer loop
      vertex 0.26535313023583584 1.5048923832851462 -8.720016428597336
      vertex 0.2951313086772692 1.6737728253013795 -8.769189160376655
      vertex 0.37609552790023787 1.5084367724903722 -8.727617395776923
    endloop
  endfacet
  facet normal -0.057340504377360595 -0.26976586338641245 -0.9612171687548726
    outer loop
      vertex 0.37609552790023787 1.5084367724903722 -8.727617395776923
      vertex 0.2951313086772692 1.6737728253013795 -8.769189160376655
      vertex 0.41116887378434525 1.6491082794376581 -8.769189160376655
    endloop
  endfacet
  facet normal 0 -0.34220421295378084 -0.9396256045024971
    outer loop
      vertex -0.05931495666912881 1.6985581226423367 -8.769189160376655
      vertex 0.07190469864409559 2.0590811626040395 -8.90048879988267
      vertex 0.05931495666912881 1.6985581226423367 -8.769189160376655
    endloop
  endfacet
  facet normal -0.023870959196040133 -0.34137062069014906 -0.9396256045024973
    outer loop
      vertex 0.05931495666912881 1.6985581226423367 -8.769189160376655
      vertex 0.07190469864409559 2.0590811626040395 -8.90048879988267
      vertex 0.17765589350081304 1.6902829182072885 -8.769189160376655
    endloop
  endfacet
  facet normal -0.023870959196039935 -0.341370620690149 -0.9396256045024972
    outer loop
      vertex 0.17765589350081304 1.6902829182072885 -8.769189160376655
      vertex 0.07190469864409559 2.0590811626040395 -8.90048879988267
      vertex 0.21536378346832777 2.049049526157947 -8.90048879988267
    endloop
  endfacet
  facet normal -0.04762562147837586 -0.3388739050769697 -0.9396256045024972
    outer loop
      vertex 0.17765589350081304 1.6902829182072885 -8.769189160376655
      vertex 0.21536378346832777 2.049049526157947 -8.90048879988267
      vertex 0.2951313086772692 1.6737728253013795 -8.769189160376655
    endloop
  endfacet
  facet normal -0.071148256520181 -0.3347262298617411 -0.9396256045024973
    outer loop
      vertex 0.2951313086772692 1.6737728253013795 -8.769189160376655
      vertex 0.35777363758779407 2.0290351263901516 -8.90048879988267
      vertex 0.41116887378434525 1.6491082794376581 -8.769189160376655
    endloop
  endfacet
  facet normal -0.047625621478376075 -0.33887390507696974 -0.9396256045024973
    outer loop
      vertex 0.2951313086772692 1.6737728253013795 -8.769189160376655
      vertex 0.21536378346832777 2.049049526157947 -8.90048879988267
      vertex 0.35777363758779407 2.0290351263901516 -8.90048879988267
    endloop
  endfacet
  facet normal -0.0760187411569869 -0.2651088559135162 -0.9612171687548727
    outer loop
      vertex 0.37609552790023787 1.5084367724903722 -8.727617395776923
      vertex 0.41116887378434525 1.6491082794376581 -8.769189160376655
      vertex 0.4917106449089416 1.5133297568900765 -8.738110434684033
    endloop
  endfacet
  facet normal -0.0943266222711044 -0.25916026474325976 -0.9612171687548698
    outer loop
      vertex 0.4917106449089416 1.5133297568900765 -8.738110434684033
      vertex 0.5252032654688945 1.616409443804301 -8.769189160376655
      vertex 0.6140111861275477 1.5197310146348395 -8.751837976217644
    endloop
  endfacet
  facet normal -0.07601874115699933 -0.26510885591352296 -0.96121716875487
    outer loop
      vertex 0.4917106449089416 1.5133297568900765 -8.738110434684033
      vertex 0.41116887378434525 1.6491082794376581 -8.769189160376655
      vertex 0.5252032654688945 1.616409443804301 -8.769189160376655
    endloop
  endfacet
  facet normal -0.09432662227109141 -0.2591602647432486 -0.9612171687548742
    outer loop
      vertex 0.6140111861275477 1.5197310146348395 -8.751837976217644
      vertex 0.5252032654688945 1.616409443804301 -8.769189160376655
      vertex 0.636678919637327 1.5758356238416384 -8.769189160376655
    endloop
  endfacet
  facet normal -0.11217495356316085 -0.25194907081385826 -0.9612171687548741
    outer loop
      vertex 0.6140111861275477 1.5197310146348395 -8.751837976217644
      vertex 0.636678919637327 1.5758356238416384 -8.769189160376655
      vertex 0.7445192739085742 1.5278220046862445 -8.769189160376655
    endloop
  endfacet
  facet normal -0.13918699282306535 -0.31261910432974843 -0.9396256045026327
    outer loop
      vertex 0.636678919637327 1.5758356238416384 -8.769189160376655
      vertex 0.7451955485605752 1.5278772959415385 -8.769307732856277
      vertex 0.7445192739085742 1.5278220046862445 -8.769189160376655
    endloop
  endfacet
  facet normal -0.1170407339611 -0.3215667737145173 -0.9396256045024972
    outer loop
      vertex 0.636678919637327 1.5758356238416384 -8.769189160376655
      vertex 0.5252032654688945 1.616409443804301 -8.769189160376655
      vertex 0.636678919637327 1.9594962294343277 -8.90048879988267
    endloop
  endfacet
  facet normal -0.13918699282321534 -0.3126191043300882 -0.9396256045024974
    outer loop
      vertex 0.636678919637327 1.5758356238416384 -8.769189160376655
      vertex 0.7718155490687093 1.9103105187622427 -8.90048879988267
      vertex 0.7451955485605752 1.5278772959415385 -8.769307732856277
    endloop
  endfacet
  facet normal -0.0943242644080174 -0.3289478021011889 -0.9396256045024973
    outer loop
      vertex 0.41116887378434525 1.6491082794376581 -8.769189160376655
      vertex 0.49844045450821295 1.9991354714444811 -8.90048879988267
      vertex 0.5252032654688945 1.616409443804301 -8.769189160376655
    endloop
  endfacet
  facet normal -0.09432426440801767 -0.32894780210118885 -0.9396256045024972
    outer loop
      vertex 0.5252032654688945 1.616409443804301 -8.769189160376655
      vertex 0.49844045450821295 1.9991354714444811 -8.90048879988267
      vertex 0.636678919637327 1.9594962294343277 -8.90048879988267
    endloop
  endfacet
  facet normal -0.07114825652018059 -0.33472622986174105 -0.9396256045024972
    outer loop
      vertex 0.35777363758779407 2.0290351263901516 -8.90048879988267
      vertex 0.49844045450821295 1.9991354714444811 -8.90048879988267
      vertex 0.41116887378434525 1.6491082794376581 -8.769189160376655
    endloop
  endfacet
  facet normal -0.1170407339610993 -0.32156677371451736 -0.9396256045024973
    outer loop
      vertex 0.636678919637327 1.5758356238416384 -8.769189160376655
      vertex 0.636678919637327 1.9594962294343277 -8.90048879988267
      vertex 0.7718155490687093 1.9103105187622427 -8.90048879988267
    endloop
  endfacet
  facet normal -0.1606551466473274 -0.30214838609372474 -0.9396256045024972
    outer loop
      vertex 0.7451955485605752 1.5278772959415385 -8.769307732856277
      vertex 0.9031919707276567 1.8518179672664896 -8.90048879988267
      vertex 0.8899594658272465 1.5414550114896488 -8.798425237813909
    endloop
  endfacet
  facet normal -0.1813406047459693 -0.29020563129216326 -0.9396256045024971
    outer loop
      vertex 0.8899594658272465 1.5414550114896488 -8.798425237813909
      vertex 1.030168131893758 1.7843035447783053 -8.90048879988267
      vertex 1.0511557298314764 1.55840245687667 -8.834769151731335
    endloop
  endfacet
  facet normal -0.16065514664732777 -0.30214838609372463 -0.9396256045024971
    outer loop
      vertex 0.8899594658272465 1.5414550114896488 -8.798425237813909
      vertex 0.9031919707276567 1.8518179672664896 -8.90048879988267
      vertex 1.030168131893758 1.7843035447783053 -8.90048879988267
    endloop
  endfacet
  facet normal -0.1813406047459708 -0.2902056312921633 -0.9396256045024968
    outer loop
      vertex 1.0511557298314764 1.55840245687667 -8.834769151731335
      vertex 1.030168131893758 1.7843035447783053 -8.90048879988267
      vertex 1.152125417473412 1.7080961747775265 -8.90048879988267
    endloop
  endfacet
  facet normal -0.1391869928232173 -0.31261910433008805 -0.9396256045024972
    outer loop
      vertex 0.7451955485605752 1.5278772959415385 -8.769307732856277
      vertex 0.7718155490687093 1.9103105187622427 -8.90048879988267
      vertex 0.9031919707276567 1.8518179672664896 -8.90048879988267
    endloop
  endfacet
  facet normal -0.16551884146896526 -0.3717614047133179 -0.9134533217873545
    outer loop
      vertex 0.7718155490687093 1.9103105187622427 -8.90048879988267
      vertex 0.9031919707276566 2.235478572859179 -9.05663274535458
      vertex 0.9031919707276567 1.8518179672664896 -8.90048879988267
    endloop
  endfacet
  facet normal -0.19104841055705854 -0.35930980189701067 -0.9134533217873546
    outer loop
      vertex 0.9031919707276567 1.8518179672664896 -8.90048879988267
      vertex 1.05693094285444 2.167029572418486 -9.05663274535458
      vertex 1.030168131893758 1.7843035447783053 -8.90048879988267
    endloop
  endfacet
  facet normal -0.20114258964659176 -0.2768490238263094 -0.9396256045024968
    outer loop
      vertex 1.0511557298314764 1.55840245687667 -8.834769151731335
      vertex 1.152125417473412 1.7080961747775265 -8.90048879988267
      vertex 1.234097239151058 1.5795724345639774 -8.880168315388799
    endloop
  endfacet
  facet normal -0.21996462806921482 -0.2621436357451372 -0.9396256045025023
    outer loop
      vertex 1.234097239151058 1.5795724345639774 -8.880168315388799
      vertex 1.268469663830377 1.6235671319104585 -8.90048879988267
      vertex 1.3096079250415489 1.5890480321008897 -8.90048879988267
    endloop
  endfacet
  facet normal -0.20114258964657736 -0.27684902382630105 -0.9396256045025023
    outer loop
      vertex 1.234097239151058 1.5795724345639774 -8.880168315388799
      vertex 1.152125417473412 1.7080961747775265 -8.90048879988267
      vertex 1.268469663830377 1.6235671319104585 -8.90048879988267
    endloop
  endfacet
  facet normal -0.2615782528501946 -0.3117368225787377 -0.9134533217873545
    outer loop
      vertex 1.4843852483480027 1.8999264775738711 -9.05663274535458
      vertex 1.3096079250415489 1.5890480321008897 -8.90048879988267
      vertex 1.268469663830377 1.6235671319104585 -8.90048879988267
    endloop
  endfacet
  facet normal -0.26157825285018593 -0.3117368225787429 -0.9134533217873552
    outer loop
      vertex 1.4843852483480027 1.8999264775738711 -9.05663274535458
      vertex 1.3626883862908232 1.5974774553360442 -8.918565756346363
      vertex 1.3096079250415489 1.5890480321008897 -8.90048879988267
    endloop
  endfacet
  facet normal -0.26157825285019504 -0.31173682257873875 -0.9134533217873541
    outer loop
      vertex 1.4446042014475087 1.6043955051024357 -8.944384269563825
      vertex 1.3626883862908232 1.5974774553360442 -8.918565756346363
      vertex 1.4843852483480027 1.8999264775738711 -9.05663274535458
    endloop
  endfacet
  facet normal -0.21564721099303608 -0.3451076778435574 -0.9134533217873546
    outer loop
      vertex 1.030168131893758 1.7843035447783053 -8.90048879988267
      vertex 1.205520653669963 2.08802302173002 -9.05663274535458
      vertex 1.152125417473412 1.7080961747775265 -8.90048879988267
    endloop
  endfacet
  facet normal -0.23919539989383873 -0.3292242238737517 -0.9134533217873546
    outer loop
      vertex 1.152125417473412 1.7080961747775265 -8.90048879988267
      vertex 1.3482371890393186 1.9988438327670266 -9.05663274535458
      vertex 1.268469663830377 1.6235671319104585 -8.90048879988267
    endloop
  endfacet
  facet normal -0.21564721099303616 -0.3451076778435574 -0.9134533217873546
    outer loop
      vertex 1.152125417473412 1.7080961747775265 -8.90048879988267
      vertex 1.205520653669963 2.08802302173002 -9.05663274535458
      vertex 1.3482371890393186 1.9988438327670266 -9.05663274535458
    endloop
  endfacet
  facet normal -0.23919539989383917 -0.32922422387375166 -0.9134533217873546
    outer loop
      vertex 1.4843852483480027 1.8999264775738711 -9.05663274535458
      vertex 1.268469663830377 1.6235671319104585 -8.90048879988267
      vertex 1.3482371890393186 1.9988438327670266 -9.05663274535458
    endloop
  endfacet
  facet normal -0.2826867228524183 -0.29273067081979254 -0.9134533217873556
    outer loop
      vertex 1.6133015319366188 1.7917528715619178 -9.05663274535458
      vertex 1.7343579726301428 1.6748500256660834 -9.05663274535458
      vertex 1.6838760955727932 1.62610024366061 -9.025387456627932
    endloop
  endfacet
  facet normal -0.30241797155647504 -0.27229836465780083 -0.9134533217873555
    outer loop
      vertex 1.6838760955727932 1.62610024366061 -9.025387456627932
      vertex 1.7343579726301428 1.6748500256660834 -9.05663274535458
      vertex 1.7707141558936645 1.6344723935421928 -9.05663274535458
    endloop
  endfacet
  facet normal -0.3490511190103686 -0.3142870392236243 -0.8828289603845455
    outer loop
      vertex 1.7707141558936645 1.6344723935421928 -9.05663274535458
      vertex 1.7343579726301428 1.6748500256660834 -9.05663274535458
      vertex 1.9781844509312907 1.9103105187622424 -9.236860279185588
    endloop
  endfacet
  facet normal -0.2615782528501963 -0.31173682257873847 -0.9134533217873538
    outer loop
      vertex 1.4446042014475087 1.6043955051024357 -8.944384269563825
      vertex 1.4843852483480027 1.8999264775738711 -9.05663274535458
      vertex 1.6133015319366188 1.7917528715619178 -9.05663274535458
    endloop
  endfacet
  facet normal -0.30191387567417305 -0.35980694598873775 -0.8828289603845456
    outer loop
      vertex 1.4843852483480027 1.8999264775738711 -9.05663274535458
      vertex 1.6930690571455602 2.1670295724184854 -9.236860279185588
      vertex 1.6133015319366188 1.7917528715619178 -9.05663274535458
    endloop
  endfacet
  facet normal -0.32627729242798653 -0.3378700270106904 -0.8828289603845456
    outer loop
      vertex 1.6133015319366188 1.7917528715619178 -9.05663274535458
      vertex 1.8401091674868602 2.043648270062834 -9.236860279185588
      vertex 1.7343579726301428 1.6748500256660834 -9.05663274535458
    endloop
  endfacet
  facet normal -0.3262772924279865 -0.3378700270106904 -0.8828289603845456
    outer loop
      vertex 1.7343579726301428 1.6748500256660834 -9.05663274535458
      vertex 1.8401091674868602 2.043648270062834 -9.236860279185588
      vertex 1.9781844509312907 1.9103105187622424 -9.236860279185588
    endloop
  endfacet
  facet normal -0.34905111901036917 -0.31428703922362383 -0.8828289603845455
    outer loop
      vertex 1.7707141558936645 1.6344723935421928 -9.05663274535458
      vertex 1.9781844509312907 1.9103105187622424 -9.236860279185588
      vertex 1.976627536623734 1.6585874369558307 -9.146631312601006
    endloop
  endfacet
  facet normal -0.3701244036274335 -0.28917287657347907 -0.8828289603845448
    outer loop
      vertex 1.976627536623734 1.6585874369558307 -9.146631312601006
      vertex 2.1066222185771895 1.7676659266379828 -9.236860279185588
      vertex 2.1031913297950133 1.6741731801207536 -9.204798097966219
    endloop
  endfacet
  facet normal -0.4177650895007058 -0.3263938596831966 -0.8479029297953705
    outer loop
      vertex 2.1066222185771895 1.7676659266379828 -9.236860279185588
      vertex 2.316711392873957 1.6831893520374654 -9.307853414544924
      vertex 2.1774751909719035 1.6769782575053622 -9.236860279185588
    endloop
  endfacet
  facet normal -0.37012440362742494 -0.28917287657348034 -0.8828289603845478
    outer loop
      vertex 2.1031913297950133 1.6741731801207536 -9.204798097966219
      vertex 2.1066222185771895 1.7676659266379828 -9.236860279185588
      vertex 2.1774751909719035 1.6769782575053622 -9.236860279185588
    endloop
  endfacet
  facet normal -0.3490511190103709 -0.3142870392236236 -0.882828960384545
    outer loop
      vertex 1.976627536623734 1.6585874369558307 -9.146631312601006
      vertex 1.9781844509312907 1.9103105187622424 -9.236860279185588
      vertex 2.1066222185771895 1.7676659266379828 -9.236860279185588
    endloop
  endfacet
  facet normal -0.39397935003625423 -0.35474060014247644 -0.8479029297953665
    outer loop
      vertex 2.2123734134339075 2.136464171034734 -9.440293350947272
      vertex 2.1066222185771895 1.7676659266379828 -9.236860279185588
      vertex 1.9781844509312907 1.9103105187622424 -9.236860279185588
    endloop
  endfacet
  facet normal -0.393979350036254 -0.35474060014247655 -0.8479029297953667
    outer loop
      vertex 2.35601638984433 1.9769324837660038 -9.440293350947272
      vertex 2.1066222185771895 1.7676659266379828 -9.236860279185588
      vertex 2.2123734134339075 2.136464171034734 -9.440293350947272
    endloop
  endfacet
  facet normal -0.28268672285242286 -0.29273067081979415 -0.9134533217873538
    outer loop
      vertex 1.4446042014475087 1.6043955051024357 -8.944384269563825
      vertex 1.6133015319366188 1.7917528715619178 -9.05663274535458
      vertex 1.6838760955727932 1.62610024366061 -9.025387456627932
    endloop
  endfacet
  facet normal -0.4395155194427271 -0.29645696114854164 -0.847902929795364
    outer loop
      vertex 2.56439585573886 1.6947763450707654 -9.440293350947272
      vertex 2.316711392873957 1.6831893520374654 -9.307853414544924
      vertex 2.4881810912293707 1.8077693801569246 -9.440293350947272
    endloop
  endfacet
  facet normal -0.48749040504181684 -0.3288164300796686 -0.8088466234718592
    outer loop
      vertex 2.56439585573886 1.6947763450707654 -9.440293350947272
      vertex 2.4881810912293707 1.8077693801569246 -9.440293350947272
      vertex 2.6599380396210726 1.7 -9.5
    endloop
  endfacet
  facet normal -0.46336582824482536 -0.36202106142206353 -0.8088466234718602
    outer loop
      vertex 2.35601638984433 1.9769324837660038 -9.440293350947272
      vertex 2.593932286086088 2.176567624553675 -9.66594085516303
      vertex 2.4881810912293707 1.8077693801569246 -9.440293350947272
    endloop
  endfacet
  facet normal -0.4633658282448256 -0.3620210614220635 -0.8088466234718603
    outer loop
      vertex 2.4881810912293707 1.8077693801569246 -9.440293350947272
      vertex 2.593932286086088 2.176567624553675 -9.66594085516303
      vertex 2.7394432797622548 1.9903220458057655 -9.66594085516303
    endloop
  endfacet
  facet normal -0.4177650895007075 -0.3263938596832042 -0.8479029297953669
    outer loop
      vertex 2.35601638984433 1.9769324837660038 -9.440293350947272
      vertex 2.316711392873957 1.6831893520374654 -9.307853414544924
      vertex 2.1066222185771895 1.7676659266379828 -9.236860279185588
    endloop
  endfacet
  facet normal -0.41776508950071495 -0.32639385968320195 -0.847902929795364
    outer loop
      vertex 2.35601638984433 1.9769324837660038 -9.440293350947272
      vertex 2.4881810912293707 1.8077693801569246 -9.440293350947272
      vertex 2.316711392873957 1.6831893520374654 -9.307853414544924
    endloop
  endfacet
  facet normal -0.5092399775878022 -0.2940098381424367 -0.8088466234718625
    outer loop
      vertex 2.7160003868482963 1.6971454015153775 -9.532628209982617
      vertex 2.871607981147295 1.7943798181171624 -9.66594085516303
      vertex 2.93448013321342 1.6854820563574373 -9.66594085516303
    endloop
  endfacet
  facet normal -0.48749040504182645 -0.32881643007966205 -0.8088466234718562
    outer loop
      vertex 2.6599380396210726 1.7 -9.5
      vertex 2.7394432797622548 1.9903220458057655 -9.66594085516303
      vertex 2.7160003868482963 1.6971454015153775 -9.532628209982617
    endloop
  endfacet
  facet normal -0.4874904050418163 -0.32881643007966715 -0.8088466234718603
    outer loop
      vertex 2.4881810912293707 1.8077693801569246 -9.440293350947272
      vertex 2.7394432797622548 1.9903220458057655 -9.66594085516303
      vertex 2.6599380396210726 1.7 -9.5
    endloop
  endfacet
  facet normal -0.48749040504181335 -0.32881643007966593 -0.8088466234718625
    outer loop
      vertex 2.7160003868482963 1.6971454015153775 -9.532628209982617
      vertex 2.7394432797622548 1.9903220458057655 -9.66594085516303
      vertex 2.871607981147295 1.7943798181171624 -9.66594085516303
    endloop
  endfacet
  facet normal -0.5568694423941323 -0.32150872246972934 -0.76585152967369
    outer loop
      vertex 2.93448013321342 1.6854820563574373 -9.66594085516303
      vertex 2.871607981147295 1.7943798181171624 -9.66594085516303
      vertex 3.1210021524144356 1.9502185922868243 -9.912703459874333
    endloop
  endfacet
  facet normal -0.5330856216631551 -0.3595707920180362 -0.7658515296736892
    outer loop
      vertex 2.7394432797622548 1.9903220458057655 -9.66594085516303
      vertex 2.9773591760040126 2.1631780625139134 -9.912703459874333
      vertex 2.871607981147295 1.7943798181171624 -9.66594085516303
    endloop
  endfacet
  facet normal -0.5330856216631535 -0.35957079201803716 -0.7658515296736899
    outer loop
      vertex 2.871607981147295 1.7943798181171624 -9.66594085516303
      vertex 2.9773591760040126 2.1631780625139134 -9.912703459874333
      vertex 3.1210021524144356 1.9502185922868243 -9.912703459874333
    endloop
  endfacet
  facet normal -0.09765500054266946 -0.459430655894177 -0.8828289603845456
    outer loop
      vertex 0.4186729292992714 2.374412172301049 -9.05663274535458
      vertex 0.4775324885840584 2.708221320783572 -9.236860279185588
      vertex 0.583283683440776 2.3394230763868213 -9.05663274535458
    endloop
  endfacet
  facet normal -0.1294653803545986 -0.45149943742598575 -0.8828289603845455
    outer loop
      vertex 0.583283683440776 2.3394230763868213 -9.05663274535458
      vertex 0.6652852128990863 2.66831324725899 -9.236860279185588
      vertex 0.7450527381080277 2.2930365464024227 -9.05663274535458
    endloop
  endfacet
  facet normal 0 -0.4069435205475662 -0.9134533217873547
    outer loop
      vertex -0.07190469864409559 2.0590811626040395 -8.90048879988267
      vertex 0.08414412815510337 2.4095725661196505 -9.05663274535458
      vertex 0.07190469864409559 2.0590811626040395 -8.90048879988267
    endloop
  endfacet
  facet normal -0.028386945006418786 -0.40595222658442215 -0.9134533217873546
    outer loop
      vertex 0.07190469864409559 2.0590811626040395 -8.90048879988267
      vertex 0.08414412815510337 2.4095725661196505 -9.05663274535458
      vertex 0.21536378346832777 2.049049526157947 -8.90048879988267
    endloop
  endfacet
  facet normal -0.056635591670210664 -0.4029831741795339 -0.9134533217873547
    outer loop
      vertex 0.21536378346832777 2.049049526157947 -8.90048879988267
      vertex 0.25202244273107666 2.397833370786903 -9.05663274535458
      vertex 0.35777363758779407 2.0290351263901516 -8.90048879988267
    endloop
  endfacet
  facet normal -0.028386945006418567 -0.4059522265844221 -0.9134533217873548
    outer loop
      vertex 0.21536378346832777 2.049049526157947 -8.90048879988267
      vertex 0.08414412815510337 2.4095725661196505 -9.05663274535458
      vertex 0.25202244273107666 2.397833370786903 -9.05663274535458
    endloop
  endfacet
  facet normal -0.056635591670211184 -0.4029831741795341 -0.9134533217873547
    outer loop
      vertex 0.35777363758779407 2.0290351263901516 -8.90048879988267
      vertex 0.25202244273107666 2.397833370786903 -9.05663274535458
      vertex 0.4186729292992714 2.374412172301049 -9.05663274535458
    endloop
  endfacet
  facet normal -0.08460831542437545 -0.3980508282577703 -0.9134533217873546
    outer loop
      vertex 0.35777363758779407 2.0290351263901516 -8.90048879988267
      vertex 0.4186729292992714 2.374412172301049 -9.05663274535458
      vertex 0.49844045450821295 1.9991354714444811 -8.90048879988267
    endloop
  endfacet
  facet normal -0.08460831542437627 -0.3980508282577704 -0.9134533217873545
    outer loop
      vertex 0.4186729292992714 2.374412172301049 -9.05663274535458
      vertex 0.583283683440776 2.3394230763868213 -9.05663274535458
      vertex 0.49844045450821295 1.9991354714444811 -8.90048879988267
    endloop
  endfacet
  facet normal -0.11216883597059225 -0.3911792187126639 -0.9134533217873545
    outer loop
      vertex 0.636678919637327 1.9594962294343277 -8.90048879988267
      vertex 0.49844045450821295 1.9991354714444811 -8.90048879988267
      vertex 0.583283683440776 2.3394230763868213 -9.05663274535458
    endloop
  endfacet
  facet normal -0.13918288122313038 -0.382401823335187 -0.9134533217873546
    outer loop
      vertex 0.636678919637327 1.9594962294343277 -8.90048879988267
      vertex 0.7450527381080277 2.2930365464024227 -9.05663274535458
      vertex 0.7718155490687093 1.9103105187622427 -8.90048879988267
    endloop
  endfacet
  facet normal -0.11216883597059148 -0.39117921871266387 -0.9134533217873546
    outer loop
      vertex 0.636678919637327 1.9594962294343277 -8.90048879988267
      vertex 0.583283683440776 2.3394230763868213 -9.05663274535458
      vertex 0.7450527381080277 2.2930365464024227 -9.05663274535458
    endloop
  endfacet
  facet normal 0 -0.46969461004608354 -0.8828289603845456
    outer loop
      vertex -0.08414412815510337 2.4095725661196505 -9.05663274535458
      vertex 0.09597361593187767 2.7483247743025134 -9.236860279185588
      vertex 0.08414412815510337 2.4095725661196505 -9.05663274535458
    endloop
  endfacet
  facet normal -0.03276423973343716 -0.46855045758277974 -0.8828289603845455
    outer loop
      vertex 0.08414412815510337 2.4095725661196505 -9.05663274535458
      vertex 0.09597361593187767 2.7483247743025134 -9.236860279185588
      vertex 0.25202244273107666 2.397833370786903 -9.05663274535458
    endloop
  endfacet
  facet normal -0.06536885538434253 -0.46512357438866037 -0.8828289603845455
    outer loop
      vertex 0.4186729292992714 2.374412172301049 -9.05663274535458
      vertex 0.25202244273107666 2.397833370786903 -9.05663274535458
      vertex 0.28745327398604703 2.7349352122627515 -9.236860279185588
    endloop
  endfacet
  facet normal -0.03276423973343768 -0.4685504575827799 -0.8828289603845454
    outer loop
      vertex 0.09597361593187767 2.7483247743025134 -9.236860279185588
      vertex 0.28745327398604703 2.7349352122627515 -9.236860279185588
      vertex 0.25202244273107666 2.397833370786903 -9.05663274535458
    endloop
  endfacet
  facet normal 0 -0.5301515081978299 -0.8479029297953665
    outer loop
      vertex -0.09597361593187767 2.7483247743025134 -9.236860279185588
      vertex 0.107335529899066 3.0736874204456153 -9.440293350947272
      vertex 0.09597361593187767 2.7483247743025134 -9.236860279185588
    endloop
  endfacet
  facet normal -0.03698149976201134 -0.5288600857691815 -0.8479029297953665
    outer loop
      vertex 0.107335529899066 3.0736874204456153 -9.440293350947272
      vertex 0.28745327398604703 2.7349352122627515 -9.236860279185588
      vertex 0.09597361593187767 2.7483247743025134 -9.236860279185588
    endloop
  endfacet
  facet normal -0.073782829374547 -0.5249921101634955 -0.8479029297953666
    outer loop
      vertex 0.32148366178485954 3.058712724299183 -9.440293350947272
      vertex 0.4775324885840584 2.708221320783572 -9.236860279185588
      vertex 0.28745327398604703 2.7349352122627515 -9.236860279185588
    endloop
  endfacet
  facet normal -0.0369814997620107 -0.5288600857691813 -0.8479029297953669
    outer loop
      vertex 0.107335529899066 3.0736874204456153 -9.440293350947272
      vertex 0.32148366178485954 3.058712724299183 -9.440293350947272
      vertex 0.28745327398604703 2.7349352122627515 -9.236860279185588
    endloop
  endfacet
  facet normal -0.06536885538434176 -0.4651235743886601 -0.8828289603845456
    outer loop
      vertex 0.4186729292992714 2.374412172301049 -9.05663274535458
      vertex 0.28745327398604703 2.7349352122627515 -9.236860279185588
      vertex 0.4775324885840584 2.708221320783572 -9.236860279185588
    endloop
  endfacet
  facet normal -0.09765500054266972 -0.45943065589417703 -0.8828289603845455
    outer loop
      vertex 0.583283683440776 2.3394230763868213 -9.05663274535458
      vertex 0.4775324885840584 2.708221320783572 -9.236860279185588
      vertex 0.6652852128990863 2.66831324725899 -9.236860279185588
    endloop
  endfacet
  facet normal -0.11022469645899635 -0.5185664257691155 -0.8479029297953666
    outer loop
      vertex 0.5340655575858618 3.0288362872206935 -9.440293350947272
      vertex 0.6652852128990863 2.66831324725899 -9.236860279185588
      vertex 0.4775324885840584 2.708221320783572 -9.236860279185588
    endloop
  endfacet
  facet normal -0.07378282937454746 -0.5249921101634957 -0.8479029297953666
    outer loop
      vertex 0.32148366178485954 3.058712724299183 -9.440293350947272
      vertex 0.5340655575858618 3.0288362872206935 -9.440293350947272
      vertex 0.4775324885840584 2.708221320783572 -9.236860279185588
    endloop
  endfacet
  facet normal -0.11022469645899664 -0.5185664257691157 -0.8479029297953666
    outer loop
      vertex 0.5340655575858618 3.0288362872206935 -9.440293350947272
      vertex 0.744045539674388 2.9842036642084233 -9.440293350947272
      vertex 0.6652852128990863 2.66831324725899 -9.236860279185588
    endloop
  endfacet
  facet normal -0.16064501784725593 -0.44136855908321965 -0.8828289603845454
    outer loop
      vertex 0.7450527381080277 2.2930365464024227 -9.05663274535458
      vertex 0.8497967345311054 2.615405419811672 -9.236860279185588
      vertex 0.9031919707276566 2.235478572859179 -9.05663274535458
    endloop
  endfacet
  facet normal -0.1606450178472553 -0.4413685590832196 -0.8828289603845454
    outer loop
      vertex 0.9031919707276566 2.235478572859179 -9.05663274535458
      vertex 0.8497967345311054 2.615405419811672 -9.236860279185588
      vertex 1.030168131893758 2.549755600058665 -9.236860279185588
    endloop
  endfacet
  facet normal -0.19104200896093998 -0.42908737748681286 -0.8828289603845455
    outer loop
      vertex 0.9031919707276566 2.235478572859179 -9.05663274535458
      vertex 1.030168131893758 2.549755600058665 -9.236860279185588
      vertex 1.05693094285444 2.167029572418486 -9.05663274535458
    endloop
  endfacet
  facet normal -0.19104200896094034 -0.4290873774868129 -0.8828289603845455
    outer loop
      vertex 1.05693094285444 2.167029572418486 -9.05663274535458
      vertex 1.030168131893758 2.549755600058665 -9.236860279185588
      vertex 1.205520653669963 2.4716836273227094 -9.236860279185588
    endloop
  endfacet
  facet normal -0.22050826261044537 -0.41471572531900147 -0.8828289603845455
    outer loop
      vertex 1.05693094285444 2.167029572418486 -9.05663274535458
      vertex 1.205520653669963 2.4716836273227094 -9.236860279185588
      vertex 1.205520653669963 2.08802302173002 -9.05663274535458
    endloop
  endfacet
  facet normal -0.24890022216992222 -0.39832361982451636 -0.8828289603845456
    outer loop
      vertex 1.205520653669963 2.08802302173002 -9.05663274535458
      vertex 1.375 2.381569860407206 -9.236860279185588
      vertex 1.3482371890393186 1.9988438327670266 -9.05663274535458
    endloop
  endfacet
  facet normal -0.27607956486635266 -0.37999092169359516 -0.8828289603845454
    outer loop
      vertex 1.4843852483480027 1.8999264775738711 -9.05663274535458
      vertex 1.3482371890393186 1.9988438327670266 -9.05663274535458
      vertex 1.537780484544554 2.2798533245263646 -9.236860279185588
    endloop
  endfacet
  facet normal -0.24890022216992252 -0.3983236198245163 -0.8828289603845455
    outer loop
      vertex 1.3482371890393186 1.9988438327670266 -9.05663274535458
      vertex 1.375 2.381569860407206 -9.236860279185588
      vertex 1.537780484544554 2.2798533245263646 -9.236860279185588
    endloop
  endfacet
  facet normal -0.22050826261044498 -0.4147157253190016 -0.8828289603845456
    outer loop
      vertex 1.205520653669963 2.08802302173002 -9.05663274535458
      vertex 1.205520653669963 2.4716836273227094 -9.236860279185588
      vertex 1.375 2.381569860407206 -9.236860279185588
    endloop
  endfacet
  facet normal -0.2809374971563178 -0.4495939772016278 -0.8479029297953664
    outer loop
      vertex 1.537780484544554 2.663513930119054 -9.440293350947272
      vertex 1.537780484544554 2.2798533245263646 -9.236860279185588
      vertex 1.375 2.381569860407206 -9.236860279185588
    endloop
  endfacet
  facet normal -0.1391828812231312 -0.3824018233351869 -0.9134533217873544
    outer loop
      vertex 0.7718155490687093 1.9103105187622427 -8.90048879988267
      vertex 0.7450527381080277 2.2930365464024227 -9.05663274535458
      vertex 0.9031919707276566 2.235478572859179 -9.05663274535458
    endloop
  endfacet
  facet normal -0.16551884146896406 -0.371761404713318 -0.9134533217873547
    outer loop
      vertex 0.9031919707276567 1.8518179672664896 -8.90048879988267
      vertex 0.9031919707276566 2.235478572859179 -9.05663274535458
      vertex 1.05693094285444 2.167029572418486 -9.05663274535458
    endloop
  endfacet
  facet normal -0.19104841055705907 -0.3593098018970106 -0.9134533217873545
    outer loop
      vertex 1.030168131893758 1.7843035447783053 -8.90048879988267
      vertex 1.05693094285444 2.167029572418486 -9.05663274535458
      vertex 1.205520653669963 2.08802302173002 -9.05663274535458
    endloop
  endfacet
  facet normal -0.12946538035459926 -0.4514994374259858 -0.8828289603845453
    outer loop
      vertex 0.7450527381080277 2.2930365464024227 -9.05663274535458
      vertex 0.6652852128990863 2.66831324725899 -9.236860279185588
      vertex 0.8497967345311054 2.615405419811672 -9.236860279185588
    endloop
  endfacet
  facet normal -0.18132249481814086 -0.4981794601520206 -0.8479029297953666
    outer loop
      vertex 0.9504006066848166 2.9250323009152335 -9.440293350947272
      vertex 1.030168131893758 2.549755600058665 -9.236860279185588
      vertex 0.8497967345311054 2.615405419811672 -9.236860279185588
    endloop
  endfacet
  facet normal -0.20111457396126708 -0.5525577506818171 -0.8088466234718599
    outer loop
      vertex 0.9504006066848166 2.9250323009152335 -9.440293350947272
      vertex 1.046374222616694 3.2204087186719534 -9.66594085516303
      vertex 1.1521254174734117 2.851610474275203 -9.440293350947272
    endloop
  endfacet
  facet normal -0.1461295599020442 -0.5096143378745035 -0.8479029297953665
    outer loop
      vertex 0.744045539674388 2.9842036642084233 -9.440293350947272
      vertex 0.8497967345311054 2.615405419811672 -9.236860279185588
      vertex 0.6652852128990863 2.66831324725899 -9.236860279185588
    endloop
  endfacet
  facet normal -0.14612955990204354 -0.5096143378745034 -0.8479029297953667
    outer loop
      vertex 0.744045539674388 2.9842036642084233 -9.440293350947272
      vertex 0.9504006066848166 2.9250323009152335 -9.440293350947272
      vertex 0.8497967345311054 2.615405419811672 -9.236860279185588
    endloop
  endfacet
  facet normal -0.18132249481814142 -0.49817946015202064 -0.8479029297953665
    outer loop
      vertex 0.9504006066848166 2.9250323009152335 -9.440293350947272
      vertex 1.1521254174734117 2.851610474275203 -9.440293350947272
      vertex 1.030168131893758 2.549755600058665 -9.236860279185588
    endloop
  endfacet
  facet normal -0.21563204476595704 -0.48431750217650194 -0.8479029297953665
    outer loop
      vertex 1.1521254174734117 2.851610474275203 -9.440293350947272
      vertex 1.205520653669963 2.4716836273227094 -9.236860279185588
      vertex 1.030168131893758 2.549755600058665 -9.236860279185588
    endloop
  endfacet
  facet normal -0.2488910570669327 -0.4680959980138031 -0.8479029297953665
    outer loop
      vertex 1.3482371890393186 2.764295888047387 -9.440293350947272
      vertex 1.375 2.381569860407206 -9.236860279185588
      vertex 1.205520653669963 2.4716836273227094 -9.236860279185588
    endloop
  endfacet
  facet normal -0.21563204476595682 -0.48431750217650194 -0.8479029297953666
    outer loop
      vertex 1.1521254174734117 2.851610474275203 -9.440293350947272
      vertex 1.3482371890393186 2.764295888047387 -9.440293350947272
      vertex 1.205520653669963 2.4716836273227094 -9.236860279185588
    endloop
  endfacet
  facet normal -0.2488910570669336 -0.46809599801380314 -0.8479029297953665
    outer loop
      vertex 1.3482371890393186 2.764295888047387 -9.440293350947272
      vertex 1.537780484544554 2.663513930119054 -9.440293350947272
      vertex 1.375 2.381569860407206 -9.236860279185588
    endloop
  endfacet
  facet normal -0.23916914919462826 -0.537182704274522 -0.8088466234718601
    outer loop
      vertex 1.1521254174734117 2.851610474275203 -9.440293350947272
      vertex 1.2684696638303767 3.139572588903954 -9.66594085516303
      vertex 1.3482371890393186 2.764295888047387 -9.440293350947272
    endloop
  endfacet
  facet normal -0.2760585163743161 -0.5191905577294165 -0.8088466234718599
    outer loop
      vertex 1.3482371890393186 2.764295888047387 -9.440293350947272
      vertex 1.4843852483480027 3.0434407770715475 -9.66594085516303
      vertex 1.537780484544554 2.663513930119054 -9.440293350947272
    endloop
  endfacet
  facet normal -0.2391691491946287 -0.5371827042745221 -0.80884662347186
    outer loop
      vertex 1.3482371890393186 2.764295888047387 -9.440293350947272
      vertex 1.2684696638303767 3.139572588903954 -9.66594085516303
      vertex 1.4843852483480027 3.0434407770715475 -9.66594085516303
    endloop
  endfacet
  facet normal 0 -0.6948773750037288 -0.7191282456613195
    outer loop
      vertex -0.12843776764589895 3.6779764454002257 -9.912703459874333
      vertex 0.13807528344443054 3.953958788825077 -10.179378962475514
      vertex 0.12843776764589895 3.6779764454002257 -9.912703459874333
    endloop
  endfacet
  facet normal -0.04847219536483423 -0.6931846886426344 -0.7191282456613196
    outer loop
      vertex 0.13807528344443054 3.953958788825077 -10.179378962475514
      vertex 0.38468756704424534 3.6600577138671353 -9.912703459874333
      vertex 0.12843776764589895 3.6779764454002257 -9.912703459874333
    endloop
  endfacet
  facet normal -0.048472195364834554 -0.6931846886426346 -0.7191282456613194
    outer loop
      vertex 0.13807528344443054 3.953958788825077 -10.179378962475514
      vertex 0.41355316143162935 3.9346954990564686 -10.179378962475514
      vertex 0.38468756704424534 3.6600577138671353 -9.912703459874333
    endloop
  endfacet
  facet normal -0.09670823906625965 -0.6881148761571546 -0.7191282456613196
    outer loop
      vertex 0.38468756704424534 3.6600577138671353 -9.912703459874333
      vertex 0.41355316143162935 3.9346954990564686 -10.179378962475514
      vertex 0.6390632072846111 3.624307549059799 -9.912703459874333
    endloop
  endfacet
  facet normal -0.1444731299480307 -0.6796926371641024 -0.7191282456613195
    outer loop
      vertex 0.6870162499865515 3.896262768330666 -10.179378962475514
      vertex 0.8903253958174954 3.5709001221875645 -9.912703459874333
      vertex 0.6390632072846111 3.624307549059799 -9.912703459874333
    endloop
  endfacet
  facet normal -0.09670823906625928 -0.6881148761571545 -0.7191282456613196
    outer loop
      vertex 0.41355316143162935 3.9346954990564686 -10.179378962475514
      vertex 0.6870162499865515 3.896262768330666 -10.179378962475514
      vertex 0.6390632072846111 3.624307549059799 -9.912703459874333
    endloop
  endfacet
  facet normal -0.28263209085833985 -0.6348020695532708 -0.7191282456613196
    outer loop
      vertex 1.378634053491285 3.4122390214682983 -9.912703459874333
      vertex 1.4820818766233943 3.6682813685171163 -10.179378962475514
      vertex 1.613301531936619 3.3077583285554133 -9.912703459874333
    endloop
  endfacet
  facet normal -0.1915341622630858 -0.6679590039652517 -0.7191282456613196
    outer loop
      vertex 1.1372500085171524 3.500095628865657 -9.912703459874333
      vertex 0.8903253958174954 3.5709001221875645 -9.912703459874333
      vertex 0.9571322644301715 3.83884783704852 -10.179378962475514
    endloop
  endfacet
  facet normal -0.19153416226308603 -0.6679590039652517 -0.7191282456613193
    outer loop
      vertex 1.1372500085171524 3.500095628865657 -9.912703459874333
      vertex 0.9571322644301715 3.83884783704852 -10.179378962475514
      vertex 1.222585226692086 3.762730424983909 -10.179378962475514
    endloop
  endfacet
  facet normal -0.14447312994803105 -0.6796926371641027 -0.7191282456613195
    outer loop
      vertex 0.6870162499865515 3.896262768330666 -10.179378962475514
      vertex 0.9571322644301715 3.83884783704852 -10.179378962475514
      vertex 0.8903253958174954 3.5709001221875645 -9.912703459874333
    endloop
  endfacet
  facet normal -0.15455064355606518 -0.7271036111131391 -0.6689054023422436
    outer loop
      vertex 0.6870162499865515 3.896262768330666 -10.179378962475514
      vertex 0.7316222185771895 4.149235787045189 -10.464668146724033
      vertex 0.9571322644301715 3.83884783704852 -10.179378962475514
    endloop
  endfacet
  facet normal -0.2048943499139247 -0.714551515351211 -0.6689054023422433
    outer loop
      vertex 0.9571322644301715 3.83884783704852 -10.179378962475514
      vertex 1.0192760808611425 4.08809307112701 -10.464668146724033
      vertex 1.222585226692086 3.762730424983909 -10.179378962475514
    endloop
  endfacet
  facet normal -0.23766205939253982 -0.6529711416420867 -0.7191282456613193
    outer loop
      vertex 1.1372500085171524 3.500095628865657 -9.912703459874333
      vertex 1.222585226692086 3.762730424983909 -10.179378962475514
      vertex 1.378634053491285 3.4122390214682983 -9.912703459874333
    endloop
  endfacet
  facet normal -0.23766205939253887 -0.6529711416420866 -0.7191282456613197
    outer loop
      vertex 1.378634053491285 3.4122390214682983 -9.912703459874333
      vertex 1.222585226692086 3.762730424983909 -10.179378962475514
      vertex 1.4820818766233943 3.6682813685171163 -10.179378962475514
    endloop
  endfacet
  facet normal -0.20489434991392436 -0.7145515153512109 -0.6689054023422434
    outer loop
      vertex 1.222585226692086 3.762730424983909 -10.179378962475514
      vertex 1.0192760808611425 4.08809307112701 -10.464668146724033
      vertex 1.301964132536413 4.007033576699978 -10.464668146724033
    endloop
  endfacet
  facet normal -0.2542398315949082 -0.6985181964329592 -0.6689054023422434
    outer loop
      vertex 1.222585226692086 3.762730424983909 -10.179378962475514
      vertex 1.301964132536413 4.007033576699978 -10.464668146724033
      vertex 1.4820818766233943 3.6682813685171163 -10.179378962475514
    endloop
  endfacet
  facet normal -0.25423983159490743 -0.6985181964329591 -0.6689054023422438
    outer loop
      vertex 1.5783091458309435 3.906452217472872 -10.464668146724033
      vertex 1.4820818766233943 3.6682813685171163 -10.179378962475514
      vertex 1.301964132536413 4.007033576699978 -10.464668146724033
    endloop
  endfacet
  facet normal 0 -0.5880196762848768 -0.8088466234718599
    outer loop
      vertex -0.107335529899066 3.0736874204456153 -9.440293350947272
      vertex 0.1181745159539158 3.384075370442284 -9.66594085516303
      vertex 0.107335529899066 3.0736874204456153 -9.440293350947272
    endloop
  endfacet
  facet normal -0.041018179109795466 -0.5865872899072123 -0.8088466234718599
    outer loop
      vertex 0.107335529899066 3.0736874204456153 -9.440293350947272
      vertex 0.1181745159539158 3.384075370442284 -9.66594085516303
      vertex 0.32148366178485954 3.058712724299183 -9.440293350947272
    endloop
  endfacet
  facet normal 0 -0.6430174449394586 -0.7658515296736896
    outer loop
      vertex -0.1181745159539158 3.384075370442284 -9.66594085516303
      vertex 0.12843776764589895 3.6779764454002257 -9.912703459874333
      vertex 0.1181745159539158 3.384075370442284 -9.66594085516303
    endloop
  endfacet
  facet normal -0.04101817910979524 -0.5865872899072123 -0.8088466234718601
    outer loop
      vertex 0.32148366178485954 3.058712724299183 -9.440293350947272
      vertex 0.1181745159539158 3.384075370442284 -9.66594085516303
      vertex 0.35394781349888077 3.367588495403556 -9.66594085516303
    endloop
  endfacet
  facet normal -0.044854629514934026 -0.6414510867615298 -0.7658515296736896
    outer loop
      vertex 0.1181745159539158 3.384075370442284 -9.66594085516303
      vertex 0.12843776764589895 3.6779764454002257 -9.912703459874333
      vertex 0.35394781349888077 3.367588495403556 -9.66594085516303
    endloop
  endfacet
  facet normal -0.08183652177410007 -0.5822971092166681 -0.8088466234718601
    outer loop
      vertex 0.32148366178485954 3.058712724299183 -9.440293350947272
      vertex 0.35394781349888077 3.367588495403556 -9.66594085516303
      vertex 0.5340655575858618 3.0288362872206935 -9.440293350947272
    endloop
  endfacet
  facet normal -0.08183652177410053 -0.5822971092166683 -0.8088466234718599
    outer loop
      vertex 0.5340655575858618 3.0288362872206935 -9.440293350947272
      vertex 0.35394781349888077 3.367588495403556 -9.66594085516303
      vertex 0.587996712875189 3.3346950677240335 -9.66594085516303
    endloop
  endfacet
  facet normal -0.12225616513050096 -0.5751700355423214 -0.8088466234718598
    outer loop
      vertex 0.5340655575858618 3.0288362872206935 -9.440293350947272
      vertex 0.587996712875189 3.3346950677240335 -9.66594085516303
      vertex 0.744045539674388 2.9842036642084233 -9.440293350947272
    endloop
  endfacet
  facet normal -0.1222561651304992 -0.5751700355423208 -0.8088466234718604
    outer loop
      vertex 0.744045539674388 2.9842036642084233 -9.440293350947272
      vertex 0.587996712875189 3.3346950677240335 -9.66594085516303
      vertex 0.8191809513715922 3.285555340876936 -9.66594085516303
    endloop
  endfacet
  facet normal -0.08949073178364297 -0.6367596433673366 -0.7658515296736896
    outer loop
      vertex 0.35394781349888077 3.367588495403556 -9.66594085516303
      vertex 0.38468756704424534 3.6600577138671353 -9.912703459874333
      vertex 0.587996712875189 3.3346950677240335 -9.66594085516303
    endloop
  endfacet
  facet normal -0.13369084420267724 -0.6289659709975135 -0.7658515296736896
    outer loop
      vertex 0.587996712875189 3.3346950677240335 -9.66594085516303
      vertex 0.6390632072846111 3.624307549059799 -9.912703459874333
      vertex 0.8191809513715922 3.285555340876936 -9.66594085516303
    endloop
  endfacet
  facet normal -0.04485462951493383 -0.6414510867615297 -0.7658515296736897
    outer loop
      vertex 0.35394781349888077 3.367588495403556 -9.66594085516303
      vertex 0.12843776764589895 3.6779764454002257 -9.912703459874333
      vertex 0.38468756704424534 3.6600577138671353 -9.912703459874333
    endloop
  endfacet
  facet normal -0.08949073178364297 -0.6367596433673365 -0.7658515296736897
    outer loop
      vertex 0.38468756704424534 3.6600577138671353 -9.912703459874333
      vertex 0.6390632072846111 3.624307549059799 -9.912703459874333
      vertex 0.587996712875189 3.3346950677240335 -9.66594085516303
    endloop
  endfacet
  facet normal -0.16208018873953062 -0.5652407912707014 -0.8088466234718604
    outer loop
      vertex 0.744045539674388 2.9842036642084233 -9.440293350947272
      vertex 0.8191809513715922 3.285555340876936 -9.66594085516303
      vertex 0.9504006066848166 2.9250323009152335 -9.440293350947272
    endloop
  endfacet
  facet normal -0.16208018873953198 -0.5652407912707016 -0.80884662347186
    outer loop
      vertex 0.9504006066848166 2.9250323009152335 -9.440293350947272
      vertex 0.8191809513715922 3.285555340876936 -9.66594085516303
      vertex 1.046374222616694 3.2204087186719534 -9.66594085516303
    endloop
  endfacet
  facet normal -0.17723962826731607 -0.6181080396404283 -0.7658515296736895
    outer loop
      vertex 0.8191809513715922 3.285555340876936 -9.66594085516303
      vertex 0.8903253958174954 3.5709001221875645 -9.912703459874333
      vertex 1.046374222616694 3.2204087186719534 -9.66594085516303
    endloop
  endfacet
  facet normal -0.13369084420267754 -0.6289659709975135 -0.7658515296736895
    outer loop
      vertex 0.6390632072846111 3.624307549059799 -9.912703459874333
      vertex 0.8903253958174954 3.5709001221875645 -9.912703459874333
      vertex 0.8191809513715922 3.285555340876936 -9.66594085516303
    endloop
  endfacet
  facet normal -0.1772396282673157 -0.6181080396404283 -0.7658515296736897
    outer loop
      vertex 1.046374222616694 3.2204087186719534 -9.66594085516303
      vertex 0.8903253958174954 3.5709001221875645 -9.912703459874333
      vertex 1.1372500085171524 3.500095628865657 -9.912703459874333
    endloop
  endfacet
  facet normal -0.2011145739612667 -0.5525577506818171 -0.8088466234718601
    outer loop
      vertex 1.1521254174734117 2.851610474275203 -9.440293350947272
      vertex 1.046374222616694 3.2204087186719534 -9.66594085516303
      vertex 1.2684696638303767 3.139572588903954 -9.66594085516303
    endloop
  endfacet
  facet normal -0.26153875699385276 -0.5874256660093938 -0.7658515296736897
    outer loop
      vertex 1.2684696638303767 3.139572588903954 -9.66594085516303
      vertex 1.378634053491285 3.4122390214682983 -9.912703459874333
      vertex 1.4843852483480027 3.0434407770715475 -9.66594085516303
    endloop
  endfacet
  facet normal -0.21992491867909877 -0.6042387480462184 -0.7658515296736897
    outer loop
      vertex 1.2684696638303767 3.139572588903954 -9.66594085516303
      vertex 1.046374222616694 3.2204087186719534 -9.66594085516303
      vertex 1.1372500085171524 3.500095628865657 -9.912703459874333
    endloop
  endfacet
  facet normal -0.21992491867909886 -0.6042387480462185 -0.7658515296736897
    outer loop
      vertex 1.2684696638303767 3.139572588903954 -9.66594085516303
      vertex 1.1372500085171524 3.500095628865657 -9.912703459874333
      vertex 1.378634053491285 3.4122390214682983 -9.912703459874333
    endloop
  endfacet
  facet normal -0.26153875699385287 -0.5874256660093939 -0.7658515296736897
    outer loop
      vertex 1.4843852483480027 3.0434407770715475 -9.66594085516303
      vertex 1.378634053491285 3.4122390214682983 -9.912703459874333
      vertex 1.613301531936619 3.3077583285554133 -9.912703459874333
    endloop
  endfacet
  facet normal -0.5475708439409488 -0.42780922986521663 -0.7191282456613196
    outer loop
      vertex 2.819210804971196 2.365598746662333 -9.912703459874333
      vertex 3.030754412200564 2.543104909466407 -10.179378962475514
      vertex 2.9773591760040126 2.1631780625139134 -9.912703459874333
    endloop
  endfacet
  facet normal -0.4827023849889167 -0.4998529521950283 -0.7191282456613192
    outer loop
      vertex 2.462546726013953 2.734935212262752 -9.912703459874333
      vertex 2.647327522282639 2.940155077098858 -10.179378962475514
      vertex 2.647327522282639 2.5564944715061686 -9.912703459874333
    endloop
  endfacet
  facet normal -0.4466585669039032 -0.5323069517707095 -0.7191282456613193
    outer loop
      vertex 2.4357839150532716 3.1176612399029313 -10.179378962475514
      vertex 2.462546726013953 2.734935212262752 -9.912703459874333
      vertex 2.2657686496304583 2.9000516235799165 -9.912703459874333
    endloop
  endfacet
  facet normal -0.44665856690390404 -0.5323069517707094 -0.7191282456613192
    outer loop
      vertex 2.4357839150532716 3.1176612399029313 -10.179378962475514
      vertex 2.647327522282639 2.940155077098858 -10.179378962475514
      vertex 2.462546726013953 2.734935212262752 -9.912703459874333
    endloop
  endfacet
  facet normal -0.5163945255753363 -0.46496371928129643 -0.7191282456613196
    outer loop
      vertex 2.819210804971196 2.365598746662333 -9.912703459874333
      vertex 2.647327522282639 2.5564944715061686 -9.912703459874333
      vertex 2.845973615931878 2.7483247743025134 -10.179378962475514
    endloop
  endfacet
  facet normal -0.4827023849889156 -0.4998529521950286 -0.7191282456613196
    outer loop
      vertex 2.647327522282639 2.5564944715061686 -9.912703459874333
      vertex 2.647327522282639 2.940155077098858 -10.179378962475514
      vertex 2.845973615931878 2.7483247743025134 -10.179378962475514
    endloop
  endfacet
  facet normal -0.516394525575336 -0.4649637192812965 -0.7191282456613196
    outer loop
      vertex 2.819210804971196 2.365598746662333 -9.912703459874333
      vertex 2.845973615931878 2.7483247743025134 -10.179378962475514
      vertex 3.030754412200564 2.543104909466407 -10.179378962475514
    endloop
  endfacet
  facet normal -0.552414876629347 -0.49739658904735584 -0.6689054023422438
    outer loop
      vertex 3.030754412200564 2.926765515059096 -10.464668146724033
      vertex 3.030754412200564 2.543104909466407 -10.179378962475514
      vertex 2.845973615931878 2.7483247743025134 -10.179378962475514
    endloop
  endfacet
  facet normal -0.5163725896498524 -0.5347194697929613 -0.6689054023422442
    outer loop
      vertex 2.819210804971196 3.1310508019426933 -10.464668146724033
      vertex 2.845973615931878 2.7483247743025134 -10.179378962475514
      vertex 2.647327522282639 2.940155077098858 -10.179378962475514
    endloop
  endfacet
  facet normal -0.5163725896498531 -0.5347194697929609 -0.6689054023422438
    outer loop
      vertex 2.819210804971196 3.1310508019426933 -10.464668146724033
      vertex 3.030754412200564 2.926765515059096 -10.464668146724033
      vertex 2.845973615931878 2.7483247743025134 -10.179378962475514
    endloop
  endfacet
  facet normal -0.27607956486635216 -0.3799909216935953 -0.8828289603845455
    outer loop
      vertex 1.4843852483480027 1.8999264775738711 -9.05663274535458
      vertex 1.537780484544554 2.2798533245263646 -9.236860279185588
      vertex 1.6930690571455602 2.1670295724184854 -9.236860279185588
    endloop
  endfacet
  facet normal -0.30191387567417327 -0.3598069459887376 -0.8828289603845455
    outer loop
      vertex 1.6133015319366188 1.7917528715619178 -9.05663274535458
      vertex 1.6930690571455602 2.1670295724184854 -9.236860279185588
      vertex 1.8401091674868602 2.043648270062834 -9.236860279185588
    endloop
  endfacet
  facet normal -0.3407748207261971 -0.4061196168660931 -0.8479029297953664
    outer loop
      vertex 1.8935044036834114 2.4235751170153277 -9.440293350947272
      vertex 1.8401091674868602 2.043648270062834 -9.236860279185588
      vertex 1.6930690571455602 2.1670295724184854 -9.236860279185588
    endloop
  endfacet
  facet normal -0.3116152379992967 -0.42890157972555343 -0.8479029297953666
    outer loop
      vertex 1.537780484544554 2.2798533245263646 -9.236860279185588
      vertex 1.7198318681062423 2.5497556000586656 -9.440293350947272
      vertex 1.6930690571455602 2.1670295724184854 -9.236860279185588
    endloop
  endfacet
  facet normal -0.2809374971563171 -0.4495939772016279 -0.8479029297953666
    outer loop
      vertex 1.537780484544554 2.663513930119054 -9.440293350947272
      vertex 1.7198318681062423 2.5497556000586656 -9.440293350947272
      vertex 1.537780484544554 2.2798533245263646 -9.236860279185588
    endloop
  endfacet
  facet normal -0.31161523799929763 -0.4289015797255533 -0.8479029297953664
    outer loop
      vertex 1.7198318681062423 2.5497556000586656 -9.440293350947272
      vertex 1.8935044036834114 2.4235751170153277 -9.440293350947272
      vertex 1.6930690571455602 2.1670295724184854 -9.236860279185588
    endloop
  endfacet
  facet normal -0.36827418278108404 -0.3813590800562616 -0.8479029297953665
    outer loop
      vertex 2.0579519761402323 2.2855872196188107 -9.440293350947272
      vertex 1.9781844509312907 1.9103105187622424 -9.236860279185588
      vertex 1.8401091674868602 2.043648270062834 -9.236860279185588
    endloop
  endfacet
  facet normal -0.36827418278108426 -0.3813590800562616 -0.8479029297953665
    outer loop
      vertex 2.2123734134339075 2.136464171034734 -9.440293350947272
      vertex 1.9781844509312907 1.9103105187622424 -9.236860279185588
      vertex 2.0579519761402323 2.2855872196188107 -9.440293350947272
    endloop
  endfacet
  facet normal -0.37797176216780753 -0.4504492054626504 -0.8088466234718603
    outer loop
      vertex 2.0579519761402323 2.2855872196188107 -9.440293350947272
      vertex 1.8935044036834114 2.4235751170153277 -9.440293350947272
      vertex 2.0847147871009137 2.66831324725899 -9.66594085516303
    endloop
  endfacet
  facet normal -0.4084727901258793 -0.4229859565339611 -0.8088466234718603
    outer loop
      vertex 2.2123734134339075 2.136464171034734 -9.440293350947272
      vertex 2.0579519761402323 2.2855872196188107 -9.440293350947272
      vertex 2.2657686496304583 2.5163910179872278 -9.66594085516303
    endloop
  endfacet
  facet normal -0.37797176216780753 -0.45044920546265027 -0.8088466234718602
    outer loop
      vertex 2.0579519761402323 2.2855872196188107 -9.440293350947272
      vertex 2.0847147871009137 2.66831324725899 -9.66594085516303
      vertex 2.2657686496304583 2.5163910179872278 -9.66594085516303
    endloop
  endfacet
  facet normal -0.3407748207261961 -0.4061196168660933 -0.8479029297953665
    outer loop
      vertex 2.0579519761402323 2.2855872196188107 -9.440293350947272
      vertex 1.8401091674868602 2.043648270062834 -9.236860279185588
      vertex 1.8935044036834114 2.4235751170153277 -9.440293350947272
    endloop
  endfacet
  facet normal -0.3116029542115281 -0.4986689669759079 -0.8088466234718603
    outer loop
      vertex 1.537780484544554 2.663513930119054 -9.440293350947272
      vertex 1.6930690571455602 2.932481627698845 -9.66594085516303
      vertex 1.7198318681062423 2.5497556000586656 -9.440293350947272
    endloop
  endfacet
  facet normal -0.3456292937780454 -0.47571791114131956 -0.8088466234718602
    outer loop
      vertex 1.7198318681062423 2.5497556000586656 -9.440293350947272
      vertex 1.8935044036834114 2.807235722608017 -9.66594085516303
      vertex 1.8935044036834114 2.4235751170153277 -9.440293350947272
    endloop
  endfacet
  facet normal -0.27605851637431533 -0.5191905577294166 -0.8088466234718602
    outer loop
      vertex 1.537780484544554 2.663513930119054 -9.440293350947272
      vertex 1.4843852483480027 3.0434407770715475 -9.66594085516303
      vertex 1.6930690571455602 2.932481627698845 -9.66594085516303
    endloop
  endfacet
  facet normal -0.3116029542115283 -0.4986689669759079 -0.8088466234718601
    outer loop
      vertex 1.7198318681062423 2.5497556000586656 -9.440293350947272
      vertex 1.6930690571455602 2.932481627698845 -9.66594085516303
      vertex 1.8935044036834114 2.807235722608017 -9.66594085516303
    endloop
  endfacet
  facet normal -0.34074733131143226 -0.5453097199762776 -0.76585152967369
    outer loop
      vertex 1.6930690571455602 2.932481627698845 -9.66594085516303
      vertex 1.8401091674868602 3.1871625695605106 -9.912703459874333
      vertex 1.8935044036834114 2.807235722608017 -9.66594085516303
    endloop
  endfacet
  facet normal -0.3456292937780449 -0.47571791114131967 -0.8088466234718603
    outer loop
      vertex 1.8935044036834114 2.4235751170153277 -9.440293350947272
      vertex 1.8935044036834114 2.807235722608017 -9.66594085516303
      vertex 2.0847147871009137 2.66831324725899 -9.66594085516303
    endloop
  endfacet
  facet normal -0.41332364641937985 -0.4925799405244364 -0.7658515296736895
    outer loop
      vertex 2.0847147871009137 2.66831324725899 -9.66594085516303
      vertex 2.2657686496304583 2.9000516235799165 -9.912703459874333
      vertex 2.2657686496304583 2.5163910179872278 -9.66594085516303
    endloop
  endfacet
  facet normal -0.3779561711022018 -0.5202120406355787 -0.7658515296736895
    outer loop
      vertex 1.8935044036834114 2.807235722608017 -9.66594085516303
      vertex 2.0579519761402323 3.0510392748991704 -9.912703459874333
      vertex 2.0847147871009137 2.66831324725899 -9.66594085516303
    endloop
  endfacet
  facet normal -0.37795617110220175 -0.5202120406355787 -0.7658515296736895
    outer loop
      vertex 2.0847147871009137 2.66831324725899 -9.66594085516303
      vertex 2.0579519761402323 3.0510392748991704 -9.912703459874333
      vertex 2.2657686496304583 2.9000516235799165 -9.912703459874333
    endloop
  endfacet
  facet normal -0.43698377970999874 -0.39346196254343824 -0.8088466234718604
    outer loop
      vertex 2.35601638984433 1.9769324837660038 -9.440293350947272
      vertex 2.2123734134339075 2.136464171034734 -9.440293350947272
      vertex 2.4357839150532716 2.3522091846225717 -9.66594085516303
    endloop
  endfacet
  facet normal -0.43698377970999874 -0.3934619625434381 -0.8088466234718602
    outer loop
      vertex 2.35601638984433 1.9769324837660038 -9.440293350947272
      vertex 2.4357839150532716 2.3522091846225717 -9.66594085516303
      vertex 2.593932286086088 2.176567624553675 -9.66594085516303
    endloop
  endfacet
  facet normal -0.4084727901258791 -0.42298595653396104 -0.8088466234718603
    outer loop
      vertex 2.2123734134339075 2.136464171034734 -9.440293350947272
      vertex 2.2657686496304583 2.5163910179872278 -9.66594085516303
      vertex 2.4357839150532716 2.3522091846225717 -9.66594085516303
    endloop
  endfacet
  facet normal -0.4778550868984549 -0.4302626528316634 -0.7658515296736894
    outer loop
      vertex 2.4357839150532716 2.3522091846225717 -9.66594085516303
      vertex 2.647327522282639 2.5564944715061686 -9.912703459874333
      vertex 2.593932286086088 2.176567624553675 -9.66594085516303
    endloop
  endfacet
  facet normal -0.5067046613690114 -0.39588106881156315 -0.7658515296736895
    outer loop
      vertex 2.593932286086088 2.176567624553675 -9.66594085516303
      vertex 2.819210804971196 2.365598746662333 -9.912703459874333
      vertex 2.7394432797622548 1.9903220458057655 -9.66594085516303
    endloop
  endfacet
  facet normal -0.5067046613690117 -0.3958810688115628 -0.7658515296736892
    outer loop
      vertex 2.7394432797622548 1.9903220458057655 -9.66594085516303
      vertex 2.819210804971196 2.365598746662333 -9.912703459874333
      vertex 2.9773591760040126 2.1631780625139134 -9.912703459874333
    endloop
  endfacet
  facet normal -0.4778550868984544 -0.4302626528316635 -0.7658515296736894
    outer loop
      vertex 2.593932286086088 2.176567624553675 -9.66594085516303
      vertex 2.647327522282639 2.5564944715061686 -9.912703459874333
      vertex 2.819210804971196 2.365598746662333 -9.912703459874333
    endloop
  endfacet
  facet normal -0.4466774504783524 -0.46254804045701986 -0.7658515296736896
    outer loop
      vertex 2.4357839150532716 2.3522091846225717 -9.66594085516303
      vertex 2.2657686496304583 2.5163910179872278 -9.66594085516303
      vertex 2.462546726013953 2.734935212262752 -9.912703459874333
    endloop
  endfacet
  facet normal -0.41332364641937985 -0.4925799405244364 -0.7658515296736895
    outer loop
      vertex 2.2657686496304583 2.5163910179872278 -9.66594085516303
      vertex 2.2657686496304583 2.9000516235799165 -9.912703459874333
      vertex 2.462546726013953 2.734935212262752 -9.912703459874333
    endloop
  endfacet
  facet normal -0.446677450478353 -0.4625480404570195 -0.7658515296736893
    outer loop
      vertex 2.4357839150532716 2.3522091846225717 -9.66594085516303
      vertex 2.462546726013953 2.734935212262752 -9.912703459874333
      vertex 2.647327522282639 2.5564944715061686 -9.912703459874333
    endloop
  endfacet
  facet normal -0.32622516718755856 -0.613540305591672 -0.7191282456613196
    outer loop
      vertex 1.613301531936619 3.3077583285554133 -9.912703459874333
      vertex 1.7343579726301428 3.555960813957262 -10.179378962475514
      vertex 1.8401091674868602 3.1871625695605106 -9.912703459874333
    endloop
  endfacet
  facet normal -0.32622516718756 -0.613540305591672 -0.7191282456613189
    outer loop
      vertex 1.7343579726301428 3.555960813957262 -10.179378962475514
      vertex 1.9781844509312907 3.4263159757557378 -10.179378962475514
      vertex 1.8401091674868602 3.1871625695605106 -9.912703459874333
    endloop
  endfacet
  facet normal -0.36822890729427704 -0.5892894349340877 -0.7191282456613189
    outer loop
      vertex 2.0579519761402323 3.0510392748991704 -9.912703459874333
      vertex 1.8401091674868602 3.1871625695605106 -9.912703459874333
      vertex 1.9781844509312907 3.4263159757557378 -10.179378962475514
    endloop
  endfacet
  facet normal -0.40843867317889876 -0.5621676053846694 -0.7191282456613198
    outer loop
      vertex 2.0579519761402323 3.0510392748991704 -9.912703459874333
      vertex 2.2123734134339075 3.2799784705324107 -10.179378962475514
      vertex 2.2657686496304583 2.9000516235799165 -9.912703459874333
    endloop
  endfacet
  facet normal -0.36822890729427527 -0.5892894349340879 -0.7191282456613197
    outer loop
      vertex 2.0579519761402323 3.0510392748991704 -9.912703459874333
      vertex 1.9781844509312907 3.4263159757557378 -10.179378962475514
      vertex 2.2123734134339075 3.2799784705324107 -10.179378962475514
    endloop
  endfacet
  facet normal -0.3939141805728737 -0.6303944646496845 -0.6689054023422439
    outer loop
      vertex 2.1066222185771895 3.6487767149291606 -10.464668146724033
      vertex 2.2123734134339075 3.2799784705324107 -10.179378962475514
      vertex 1.9781844509312907 3.4263159757557378 -10.179378962475514
    endloop
  endfacet
  facet normal -0.3939141805728733 -0.6303944646496846 -0.668905402342244
    outer loop
      vertex 2.35601638984433 3.4929379407594996 -10.464668146724033
      vertex 2.2123734134339075 3.2799784705324107 -10.179378962475514
      vertex 2.1066222185771895 3.6487767149291606 -10.464668146724033
    endloop
  endfacet
  facet normal -0.38928370251359695 -0.7321361618453259 -0.5589587099918025
    outer loop
      vertex 2.2247967345311057 3.8534609807212026 -10.767181112391398
      vertex 2.019414461334492 4.140413227814895 -11
      vertex 2.303315895817996 3.9894601574377915 -11
    endloop
  endfacet
  facet normal -0.2826320908583401 -0.6348020695532708 -0.7191282456613196
    outer loop
      vertex 1.613301531936619 3.3077583285554133 -9.912703459874333
      vertex 1.4820818766233943 3.6682813685171163 -10.179378962475514
      vertex 1.7343579726301428 3.555960813957262 -10.179378962475514
    endloop
  endfacet
  facet normal -0.30234668237246204 -0.6790817670764886 -0.6689054023422439
    outer loop
      vertex 1.5783091458309435 3.906452217472872 -10.464668146724033
      vertex 1.7343579726301428 3.555960813957262 -10.179378962475514
      vertex 1.4820818766233943 3.6682813685171163 -10.179378962475514
    endloop
  endfacet
  facet normal -0.3489805305052814 -0.6563369196118816 -0.6689054023422436
    outer loop
      vertex 1.8469647956180664 3.7868390157174407 -10.464668146724033
      vertex 1.9781844509312907 3.4263159757557378 -10.179378962475514
      vertex 1.7343579726301428 3.555960813957262 -10.179378962475514
    endloop
  endfacet
  facet normal -0.30234668237246265 -0.6790817670764886 -0.6689054023422436
    outer loop
      vertex 1.5783091458309435 3.906452217472872 -10.464668146724033
      vertex 1.8469647956180664 3.7868390157174407 -10.464668146724033
      vertex 1.7343579726301428 3.555960813957262 -10.179378962475514
    endloop
  endfacet
  facet normal -0.32058685824339406 -0.7200498728450809 -0.6154285067637124
    outer loop
      vertex 1.5783091458309435 3.906452217472872 -10.464668146724033
      vertex 1.6668470515310854 4.1255912239003045 -10.767181112391398
      vertex 1.8469647956180664 3.7868390157174407 -10.464668146724033
    endloop
  endfacet
  facet normal -0.32058685824339345 -0.7200498728450809 -0.6154285067637126
    outer loop
      vertex 1.8469647956180664 3.7868390157174407 -10.464668146724033
      vertex 1.6668470515310854 4.1255912239003045 -10.767181112391398
      vertex 1.950573391777991 3.9992681184447725 -10.767181112391398
    endloop
  endfacet
  facet normal -0.41767850262636197 -0.6684253297911343 -0.615428506763713
    outer loop
      vertex 2.35601638984433 3.4929379407594996 -10.464668146724033
      vertex 2.1066222185771895 3.6487767149291606 -10.464668146724033
      vertex 2.2247967345311057 3.8534609807212026 -10.767181112391398
    endloop
  endfacet
  facet normal -0.3489805305052809 -0.6563369196118816 -0.6689054023422438
    outer loop
      vertex 1.8469647956180664 3.7868390157174407 -10.464668146724033
      vertex 2.1066222185771895 3.6487767149291606 -10.464668146724033
      vertex 1.9781844509312907 3.4263159757557378 -10.179378962475514
    endloop
  endfacet
  facet normal -0.37003406481893214 -0.6959328587846425 -0.6154285067637126
    outer loop
      vertex 1.8469647956180664 3.7868390157174407 -10.464668146724033
      vertex 1.950573391777991 3.9992681184447725 -10.767181112391398
      vertex 2.1066222185771895 3.6487767149291606 -10.464668146724033
    endloop
  endfacet
  facet normal -0.37003406481893153 -0.6959328587846425 -0.615428506763713
    outer loop
      vertex 2.1066222185771895 3.6487767149291606 -10.464668146724033
      vertex 1.950573391777991 3.9992681184447725 -10.767181112391398
      vertex 2.2247967345311057 3.8534609807212026 -10.767181112391398
    endloop
  endfacet
  facet normal -0.38928370251359573 -0.7321361618453259 -0.5589587099918036
    outer loop
      vertex 2.2247967345311057 3.8534609807212026 -10.767181112391398
      vertex 1.950573391777991 3.9992681184447725 -10.767181112391398
      vertex 2.019414461334492 4.140413227814895 -11
    endloop
  endfacet
  facet normal -0.5329965869365308 -0.6352005973220648 -0.5589587099918035
    outer loop
      vertex 2.977359176004013 3.3066923620115904 -10.767181112391398
      vertex 2.8361257251206955 3.630075389715761 -11
      vertex 3.082438324009385 3.4233945788339453 -11
    endloop
  endfacet
  facet normal -0.40843867317889954 -0.5621676053846693 -0.7191282456613194
    outer loop
      vertex 2.4357839150532716 3.1176612399029313 -10.179378962475514
      vertex 2.2657686496304583 2.9000516235799165 -9.912703459874333
      vertex 2.2123734134339075 3.2799784705324107 -10.179378962475514
    endloop
  endfacet
  facet normal -0.47781458731917575 -0.5694372510315481 -0.668905402342244
    outer loop
      vertex 2.4357839150532716 3.1176612399029313 -10.179378962475514
      vertex 2.593932286086088 3.320081924051351 -10.464668146724033
      vertex 2.647327522282639 2.940155077098858 -10.179378962475514
    endloop
  endfacet
  facet normal -0.43692872034883595 -0.6013807912227404 -0.6689054023422439
    outer loop
      vertex 2.4357839150532716 3.1176612399029313 -10.179378962475514
      vertex 2.2123734134339075 3.2799784705324107 -10.179378962475514
      vertex 2.35601638984433 3.4929379407594996 -10.464668146724033
    endloop
  endfacet
  facet normal -0.43692872034883573 -0.6013807912227406 -0.668905402342244
    outer loop
      vertex 2.4357839150532716 3.1176612399029313 -10.179378962475514
      vertex 2.35601638984433 3.4929379407594996 -10.464668146724033
      vertex 2.593932286086088 3.320081924051351 -10.464668146724033
    endloop
  endfacet
  facet normal -0.5475246657243596 -0.5669783889056224 -0.6154285067637126
    outer loop
      vertex 2.819210804971196 3.1310508019426933 -10.464668146724033
      vertex 2.977359176004013 3.3066923620115904 -10.767181112391398
      vertex 3.030754412200564 2.926765515059096 -10.464668146724033
    endloop
  endfacet
  facet normal -0.47781458731917553 -0.5694372510315482 -0.6689054023422442
    outer loop
      vertex 2.819210804971196 3.1310508019426933 -10.464668146724033
      vertex 2.647327522282639 2.940155077098858 -10.179378962475514
      vertex 2.593932286086088 3.320081924051351 -10.464668146724033
    endloop
  endfacet
  facet normal -0.5066405100579666 -0.6037906480153457 -0.6154285067637121
    outer loop
      vertex 2.819210804971196 3.1310508019426933 -10.464668146724033
      vertex 2.593932286086088 3.320081924051351 -10.464668146724033
      vertex 2.7394432797622548 3.506327502799261 -10.767181112391398
    endloop
  endfacet
  facet normal -0.5066405100579657 -0.6037906480153458 -0.6154285067637126
    outer loop
      vertex 2.819210804971196 3.1310508019426933 -10.464668146724033
      vertex 2.7394432797622548 3.506327502799261 -10.767181112391398
      vertex 2.977359176004013 3.3066923620115904 -10.767181112391398
    endloop
  endfacet
  facet normal -0.5329965869365307 -0.6352005973220649 -0.5589587099918036
    outer loop
      vertex 2.7394432797622548 3.506327502799261 -10.767181112391398
      vertex 2.8361257251206955 3.630075389715761 -11
      vertex 2.977359176004013 3.3066923620115904 -10.767181112391398
    endloop
  endfacet
  facet normal -0.43940666393048844 -0.7031976565787016 -0.5589587099918039
    outer loop
      vertex 2.488181091229371 3.6888801684481027 -10.767181112391398
      vertex 2.303315895817996 3.9894601574377915 -11
      vertex 2.5759958067855795 3.8190708381927854 -11
    endloop
  endfacet
  facet normal -0.48738888024972155 -0.6708332430144032 -0.5589587099918035
    outer loop
      vertex 2.7394432797622548 3.506327502799261 -10.767181112391398
      vertex 2.5759958067855795 3.8190708381927854 -11
      vertex 2.8361257251206955 3.630075389715761 -11
    endloop
  endfacet
  facet normal -0.4176785026263634 -0.6684253297911341 -0.6154285067637122
    outer loop
      vertex 2.35601638984433 3.4929379407594996 -10.464668146724033
      vertex 2.2247967345311057 3.8534609807212026 -10.767181112391398
      vertex 2.488181091229371 3.6888801684481027 -10.767181112391398
    endloop
  endfacet
  facet normal -0.4632880527538992 -0.6376612997807596 -0.6154285067637122
    outer loop
      vertex 2.35601638984433 3.4929379407594996 -10.464668146724033
      vertex 2.488181091229371 3.6888801684481027 -10.767181112391398
      vertex 2.593932286086088 3.320081924051351 -10.464668146724033
    endloop
  endfacet
  facet normal -0.4632880527538993 -0.6376612997807596 -0.6154285067637122
    outer loop
      vertex 2.593932286086088 3.320081924051351 -10.464668146724033
      vertex 2.488181091229371 3.6888801684481027 -10.767181112391398
      vertex 2.7394432797622548 3.506327502799261 -10.767181112391398
    endloop
  endfacet
  facet normal -0.48738888024972127 -0.6708332430144034 -0.5589587099918039
    outer loop
      vertex 2.7394432797622548 3.506327502799261 -10.767181112391398
      vertex 2.488181091229371 3.6888801684481027 -10.767181112391398
      vertex 2.5759958067855795 3.8190708381927854 -11
    endloop
  endfacet
  facet normal -0.43940666393048994 -0.7031976565787015 -0.5589587099918025
    outer loop
      vertex 2.2247967345311057 3.8534609807212026 -10.767181112391398
      vertex 2.303315895817996 3.9894601574377915 -11
      vertex 2.488181091229371 3.6888801684481027 -10.767181112391398
    endloop
  endfacet
  facet normal -0.30187840477431904 -0.567750705175592 -0.7658515296736897
    outer loop
      vertex 1.4843852483480027 3.0434407770715475 -9.66594085516303
      vertex 1.613301531936619 3.3077583285554133 -9.912703459874333
      vertex 1.6930690571455602 2.932481627698845 -9.66594085516303
    endloop
  endfacet
  facet normal -0.3018784047743184 -0.567750705175592 -0.7658515296736899
    outer loop
      vertex 1.6930690571455602 2.932481627698845 -9.66594085516303
      vertex 1.613301531936619 3.3077583285554133 -9.912703459874333
      vertex 1.8401091674868602 3.1871625695605106 -9.912703459874333
    endloop
  endfacet
  facet normal -0.34074733131143314 -0.5453097199762774 -0.7658515296736895
    outer loop
      vertex 1.8935044036834114 2.807235722608017 -9.66594085516303
      vertex 1.8401091674868602 3.1871625695605106 -9.912703459874333
      vertex 2.0579519761402323 3.0510392748991704 -9.912703459874333
    endloop
  endfacet
  facet normal -0.8165981472482209 -0.1439882857564103 -0.5589587099918054
    outer loop
      vertex 4.443953810688267 0.9445915422202905 -10.906009475520017
      vertex 4.505965834452818 0.957772604773883 -11
      vertex 4.505969606085555 0.85 -10.972243186433545
    endloop
  endfacet
  facet normal -0.6245516475613466 -0.3046141917581663 -0.7191282456613192
    outer loop
      vertex 3.2494399200603348 1.7277578531134015 -9.912703459874333
      vertex 3.4932663983614827 1.8574026913149246 -10.179378962475514
      vertex 3.29093090242122 1.642688732587979 -9.912703459874333
    endloop
  endfacet
  facet normal -0.6017814592682748 -0.3474386875018654 -0.7191282456613193
    outer loop
      vertex 3.2494399200603348 1.7277578531134015 -9.912703459874333
      vertex 3.1210021524144356 1.9502185922868243 -9.912703459874333
      vertex 3.355191114917052 2.096556097510152 -10.179378962475514
    endloop
  endfacet
  facet normal -0.6017814592682751 -0.34743868750186524 -0.7191282456613192
    outer loop
      vertex 3.2494399200603348 1.7277578531134015 -9.912703459874333
      vertex 3.355191114917052 2.096556097510152 -10.179378962475514
      vertex 3.4932663983614827 1.8574026913149246 -10.179378962475514
    endloop
  endfacet
  facet normal -0.6245516475613461 -0.3046141917581671 -0.7191282456613194
    outer loop
      vertex 3.507263802565322 1.5974774553360442 -10.081434243653637
      vertex 3.29093090242122 1.642688732587979 -9.912703459874333
      vertex 3.4932663983614827 1.8574026913149246 -10.179378962475514
    endloop
  endfacet
  facet normal -0.6245516475613405 -0.3046141917581646 -0.719128245661325
    outer loop
      vertex 3.5531439377945135 1.5819616041362465 -10.1147080939292
      vertex 3.4932663983614827 1.8574026913149246 -10.179378962475514
      vertex 3.614322839055006 1.6092002059130763 -10.179378962475514
    endloop
  endfacet
  facet normal -0.6245516475613557 -0.30461419175816484 -0.719128245661312
    outer loop
      vertex 3.5531439377945135 1.5819616041362465 -10.1147080939292
      vertex 3.507263802565322 1.5974774553360442 -10.081434243653637
      vertex 3.4932663983614827 1.8574026913149246 -10.179378962475514
    endloop
  endfacet
  facet normal -0.6892198358566298 -0.27846288905188227 -0.668905402342244
    outer loop
      vertex 3.6375119739980044 1.5518050828735648 -10.179378962475514
      vertex 3.614322839055006 1.6092002059130763 -10.179378962475514
      vertex 3.83524912868264 1.4722431864335457 -10.35
    endloop
  endfacet
  facet normal -0.6442790830072024 -0.26030564629193736 -0.719128245661325
    outer loop
      vertex 3.5531439377945135 1.5819616041362465 -10.1147080939292
      vertex 3.614322839055006 1.6092002059130763 -10.179378962475514
      vertex 3.6375119739980044 1.5518050828735648 -10.179378962475514
    endloop
  endfacet
  facet normal -0.6681163417676916 -0.3258621128335083 -0.6689054023422437
    outer loop
      vertex 3.7200740339117235 1.9779984503098271 -10.464668146724033
      vertex 3.614322839055006 1.6092002059130763 -10.179378962475514
      vertex 3.4932663983614827 1.8574026913149246 -10.179378962475514
    endloop
  endfacet
  facet normal -0.6681163417676909 -0.32586211283350897 -0.6689054023422442
    outer loop
      vertex 3.8489903175003395 1.7136808988259613 -10.464668146724033
      vertex 3.614322839055006 1.6092002059130763 -10.179378962475514
      vertex 3.7200740339117235 1.9779984503098271 -10.464668146724033
    endloop
  endfacet
  facet normal -0.8045648401287765 -0.20060054474714986 -0.5589587099918054
    outer loop
      vertex 4.443953810688267 0.9445915422202905 -10.906009475520017
      vertex 4.42817868859139 1.2697598062690703 -11
      vertex 4.505965834452818 0.957772604773883 -11
    endloop
  endfacet
  facet normal -0.7886117739827995 -0.25623549804818513 -0.558958709991803
    outer loop
      vertex 4.277223764306809 1.2264741782728965 -10.767181112391398
      vertex 4.32881790127811 1.575560865623924 -11
      vertex 4.42817868859139 1.2697598062690703 -11
    endloop
  endfacet
  facet normal -0.7496158159375624 -0.2435649432058262 -0.6154285067637061
    outer loop
      vertex 3.959154707161248 1.441014466261617 -10.464668146724033
      vertex 4.277223764306809 1.2264741782728965 -10.767181112391398
      vertex 4.109378792556475 1.3022755533022625 -10.592738936467116
    endloop
  endfacet
  facet normal -0.706965520185411 -0.2297070220657779 -0.668905402342247
    outer loop
      vertex 3.959154707161248 1.441014466261617 -10.464668146724033
      vertex 3.9750961709160975 1.3919516857048402 -10.464668146724033
      vertex 3.91797869470898 1.426027623363217 -10.416002664279354
    endloop
  endfacet
  facet normal -0.7496158159375574 -0.24356494320580868 -0.6154285067637192
    outer loop
      vertex 3.959154707161248 1.441014466261617 -10.464668146724033
      vertex 4.109378792556475 1.3022755533022625 -10.592738936467116
      vertex 3.9750961709160975 1.3919516857048402 -10.464668146724033
    endloop
  endfacet
  facet normal -0.6892198358566313 -0.2784628890518707 -0.6689054023422473
    outer loop
      vertex 3.959154707161248 1.441014466261617 -10.464668146724033
      vertex 3.91797869470898 1.426027623363217 -10.416002664279354
      vertex 3.83524912868264 1.4722431864335457 -10.35
    endloop
  endfacet
  facet normal -0.8045648401287707 -0.20060054474714498 -0.5589587099918154
    outer loop
      vertex 4.30181767819279 1.1278333773779812 -10.767181112391398
      vertex 4.277223764306809 1.2264741782728965 -10.767181112391398
      vertex 4.334949013362085 1.0927389364671167 -10.802275553302263
    endloop
  endfacet
  facet normal -0.7647800210512203 -0.19068107526306227 -0.6154285067637163
    outer loop
      vertex 4.30181767819279 1.1278333773779812 -10.767181112391398
      vertex 4.216269210222573 1.2089957411482561 -10.686018748621123
      vertex 4.277223764306809 1.2264741782728965 -10.767181112391398
    endloop
  endfacet
  facet normal -0.7496158159375621 -0.2435649432058012 -0.6154285067637165
    outer loop
      vertex 4.109378792556475 1.3022755533022625 -10.592738936467116
      vertex 4.277223764306809 1.2264741782728965 -10.767181112391398
      vertex 4.216269210222573 1.2089957411482561 -10.686018748621123
    endloop
  endfacet
  facet normal -0.8045648401287792 -0.2006005447471489 -0.5589587099918016
    outer loop
      vertex 4.443953810688267 0.9445915422202905 -10.906009475520017
      vertex 4.334949013362085 1.0927389364671167 -10.802275553302263
      vertex 4.42817868859139 1.2697598062690703 -11
    endloop
  endfacet
  facet normal -0.8045648401287776 -0.20060054474715125 -0.558958709991803
    outer loop
      vertex 4.334949013362085 1.0927389364671167 -10.802275553302263
      vertex 4.277223764306809 1.2264741782728965 -10.767181112391398
      vertex 4.42817868859139 1.2697598062690703 -11
    endloop
  endfacet
  facet normal -0.7886117739827997 -0.2562354980481851 -0.5589587099918029
    outer loop
      vertex 4.181250148374931 1.521850596029617 -10.767181112391398
      vertex 4.32881790127811 1.575560865623924 -11
      vertex 4.277223764306809 1.2264741782728965 -10.767181112391398
    endloop
  endfacet
  facet normal -0.749615815937561 -0.24356494320581498 -0.6154285067637125
    outer loop
      vertex 3.959154707161248 1.441014466261617 -10.464668146724033
      vertex 4.181250148374931 1.521850596029617 -10.767181112391398
      vertex 4.277223764306809 1.2264741782728965 -10.767181112391398
    endloop
  endfacet
  facet normal -0.7452759695693996 -0.363495377834012 -0.5589587099918027
    outer loop
      vertex 4.064905902017966 1.8098127106583684 -10.767181112391398
      vertex 4.067414451612406 2.1626826263985173 -11
      vertex 4.208367548281056 1.8736859508162824 -11
    endloop
  endfacet
  facet normal -0.7688166705449552 -0.3106220977594309 -0.558958709991803
    outer loop
      vertex 4.181250148374931 1.521850596029617 -10.767181112391398
      vertex 4.208367548281056 1.8736859508162824 -11
      vertex 4.32881790127811 1.575560865623924 -11
    endloop
  endfacet
  facet normal -0.7307995579197702 -0.29526218722832664 -0.6154285067637124
    outer loop
      vertex 3.959154707161248 1.441014466261617 -10.464668146724033
      vertex 3.8489903175003395 1.7136808988259613 -10.464668146724033
      vertex 4.181250148374931 1.521850596029617 -10.767181112391398
    endloop
  endfacet
  facet normal -0.7307995579197704 -0.29526218722832714 -0.6154285067637122
    outer loop
      vertex 4.181250148374931 1.521850596029617 -10.767181112391398
      vertex 3.8489903175003395 1.7136808988259613 -10.464668146724033
      vertex 4.064905902017966 1.8098127106583684 -10.767181112391398
    endloop
  endfacet
  facet normal -0.6892198358566303 -0.2784628890518848 -0.6689054023422425
    outer loop
      vertex 3.959154707161248 1.441014466261617 -10.464668146724033
      vertex 3.83524912868264 1.4722431864335457 -10.35
      vertex 3.614322839055006 1.6092002059130763 -10.179378962475514
    endloop
  endfacet
  facet normal -0.68921983585663 -0.27846288905188127 -0.6689054023422442
    outer loop
      vertex 3.959154707161248 1.441014466261617 -10.464668146724033
      vertex 3.614322839055006 1.6092002059130763 -10.179378962475514
      vertex 3.8489903175003395 1.7136808988259613 -10.464668146724033
    endloop
  endfacet
  facet normal -0.70842291791551 -0.34552094355431173 -0.6154285067637122
    outer loop
      vertex 3.8489903175003395 1.7136808988259613 -10.464668146724033
      vertex 3.7200740339117235 1.9779984503098271 -10.464668146724033
      vertex 4.064905902017966 1.8098127106583684 -10.767181112391398
    endloop
  endfacet
  facet normal -0.70842291791551 -0.34552094355431096 -0.6154285067637127
    outer loop
      vertex 3.7200740339117235 1.9779984503098271 -10.464668146724033
      vertex 3.928757842709282 2.0889575996825296 -10.767181112391398
      vertex 4.064905902017966 1.8098127106583684 -10.767181112391398
    endloop
  endfacet
  facet normal -0.7688166705449553 -0.3106220977594308 -0.5589587099918027
    outer loop
      vertex 4.181250148374931 1.521850596029617 -10.767181112391398
      vertex 4.064905902017966 1.8098127106583684 -10.767181112391398
      vertex 4.208367548281056 1.8736859508162824 -11
    endloop
  endfacet
  facet normal -0.5779402511780906 -0.2818802947434916 -0.7658515296736881
    outer loop
      vertex 3.1412579387521884 1.6702364733160344 -9.809893891843496
      vertex 3.2494399200603348 1.7277578531134015 -9.912703459874333
      vertex 3.29093090242122 1.642688732587979 -9.912703459874333
    endloop
  endfacet
  facet normal -0.5568694423941297 -0.321508722469732 -0.7658515296736907
    outer loop
      vertex 2.93448013321342 1.6854820563574373 -9.66594085516303
      vertex 3.1210021524144356 1.9502185922868243 -9.912703459874333
      vertex 3.1187794770297663 1.6741731801207536 -9.795201902033781
    endloop
  endfacet
  facet normal -0.5568694423941338 -0.32150872246973106 -0.7658515296736881
    outer loop
      vertex 3.1412579387521884 1.6702364733160344 -9.809893891843496
      vertex 3.1210021524144356 1.9502185922868243 -9.912703459874333
      vertex 3.2494399200603348 1.7277578531134015 -9.912703459874333
    endloop
  endfacet
  facet normal -0.5568694423941322 -0.3215087224697313 -0.7658515296736891
    outer loop
      vertex 3.1187794770297663 1.6741731801207536 -9.795201902033781
      vertex 3.1210021524144356 1.9502185922868243 -9.912703459874333
      vertex 3.1412579387521884 1.6702364733160344 -9.809893891843496
    endloop
  endfacet
  facet normal -0.8165981472482283 -0.14398828575640765 -0.5589587099917953
    outer loop
      vertex 4.505969606085555 0.85 -10.972243186433545
      vertex 4.505965834452818 0.957772604773883 -11
      vertex 4.5354648593434055 0.7904753212154436 -11
    endloop
  endfacet
  facet normal -0.5760794521965104 -0.38857049688446627 -0.7191282456613198
    outer loop
      vertex 3.1210021524144356 1.9502185922868243 -9.912703459874333
      vertex 2.9773591760040126 2.1631780625139134 -9.912703459874333
      vertex 3.200769677623377 2.3254952931433923 -10.179378962475514
    endloop
  endfacet
  facet normal -0.5760794521965114 -0.38857049688446577 -0.7191282456613193
    outer loop
      vertex 3.1210021524144356 1.9502185922868243 -9.912703459874333
      vertex 3.200769677623377 2.3254952931433923 -10.179378962475514
      vertex 3.355191114917052 2.096556097510152 -10.179378962475514
    endloop
  endfacet
  facet normal -0.5475708439409487 -0.4278092298652168 -0.7191282456613198
    outer loop
      vertex 3.200769677623377 2.3254952931433923 -10.179378962475514
      vertex 2.9773591760040126 2.1631780625139134 -9.912703459874333
      vertex 3.030754412200564 2.543104909466407 -10.179378962475514
    endloop
  endfacet
  facet normal -0.6162630387285364 -0.4156746682375912 -0.6689054023422437
    outer loop
      vertex 3.200769677623377 2.3254952931433923 -10.179378962475514
      vertex 3.4085863511136028 2.4764829444626457 -10.464668146724033
      vertex 3.355191114917052 2.096556097510152 -10.179378962475514
    endloop
  endfacet
  facet normal -0.6825949126655861 -0.39409635657494696 -0.6154285067637127
    outer loop
      vertex 3.5730339235704234 2.232679392171492 -10.464668146724033
      vertex 3.928757842709282 2.0889575996825296 -10.767181112391398
      vertex 3.7200740339117235 1.9779984503098271 -10.464668146724033
    endloop
  endfacet
  facet normal -0.6437578520204789 -0.3716737691569596 -0.6689054023422434
    outer loop
      vertex 3.5730339235704234 2.232679392171492 -10.464668146724033
      vertex 3.4932663983614827 1.8574026913149246 -10.179378962475514
      vertex 3.355191114917052 2.096556097510152 -10.179378962475514
    endloop
  endfacet
  facet normal -0.6437578520204782 -0.37167376915695993 -0.6689054023422437
    outer loop
      vertex 3.5730339235704234 2.232679392171492 -10.464668146724033
      vertex 3.7200740339117235 1.9779984503098271 -10.464668146724033
      vertex 3.4932663983614827 1.8574026913149246 -10.179378962475514
    endloop
  endfacet
  facet normal -0.6534413736153587 -0.44075177176077196 -0.6154285067637131
    outer loop
      vertex 3.5730339235704234 2.232679392171492 -10.464668146724033
      vertex 3.4085863511136028 2.4764829444626457 -10.464668146724033
      vertex 3.7734692701082753 2.357925297262321 -10.767181112391398
    endloop
  endfacet
  facet normal -0.6534413736153586 -0.4407517717607726 -0.6154285067637126
    outer loop
      vertex 3.7734692701082753 2.357925297262321 -10.767181112391398
      vertex 3.4085863511136028 2.4764829444626457 -10.464668146724033
      vertex 3.599796734531106 2.6154054198116725 -10.767181112391398
    endloop
  endfacet
  facet normal -0.6162630387285369 -0.41567466823759086 -0.6689054023422434
    outer loop
      vertex 3.5730339235704234 2.232679392171492 -10.464668146724033
      vertex 3.355191114917052 2.096556097510152 -10.179378962475514
      vertex 3.4085863511136028 2.4764829444626457 -10.464668146724033
    endloop
  endfacet
  facet normal -0.6534149629089563 -0.5105037186651887 -0.5589587099918036
    outer loop
      vertex 3.599796734531106 2.6154054198116725 -10.767181112391398
      vertex 3.5288846854779736 2.961085838051719 -11
      vertex 3.7268434062614295 2.707710229865289 -11
    endloop
  endfacet
  facet normal -0.5857658538584515 -0.45765044211804334 -0.6689054023422436
    outer loop
      vertex 3.200769677623377 2.3254952931433923 -10.179378962475514
      vertex 3.030754412200564 2.543104909466407 -10.179378962475514
      vertex 3.227532488584058 2.7082213207835717 -10.464668146724033
    endloop
  endfacet
  facet normal -0.5524148766293475 -0.49739658904735556 -0.6689054023422435
    outer loop
      vertex 3.227532488584058 2.7082213207835717 -10.464668146724033
      vertex 3.030754412200564 2.543104909466407 -10.179378962475514
      vertex 3.030754412200564 2.926765515059096 -10.464668146724033
    endloop
  endfacet
  facet normal -0.5857658538584511 -0.4576504421180435 -0.6689054023422437
    outer loop
      vertex 3.200769677623377 2.3254952931433923 -10.179378962475514
      vertex 3.227532488584058 2.7082213207835717 -10.464668146724033
      vertex 3.4085863511136028 2.4764829444626457 -10.464668146724033
    endloop
  endfacet
  facet normal -0.5857413362563304 -0.5274038680776196 -0.6154285067637127
    outer loop
      vertex 3.227532488584058 2.7082213207835717 -10.464668146724033
      vertex 3.030754412200564 2.926765515059096 -10.464668146724033
      vertex 3.2007696776233776 3.0909473484237524 -10.767181112391398
    endloop
  endfacet
  facet normal -0.5857413362563308 -0.5274038680776194 -0.6154285067637125
    outer loop
      vertex 3.227532488584058 2.7082213207835717 -10.464668146724033
      vertex 3.2007696776233776 3.0909473484237524 -10.767181112391398
      vertex 3.408586351113603 2.860143550055335 -10.767181112391398
    endloop
  endfacet
  facet normal -0.6211043338765722 -0.4852598886187963 -0.6154285067637126
    outer loop
      vertex 3.227532488584058 2.7082213207835717 -10.464668146724033
      vertex 3.599796734531106 2.6154054198116725 -10.767181112391398
      vertex 3.4085863511136028 2.4764829444626457 -10.464668146724033
    endloop
  endfacet
  facet normal -0.6211043338765722 -0.48525988861879643 -0.6154285067637126
    outer loop
      vertex 3.227532488584058 2.7082213207835717 -10.464668146724033
      vertex 3.408586351113603 2.860143550055335 -10.767181112391398
      vertex 3.599796734531106 2.6154054198116725 -10.767181112391398
    endloop
  endfacet
  facet normal -0.6874342161471787 -0.4636802335601687 -0.5589587099918035
    outer loop
      vertex 3.7734692701082753 2.357925297262321 -10.767181112391398
      vertex 3.599796734531106 2.6154054198116725 -10.767181112391398
      vertex 3.7268434062614295 2.707710229865289 -11
    endloop
  endfacet
  facet normal -0.6534149629089561 -0.5105037186651887 -0.5589587099918036
    outer loop
      vertex 3.599796734531106 2.6154054198116725 -10.767181112391398
      vertex 3.408586351113603 2.860143550055335 -10.767181112391398
      vertex 3.5288846854779736 2.961085838051719 -11
    endloop
  endfacet
  facet normal -0.718104358984975 -0.41459774496622165 -0.5589587099918044
    outer loop
      vertex 3.928757842709282 2.0889575996825296 -10.767181112391398
      vertex 3.9066453205905685 2.441142929617035 -11
      vertex 4.067414451612406 2.1626826263985173 -11
    endloop
  endfacet
  facet normal -0.6825949126655863 -0.39409635657494624 -0.6154285067637131
    outer loop
      vertex 3.5730339235704234 2.232679392171492 -10.464668146724033
      vertex 3.7734692701082753 2.357925297262321 -10.767181112391398
      vertex 3.928757842709282 2.0889575996825296 -10.767181112391398
    endloop
  endfacet
  facet normal -0.7452759695693979 -0.3634953778340129 -0.5589587099918043
    outer loop
      vertex 3.928757842709282 2.0889575996825296 -10.767181112391398
      vertex 4.067414451612406 2.1626826263985173 -11
      vertex 4.064905902017966 1.8098127106583684 -10.767181112391398
    endloop
  endfacet
  facet normal -0.7181043589849765 -0.41459774496622087 -0.558958709991803
    outer loop
      vertex 3.7734692701082753 2.357925297262321 -10.767181112391398
      vertex 3.9066453205905685 2.441142929617035 -11
      vertex 3.928757842709282 2.0889575996825296 -10.767181112391398
    endloop
  endfacet
  facet normal -0.6874342161471796 -0.46368023356016846 -0.558958709991803
    outer loop
      vertex 3.7734692701082753 2.357925297262321 -10.767181112391398
      vertex 3.7268434062614295 2.707710229865289 -11
      vertex 3.9066453205905685 2.441142929617035 -11
    endloop
  endfacet
  facet normal -0.5760075878284185 -0.5964733181697112 -0.5589587099918035
    outer loop
      vertex 3.2007696776233776 3.0909473484237524 -10.767181112391398
      vertex 3.082438324009385 3.4233945788339453 -11
      vertex 3.3137335932291174 3.2000353336824694 -11
    endloop
  endfacet
  facet normal -0.6162123376524861 -0.5548400809685231 -0.5589587099918037
    outer loop
      vertex 3.408586351113603 2.860143550055335 -10.767181112391398
      vertex 3.3137335932291174 3.2000353336824694 -11
      vertex 3.5288846854779736 2.961085838051719 -11
    endloop
  endfacet
  facet normal -0.5475246657243593 -0.5669783889056225 -0.6154285067637127
    outer loop
      vertex 3.030754412200564 2.926765515059096 -10.464668146724033
      vertex 2.977359176004013 3.3066923620115904 -10.767181112391398
      vertex 3.2007696776233776 3.0909473484237524 -10.767181112391398
    endloop
  endfacet
  facet normal -0.6162123376524863 -0.5548400809685229 -0.5589587099918034
    outer loop
      vertex 3.2007696776233776 3.0909473484237524 -10.767181112391398
      vertex 3.3137335932291174 3.2000353336824694 -11
      vertex 3.408586351113603 2.860143550055335 -10.767181112391398
    endloop
  endfacet
  facet normal -0.5760075878284185 -0.5964733181697112 -0.5589587099918035
    outer loop
      vertex 3.2007696776233776 3.0909473484237524 -10.767181112391398
      vertex 2.977359176004013 3.3066923620115904 -10.767181112391398
      vertex 3.082438324009385 3.4233945788339453 -11
    endloop
  endfacet
  facet normal 0 -0.743347538313918 -0.6689054023422433
    outer loop
      vertex -0.13807528344443054 3.953958788825077 -10.179378962475514
      vertex 0.1470401103412998 4.210677842481319 -10.464668146724033
      vertex 0.13807528344443054 3.953958788825077 -10.179378962475514
    endloop
  endfacet
  facet normal -0.05185330303915524 -0.7415367810711018 -0.6689054023422433
    outer loop
      vertex 0.13807528344443054 3.953958788825077 -10.179378962475514
      vertex 0.1470401103412998 4.210677842481319 -10.464668146724033
      vertex 0.41355316143162935 3.9346954990564686 -10.179378962475514
    endloop
  endfacet
  facet normal -0.05185330303915382 -0.7415367810711011 -0.6689054023422439
    outer loop
      vertex 0.41355316143162935 3.9346954990564686 -10.179378962475514
      vertex 0.1470401103412998 4.210677842481319 -10.464668146724033
      vertex 0.44040396638673684 4.190163843288607 -10.464668146724033
    endloop
  endfacet
  facet normal 0 -0.7881927131498913 -0.6154285067637129
    outer loop
      vertex -0.1470401103412998 4.210677842481319 -10.464668146724033
      vertex 0.1552885726010065 4.44688289694485 -10.767181112391398
      vertex 0.1470401103412998 4.210677842481319 -10.464668146724033
    endloop
  endfacet
  facet normal -0.05498154430015013 -0.7862727153150852 -0.6154285067637129
    outer loop
      vertex 0.1470401103412998 4.210677842481319 -10.464668146724033
      vertex 0.1552885726010065 4.44688289694485 -10.767181112391398
      vertex 0.44040396638673684 4.190163843288607 -10.464668146724033
    endloop
  endfacet
  facet normal -0.0549815443001505 -0.7862727153150855 -0.6154285067637126
    outer loop
      vertex 0.1552885726010065 4.44688289694485 -10.767181112391398
      vertex 0.46510916748686015 4.425218130470041 -10.767181112391398
      vertex 0.44040396638673684 4.190163843288607 -10.464668146724033
    endloop
  endfacet
  facet normal -0.057841753422218437 -0.8271756113941828 -0.5589587099918052
    outer loop
      vertex 0.1552885726010065 4.44688289694485 -10.767181112391398
      vertex 0.16076913102183643 4.603825556015553 -11
      vertex 0.46510916748686015 4.425218130470041 -10.767181112391398
    endloop
  endfacet
  facet normal -0.103453981998179 -0.7361133311699234 -0.6689054023422439
    outer loop
      vertex 0.41355316143162935 3.9346954990564686 -10.179378962475514
      vertex 0.44040396638673684 4.190163843288607 -10.464668146724033
      vertex 0.6870162499865515 3.896262768330666 -10.179378962475514
    endloop
  endfacet
  facet normal -0.10345398199817961 -0.7361133311699235 -0.6689054023422436
    outer loop
      vertex 0.6870162499865515 3.896262768330666 -10.179378962475514
      vertex 0.44040396638673684 4.190163843288607 -10.464668146724033
      vertex 0.7316222185771895 4.149235787045189 -10.464668146724033
    endloop
  endfacet
  facet normal -0.1096952240431984 -0.7805220758471213 -0.6154285067637125
    outer loop
      vertex 0.44040396638673684 4.190163843288607 -10.464668146724033
      vertex 0.46510916748686015 4.425218130470041 -10.767181112391398
      vertex 0.7316222185771895 4.149235787045189 -10.464668146724033
    endloop
  endfacet
  facet normal -0.10969522404319927 -0.7805220758471216 -0.6154285067637122
    outer loop
      vertex 0.7316222185771895 4.149235787045189 -10.464668146724033
      vertex 0.46510916748686015 4.425218130470041 -10.767181112391398
      vertex 0.7726637972613277 4.381994146084952 -10.767181112391398
    endloop
  endfacet
  facet normal -0.11540170763599988 -0.8211258164246171 -0.5589587099918036
    outer loop
      vertex 0.46510916748686015 4.425218130470041 -10.767181112391398
      vertex 0.48152414201962745 4.581396180681572 -11
      vertex 0.7726637972613277 4.381994146084952 -10.767181112391398
    endloop
  endfacet
  facet normal -3.0978372688105325e-18 -0.8291954899324385 -0.5589587099918053
    outer loop
      vertex 0.1552885726010065 4.44688289694485 -10.767181112391398
      vertex -0.16076913102183643 4.603825556015553 -11
      vertex 0.16076913102183643 4.603825556015553 -11
    endloop
  endfacet
  facet normal -0.05784175342222024 -0.8271756113941838 -0.5589587099918037
    outer loop
      vertex 0.46510916748686015 4.425218130470041 -10.767181112391398
      vertex 0.16076913102183643 4.603825556015553 -11
      vertex 0.48152414201962745 4.581396180681572 -11
    endloop
  endfacet
  facet normal -0.11540170763599933 -0.8211258164246168 -0.5589587099918041
    outer loop
      vertex 0.7726637972613277 4.381994146084952 -10.767181112391398
      vertex 0.48152414201962745 4.581396180681572 -11
      vertex 0.7999332158001363 4.536646703675643 -11
    endloop
  endfacet
  facet normal -0.17239943633031352 -0.8110755790167091 -0.5589587099918026
    outer loop
      vertex 1.0764540866834316 4.317421526696649 -10.767181112391398
      vertex 0.7999332158001363 4.536646703675643 -11
      vertex 1.1144450953622727 4.46979513995154 -11
    endloop
  endfacet
  facet normal -0.22855725230035945 -0.7970738629168629 -0.5589587099918025
    outer loop
      vertex 1.375 4.231814863615974 -10.767181112391398
      vertex 1.1144450953622727 4.46979513995154 -11
      vertex 1.4235275104434333 4.381167183607828 -11
    endloop
  endfacet
  facet normal -0.16387447968123142 -0.7709688112834353 -0.6154285067637121
    outer loop
      vertex 0.7316222185771895 4.149235787045189 -10.464668146724033
      vertex 0.7726637972613277 4.381994146084952 -10.767181112391398
      vertex 1.0192760808611425 4.08809307112701 -10.464668146724033
    endloop
  endfacet
  facet normal -0.15455064355606604 -0.7271036111131394 -0.6689054023422433
    outer loop
      vertex 0.7316222185771895 4.149235787045189 -10.464668146724033
      vertex 1.0192760808611425 4.08809307112701 -10.464668146724033
      vertex 0.9571322644301715 3.83884783704852 -10.179378962475514
    endloop
  endfacet
  facet normal -0.1723994363303118 -0.8110755790167085 -0.5589587099918042
    outer loop
      vertex 0.7726637972613277 4.381994146084952 -10.767181112391398
      vertex 0.7999332158001363 4.536646703675643 -11
      vertex 1.0764540866834316 4.317421526696649 -10.767181112391398
    endloop
  endfacet
  facet normal -0.16387447968122903 -0.7709688112834348 -0.6154285067637134
    outer loop
      vertex 0.7726637972613277 4.381994146084952 -10.767181112391398
      vertex 1.0764540866834316 4.317421526696649 -10.767181112391398
      vertex 1.0192760808611425 4.08809307112701 -10.464668146724033
    endloop
  endfacet
  facet normal -0.21725535532686302 -0.7576594641686888 -0.6154285067637135
    outer loop
      vertex 1.0192760808611425 4.08809307112701 -10.464668146724033
      vertex 1.0764540866834316 4.317421526696649 -10.767181112391398
      vertex 1.301964132536413 4.007033576699978 -10.464668146724033
    endloop
  endfacet
  facet normal -0.21725535532686244 -0.7576594641686885 -0.6154285067637137
    outer loop
      vertex 1.0764540866834316 4.317421526696649 -10.767181112391398
      vertex 1.375 4.231814863615974 -10.767181112391398
      vertex 1.301964132536413 4.007033576699978 -10.464668146724033
    endloop
  endfacet
  facet normal -0.2695777847197715 -0.7406588763041769 -0.6154285067637137
    outer loop
      vertex 1.5783091458309435 3.906452217472872 -10.464668146724033
      vertex 1.301964132536413 4.007033576699978 -10.464668146724033
      vertex 1.375 4.231814863615974 -10.767181112391398
    endloop
  endfacet
  facet normal -0.28360156031169176 -0.7791888830784702 -0.5589587099918025
    outer loop
      vertex 1.375 4.231814863615974 -10.767181112391398
      vertex 1.4235275104434333 4.381167183607828 -11
      vertex 1.6668470515310854 4.1255912239003045 -10.767181112391398
    endloop
  endfacet
  facet normal -0.22855725230035917 -0.7970738629168628 -0.5589587099918026
    outer loop
      vertex 1.0764540866834316 4.317421526696649 -10.767181112391398
      vertex 1.1144450953622727 4.46979513995154 -11
      vertex 1.375 4.231814863615974 -10.767181112391398
    endloop
  endfacet
  facet normal -0.28360156031169137 -0.7791888830784701 -0.5589587099918027
    outer loop
      vertex 1.6668470515310854 4.1255912239003045 -10.767181112391398
      vertex 1.4235275104434333 4.381167183607828 -11
      vertex 1.7256746425861984 4.271194621138965 -11
    endloop
  endfacet
  facet normal -0.33726419002871294 -0.7575077733255119 -0.5589587099918036
    outer loop
      vertex 1.950573391777991 3.9992681184447725 -10.767181112391398
      vertex 1.7256746425861984 4.271194621138965 -11
      vertex 2.019414461334492 4.140413227814895 -11
    endloop
  endfacet
  facet normal -0.2695777847197739 -0.7406588763041771 -0.6154285067637124
    outer loop
      vertex 1.5783091458309435 3.906452217472872 -10.464668146724033
      vertex 1.375 4.231814863615974 -10.767181112391398
      vertex 1.6668470515310854 4.1255912239003045 -10.767181112391398
    endloop
  endfacet
  facet normal -0.33726419002871383 -0.757507773325512 -0.5589587099918029
    outer loop
      vertex 1.6668470515310854 4.1255912239003045 -10.767181112391398
      vertex 1.7256746425861984 4.271194621138965 -11
      vertex 1.950573391777991 3.9992681184447725 -10.767181112391398
    endloop
  endfacet
  facet normal 0 0.7259954919231307 0.6876994588534234
    outer loop
      vertex -9.5 -2.0959456516009998 -15.780312283150026
      vertex -5.5 -2.0959456516009998 -15.780312283150026
      vertex -9.5 -1.8911735118469135 -15.99648760278861
    endloop
  endfacet
  facet normal 0 0.796093065705644 0.6051742151937649
    outer loop
      vertex -9.5 -2.0959456516009998 -15.780312283150026
      vertex -5.5 -2.27614474493145 -15.54326442974655
      vertex -5.5 -2.0959456516009998 -15.780312283150026
    endloop
  endfacet
  facet normal 2.7341348325472663e-18 0.907575419670957 0.41988910156026427
    outer loop
      vertex -9.5 -2.4296581222265634 -15.288123211924422
      vertex -9.5 -2.5546859794961767 -15.017879927184763
      vertex -5.5 -2.5546859794961767 -15.017879927184763
    endloop
  endfacet
  facet normal 0 0.9476531711828025 0.3193015301359802
    outer loop
      vertex -9.5 -2.649762479427863 -14.735702930955357
      vertex -5.5 -2.649762479427863 -14.735702930955357
      vertex -9.5 -2.5546859794961767 -15.017879927184763
    endloop
  endfacet
  facet normal -2.1560088982289638e-19 0.9766205557100864 0.21497044021102452
    outer loop
      vertex -9.5 -2.649762479427863 -14.735702930955357
      vertex -9.5 -2.713772936989197 -14.444900490520103
      vertex -5.5 -2.713772936989197 -14.444900490520103
    endloop
  endfacet
  facet normal 3.5806693803677353e-19 0.9941379571543595 0.10811901842394177
    outer loop
      vertex -9.5 -2.713772936989197 -14.444900490520103
      vertex -9.5 -2.7459668880905905 -14.1488819986099
      vertex -5.5 -2.7459668880905905 -14.1488819986099
    endloop
  endfacet
  facet normal 0 1 0
    outer loop
      vertex -9.5 -2.7459668880905905 -14.1488819986099
      vertex -9.5 -2.7459668880905905 -13.8511180013901
      vertex -5.5 -2.7459668880905905 -13.8511180013901
    endloop
  endfacet
  facet normal 1.9721132008743818e-18 0.8568571761675895 0.5155538571770211
    outer loop
      vertex -9.5 -2.27614474493145 -15.54326442974655
      vertex -9.5 -2.4296581222265634 -15.288123211924422
      vertex -5.5 -2.4296581222265634 -15.288123211924422
    endloop
  endfacet
  facet normal 0 0.796093065705644 0.6051742151937649
    outer loop
      vertex -9.5 -2.27614474493145 -15.54326442974655
      vertex -5.5 -2.27614474493145 -15.54326442974655
      vertex -9.5 -2.0959456516009998 -15.780312283150026
    endloop
  endfacet
  facet normal 0 0.9941379571543595 -0.10811901842394177
    outer loop
      vertex -9.5 -2.713772936989197 -13.555099509479897
      vertex -5.5 -2.713772936989197 -13.555099509479897
      vertex -9.5 -2.7459668880905905 -13.8511180013901
    endloop
  endfacet
  facet normal 2.1560088982289638e-19 0.9766205557100864 -0.21497044021102452
    outer loop
      vertex -9.5 -2.713772936989197 -13.555099509479897
      vertex -9.5 -2.649762479427863 -13.264297069044643
      vertex -5.5 -2.649762479427863 -13.264297069044643
    endloop
  endfacet
  facet normal 1.3278053933411109e-18 0.9476531711828025 -0.3193015301359802
    outer loop
      vertex -9.5 -2.649762479427863 -13.264297069044643
      vertex -9.5 -2.5546859794961767 -12.982120072815237
      vertex -5.5 -2.5546859794961767 -12.982120072815237
    endloop
  endfacet
  facet normal -9.706452133234076e-19 0.9075754196709576 -0.41988910156026327
    outer loop
      vertex -9.5 -2.5546859794961767 -12.982120072815237
      vertex -9.5 -2.429658122226563 -12.711876788075577
      vertex -5.5 -2.429658122226563 -12.711876788075577
    endloop
  endfacet
  facet normal -5.519293716404672e-20 0.8568571761675889 -0.5155538571770222
    outer loop
      vertex -9.5 -2.429658122226563 -12.711876788075577
      vertex -9.5 -2.276144744931449 -12.456735570253448
      vertex -5.5 -2.276144744931449 -12.456735570253448
    endloop
  endfacet
  facet normal 6.615782840192107e-19 0.7960930657056424 -0.6051742151937669
    outer loop
      vertex -9.5 -2.276144744931449 -12.456735570253448
      vertex -9.5 -2.0959456516010007 -12.219687716849975
      vertex -5.5 -2.0959456516010007 -12.219687716849975
    endloop
  endfacet
  facet normal 0 0.9476531711828025 0.3193015301359802
    outer loop
      vertex -9.5 -2.5546859794961767 -15.017879927184763
      vertex -5.5 -2.649762479427863 -14.735702930955357
      vertex -5.5 -2.5546859794961767 -15.017879927184763
    endloop
  endfacet
  facet normal 0 0.9766205557100864 0.21497044021102452
    outer loop
      vertex -9.5 -2.649762479427863 -14.735702930955357
      vertex -5.5 -2.713772936989197 -14.444900490520103
      vertex -5.5 -2.649762479427863 -14.735702930955357
    endloop
  endfacet
  facet normal 0 0.9941379571543595 0.10811901842394177
    outer loop
      vertex -9.5 -2.713772936989197 -14.444900490520103
      vertex -5.5 -2.7459668880905905 -14.1488819986099
      vertex -5.5 -2.713772936989197 -14.444900490520103
    endloop
  endfacet
  facet normal 0 1 0
    outer loop
      vertex -9.5 -2.7459668880905905 -14.1488819986099
      vertex -5.5 -2.7459668880905905 -13.8511180013901
      vertex -5.5 -2.7459668880905905 -14.1488819986099
    endloop
  endfacet
  facet normal 0 0.8568571761675895 0.5155538571770211
    outer loop
      vertex -5.5 -2.27614474493145 -15.54326442974655
      vertex -9.5 -2.27614474493145 -15.54326442974655
      vertex -5.5 -2.4296581222265634 -15.288123211924422
    endloop
  endfacet
  facet normal 0 0.907575419670957 0.41988910156026427
    outer loop
      vertex -9.5 -2.4296581222265634 -15.288123211924422
      vertex -5.5 -2.5546859794961767 -15.017879927184763
      vertex -5.5 -2.4296581222265634 -15.288123211924422
    endloop
  endfacet
  facet normal 0 0.9941379571543595 -0.10811901842394177
    outer loop
      vertex -9.5 -2.7459668880905905 -13.8511180013901
      vertex -5.5 -2.713772936989197 -13.555099509479897
      vertex -5.5 -2.7459668880905905 -13.8511180013901
    endloop
  endfacet
  facet normal 0 0.9766205557100864 -0.21497044021102452
    outer loop
      vertex -9.5 -2.713772936989197 -13.555099509479897
      vertex -5.5 -2.649762479427863 -13.264297069044643
      vertex -5.5 -2.713772936989197 -13.555099509479897
    endloop
  endfacet
  facet normal 0 0.9476531711828025 -0.3193015301359802
    outer loop
      vertex -9.5 -2.649762479427863 -13.264297069044643
      vertex -5.5 -2.5546859794961767 -12.982120072815237
      vertex -5.5 -2.649762479427863 -13.264297069044643
    endloop
  endfacet
  facet normal 0 0.9075754196709576 -0.41988910156026327
    outer loop
      vertex -5.5 -2.5546859794961767 -12.982120072815237
      vertex -9.5 -2.5546859794961767 -12.982120072815237
      vertex -5.5 -2.429658122226563 -12.711876788075577
    endloop
  endfacet
  facet normal 0 0.8568571761675889 -0.5155538571770222
    outer loop
      vertex -9.5 -2.429658122226563 -12.711876788075577
      vertex -5.5 -2.276144744931449 -12.456735570253448
      vertex -5.5 -2.429658122226563 -12.711876788075577
    endloop
  endfacet
  facet normal 0 0.7960930657056424 -0.6051742151937669
    outer loop
      vertex -9.5 -2.276144744931449 -12.456735570253448
      vertex -5.5 -2.0959456516010007 -12.219687716849975
      vertex -5.5 -2.276144744931449 -12.456735570253448
    endloop
  endfacet
  facet normal 0 0.725995491923132 -0.6876994588534219
    outer loop
      vertex -9.5 -2.0959456516010007 -12.219687716849975
      vertex -5.5 -1.8911735118469135 -12.00351239721139
      vertex -5.5 -2.0959456516010007 -12.219687716849975
    endloop
  endfacet
  facet normal -2.578977638838042e-18 0.6473862847818296 0.7621620551276349
    outer loop
      vertex -9.5 -1.6642290917828542 -16.18925593069052
      vertex -9.5 -1.8911735118469135 -15.99648760278861
      vertex -5.5 -1.8911735118469135 -15.99648760278861
    endloop
  endfacet
  facet normal 0 0.5611870653623784 0.8276889981568933
    outer loop
      vertex -5.5 -1.6642290917828542 -16.18925593069052
      vertex -9.5 -1.41777310723681 -16.35635723446087
      vertex -9.5 -1.6642290917828542 -16.18925593069052
    endloop
  endfacet
  facet normal -2.1524360079228197e-18 0.46840844069979504 0.8835120444460204
    outer loop
      vertex -9.5 -1.1546950292907283 -16.495832404095133
      vertex -9.5 -1.41777310723681 -16.35635723446087
      vertex -5.5 -1.41777310723681 -16.35635723446087
    endloop
  endfacet
  facet normal 0 0.37013815533991096 0.9289767198167929
    outer loop
      vertex -5.5 -1.1546950292907283 -16.495832404095133
      vertex -9.5 -0.8780792078739461 -16.606046220752706
      vertex -9.5 -1.1546950292907283 -16.495832404095133
    endloop
  endfacet
  facet normal 0 0.26752833852922614 0.9635499925192215
    outer loop
      vertex -5.5 -0.8780792078739461 -16.606046220752706
      vertex -9.5 -0.5911687105803153 -16.68570652820274
      vertex -9.5 -0.8780792078739461 -16.606046220752706
    endloop
  endfacet
  facet normal 0 0.1617819965527613 0.9868265225415268
    outer loop
      vertex -5.5 -0.5911687105803153 -16.68570652820274
      vertex -9.5 -0.2973273006658394 -16.73387938217449
      vertex -9.5 -0.5911687105803153 -16.68570652820274
    endloop
  endfacet
  facet normal 0 0.05413890858541623 0.998533413851124
    outer loop
      vertex -5.5 -0.2973273006658394 -16.73387938217449
      vertex -9.5 0 -16.75
      vertex -9.5 -0.2973273006658394 -16.73387938217449
    endloop
  endfacet
  facet normal 0 0.7259954919231307 0.6876994588534234
    outer loop
      vertex -9.5 -1.8911735118469135 -15.99648760278861
      vertex -5.5 -2.0959456516009998 -15.780312283150026
      vertex -5.5 -1.8911735118469135 -15.99648760278861
    endloop
  endfacet
  facet normal -2.578977638838042e-18 0.6473862847818296 0.7621620551276349
    outer loop
      vertex -5.5 -1.8911735118469135 -15.99648760278861
      vertex -5.5 -1.6642290917828542 -16.18925593069052
      vertex -9.5 -1.6642290917828542 -16.18925593069052
    endloop
  endfacet
  facet normal -1.926743470940823e-18 0.5611870653623784 0.8276889981568933
    outer loop
      vertex -5.5 -1.6642290917828542 -16.18925593069052
      vertex -5.5 -1.41777310723681 -16.35635723446087
      vertex -9.5 -1.41777310723681 -16.35635723446087
    endloop
  endfacet
  facet normal 0 0.46840844069979504 0.8835120444460204
    outer loop
      vertex -5.5 -1.1546950292907283 -16.495832404095133
      vertex -9.5 -1.1546950292907283 -16.495832404095133
      vertex -5.5 -1.41777310723681 -16.35635723446087
    endloop
  endfacet
  facet normal 3.1825429077307993e-19 0.26752833852922614 0.9635499925192215
    outer loop
      vertex -5.5 -0.8780792078739461 -16.606046220752706
      vertex -5.5 -0.5911687105803153 -16.68570652820274
      vertex -9.5 -0.5911687105803153 -16.68570652820274
    endloop
  endfacet
  facet normal 3.8836298239327744e-19 0.37013815533991096 0.9289767198167929
    outer loop
      vertex -5.5 -1.1546950292907283 -16.495832404095133
      vertex -5.5 -0.8780792078739461 -16.606046220752706
      vertex -9.5 -0.8780792078739461 -16.606046220752706
    endloop
  endfacet
  facet normal -6.001758018823105e-19 0.1617819965527613 0.9868265225415268
    outer loop
      vertex -5.5 -0.5911687105803153 -16.68570652820274
      vertex -5.5 -0.2973273006658394 -16.73387938217449
      vertex -9.5 -0.2973273006658394 -16.73387938217449
    endloop
  endfacet
  facet normal 0 0.05413890858541623 0.998533413851124
    outer loop
      vertex -5.5 0 -16.75
      vertex -9.5 0 -16.75
      vertex -5.5 -0.2973273006658394 -16.73387938217449
    endloop
  endfacet
  facet normal -1.8190780709411193e-18 0.725995491923132 -0.6876994588534219
    outer loop
      vertex -9.5 -2.0959456516010007 -12.219687716849975
      vertex -9.5 -1.8911735118469135 -12.00351239721139
      vertex -5.5 -1.8911735118469135 -12.00351239721139
    endloop
  endfacet
  facet normal 2.578977638838042e-18 0.6473862847818296 -0.7621620551276349
    outer loop
      vertex -9.5 -1.8911735118469135 -12.00351239721139
      vertex -9.5 -1.6642290917828542 -11.810744069309479
      vertex -5.5 -1.6642290917828542 -11.810744069309479
    endloop
  endfacet
  facet normal 0 0.6473862847818296 -0.7621620551276349
    outer loop
      vertex -9.5 -1.8911735118469135 -12.00351239721139
      vertex -5.5 -1.6642290917828542 -11.810744069309479
      vertex -5.5 -1.8911735118469135 -12.00351239721139
    endloop
  endfacet
  facet normal 1.926743470940823e-18 0.5611870653623784 -0.8276889981568933
    outer loop
      vertex -9.5 -1.6642290917828542 -11.810744069309479
      vertex -9.5 -1.41777310723681 -11.64364276553913
      vertex -5.5 -1.41777310723681 -11.64364276553913
    endloop
  endfacet
  facet normal 8.662817128701809e-19 0.4684084406997932 -0.8835120444460214
    outer loop
      vertex -9.5 -1.41777310723681 -11.64364276553913
      vertex -9.5 -1.154695029290727 -11.504167595904867
      vertex -5.5 -1.154695029290727 -11.504167595904867
    endloop
  endfacet
  facet normal 0 0.37013815533991107 -0.9289767198167928
    outer loop
      vertex -9.5 -0.8780792078739449 -11.393953779247294
      vertex -5.5 -0.8780792078739449 -11.393953779247294
      vertex -9.5 -1.154695029290727 -11.504167595904867
    endloop
  endfacet
  facet normal 0 0.2675283385292228 -0.9635499925192225
    outer loop
      vertex -9.5 -0.5911687105803166 -11.314293471797262
      vertex -5.5 -0.5911687105803166 -11.314293471797262
      vertex -9.5 -0.8780792078739449 -11.393953779247294
    endloop
  endfacet
  facet normal 0 0.1617819965527664 -0.9868265225415259
    outer loop
      vertex -9.5 -0.2973273006658394 -11.26612061782551
      vertex -5.5 -0.2973273006658394 -11.26612061782551
      vertex -9.5 -0.5911687105803166 -11.314293471797262
    endloop
  endfacet
  facet normal 1.175322844951339e-19 0.05413890858541623 -0.998533413851124
    outer loop
      vertex -9.5 -0.2973273006658394 -11.26612061782551
      vertex -9.5 0 -11.25
      vertex -5.5 0 -11.25
    endloop
  endfacet
  facet normal 0 0.5611870653623784 -0.8276889981568933
    outer loop
      vertex -9.5 -1.6642290917828542 -11.810744069309479
      vertex -5.5 -1.41777310723681 -11.64364276553913
      vertex -5.5 -1.6642290917828542 -11.810744069309479
    endloop
  endfacet
  facet normal 0 0.4684084406997932 -0.8835120444460214
    outer loop
      vertex -9.5 -1.41777310723681 -11.64364276553913
      vertex -5.5 -1.154695029290727 -11.504167595904867
      vertex -5.5 -1.41777310723681 -11.64364276553913
    endloop
  endfacet
  facet normal 0 0.37013815533991107 -0.9289767198167928
    outer loop
      vertex -9.5 -1.154695029290727 -11.504167595904867
      vertex -5.5 -0.8780792078739449 -11.393953779247294
      vertex -5.5 -1.154695029290727 -11.504167595904867
    endloop
  endfacet
  facet normal 0 0.2675283385292228 -0.9635499925192225
    outer loop
      vertex -9.5 -0.8780792078739449 -11.393953779247294
      vertex -5.5 -0.5911687105803166 -11.314293471797262
      vertex -5.5 -0.8780792078739449 -11.393953779247294
    endloop
  endfacet
  facet normal 0 0.1617819965527664 -0.9868265225415259
    outer loop
      vertex -9.5 -0.5911687105803166 -11.314293471797262
      vertex -5.5 -0.2973273006658394 -11.26612061782551
      vertex -5.5 -0.5911687105803166 -11.314293471797262
    endloop
  endfacet
  facet normal 0 0.05413890858541623 -0.998533413851124
    outer loop
      vertex -9.5 -0.2973273006658394 -11.26612061782551
      vertex -5.5 0 -11.25
      vertex -5.5 -0.2973273006658394 -11.26612061782551
    endloop
  endfacet
  facet normal 0 -0.05413890858541615 0.998533413851124
    outer loop
      vertex -5.5 0 -16.75
      vertex -9.5 0.29732730066583984 -16.73387938217449
      vertex -9.5 0 -16.75
    endloop
  endfacet
  facet normal 0 -0.16178199655277264 0.9868265225415248
    outer loop
      vertex -5.5 0.29732730066583984 -16.73387938217449
      vertex -9.5 0.5911687105803162 -16.685706528202736
      vertex -9.5 0.29732730066583984 -16.73387938217449
    endloop
  endfacet
  facet normal 0 -0.26752833852921687 0.9635499925192241
    outer loop
      vertex -5.5 0.5911687105803162 -16.685706528202736
      vertex -9.5 0.8780792078739449 -16.606046220752706
      vertex -9.5 0.5911687105803162 -16.685706528202736
    endloop
  endfacet
  facet normal 0 -0.37013815533991024 0.928976719816793
    outer loop
      vertex -5.5 0.8780792078739449 -16.606046220752706
      vertex -9.5 1.1546950292907276 -16.495832404095133
      vertex -9.5 0.8780792078739449 -16.606046220752706
    endloop
  endfacet
  facet normal 0 -0.4684084406997944 0.8835120444460207
    outer loop
      vertex -5.5 1.1546950292907276 -16.495832404095133
      vertex -9.5 1.4177731072368098 -16.35635723446087
      vertex -9.5 1.1546950292907276 -16.495832404095133
    endloop
  endfacet
  facet normal 0 -0.5611870653623781 0.8276889981568937
    outer loop
      vertex -5.5 1.4177731072368098 -16.35635723446087
      vertex -9.5 1.6642290917828542 -16.18925593069052
      vertex -9.5 1.4177731072368098 -16.35635723446087
    endloop
  endfacet
  facet normal 0 -0.6473862847818285 0.7621620551276357
    outer loop
      vertex -5.5 1.6642290917828542 -16.18925593069052
      vertex -9.5 1.8911735118469142 -15.99648760278861
      vertex -9.5 1.6642290917828542 -16.18925593069052
    endloop
  endfacet
  facet normal 0 -0.7259954919231312 0.687699458853423
    outer loop
      vertex -9.5 1.8911735118469142 -15.99648760278861
      vertex -5.5 1.8911735118469142 -15.99648760278861
      vertex -9.5 2.095945651601 -15.780312283150026
    endloop
  endfacet
  facet normal 0 -0.05413890858541615 0.998533413851124
    outer loop
      vertex -5.5 0.29732730066583984 -16.73387938217449
      vertex -9.5 0.29732730066583984 -16.73387938217449
      vertex -5.5 0 -16.75
    endloop
  endfacet
  facet normal 0 -0.16178199655277264 0.9868265225415248
    outer loop
      vertex -5.5 0.5911687105803162 -16.685706528202736
      vertex -9.5 0.5911687105803162 -16.685706528202736
      vertex -5.5 0.29732730066583984 -16.73387938217449
    endloop
  endfacet
  facet normal 0 -0.26752833852921687 0.9635499925192241
    outer loop
      vertex -5.5 0.8780792078739449 -16.606046220752706
      vertex -9.5 0.8780792078739449 -16.606046220752706
      vertex -5.5 0.5911687105803162 -16.685706528202736
    endloop
  endfacet
  facet normal -1.4538768662808565e-18 -0.37013815533991024 0.928976719816793
    outer loop
      vertex -5.5 0.8780792078739449 -16.606046220752706
      vertex -5.5 1.1546950292907276 -16.495832404095133
      vertex -9.5 1.1546950292907276 -16.495832404095133
    endloop
  endfacet
  facet normal 1.7237179095719388e-18 -0.4684084406997944 0.8835120444460207
    outer loop
      vertex -5.5 1.1546950292907276 -16.495832404095133
      vertex -5.5 1.4177731072368098 -16.35635723446087
      vertex -9.5 1.4177731072368098 -16.35635723446087
    endloop
  endfacet
  facet normal -1.8761175931818563e-18 -0.5611870653623781 0.8276889981568937
    outer loop
      vertex -5.5 1.4177731072368098 -16.35635723446087
      vertex -5.5 1.6642290917828542 -16.18925593069052
      vertex -9.5 1.6642290917828542 -16.18925593069052
    endloop
  endfacet
  facet normal -3.0038535764746636e-19 -0.6473862847818285 0.7621620551276357
    outer loop
      vertex -5.5 1.6642290917828542 -16.18925593069052
      vertex -5.5 1.8911735118469142 -15.99648760278861
      vertex -9.5 1.8911735118469142 -15.99648760278861
    endloop
  endfacet
  facet normal -2.578977638838042e-18 -0.6473862847818296 -0.7621620551276349
    outer loop
      vertex -9.5 1.6642290917828542 -11.810744069309479
      vertex -9.5 1.8911735118469135 -12.00351239721139
      vertex -5.5 1.8911735118469135 -12.00351239721139
    endloop
  endfacet
  facet normal 0 -0.6473862847818296 -0.7621620551276349
    outer loop
      vertex -9.5 1.6642290917828542 -11.810744069309479
      vertex -5.5 1.8911735118469135 -12.00351239721139
      vertex -5.5 1.6642290917828542 -11.810744069309479
    endloop
  endfacet
  facet normal 0 -0.725995491923132 -0.6876994588534219
    outer loop
      vertex -9.5 1.8911735118469135 -12.00351239721139
      vertex -5.5 2.0959456516010007 -12.219687716849975
      vertex -5.5 1.8911735118469135 -12.00351239721139
    endloop
  endfacet
  facet normal 0 -0.796093065705644 0.6051742151937649
    outer loop
      vertex -9.5 2.095945651601 -15.780312283150026
      vertex -5.5 2.095945651601 -15.780312283150026
      vertex -9.5 2.276144744931449 -15.543264429746552
    endloop
  endfacet
  facet normal 0 -0.7259954919231312 0.687699458853423
    outer loop
      vertex -9.5 2.095945651601 -15.780312283150026
      vertex -5.5 1.8911735118469142 -15.99648760278861
      vertex -5.5 2.095945651601 -15.780312283150026
    endloop
  endfacet
  facet normal 0 -0.8568571761675889 0.5155538571770222
    outer loop
      vertex -9.5 2.276144744931449 -15.543264429746552
      vertex -5.5 2.276144744931449 -15.543264429746552
      vertex -9.5 2.429658122226563 -15.288123211924423
    endloop
  endfacet
  facet normal 0 -0.9075754196709576 0.41988910156026327
    outer loop
      vertex -9.5 2.429658122226563 -15.288123211924423
      vertex -5.5 2.429658122226563 -15.288123211924423
      vertex -9.5 2.5546859794961767 -15.017879927184763
    endloop
  endfacet
  facet normal 0 -0.9476531711828025 0.3193015301359802
    outer loop
      vertex -9.5 2.5546859794961767 -15.017879927184763
      vertex -5.5 2.5546859794961767 -15.017879927184763
      vertex -9.5 2.649762479427863 -14.735702930955357
    endloop
  endfacet
  facet normal 0 -0.9766205557100864 0.21497044021102452
    outer loop
      vertex -9.5 2.649762479427863 -14.735702930955357
      vertex -5.5 2.649762479427863 -14.735702930955357
      vertex -9.5 2.713772936989197 -14.444900490520103
    endloop
  endfacet
  facet normal 0 -0.9941379571543596 0.10811901842394113
    outer loop
      vertex -9.5 2.713772936989197 -14.444900490520103
      vertex -5.5 2.713772936989197 -14.444900490520103
      vertex -9.5 2.7459668880905905 -14.148881998609898
    endloop
  endfacet
  facet normal 0 -1 0
    outer loop
      vertex -9.5 2.7459668880905905 -14.148881998609898
      vertex -5.5 2.7459668880905905 -14.148881998609898
      vertex -9.5 2.7459668880905905 -13.851118001390102
    endloop
  endfacet
  facet normal 0 -0.7960930657056424 -0.6051742151937669
    outer loop
      vertex -9.5 2.276144744931449 -12.456735570253448
      vertex -5.5 2.276144744931449 -12.456735570253448
      vertex -9.5 2.0959456516010007 -12.219687716849975
    endloop
  endfacet
  facet normal 0 -0.725995491923132 -0.6876994588534219
    outer loop
      vertex -9.5 2.0959456516010007 -12.219687716849975
      vertex -5.5 2.0959456516010007 -12.219687716849975
      vertex -9.5 1.8911735118469135 -12.00351239721139
    endloop
  endfacet
  facet normal 0 -0.8568571761675889 -0.5155538571770222
    outer loop
      vertex -9.5 2.429658122226563 -12.711876788075577
      vertex -5.5 2.429658122226563 -12.711876788075577
      vertex -9.5 2.276144744931449 -12.456735570253448
    endloop
  endfacet
  facet normal 0 -0.9941379571543596 -0.10811901842394113
    outer loop
      vertex -9.5 2.7459668880905905 -13.851118001390102
      vertex -5.5 2.7459668880905905 -13.851118001390102
      vertex -9.5 2.713772936989197 -13.555099509479897
    endloop
  endfacet
  facet normal 0 -0.9766205557100864 -0.21497044021102452
    outer loop
      vertex -9.5 2.713772936989197 -13.555099509479897
      vertex -5.5 2.713772936989197 -13.555099509479897
      vertex -9.5 2.649762479427863 -13.264297069044643
    endloop
  endfacet
  facet normal 0 -0.9476531711828025 -0.3193015301359802
    outer loop
      vertex -9.5 2.649762479427863 -13.264297069044643
      vertex -5.5 2.649762479427863 -13.264297069044643
      vertex -9.5 2.5546859794961767 -12.982120072815237
    endloop
  endfacet
  facet normal 9.706452133234076e-19 -0.9075754196709576 -0.41988910156026327
    outer loop
      vertex -9.5 2.429658122226563 -12.711876788075577
      vertex -9.5 2.5546859794961767 -12.982120072815237
      vertex -5.5 2.5546859794961767 -12.982120072815237
    endloop
  endfacet
  facet normal 0 -0.796093065705644 0.6051742151937649
    outer loop
      vertex -9.5 2.276144744931449 -15.543264429746552
      vertex -5.5 2.095945651601 -15.780312283150026
      vertex -5.5 2.276144744931449 -15.543264429746552
    endloop
  endfacet
  facet normal 0 -0.8568571761675889 0.5155538571770222
    outer loop
      vertex -9.5 2.429658122226563 -15.288123211924423
      vertex -5.5 2.276144744931449 -15.543264429746552
      vertex -5.5 2.429658122226563 -15.288123211924423
    endloop
  endfacet
  facet normal 0 -0.9075754196709576 0.41988910156026327
    outer loop
      vertex -9.5 2.5546859794961767 -15.017879927184763
      vertex -5.5 2.429658122226563 -15.288123211924423
      vertex -5.5 2.5546859794961767 -15.017879927184763
    endloop
  endfacet
  facet normal 0 -0.9476531711828025 0.3193015301359802
    outer loop
      vertex -9.5 2.649762479427863 -14.735702930955357
      vertex -5.5 2.5546859794961767 -15.017879927184763
      vertex -5.5 2.649762479427863 -14.735702930955357
    endloop
  endfacet
  facet normal 0 -0.9766205557100864 0.21497044021102452
    outer loop
      vertex -9.5 2.713772936989197 -14.444900490520103
      vertex -5.5 2.649762479427863 -14.735702930955357
      vertex -5.5 2.713772936989197 -14.444900490520103
    endloop
  endfacet
  facet normal 0 -0.9941379571543596 0.10811901842394113
    outer loop
      vertex -9.5 2.7459668880905905 -14.148881998609898
      vertex -5.5 2.713772936989197 -14.444900490520103
      vertex -5.5 2.7459668880905905 -14.148881998609898
    endloop
  endfacet
  facet normal 0 -1 0
    outer loop
      vertex -9.5 2.7459668880905905 -13.851118001390102
      vertex -5.5 2.7459668880905905 -14.148881998609898
      vertex -5.5 2.7459668880905905 -13.851118001390102
    endloop
  endfacet
  facet normal 0 -0.7960930657056424 -0.6051742151937669
    outer loop
      vertex -9.5 2.0959456516010007 -12.219687716849975
      vertex -5.5 2.276144744931449 -12.456735570253448
      vertex -5.5 2.0959456516010007 -12.219687716849975
    endloop
  endfacet
  facet normal 0 -0.8568571761675889 -0.5155538571770222
    outer loop
      vertex -9.5 2.276144744931449 -12.456735570253448
      vertex -5.5 2.429658122226563 -12.711876788075577
      vertex -5.5 2.276144744931449 -12.456735570253448
    endloop
  endfacet
  facet normal 0 -0.9075754196709576 -0.41988910156026327
    outer loop
      vertex -9.5 2.429658122226563 -12.711876788075577
      vertex -5.5 2.5546859794961767 -12.982120072815237
      vertex -5.5 2.429658122226563 -12.711876788075577
    endloop
  endfacet
  facet normal 0 -0.9941379571543596 -0.10811901842394113
    outer loop
      vertex -9.5 2.713772936989197 -13.555099509479897
      vertex -5.5 2.7459668880905905 -13.851118001390102
      vertex -5.5 2.713772936989197 -13.555099509479897
    endloop
  endfacet
  facet normal 0 -0.9766205557100864 -0.21497044021102452
    outer loop
      vertex -9.5 2.649762479427863 -13.264297069044643
      vertex -5.5 2.713772936989197 -13.555099509479897
      vertex -5.5 2.649762479427863 -13.264297069044643
    endloop
  endfacet
  facet normal 0 -0.9476531711828025 -0.3193015301359802
    outer loop
      vertex -9.5 2.5546859794961767 -12.982120072815237
      vertex -5.5 2.649762479427863 -13.264297069044643
      vertex -5.5 2.5546859794961767 -12.982120072815237
    endloop
  endfacet
  facet normal -1.175322844951339e-19 -0.05413890858541623 -0.998533413851124
    outer loop
      vertex -9.5 0 -11.25
      vertex -9.5 0.2973273006658394 -11.26612061782551
      vertex -5.5 0.2973273006658394 -11.26612061782551
    endloop
  endfacet
  facet normal -4.404833006627231e-19 -0.1617819965527664 -0.9868265225415259
    outer loop
      vertex -9.5 0.2973273006658394 -11.26612061782551
      vertex -9.5 0.5911687105803166 -11.314293471797262
      vertex -5.5 0.5911687105803166 -11.314293471797262
    endloop
  endfacet
  facet normal -1.0561737386802174e-18 -0.2675283385292228 -0.9635499925192225
    outer loop
      vertex -9.5 0.5911687105803166 -11.314293471797262
      vertex -9.5 0.8780792078739449 -11.393953779247294
      vertex -5.5 0.8780792078739449 -11.393953779247294
    endloop
  endfacet
  facet normal 0 -0.37013815533991107 -0.9289767198167928
    outer loop
      vertex -9.5 1.154695029290727 -11.504167595904867
      vertex -5.5 1.154695029290727 -11.504167595904867
      vertex -9.5 0.8780792078739449 -11.393953779247294
    endloop
  endfacet
  facet normal -8.662817128701809e-19 -0.4684084406997932 -0.8835120444460214
    outer loop
      vertex -9.5 1.154695029290727 -11.504167595904867
      vertex -9.5 1.41777310723681 -11.64364276553913
      vertex -5.5 1.41777310723681 -11.64364276553913
    endloop
  endfacet
  facet normal -1.926743470940823e-18 -0.5611870653623784 -0.8276889981568933
    outer loop
      vertex -9.5 1.41777310723681 -11.64364276553913
      vertex -9.5 1.6642290917828542 -11.810744069309479
      vertex -5.5 1.6642290917828542 -11.810744069309479
    endloop
  endfacet
  facet normal 0 -0.05413890858541623 -0.998533413851124
    outer loop
      vertex -9.5 0 -11.25
      vertex -5.5 0.2973273006658394 -11.26612061782551
      vertex -5.5 0 -11.25
    endloop
  endfacet
  facet normal 0 -0.1617819965527664 -0.9868265225415259
    outer loop
      vertex -9.5 0.2973273006658394 -11.26612061782551
      vertex -5.5 0.5911687105803166 -11.314293471797262
      vertex -5.5 0.2973273006658394 -11.26612061782551
    endloop
  endfacet
  facet normal 0 -0.2675283385292228 -0.9635499925192225
    outer loop
      vertex -9.5 0.5911687105803166 -11.314293471797262
      vertex -5.5 0.8780792078739449 -11.393953779247294
      vertex -5.5 0.5911687105803166 -11.314293471797262
    endloop
  endfacet
  facet normal 0 -0.37013815533991107 -0.9289767198167928
    outer loop
      vertex -5.5 0.8780792078739449 -11.393953779247294
      vertex -9.5 0.8780792078739449 -11.393953779247294
      vertex -5.5 1.154695029290727 -11.504167595904867
    endloop
  endfacet
  facet normal 0 -0.4684084406997932 -0.8835120444460214
    outer loop
      vertex -9.5 1.154695029290727 -11.504167595904867
      vertex -5.5 1.41777310723681 -11.64364276553913
      vertex -5.5 1.154695029290727 -11.504167595904867
    endloop
  endfacet
  facet normal 0 -0.5611870653623784 -0.8276889981568933
    outer loop
      vertex -9.5 1.41777310723681 -11.64364276553913
      vertex -5.5 1.6642290917828542 -11.810744069309479
      vertex -5.5 1.41777310723681 -11.64364276553913
    endloop
  endfacet
  facet normal 0 0.7259954919231307 0.6876994588534234
    outer loop
      vertex 5.5 -2.0959456516009998 -15.780312283150026
      vertex 9.5 -2.0959456516009998 -15.780312283150026
      vertex 5.5 -1.8911735118469135 -15.99648760278861
    endloop
  endfacet
  facet normal 0 0.796093065705644 0.6051742151937649
    outer loop
      vertex 5.5 -2.0959456516009998 -15.780312283150026
      vertex 9.5 -2.27614474493145 -15.54326442974655
      vertex 9.5 -2.0959456516009998 -15.780312283150026
    endloop
  endfacet
  facet normal 2.7341348325472663e-18 0.907575419670957 0.41988910156026427
    outer loop
      vertex 5.5 -2.4296581222265634 -15.288123211924422
      vertex 5.5 -2.5546859794961767 -15.017879927184763
      vertex 9.5 -2.5546859794961767 -15.017879927184763
    endloop
  endfacet
  facet normal -1.3278053933411109e-18 0.9476531711828025 0.3193015301359802
    outer loop
      vertex 5.5 -2.5546859794961767 -15.017879927184763
      vertex 5.5 -2.649762479427863 -14.735702930955357
      vertex 9.5 -2.649762479427863 -14.735702930955357
    endloop
  endfacet
  facet normal 0 0.9766205557100864 0.21497044021102452
    outer loop
      vertex 5.5 -2.713772936989197 -14.444900490520103
      vertex 9.5 -2.713772936989197 -14.444900490520103
      vertex 5.5 -2.649762479427863 -14.735702930955357
    endloop
  endfacet
  facet normal 3.5806693803677353e-19 0.9941379571543595 0.10811901842394177
    outer loop
      vertex 5.5 -2.713772936989197 -14.444900490520103
      vertex 5.5 -2.7459668880905905 -14.1488819986099
      vertex 9.5 -2.7459668880905905 -14.1488819986099
    endloop
  endfacet
  facet normal 0 1 0
    outer loop
      vertex 5.5 -2.7459668880905905 -14.1488819986099
      vertex 5.5 -2.7459668880905905 -13.8511180013901
      vertex 9.5 -2.7459668880905905 -13.8511180013901
    endloop
  endfacet
  facet normal 1.9721132008743818e-18 0.8568571761675895 0.5155538571770211
    outer loop
      vertex 5.5 -2.27614474493145 -15.54326442974655
      vertex 5.5 -2.4296581222265634 -15.288123211924422
      vertex 9.5 -2.4296581222265634 -15.288123211924422
    endloop
  endfacet
  facet normal 0 0.796093065705644 0.6051742151937649
    outer loop
      vertex 5.5 -2.27614474493145 -15.54326442974655
      vertex 9.5 -2.27614474493145 -15.54326442974655
      vertex 5.5 -2.0959456516009998 -15.780312283150026
    endloop
  endfacet
  facet normal 0 0.8568571761675889 -0.5155538571770222
    outer loop
      vertex 7.5 -2.276144744931449 -12.456735570253448
      vertex 5.5 -2.429658122226563 -12.711876788075577
      vertex 5.5 -2.276144744931449 -12.456735570253448
    endloop
  endfacet
  facet normal 0 0.7960930657056424 -0.6051742151937669
    outer loop
      vertex 7.5 -2.0959456516010007 -12.219687716849975
      vertex 5.5 -2.276144744931449 -12.456735570253448
      vertex 5.5 -2.0959456516010007 -12.219687716849975
    endloop
  endfacet
  facet normal -3.5806693803677353e-19 0.9941379571543595 -0.10811901842394177
    outer loop
      vertex 5.5 -2.7459668880905905 -13.8511180013901
      vertex 5.5 -2.713772936989197 -13.555099509479897
      vertex 9.5 -2.713772936989197 -13.555099509479897
    endloop
  endfacet
  facet normal 0 0.9766205557100864 -0.21497044021102452
    outer loop
      vertex 5.5 -2.649762479427863 -13.264297069044643
      vertex 9.5 -2.649762479427863 -13.264297069044643
      vertex 5.5 -2.713772936989197 -13.555099509479897
    endloop
  endfacet
  facet normal 1.3278053933411109e-18 0.9476531711828025 -0.3193015301359802
    outer loop
      vertex 5.5 -2.649762479427863 -13.264297069044643
      vertex 5.5 -2.5546859794961767 -12.982120072815237
      vertex 9.5 -2.5546859794961767 -12.982120072815237
    endloop
  endfacet
  facet normal -9.706452133234076e-19 0.9075754196709576 -0.41988910156026327
    outer loop
      vertex 5.5 -2.5546859794961767 -12.982120072815237
      vertex 5.5 -2.429658122226563 -12.711876788075577
      vertex 9.5 -2.429658122226563 -12.711876788075577
    endloop
  endfacet
  facet normal 2.189808958619961e-16 0.8568571761675883 -0.5155538571770235
    outer loop
      vertex 7.5 -2.2924533857969953 -12.483840742224618
      vertex 5.5 -2.429658122226563 -12.711876788075577
      vertex 7.5 -2.276144744931449 -12.456735570253448
    endloop
  endfacet
  facet normal 0 0.7960930657056424 -0.6051742151937669
    outer loop
      vertex 7.5 -2.276144744931449 -12.456735570253448
      vertex 5.5 -2.276144744931449 -12.456735570253448
      vertex 7.5 -2.0959456516010007 -12.219687716849975
    endloop
  endfacet
  facet normal 0 0.725995491923132 -0.6876994588534219
    outer loop
      vertex 7.5 -2.0959456516010007 -12.219687716849975
      vertex 5.5 -2.0959456516010007 -12.219687716849975
      vertex 7.5 -1.8911735118469135 -12.00351239721139
    endloop
  endfacet
  facet normal 0 0.9476531711828025 0.3193015301359802
    outer loop
      vertex 5.5 -2.5546859794961767 -15.017879927184763
      vertex 9.5 -2.649762479427863 -14.735702930955357
      vertex 9.5 -2.5546859794961767 -15.017879927184763
    endloop
  endfacet
  facet normal 0 0.9766205557100864 0.21497044021102452
    outer loop
      vertex 5.5 -2.649762479427863 -14.735702930955357
      vertex 9.5 -2.713772936989197 -14.444900490520103
      vertex 9.5 -2.649762479427863 -14.735702930955357
    endloop
  endfacet
  facet normal 0 0.9941379571543595 0.10811901842394177
    outer loop
      vertex 5.5 -2.713772936989197 -14.444900490520103
      vertex 9.5 -2.7459668880905905 -14.1488819986099
      vertex 9.5 -2.713772936989197 -14.444900490520103
    endloop
  endfacet
  facet normal 0 1 0
    outer loop
      vertex 5.5 -2.7459668880905905 -14.1488819986099
      vertex 9.5 -2.7459668880905905 -13.8511180013901
      vertex 9.5 -2.7459668880905905 -14.1488819986099
    endloop
  endfacet
  facet normal 0 0.8568571761675895 0.5155538571770211
    outer loop
      vertex 5.5 -2.27614474493145 -15.54326442974655
      vertex 9.5 -2.4296581222265634 -15.288123211924422
      vertex 9.5 -2.27614474493145 -15.54326442974655
    endloop
  endfacet
  facet normal 0 0.907575419670957 0.41988910156026427
    outer loop
      vertex 5.5 -2.4296581222265634 -15.288123211924422
      vertex 9.5 -2.5546859794961767 -15.017879927184763
      vertex 9.5 -2.4296581222265634 -15.288123211924422
    endloop
  endfacet
  facet normal 0 0.9941379571543595 -0.10811901842394177
    outer loop
      vertex 5.5 -2.7459668880905905 -13.8511180013901
      vertex 9.5 -2.713772936989197 -13.555099509479897
      vertex 9.5 -2.7459668880905905 -13.8511180013901
    endloop
  endfacet
  facet normal 0 0.9766205557100864 -0.21497044021102452
    outer loop
      vertex 5.5 -2.713772936989197 -13.555099509479897
      vertex 9.5 -2.649762479427863 -13.264297069044643
      vertex 9.5 -2.713772936989197 -13.555099509479897
    endloop
  endfacet
  facet normal 0 0.9476531711828025 -0.3193015301359802
    outer loop
      vertex 5.5 -2.649762479427863 -13.264297069044643
      vertex 9.5 -2.5546859794961767 -12.982120072815237
      vertex 9.5 -2.649762479427863 -13.264297069044643
    endloop
  endfacet
  facet normal 0 0.9075754196709576 -0.41988910156026327
    outer loop
      vertex 5.5 -2.5546859794961767 -12.982120072815237
      vertex 9.5 -2.429658122226563 -12.711876788075577
      vertex 9.5 -2.5546859794961767 -12.982120072815237
    endloop
  endfacet
  facet normal 1.902605131593101e-16 0.8568571761675883 -0.5155538571770233
    outer loop
      vertex 7.5 -2.2924533857969953 -12.483840742224618
      vertex 9.5 -2.2924533857969958 -12.483840742224618
      vertex 5.5 -2.429658122226563 -12.711876788075577
    endloop
  endfacet
  facet normal 0 0.8568571761675899 -0.5155538571770208
    outer loop
      vertex 5.5 -2.429658122226563 -12.711876788075577
      vertex 9.5 -2.2924533857969958 -12.483840742224618
      vertex 9.5 -2.429658122226563 -12.711876788075577
    endloop
  endfacet
  facet normal -2.578977638838042e-18 0.6473862847818296 0.7621620551276349
    outer loop
      vertex 5.5 -1.6642290917828542 -16.18925593069052
      vertex 5.5 -1.8911735118469135 -15.99648760278861
      vertex 9.5 -1.8911735118469135 -15.99648760278861
    endloop
  endfacet
  facet normal 0 0.5611870653623784 0.8276889981568933
    outer loop
      vertex 5.5 -1.6642290917828542 -16.18925593069052
      vertex 9.5 -1.6642290917828542 -16.18925593069052
      vertex 5.5 -1.41777310723681 -16.35635723446087
    endloop
  endfacet
  facet normal 0 0.46840844069979504 0.8835120444460204
    outer loop
      vertex 9.5 -1.41777310723681 -16.35635723446087
      vertex 5.5 -1.1546950292907283 -16.495832404095133
      vertex 5.5 -1.41777310723681 -16.35635723446087
    endloop
  endfacet
  facet normal 0 0.37013815533991096 0.9289767198167929
    outer loop
      vertex 9.5 -1.1546950292907283 -16.495832404095133
      vertex 5.5 -0.8780792078739461 -16.606046220752706
      vertex 5.5 -1.1546950292907283 -16.495832404095133
    endloop
  endfacet
  facet normal 0 0.26752833852922614 0.9635499925192215
    outer loop
      vertex 9.5 -0.8780792078739461 -16.606046220752706
      vertex 5.5 -0.5911687105803153 -16.68570652820274
      vertex 5.5 -0.8780792078739461 -16.606046220752706
    endloop
  endfacet
  facet normal 0 0.1617819965527613 0.9868265225415268
    outer loop
      vertex 9.5 -0.5911687105803153 -16.68570652820274
      vertex 5.5 -0.2973273006658394 -16.73387938217449
      vertex 5.5 -0.5911687105803153 -16.68570652820274
    endloop
  endfacet
  facet normal 0 0.05413890858541623 0.998533413851124
    outer loop
      vertex 9.5 -0.2973273006658394 -16.73387938217449
      vertex 5.5 0 -16.75
      vertex 5.5 -0.2973273006658394 -16.73387938217449
    endloop
  endfacet
  facet normal 0 0.7259954919231307 0.6876994588534234
    outer loop
      vertex 5.5 -1.8911735118469135 -15.99648760278861
      vertex 9.5 -2.0959456516009998 -15.780312283150026
      vertex 9.5 -1.8911735118469135 -15.99648760278861
    endloop
  endfacet
  facet normal 0 0.6473862847818296 0.7621620551276349
    outer loop
      vertex 9.5 -1.6642290917828542 -16.18925593069052
      vertex 5.5 -1.6642290917828542 -16.18925593069052
      vertex 9.5 -1.8911735118469135 -15.99648760278861
    endloop
  endfacet
  facet normal 0 0.5611870653623784 0.8276889981568933
    outer loop
      vertex 9.5 -1.41777310723681 -16.35635723446087
      vertex 5.5 -1.41777310723681 -16.35635723446087
      vertex 9.5 -1.6642290917828542 -16.18925593069052
    endloop
  endfacet
  facet normal 0 0.46840844069979504 0.8835120444460204
    outer loop
      vertex 9.5 -1.1546950292907283 -16.495832404095133
      vertex 5.5 -1.1546950292907283 -16.495832404095133
      vertex 9.5 -1.41777310723681 -16.35635723446087
    endloop
  endfacet
  facet normal 3.1825429077307993e-19 0.26752833852922614 0.9635499925192215
    outer loop
      vertex 9.5 -0.8780792078739461 -16.606046220752706
      vertex 9.5 -0.5911687105803153 -16.68570652820274
      vertex 5.5 -0.5911687105803153 -16.68570652820274
    endloop
  endfacet
  facet normal 3.8836298239327744e-19 0.37013815533991096 0.9289767198167929
    outer loop
      vertex 9.5 -1.1546950292907283 -16.495832404095133
      vertex 9.5 -0.8780792078739461 -16.606046220752706
      vertex 5.5 -0.8780792078739461 -16.606046220752706
    endloop
  endfacet
  facet normal -6.001758018823105e-19 0.1617819965527613 0.9868265225415268
    outer loop
      vertex 9.5 -0.5911687105803153 -16.68570652820274
      vertex 9.5 -0.2973273006658394 -16.73387938217449
      vertex 5.5 -0.2973273006658394 -16.73387938217449
    endloop
  endfacet
  facet normal 0 0.05413890858541623 0.998533413851124
    outer loop
      vertex 9.5 0 -16.75
      vertex 5.5 0 -16.75
      vertex 9.5 -0.2973273006658394 -16.73387938217449
    endloop
  endfacet
  facet normal 0 0.725995491923132 -0.6876994588534219
    outer loop
      vertex 7.5 -1.8911735118469135 -12.00351239721139
      vertex 5.5 -2.0959456516010007 -12.219687716849975
      vertex 5.5 -1.8911735118469135 -12.00351239721139
    endloop
  endfacet
  facet normal 0 0.6473862847818296 -0.7621620551276349
    outer loop
      vertex 7.5 -1.6642290917828542 -11.810744069309479
      vertex 5.5 -1.8911735118469135 -12.00351239721139
      vertex 5.5 -1.6642290917828542 -11.810744069309479
    endloop
  endfacet
  facet normal 0 0.6473862847818296 -0.7621620551276349
    outer loop
      vertex 7.5 -1.8911735118469135 -12.00351239721139
      vertex 5.5 -1.8911735118469135 -12.00351239721139
      vertex 7.5 -1.6642290917828542 -11.810744069309479
    endloop
  endfacet
  facet normal 0 0.5611870653623784 -0.8276889981568933
    outer loop
      vertex 7.5 -1.41777310723681 -11.64364276553913
      vertex 5.5 -1.6642290917828542 -11.810744069309479
      vertex 5.5 -1.41777310723681 -11.64364276553913
    endloop
  endfacet
  facet normal 0 0.4684084406997932 -0.8835120444460214
    outer loop
      vertex 7.5 -1.154695029290727 -11.504167595904867
      vertex 5.5 -1.41777310723681 -11.64364276553913
      vertex 5.5 -1.154695029290727 -11.504167595904867
    endloop
  endfacet
  facet normal 0 0.5611870653623784 -0.8276889981568933
    outer loop
      vertex 7.5 -1.6642290917828542 -11.810744069309479
      vertex 5.5 -1.6642290917828542 -11.810744069309479
      vertex 7.5 -1.41777310723681 -11.64364276553913
    endloop
  endfacet
  facet normal 0 0.4684084406997932 -0.8835120444460214
    outer loop
      vertex 7.5 -1.41777310723681 -11.64364276553913
      vertex 5.5 -1.41777310723681 -11.64364276553913
      vertex 7.5 -1.154695029290727 -11.504167595904867
    endloop
  endfacet
  facet normal 0 0.37013815533991107 -0.9289767198167928
    outer loop
      vertex 7.5 -1.154695029290727 -11.504167595904867
      vertex 5.5 -1.154695029290727 -11.504167595904867
      vertex 7.5 -0.8780792078739449 -11.393953779247294
    endloop
  endfacet
  facet normal 0 0.37013815533991107 -0.9289767198167928
    outer loop
      vertex 7.5 -0.8780792078739449 -11.393953779247294
      vertex 5.5 -1.154695029290727 -11.504167595904867
      vertex 5.5 -0.8780792078739449 -11.393953779247294
    endloop
  endfacet
  facet normal 0 0.2675283385292228 -0.9635499925192225
    outer loop
      vertex 7.5 -0.5911687105803166 -11.314293471797262
      vertex 5.5 -0.8780792078739449 -11.393953779247294
      vertex 5.5 -0.5911687105803166 -11.314293471797262
    endloop
  endfacet
  facet normal 0 0.1617819965527664 -0.9868265225415259
    outer loop
      vertex 7.5 -0.2973273006658394 -11.26612061782551
      vertex 5.5 -0.5911687105803166 -11.314293471797262
      vertex 5.5 -0.2973273006658394 -11.26612061782551
    endloop
  endfacet
  facet normal 0 0.05413890858541623 -0.998533413851124
    outer loop
      vertex 7.5 0 -11.25
      vertex 5.5 -0.2973273006658394 -11.26612061782551
      vertex 5.5 0 -11.25
    endloop
  endfacet
  facet normal 0 0.2675283385292228 -0.9635499925192225
    outer loop
      vertex 7.5 -0.8780792078739449 -11.393953779247294
      vertex 5.5 -0.8780792078739449 -11.393953779247294
      vertex 7.5 -0.5911687105803166 -11.314293471797262
    endloop
  endfacet
  facet normal 0 0.1617819965527664 -0.9868265225415259
    outer loop
      vertex 7.5 -0.5911687105803166 -11.314293471797262
      vertex 5.5 -0.5911687105803166 -11.314293471797262
      vertex 7.5 -0.2973273006658394 -11.26612061782551
    endloop
  endfacet
  facet normal 0 0.05413890858541623 -0.998533413851124
    outer loop
      vertex 7.5 -0.2973273006658394 -11.26612061782551
      vertex 5.5 -0.2973273006658394 -11.26612061782551
      vertex 7.5 0 -11.25
    endloop
  endfacet
  facet normal 0 -0.05413890858541615 0.998533413851124
    outer loop
      vertex 9.5 0 -16.75
      vertex 5.5 0.29732730066583984 -16.73387938217449
      vertex 5.5 0 -16.75
    endloop
  endfacet
  facet normal 0 -0.16178199655277264 0.9868265225415248
    outer loop
      vertex 5.5 0.29732730066583984 -16.73387938217449
      vertex 9.5 0.29732730066583984 -16.73387938217449
      vertex 5.5 0.5911687105803162 -16.685706528202736
    endloop
  endfacet
  facet normal 0 -0.26752833852921687 0.9635499925192241
    outer loop
      vertex 5.5 0.5911687105803162 -16.685706528202736
      vertex 9.5 0.5911687105803162 -16.685706528202736
      vertex 5.5 0.8780792078739449 -16.606046220752706
    endloop
  endfacet
  facet normal 0 -0.37013815533991024 0.928976719816793
    outer loop
      vertex 5.5 0.8780792078739449 -16.606046220752706
      vertex 9.5 0.8780792078739449 -16.606046220752706
      vertex 5.5 1.1546950292907276 -16.495832404095133
    endloop
  endfacet
  facet normal 0 -0.4684084406997944 0.8835120444460207
    outer loop
      vertex 9.5 1.1546950292907276 -16.495832404095133
      vertex 5.5 1.4177731072368098 -16.35635723446087
      vertex 5.5 1.1546950292907276 -16.495832404095133
    endloop
  endfacet
  facet normal 0 -0.5611870653623781 0.8276889981568937
    outer loop
      vertex 5.5 1.4177731072368098 -16.35635723446087
      vertex 9.5 1.4177731072368098 -16.35635723446087
      vertex 5.5 1.6642290917828542 -16.18925593069052
    endloop
  endfacet
  facet normal 0 -0.6473862847818285 0.7621620551276357
    outer loop
      vertex 5.5 1.6642290917828542 -16.18925593069052
      vertex 9.5 1.6642290917828542 -16.18925593069052
      vertex 5.5 1.8911735118469142 -15.99648760278861
    endloop
  endfacet
  facet normal 0 -0.7259954919231312 0.687699458853423
    outer loop
      vertex 5.5 1.8911735118469142 -15.99648760278861
      vertex 9.5 1.8911735118469142 -15.99648760278861
      vertex 5.5 2.095945651601 -15.780312283150026
    endloop
  endfacet
  facet normal 0 -0.05413890858541615 0.998533413851124
    outer loop
      vertex 9.5 0.29732730066583984 -16.73387938217449
      vertex 5.5 0.29732730066583984 -16.73387938217449
      vertex 9.5 0 -16.75
    endloop
  endfacet
  facet normal 0 -0.16178199655277264 0.9868265225415248
    outer loop
      vertex 9.5 0.5911687105803162 -16.685706528202736
      vertex 5.5 0.5911687105803162 -16.685706528202736
      vertex 9.5 0.29732730066583984 -16.73387938217449
    endloop
  endfacet
  facet normal 0 -0.26752833852921687 0.9635499925192241
    outer loop
      vertex 9.5 0.8780792078739449 -16.606046220752706
      vertex 5.5 0.8780792078739449 -16.606046220752706
      vertex 9.5 0.5911687105803162 -16.685706528202736
    endloop
  endfacet
  facet normal 0 -0.37013815533991024 0.928976719816793
    outer loop
      vertex 9.5 1.1546950292907276 -16.495832404095133
      vertex 5.5 1.1546950292907276 -16.495832404095133
      vertex 9.5 0.8780792078739449 -16.606046220752706
    endloop
  endfacet
  facet normal 1.7237179095719388e-18 -0.4684084406997944 0.8835120444460207
    outer loop
      vertex 9.5 1.1546950292907276 -16.495832404095133
      vertex 9.5 1.4177731072368098 -16.35635723446087
      vertex 5.5 1.4177731072368098 -16.35635723446087
    endloop
  endfacet
  facet normal 0 -0.5611870653623781 0.8276889981568937
    outer loop
      vertex 9.5 1.6642290917828542 -16.18925593069052
      vertex 5.5 1.6642290917828542 -16.18925593069052
      vertex 9.5 1.4177731072368098 -16.35635723446087
    endloop
  endfacet
  facet normal 0 -0.6473862847818285 0.7621620551276357
    outer loop
      vertex 5.5 1.8911735118469142 -15.99648760278861
      vertex 9.5 1.6642290917828542 -16.18925593069052
      vertex 9.5 1.8911735118469142 -15.99648760278861
    endloop
  endfacet
  facet normal 0 -0.6473862847818296 -0.7621620551276349
    outer loop
      vertex 7.5 1.8911735118469135 -12.00351239721139
      vertex 5.5 1.6642290917828542 -11.810744069309479
      vertex 5.5 1.8911735118469135 -12.00351239721139
    endloop
  endfacet
  facet normal -5.157955277676084e-18 -0.6473862847818296 -0.7621620551276349
    outer loop
      vertex 7.5 1.8911735118469135 -12.00351239721139
      vertex 7.5 1.6642290917828542 -11.810744069309479
      vertex 5.5 1.6642290917828542 -11.810744069309479
    endloop
  endfacet
  facet normal 0 -0.725995491923132 -0.6876994588534219
    outer loop
      vertex 7.5 1.8911735118469135 -12.00351239721139
      vertex 5.5 1.8911735118469135 -12.00351239721139
      vertex 7.5 2.0959456516010007 -12.219687716849975
    endloop
  endfacet
  facet normal 0 -0.796093065705644 0.6051742151937649
    outer loop
      vertex 5.5 2.095945651601 -15.780312283150026
      vertex 9.5 2.095945651601 -15.780312283150026
      vertex 5.5 2.276144744931449 -15.543264429746552
    endloop
  endfacet
  facet normal 0 -0.7259954919231312 0.687699458853423
    outer loop
      vertex 5.5 2.095945651601 -15.780312283150026
      vertex 9.5 1.8911735118469142 -15.99648760278861
      vertex 9.5 2.095945651601 -15.780312283150026
    endloop
  endfacet
  facet normal 0 -0.8568571761675889 0.5155538571770222
    outer loop
      vertex 5.5 2.276144744931449 -15.543264429746552
      vertex 9.5 2.276144744931449 -15.543264429746552
      vertex 5.5 2.429658122226563 -15.288123211924423
    endloop
  endfacet
  facet normal 0 -0.9075754196709576 0.41988910156026327
    outer loop
      vertex 5.5 2.429658122226563 -15.288123211924423
      vertex 9.5 2.429658122226563 -15.288123211924423
      vertex 5.5 2.5546859794961767 -15.017879927184763
    endloop
  endfacet
  facet normal 0 -0.9476531711828025 0.3193015301359802
    outer loop
      vertex 5.5 2.5546859794961767 -15.017879927184763
      vertex 9.5 2.5546859794961767 -15.017879927184763
      vertex 5.5 2.649762479427863 -14.735702930955357
    endloop
  endfacet
  facet normal 0 -0.9766205557100864 0.21497044021102452
    outer loop
      vertex 5.5 2.649762479427863 -14.735702930955357
      vertex 9.5 2.649762479427863 -14.735702930955357
      vertex 5.5 2.713772936989197 -14.444900490520103
    endloop
  endfacet
  facet normal 0 -0.9941379571543596 0.10811901842394113
    outer loop
      vertex 5.5 2.713772936989197 -14.444900490520103
      vertex 9.5 2.713772936989197 -14.444900490520103
      vertex 5.5 2.7459668880905905 -14.148881998609898
    endloop
  endfacet
  facet normal 0 -1 0
    outer loop
      vertex 5.5 2.7459668880905905 -14.148881998609898
      vertex 9.5 2.7459668880905905 -14.148881998609898
      vertex 5.5 2.7459668880905905 -13.851118001390102
    endloop
  endfacet
  facet normal 0 -0.7960930657056424 -0.6051742151937669
    outer loop
      vertex 7.5 2.276144744931449 -12.456735570253448
      vertex 5.5 2.0959456516010007 -12.219687716849975
      vertex 5.5 2.276144744931449 -12.456735570253448
    endloop
  endfacet
  facet normal 0 -0.725995491923132 -0.6876994588534219
    outer loop
      vertex 7.5 2.0959456516010007 -12.219687716849975
      vertex 5.5 1.8911735118469135 -12.00351239721139
      vertex 5.5 2.0959456516010007 -12.219687716849975
    endloop
  endfacet
  facet normal 2.1382469215891514e-16 -0.8568571761675889 -0.5155538571770222
    outer loop
      vertex 7.5 2.2924533857969958 -12.483840742224618
      vertex 5.5 2.276144744931449 -12.456735570253448
      vertex 5.5 2.429658122226563 -12.711876788075577
    endloop
  endfacet
  facet normal -1.3231565680384213e-18 -0.7960930657056424 -0.6051742151937669
    outer loop
      vertex 7.5 2.276144744931449 -12.456735570253448
      vertex 7.5 2.0959456516010007 -12.219687716849975
      vertex 5.5 2.0959456516010007 -12.219687716849975
    endloop
  endfacet
  facet normal 0 -0.8568571761675821 -0.5155538571770338
    outer loop
      vertex 7.5 2.276144744931449 -12.456735570253448
      vertex 5.5 2.276144744931449 -12.456735570253448
      vertex 7.5 2.2924533857969958 -12.483840742224618
    endloop
  endfacet
  facet normal 0 -0.9941379571543596 -0.10811901842394113
    outer loop
      vertex 5.5 2.7459668880905905 -13.851118001390102
      vertex 9.5 2.7459668880905905 -13.851118001390102
      vertex 5.5 2.713772936989197 -13.555099509479897
    endloop
  endfacet
  facet normal 0 -0.9766205557100864 -0.21497044021102452
    outer loop
      vertex 5.5 2.713772936989197 -13.555099509479897
      vertex 9.5 2.713772936989197 -13.555099509479897
      vertex 5.5 2.649762479427863 -13.264297069044643
    endloop
  endfacet
  facet normal 0 -0.9476531711828025 -0.3193015301359802
    outer loop
      vertex 5.5 2.649762479427863 -13.264297069044643
      vertex 9.5 2.649762479427863 -13.264297069044643
      vertex 5.5 2.5546859794961767 -12.982120072815237
    endloop
  endfacet
  facet normal 9.706452133234076e-19 -0.9075754196709576 -0.41988910156026327
    outer loop
      vertex 5.5 2.429658122226563 -12.711876788075577
      vertex 5.5 2.5546859794961767 -12.982120072815237
      vertex 9.5 2.5546859794961767 -12.982120072815237
    endloop
  endfacet
  facet normal 0 -0.796093065705644 0.6051742151937649
    outer loop
      vertex 5.5 2.276144744931449 -15.543264429746552
      vertex 9.5 2.095945651601 -15.780312283150026
      vertex 9.5 2.276144744931449 -15.543264429746552
    endloop
  endfacet
  facet normal 0 -0.8568571761675889 0.5155538571770222
    outer loop
      vertex 5.5 2.429658122226563 -15.288123211924423
      vertex 9.5 2.276144744931449 -15.543264429746552
      vertex 9.5 2.429658122226563 -15.288123211924423
    endloop
  endfacet
  facet normal -9.706452133234076e-19 -0.9075754196709576 0.41988910156026327
    outer loop
      vertex 9.5 2.429658122226563 -15.288123211924423
      vertex 9.5 2.5546859794961767 -15.017879927184763
      vertex 5.5 2.5546859794961767 -15.017879927184763
    endloop
  endfacet
  facet normal 0 -0.9476531711828025 0.3193015301359802
    outer loop
      vertex 5.5 2.649762479427863 -14.735702930955357
      vertex 9.5 2.5546859794961767 -15.017879927184763
      vertex 9.5 2.649762479427863 -14.735702930955357
    endloop
  endfacet
  facet normal 0 -0.9766205557100864 0.21497044021102452
    outer loop
      vertex 5.5 2.713772936989197 -14.444900490520103
      vertex 9.5 2.649762479427863 -14.735702930955357
      vertex 9.5 2.713772936989197 -14.444900490520103
    endloop
  endfacet
  facet normal 0 -0.9941379571543596 0.10811901842394113
    outer loop
      vertex 5.5 2.7459668880905905 -14.148881998609898
      vertex 9.5 2.713772936989197 -14.444900490520103
      vertex 9.5 2.7459668880905905 -14.148881998609898
    endloop
  endfacet
  facet normal 0 -1 0
    outer loop
      vertex 5.5 2.7459668880905905 -13.851118001390102
      vertex 9.5 2.7459668880905905 -14.148881998609898
      vertex 9.5 2.7459668880905905 -13.851118001390102
    endloop
  endfacet
  facet normal -8.613001806255522e-19 -0.8568571761675899 -0.5155538571770208
    outer loop
      vertex 7.5 2.2924533857969958 -12.483840742224618
      vertex 5.5 2.429658122226563 -12.711876788075577
      vertex 9.5 2.429658122226563 -12.711876788075577
    endloop
  endfacet
  facet normal 0 -0.9075754196709576 -0.41988910156026327
    outer loop
      vertex 5.5 2.429658122226563 -12.711876788075577
      vertex 9.5 2.5546859794961767 -12.982120072815237
      vertex 9.5 2.429658122226563 -12.711876788075577
    endloop
  endfacet
  facet normal 0 -0.9941379571543596 -0.10811901842394113
    outer loop
      vertex 5.5 2.713772936989197 -13.555099509479897
      vertex 9.5 2.7459668880905905 -13.851118001390102
      vertex 9.5 2.713772936989197 -13.555099509479897
    endloop
  endfacet
  facet normal 0 -0.9766205557100864 -0.21497044021102452
    outer loop
      vertex 5.5 2.649762479427863 -13.264297069044643
      vertex 9.5 2.713772936989197 -13.555099509479897
      vertex 9.5 2.649762479427863 -13.264297069044643
    endloop
  endfacet
  facet normal 0 -0.9476531711828025 -0.3193015301359802
    outer loop
      vertex 5.5 2.5546859794961767 -12.982120072815237
      vertex 9.5 2.649762479427863 -13.264297069044643
      vertex 9.5 2.5546859794961767 -12.982120072815237
    endloop
  endfacet
  facet normal 0 -0.8568571761675899 -0.5155538571770208
    outer loop
      vertex 7.5 2.2924533857969958 -12.483840742224618
      vertex 9.5 2.429658122226563 -12.711876788075577
      vertex 9.5 2.2924533857969958 -12.483840742224618
    endloop
  endfacet
  facet normal 0 -0.05413890858541623 -0.998533413851124
    outer loop
      vertex 7.5 0.2973273006658394 -11.26612061782551
      vertex 5.5 0 -11.25
      vertex 5.5 0.2973273006658394 -11.26612061782551
    endloop
  endfacet
  facet normal 0 -0.1617819965527664 -0.9868265225415259
    outer loop
      vertex 7.5 0.5911687105803166 -11.314293471797262
      vertex 5.5 0.2973273006658394 -11.26612061782551
      vertex 5.5 0.5911687105803166 -11.314293471797262
    endloop
  endfacet
  facet normal 0 -0.2675283385292228 -0.9635499925192225
    outer loop
      vertex 7.5 0.8780792078739449 -11.393953779247294
      vertex 5.5 0.5911687105803166 -11.314293471797262
      vertex 5.5 0.8780792078739449 -11.393953779247294
    endloop
  endfacet
  facet normal 0 -0.05413890858541623 -0.998533413851124
    outer loop
      vertex 7.5 0 -11.25
      vertex 5.5 0 -11.25
      vertex 7.5 0.2973273006658394 -11.26612061782551
    endloop
  endfacet
  facet normal 0 -0.1617819965527664 -0.9868265225415259
    outer loop
      vertex 7.5 0.2973273006658394 -11.26612061782551
      vertex 5.5 0.2973273006658394 -11.26612061782551
      vertex 7.5 0.5911687105803166 -11.314293471797262
    endloop
  endfacet
  facet normal 0 -0.2675283385292228 -0.9635499925192225
    outer loop
      vertex 7.5 0.5911687105803166 -11.314293471797262
      vertex 5.5 0.5911687105803166 -11.314293471797262
      vertex 7.5 0.8780792078739449 -11.393953779247294
    endloop
  endfacet
  facet normal -1.979812996667104e-18 -0.37013815533991107 -0.9289767198167928
    outer loop
      vertex 7.5 1.154695029290727 -11.504167595904867
      vertex 7.5 0.8780792078739449 -11.393953779247294
      vertex 5.5 0.8780792078739449 -11.393953779247294
    endloop
  endfacet
  facet normal 0 -0.37013815533991107 -0.9289767198167928
    outer loop
      vertex 7.5 1.154695029290727 -11.504167595904867
      vertex 5.5 0.8780792078739449 -11.393953779247294
      vertex 5.5 1.154695029290727 -11.504167595904867
    endloop
  endfacet
  facet normal 0 -0.4684084406997932 -0.8835120444460214
    outer loop
      vertex 7.5 1.41777310723681 -11.64364276553913
      vertex 5.5 1.154695029290727 -11.504167595904867
      vertex 5.5 1.41777310723681 -11.64364276553913
    endloop
  endfacet
  facet normal 0 -0.5611870653623784 -0.8276889981568933
    outer loop
      vertex 7.5 1.6642290917828542 -11.810744069309479
      vertex 5.5 1.41777310723681 -11.64364276553913
      vertex 5.5 1.6642290917828542 -11.810744069309479
    endloop
  endfacet
  facet normal 0 -0.4684084406997932 -0.8835120444460214
    outer loop
      vertex 7.5 1.154695029290727 -11.504167595904867
      vertex 5.5 1.154695029290727 -11.504167595904867
      vertex 7.5 1.41777310723681 -11.64364276553913
    endloop
  endfacet
  facet normal 0 -0.5611870653623784 -0.8276889981568933
    outer loop
      vertex 7.5 1.41777310723681 -11.64364276553913
      vertex 5.5 1.41777310723681 -11.64364276553913
      vertex 7.5 1.6642290917828542 -11.810744069309479
    endloop
  endfacet
  facet normal 1 0 0
    outer loop
      vertex -8 -7 -10.5
      vertex -8 -8 -10.5
      vertex -8 -8 -11.1
    endloop
  endfacet
  facet normal 1 0 0
    outer loop
      vertex -8 -3.700000000000001 -11.1
      vertex -8 -7 -10.5
      vertex -8 -8 -11.1
    endloop
  endfacet
  facet normal 0 0 1
    outer loop
      vertex -8 -3.700000000000001 -11.1
      vertex -8 -8 -11.1
      vertex -5.5 -8 -11.1
    endloop
  endfacet
  facet normal 1 0 0
    outer loop
      vertex -8 -3.700000000000001 -11.1
      vertex -8 -7 -3
      vertex -8 -7 -10.5
    endloop
  endfacet
  facet normal 0 0 1
    outer loop
      vertex -8 -3.700000000000001 -11.1
      vertex -5.5 -8 -11.1
      vertex -5.5 -3.700000000000001 -11.1
    endloop
  endfacet
  facet normal 1 0 0
    outer loop
      vertex -8 -3.700000000000001 -11.1
      vertex -8 -3.700000000000001 -3.361935842361403
      vertex -8 -7 -3
    endloop
  endfacet
  facet normal 0 -1 0
    outer loop
      vertex -8 -3.700000000000001 -11.1
      vertex -5.5 -3.700000000000001 -11.1
      vertex -5.5 -3.700000000000001 -11
    endloop
  endfacet
  facet normal 0 -1 0
    outer loop
      vertex -8 -3.700000000000001 -11.1
      vertex -5.5 -3.700000000000001 -11
      vertex -8 -3.700000000000001 -3.361935842361403
    endloop
  endfacet
  facet normal 0 -1 0
    outer loop
      vertex -2.4956815123169798 -3.700000000000001 -10.787066614304747
      vertex -8 -3.700000000000001 -3.361935842361403
      vertex -5.5 -3.700000000000001 -11
    endloop
  endfacet
  facet normal 0 -1 0
    outer loop
      vertex -2.4956815123169798 -3.700000000000001 -10.787066614304747
      vertex -5.5 -3.700000000000001 -11
      vertex -2.7398827557294756 -3.700000000000001 -11
    endloop
  endfacet
  facet normal 0 -1 0
    outer loop
      vertex -2.4956815123169798 -3.700000000000001 -10.787066614304747
      vertex -2.470385640839748 -3.700000000000001 -10.767181112391398
      vertex -8 -3.700000000000001 -3.361935842361403
    endloop
  endfacet
  facet normal 0 -1 0
    outer loop
      vertex -2.470385640839748 -3.700000000000001 -10.767181112391398
      vertex -2.136195996001616 -3.700000000000001 -10.540373564617504
      vertex -8 -3.700000000000001 -3.361935842361403
    endloop
  endfacet
  facet normal 0 -1 0
    outer loop
      vertex -2.136195996001616 -3.700000000000001 -10.540373564617504
      vertex -2.0102852307024803 -3.700000000000001 -10.464668146724033
      vertex -8 -3.700000000000001 -3.361935842361403
    endloop
  endfacet
  facet normal 0 -1 0
    outer loop
      vertex -2.0102852307024803 -3.700000000000001 -10.464668146724033
      vertex -1.8046105776936878 -3.700000000000001 -10.357363811511364
      vertex -8 -3.700000000000001 -3.361935842361403
    endloop
  endfacet
  facet normal 0 -1 0
    outer loop
      vertex -1.8046105776936878 -3.700000000000001 -10.357363811511364
      vertex -1.4948970355900804 -3.700000000000001 -10.217372623500388
      vertex -8 -3.700000000000001 -3.361935842361403
    endloop
  endfacet
  facet normal 0 -1 0
    outer loop
      vertex -1.4948970355900804 -3.700000000000001 -10.217372623500388
      vertex -1.3949356528481656 -3.700000000000001 -10.179378962475514
      vertex -8 -3.700000000000001 -3.361935842361403
    endloop
  endfacet
  facet normal 0 -1 0
    outer loop
      vertex -1.3949356528481656 -3.700000000000001 -10.179378962475514
      vertex -1.2022028760617536 -3.700000000000001 -10.115683413149151
      vertex -8 -3.700000000000001 -3.361935842361403
    endloop
  endfacet
  facet normal 0 -1 0
    outer loop
      vertex -1.2022028760617536 -3.700000000000001 -10.115683413149151
      vertex -0.9225136105197689 -3.700000000000001 -10.041190373148618
      vertex -8 -3.700000000000001 -3.361935842361403
    endloop
  endfacet
  facet normal 0 -1 0
    outer loop
      vertex -0.9225136105197689 -3.700000000000001 -10.041190373148618
      vertex -0.6524098286213205 -3.700000000000001 -9.986926423683272
      vertex -8 -3.700000000000001 -3.361935842361403
    endloop
  endfacet
  facet normal 0 -1 0
    outer loop
      vertex -0.6524098286213205 -3.700000000000001 -9.986926423683272
      vertex -0.38888567048300304 -3.700000000000001 -9.951487741586257
      vertex -8 -3.700000000000001 -3.361935842361403
    endloop
  endfacet
  facet normal 0 -1 0
    outer loop
      vertex -8 -3.700000000000001 -3.361935842361403
      vertex 2.0102852307024803 -3.700000000000001 -10.464668146724033
      vertex 2.136195996001616 -3.700000000000001 -10.540373564617504
    endloop
  endfacet
  facet normal 0 -1 0
    outer loop
      vertex -8 -3.700000000000001 -3.361935842361403
      vertex 2.136195996001616 -3.700000000000001 -10.540373564617504
      vertex 2.470385640839748 -3.700000000000001 -10.767181112391398
    endloop
  endfacet
  facet normal 0 -1 0
    outer loop
      vertex -0.38888567048300304 -3.700000000000001 -9.951487741586257
      vertex -0.12920684711946662 -3.700000000000001 -9.93398432305955
      vertex -8 -3.700000000000001 -3.361935842361403
    endloop
  endfacet
  facet normal 0 -1 0
    outer loop
      vertex -0.12920684711946662 -3.700000000000001 -9.93398432305955
      vertex 0.12920684711946662 -3.700000000000001 -9.93398432305955
      vertex -8 -3.700000000000001 -3.361935842361403
    endloop
  endfacet
  facet normal 0 -1 0
    outer loop
      vertex -8 -3.700000000000001 -3.361935842361403
      vertex 0.12920684711946662 -3.700000000000001 -9.93398432305955
      vertex 0.38888567048300304 -3.700000000000001 -9.951487741586257
    endloop
  endfacet
  facet normal 0 -1 0
    outer loop
      vertex -8 -3.700000000000001 -3.361935842361403
      vertex 0.38888567048300304 -3.700000000000001 -9.951487741586257
      vertex 0.6524098286213205 -3.700000000000001 -9.986926423683272
    endloop
  endfacet
  facet normal 0 -1 0
    outer loop
      vertex -8 -3.700000000000001 -3.361935842361403
      vertex 0.6524098286213205 -3.700000000000001 -9.986926423683272
      vertex 0.9225136105197689 -3.700000000000001 -10.041190373148618
    endloop
  endfacet
  facet normal 0 -1 0
    outer loop
      vertex -8 -3.700000000000001 -3.361935842361403
      vertex 0.9225136105197689 -3.700000000000001 -10.041190373148618
      vertex 1.2022028760617536 -3.700000000000001 -10.115683413149151
    endloop
  endfacet
  facet normal 0 -1 0
    outer loop
      vertex -8 -3.700000000000001 -3.361935842361403
      vertex 1.2022028760617536 -3.700000000000001 -10.115683413149151
      vertex 1.3949356528481656 -3.700000000000001 -10.179378962475514
    endloop
  endfacet
  facet normal 0 -1 0
    outer loop
      vertex -8 -3.700000000000001 -3.361935842361403
      vertex 1.3949356528481656 -3.700000000000001 -10.179378962475514
      vertex 1.4948970355900804 -3.700000000000001 -10.217372623500388
    endloop
  endfacet
  facet normal 0 -1 0
    outer loop
      vertex -8 -3.700000000000001 -3.361935842361403
      vertex 1.4948970355900804 -3.700000000000001 -10.217372623500388
      vertex 1.8046105776936878 -3.700000000000001 -10.357363811511364
    endloop
  endfacet
  facet normal 0 -1 0
    outer loop
      vertex -8 -3.700000000000001 -3.361935842361403
      vertex 1.8046105776936878 -3.700000000000001 -10.357363811511364
      vertex 2.0102852307024803 -3.700000000000001 -10.464668146724033
    endloop
  endfacet
  facet normal 1 0 0
    outer loop
      vertex -8 -3.9400537680336094 -3.0783073766282913
      vertex -8 -7 -3
      vertex -8 -3.715724127386971 -3.345653031794291
    endloop
  endfacet
  facet normal 1 0 0
    outer loop
      vertex -8 -3.9969474074105964 -3
      vertex -8 -7 -3
      vertex -8 -3.9400537680336094 -3.0783073766282913
    endloop
  endfacet
  facet normal 1 0 0
    outer loop
      vertex -8 -3.715724127386971 -3.345653031794291
      vertex -8 -7 -3
      vertex -8 -3.700000000000001 -3.361935842361403
    endloop
  endfacet
  facet normal 0 0 -1
    outer loop
      vertex -8 -3.9969474074105964 -3
      vertex 7.5 -7 -3
      vertex -8 -7 -3
    endloop
  endfacet
  facet normal 0 -1 0
    outer loop
      vertex -8 -3.700000000000001 -3.361935842361403
      vertex 2.470385640839748 -3.700000000000001 -10.767181112391398
      vertex 7.5 -3.700000000000001 -3.361935842361403
    endloop
  endfacet
  facet normal 0 -1 0
    outer loop
      vertex 2.4956815123169798 -3.700000000000001 -10.787066614304747
      vertex 2.7398827557294756 -3.700000000000001 -11
      vertex 5.5 -3.700000000000001 -11
    endloop
  endfacet
  facet normal 0 -1 0
    outer loop
      vertex 2.470385640839748 -3.700000000000001 -10.767181112391398
      vertex 2.4956815123169798 -3.700000000000001 -10.787066614304747
      vertex 7.5 -3.700000000000001 -3.361935842361403
    endloop
  endfacet
  facet normal 0 -1 0
    outer loop
      vertex 2.4956815123169798 -3.700000000000001 -10.787066614304747
      vertex 5.5 -3.700000000000001 -11
      vertex 7.5 -3.700000000000001 -3.361935842361403
    endloop
  endfacet
  facet normal 0 0 1
    outer loop
      vertex 8 -6.158763042270493 -11.1
      vertex 5.5 -8 -11.1
      vertex 8 -8 -11.1
    endloop
  endfacet
  facet normal 0 0 1
    outer loop
      vertex 7.5 -6.158763042270492 -11.1
      vertex 5.5 -8 -11.1
      vertex 8 -6.158763042270493 -11.1
    endloop
  endfacet
  facet normal -1 0 0
    outer loop
      vertex 8 -8 -10.5
      vertex 8 -7.130578672522744 -10.5
      vertex 8 -8 -11.1
    endloop
  endfacet
  facet normal -1 0 0
    outer loop
      vertex 8 -6.729974655761702 -10.770210821186609
      vertex 8 -8 -11.1
      vertex 8 -7.130578672522744 -10.5
    endloop
  endfacet
  facet normal -1 0 0
    outer loop
      vertex 8 -6.729974655761702 -10.770210821186609
      vertex 8 -6.158763042270493 -11.1
      vertex 8 -8 -11.1
    endloop
  endfacet
  facet normal 0 0 1
    outer loop
      vertex 7.5 -6.158763042270492 -11.1
      vertex 5.5 -3.700000000000001 -11.1
      vertex 5.5 -8 -11.1
    endloop
  endfacet
  facet normal 0 0 1
    outer loop
      vertex 7.5 -6.158763042270492 -11.1
      vertex 7.5 -3.700000000000001 -11.1
      vertex 5.5 -3.700000000000001 -11.1
    endloop
  endfacet
  facet normal 0 -1 0
    outer loop
      vertex 7.5 -3.700000000000001 -11.1
      vertex 5.5 -3.700000000000001 -11
      vertex 5.5 -3.700000000000001 -11.1
    endloop
  endfacet
  facet normal 0 -1 0
    outer loop
      vertex 7.5 -3.700000000000001 -11.1
      vertex 7.5 -3.700000000000001 -3.361935842361403
      vertex 5.5 -3.700000000000001 -11
    endloop
  endfacet
  facet normal 0 0 -1
    outer loop
      vertex -8 -3.9969474074105964 -3
      vertex 7.5 -3.9969474074105964 -3
      vertex 7.5 -7 -3
    endloop
  endfacet
endsolid OpenSCAD_Model
